"sensor_id","timestamp","variable","value","unit"
"S01","2024-12-31T23:00:00Z","rainfall_intensity",0,"mm/h"
"S01","2024-12-31T23:05:00Z","rainfall_intensity",0,"mm/h"
"S01","2024-12-31T23:10:00Z","rainfall_intensity",0,"mm/h"
"S01","2024-12-31T23:15:00Z","rainfall_intensity",0,"mm/h"
"S01","2024-12-31T23:20:00Z","rainfall_intensity",0,"mm/h"
"S01","2024-12-31T23:25:00Z","rainfall_intensity",0,"mm/h"
"S01","2024-12-31T23:30:00Z","rainfall_intensity",0,"mm/h"
"S01","2024-12-31T23:35:00Z","rainfall_intensity",0,"mm/h"
"S01","2024-12-31T23:40:00Z","rainfall_intensity",0,"mm/h"
"S01","2024-12-31T23:45:00Z","rainfall_intensity",0,"mm/h"
"S01","2024-12-31T23:50:00Z","rainfall_intensity",0,"mm/h"
"S01","2024-12-31T23:55:00Z","rainfall_intensity",0,"mm/h"
"S01","2025-01-01T00:00:00Z","rainfall_intensity",0,"mm/h"
"S01","2025-01-01T00:05:00Z","rainfall_intensity",0,"mm/h"
"S01","2025-01-01T00:10:00Z","rainfall_intensity",2.07897895025156,"mm/h"
"S01","2025-01-01T00:15:00Z","rainfall_intensity",0,"mm/h"
"S01","2025-01-01T00:20:00Z","rainfall_intensity",0,"mm/h"
"S01","2025-01-01T00:25:00Z","rainfall_intensity",1.25350388473693,"mm/h"
"S01","2025-01-01T00:30:00Z","rainfall_intensity",0.0152449909056108,"mm/h"
"S01","2025-01-01T00:35:00Z","rainfall_intensity",0.359890219106533,"mm/h"
"S01","2025-01-01T00:40:00Z","rainfall_intensity",1.77499254245997,"mm/h"
"S01","2025-01-01T00:45:00Z","rainfall_intensity",0.449621012045235,"mm/h"
"S01","2025-01-01T00:50:00Z","rainfall_intensity",0,"mm/h"
"S01","2025-01-01T00:55:00Z","rainfall_intensity",0.62346018428761,"mm/h"
"S01","2025-01-01T01:00:00Z","rainfall_intensity",1.5969224745866,"mm/h"
"S01","2025-01-01T01:05:00Z","rainfall_intensity",0,"mm/h"
"S01","2025-01-01T01:10:00Z","rainfall_intensity",0,"mm/h"
"S01","2025-01-01T01:15:00Z","rainfall_intensity",0,"mm/h"
"S01","2025-01-01T01:20:00Z","rainfall_intensity",0.152866274328405,"mm/h"
"S01","2025-01-01T01:25:00Z","rainfall_intensity",1.10866891816907,"mm/h"
"S01","2025-01-01T01:30:00Z","rainfall_intensity",0,"mm/h"
"S01","2025-01-01T01:35:00Z","rainfall_intensity",0,"mm/h"
"S01","2025-01-01T01:40:00Z","rainfall_intensity",0,"mm/h"
"S01","2025-01-01T01:45:00Z","rainfall_intensity",0,"mm/h"
"S01","2025-01-01T01:50:00Z","rainfall_intensity",0,"mm/h"
"S01","2025-01-01T01:55:00Z","rainfall_intensity",0,"mm/h"
"S01","2025-01-01T02:00:00Z","rainfall_intensity",0,"mm/h"
"S01","2025-01-01T02:05:00Z","rainfall_intensity",0,"mm/h"
"S01","2025-01-01T02:10:00Z","rainfall_intensity",0,"mm/h"
"S01","2025-01-01T02:15:00Z","rainfall_intensity",0,"mm/h"
"S01","2025-01-01T02:20:00Z","rainfall_intensity",0,"mm/h"
"S01","2025-01-01T02:25:00Z","rainfall_intensity",0,"mm/h"
"S01","2025-01-01T02:30:00Z","rainfall_intensity",0,"mm/h"
"S01","2025-01-01T02:35:00Z","rainfall_intensity",0,"mm/h"
"S01","2025-01-01T02:40:00Z","rainfall_intensity",0.116255101365183,"mm/h"
"S01","2025-01-01T02:45:00Z","rainfall_intensity",0,"mm/h"
"S01","2025-01-01T02:50:00Z","rainfall_intensity",0,"mm/h"
"S01","2025-01-01T02:55:00Z","rainfall_intensity",0,"mm/h"
"S01","2025-01-01T03:00:00Z","rainfall_intensity",0,"mm/h"
"S01","2025-01-01T03:05:00Z","rainfall_intensity",0.194604968585182,"mm/h"
"S01","2025-01-01T03:10:00Z","rainfall_intensity",0,"mm/h"
"S01","2025-01-01T03:15:00Z","rainfall_intensity",0.597964565262706,"mm/h"
"S01","2025-01-01T03:20:00Z","rainfall_intensity",0,"mm/h"
"S01","2025-01-01T03:25:00Z","rainfall_intensity",0.00455815465048674,"mm/h"
"S01","2025-01-01T03:30:00Z","rainfall_intensity",0,"mm/h"
"S01","2025-01-01T03:35:00Z","rainfall_intensity",0,"mm/h"
"S01","2025-01-01T03:40:00Z","rainfall_intensity",0,"mm/h"
"S01","2025-01-01T03:45:00Z","rainfall_intensity",0,"mm/h"
"S01","2025-01-01T03:50:00Z","rainfall_intensity",0,"mm/h"
"S01","2025-01-01T03:55:00Z","rainfall_intensity",0,"mm/h"
"S01","2025-01-01T04:00:00Z","rainfall_intensity",0,"mm/h"
"S01","2025-01-01T04:05:00Z","rainfall_intensity",0,"mm/h"
"S01","2025-01-01T04:10:00Z","rainfall_intensity",0,"mm/h"
"S01","2025-01-01T04:15:00Z","rainfall_intensity",0,"mm/h"
"S01","2025-01-01T04:20:00Z","rainfall_intensity",0,"mm/h"
"S01","2025-01-01T04:25:00Z","rainfall_intensity",0,"mm/h"
"S01","2025-01-01T04:30:00Z","rainfall_intensity",0,"mm/h"
"S01","2025-01-01T04:35:00Z","rainfall_intensity",0,"mm/h"
"S01","2025-01-01T04:40:00Z","rainfall_intensity",0,"mm/h"
"S01","2025-01-01T04:45:00Z","rainfall_intensity",0,"mm/h"
"S01","2025-01-01T04:50:00Z","rainfall_intensity",0,"mm/h"
"S01","2025-01-01T04:55:00Z","rainfall_intensity",0,"mm/h"
"S01","2025-01-01T05:00:00Z","rainfall_intensity",0.371227081895782,"mm/h"
"S01","2025-01-01T05:05:00Z","rainfall_intensity",0,"mm/h"
"S01","2025-01-01T05:10:00Z","rainfall_intensity",0,"mm/h"
"S01","2025-01-01T05:15:00Z","rainfall_intensity",0,"mm/h"
"S01","2025-01-01T05:20:00Z","rainfall_intensity",0,"mm/h"
"S01","2025-01-01T05:25:00Z","rainfall_intensity",0,"mm/h"
"S01","2025-01-01T05:30:00Z","rainfall_intensity",0,"mm/h"
"S01","2025-01-01T05:35:00Z","rainfall_intensity",0,"mm/h"
"S01","2025-01-01T05:40:00Z","rainfall_intensity",0.383632653337261,"mm/h"
"S01","2025-01-01T05:45:00Z","rainfall_intensity",0.0357261682608014,"mm/h"
"S01","2025-01-01T05:50:00Z","rainfall_intensity",0.232311423257337,"mm/h"
"S01","2025-01-01T05:55:00Z","rainfall_intensity",0.0484742787382587,"mm/h"
"S01","2025-01-01T06:00:00Z","rainfall_intensity",0.130937473012223,"mm/h"
"S01","2025-01-01T06:05:00Z","rainfall_intensity",1.35605774378925,"mm/h"
"S01","2025-01-01T06:10:00Z","rainfall_intensity",0,"mm/h"
"S01","2025-01-01T06:15:00Z","rainfall_intensity",1.68264796422013,"mm/h"
"S01","2025-01-01T06:20:00Z","rainfall_intensity",4.69427225943109,"mm/h"
"S01","2025-01-01T06:25:00Z","rainfall_intensity",0.63348794478698,"mm/h"
"S01","2025-01-01T06:30:00Z","rainfall_intensity",3.94223513295779,"mm/h"
"S01","2025-01-01T06:35:00Z","rainfall_intensity",1.21021020286961,"mm/h"
"S01","2025-01-01T06:40:00Z","rainfall_intensity",3.31833291551103,"mm/h"
"S01","2025-01-01T06:45:00Z","rainfall_intensity",0,"mm/h"
"S01","2025-01-01T06:50:00Z","rainfall_intensity",0.292578401552693,"mm/h"
"S01","2025-01-01T06:55:00Z","rainfall_intensity",0.0147768424398118,"mm/h"
"S01","2025-01-01T07:00:00Z","rainfall_intensity",4.26204200658468,"mm/h"
"S01","2025-01-01T07:05:00Z","rainfall_intensity",3.14374373037598,"mm/h"
"S01","2025-01-01T07:10:00Z","rainfall_intensity",0,"mm/h"
"S01","2025-01-01T07:15:00Z","rainfall_intensity",0.0732409702440144,"mm/h"
"S01","2025-01-01T07:20:00Z","rainfall_intensity",1.8890222259485,"mm/h"
"S01","2025-01-01T07:25:00Z","rainfall_intensity",0.239384775567677,"mm/h"
"S01","2025-01-01T07:30:00Z","rainfall_intensity",0,"mm/h"
"S01","2025-01-01T07:35:00Z","rainfall_intensity",0,"mm/h"
"S01","2025-01-01T07:40:00Z","rainfall_intensity",0,"mm/h"
"S01","2025-01-01T07:45:00Z","rainfall_intensity",0,"mm/h"
"S01","2025-01-01T07:50:00Z","rainfall_intensity",1.28928798171525,"mm/h"
"S01","2025-01-01T07:55:00Z","rainfall_intensity",0,"mm/h"
"S01","2025-01-01T08:00:00Z","rainfall_intensity",0,"mm/h"
"S01","2025-01-01T08:05:00Z","rainfall_intensity",2.00218038748834,"mm/h"
"S01","2025-01-01T08:10:00Z","rainfall_intensity",2.57703584359067,"mm/h"
"S01","2025-01-01T08:15:00Z","rainfall_intensity",2.32169122672756,"mm/h"
"S01","2025-01-01T08:20:00Z","rainfall_intensity",0,"mm/h"
"S01","2025-01-01T08:25:00Z","rainfall_intensity",0,"mm/h"
"S01","2025-01-01T08:30:00Z","rainfall_intensity",0,"mm/h"
"S01","2025-01-01T08:35:00Z","rainfall_intensity",0,"mm/h"
"S01","2025-01-01T08:40:00Z","rainfall_intensity",0.189572995702473,"mm/h"
"S01","2025-01-01T08:45:00Z","rainfall_intensity",1.30571545215106,"mm/h"
"S01","2025-01-01T08:50:00Z","rainfall_intensity",0.590890968662174,"mm/h"
"S01","2025-01-01T08:55:00Z","rainfall_intensity",0,"mm/h"
"S01","2025-01-01T09:00:00Z","rainfall_intensity",0,"mm/h"
"S01","2025-01-01T09:05:00Z","rainfall_intensity",0.02696591751705,"mm/h"
"S01","2025-01-01T09:10:00Z","rainfall_intensity",0,"mm/h"
"S01","2025-01-01T09:15:00Z","rainfall_intensity",1.08041584666233,"mm/h"
"S01","2025-01-01T09:20:00Z","rainfall_intensity",0.26523690000766,"mm/h"
"S01","2025-01-01T09:25:00Z","rainfall_intensity",0,"mm/h"
"S01","2025-01-01T09:30:00Z","rainfall_intensity",0,"mm/h"
"S01","2025-01-01T09:35:00Z","rainfall_intensity",0,"mm/h"
"S01","2025-01-01T09:40:00Z","rainfall_intensity",0.124107768846433,"mm/h"
"S01","2025-01-01T09:45:00Z","rainfall_intensity",0,"mm/h"
"S01","2025-01-01T09:50:00Z","rainfall_intensity",0,"mm/h"
"S01","2025-01-01T09:55:00Z","rainfall_intensity",0,"mm/h"
"S01","2025-01-01T10:00:00Z","rainfall_intensity",0,"mm/h"
"S01","2025-01-01T10:05:00Z","rainfall_intensity",0,"mm/h"
"S01","2025-01-01T10:10:00Z","rainfall_intensity",0,"mm/h"
"S01","2025-01-01T10:15:00Z","rainfall_intensity",0,"mm/h"
"S01","2025-01-01T10:20:00Z","rainfall_intensity",0,"mm/h"
"S01","2025-01-01T10:25:00Z","rainfall_intensity",0,"mm/h"
"S01","2025-01-01T10:30:00Z","rainfall_intensity",0.0987666373190238,"mm/h"
"S01","2025-01-01T10:35:00Z","rainfall_intensity",0,"mm/h"
"S01","2025-01-01T10:40:00Z","rainfall_intensity",0,"mm/h"
"S01","2025-01-01T10:45:00Z","rainfall_intensity",0,"mm/h"
"S01","2025-01-01T10:50:00Z","rainfall_intensity",0,"mm/h"
"S01","2025-01-01T10:55:00Z","rainfall_intensity",0,"mm/h"
"S01","2025-01-01T11:00:00Z","rainfall_intensity",0,"mm/h"
"S01","2025-01-01T11:05:00Z","rainfall_intensity",0,"mm/h"
"S01","2025-01-01T11:10:00Z","rainfall_intensity",0,"mm/h"
"S01","2025-01-01T11:15:00Z","rainfall_intensity",0,"mm/h"
"S01","2025-01-01T11:20:00Z","rainfall_intensity",0,"mm/h"
"S01","2025-01-01T11:25:00Z","rainfall_intensity",0,"mm/h"
"S01","2025-01-01T11:30:00Z","rainfall_intensity",0,"mm/h"
"S01","2025-01-01T11:35:00Z","rainfall_intensity",0,"mm/h"
"S01","2025-01-01T11:40:00Z","rainfall_intensity",0,"mm/h"
"S01","2025-01-01T11:45:00Z","rainfall_intensity",0,"mm/h"
"S01","2025-01-01T11:50:00Z","rainfall_intensity",0,"mm/h"
"S01","2025-01-01T11:55:00Z","rainfall_intensity",0.115489703856488,"mm/h"
"S01","2025-01-01T12:00:00Z","rainfall_intensity",0.146867334798595,"mm/h"
"S01","2025-01-01T12:05:00Z","rainfall_intensity",0,"mm/h"
"S01","2025-01-01T12:10:00Z","rainfall_intensity",0.000894452386275288,"mm/h"
"S01","2025-01-01T12:15:00Z","rainfall_intensity",0.506679633713803,"mm/h"
"S01","2025-01-01T12:20:00Z","rainfall_intensity",0,"mm/h"
"S01","2025-01-01T12:25:00Z","rainfall_intensity",0,"mm/h"
"S01","2025-01-01T12:30:00Z","rainfall_intensity",0.903905239089996,"mm/h"
"S01","2025-01-01T12:35:00Z","rainfall_intensity",1.34246719569324,"mm/h"
"S01","2025-01-01T12:40:00Z","rainfall_intensity",0,"mm/h"
"S01","2025-01-01T12:45:00Z","rainfall_intensity",0,"mm/h"
"S01","2025-01-01T12:50:00Z","rainfall_intensity",0.788863390153208,"mm/h"
"S01","2025-01-01T12:55:00Z","rainfall_intensity",0.600505171460593,"mm/h"
"S01","2025-01-01T13:00:00Z","rainfall_intensity",0,"mm/h"
"S01","2025-01-01T13:05:00Z","rainfall_intensity",1.07184352780546,"mm/h"
"S01","2025-01-01T13:10:00Z","rainfall_intensity",0.308417568522105,"mm/h"
"S01","2025-01-01T13:15:00Z","rainfall_intensity",0.387434835344805,"mm/h"
"S01","2025-01-01T13:20:00Z","rainfall_intensity",0.879892911809871,"mm/h"
"S01","2025-01-01T13:25:00Z","rainfall_intensity",0.05258753158847,"mm/h"
"S01","2025-01-01T13:30:00Z","rainfall_intensity",0.288587952484735,"mm/h"
"S01","2025-01-01T13:35:00Z","rainfall_intensity",0.871598256449384,"mm/h"
"S01","2025-01-01T13:40:00Z","rainfall_intensity",0,"mm/h"
"S01","2025-01-01T13:45:00Z","rainfall_intensity",0.844270362793819,"mm/h"
"S01","2025-01-01T13:50:00Z","rainfall_intensity",0.435814682740071,"mm/h"
"S01","2025-01-01T13:55:00Z","rainfall_intensity",0,"mm/h"
"S01","2025-01-01T14:00:00Z","rainfall_intensity",0.025797800694642,"mm/h"
"S01","2025-01-01T14:05:00Z","rainfall_intensity",0,"mm/h"
"S01","2025-01-01T14:10:00Z","rainfall_intensity",0.15269901173489,"mm/h"
"S01","2025-01-01T14:15:00Z","rainfall_intensity",0,"mm/h"
"S01","2025-01-01T14:20:00Z","rainfall_intensity",0,"mm/h"
"S01","2025-01-01T14:25:00Z","rainfall_intensity",0,"mm/h"
"S01","2025-01-01T14:30:00Z","rainfall_intensity",0,"mm/h"
"S01","2025-01-01T14:35:00Z","rainfall_intensity",0,"mm/h"
"S01","2025-01-01T14:40:00Z","rainfall_intensity",0,"mm/h"
"S01","2025-01-01T14:45:00Z","rainfall_intensity",0,"mm/h"
"S01","2025-01-01T14:50:00Z","rainfall_intensity",0,"mm/h"
"S01","2025-01-01T14:55:00Z","rainfall_intensity",0,"mm/h"
"S01","2025-01-01T15:00:00Z","rainfall_intensity",0,"mm/h"
"S01","2025-01-01T15:05:00Z","rainfall_intensity",0,"mm/h"
"S01","2025-01-01T15:10:00Z","rainfall_intensity",0,"mm/h"
"S01","2025-01-01T15:15:00Z","rainfall_intensity",0,"mm/h"
"S01","2025-01-01T15:20:00Z","rainfall_intensity",0,"mm/h"
"S01","2025-01-01T15:25:00Z","rainfall_intensity",1.44012434800183,"mm/h"
"S01","2025-01-01T15:30:00Z","rainfall_intensity",0,"mm/h"
"S01","2025-01-01T15:35:00Z","rainfall_intensity",0,"mm/h"
"S01","2025-01-01T15:40:00Z","rainfall_intensity",0,"mm/h"
"S01","2025-01-01T15:45:00Z","rainfall_intensity",0.169618284051295,"mm/h"
"S01","2025-01-01T15:50:00Z","rainfall_intensity",0.935923549141982,"mm/h"
"S01","2025-01-01T15:55:00Z","rainfall_intensity",3.87870773268941,"mm/h"
"S01","2025-01-01T16:00:00Z","rainfall_intensity",0.565558921628925,"mm/h"
"S01","2025-01-01T16:05:00Z","rainfall_intensity",1.58119309303666,"mm/h"
"S01","2025-01-01T16:10:00Z","rainfall_intensity",1.77834044961452,"mm/h"
"S01","2025-01-01T16:15:00Z","rainfall_intensity",0,"mm/h"
"S01","2025-01-01T16:20:00Z","rainfall_intensity",0.163238925838966,"mm/h"
"S01","2025-01-01T16:25:00Z","rainfall_intensity",1.45594335161614,"mm/h"
"S01","2025-01-01T16:30:00Z","rainfall_intensity",0,"mm/h"
"S01","2025-01-01T16:35:00Z","rainfall_intensity",0,"mm/h"
"S01","2025-01-01T16:40:00Z","rainfall_intensity",0,"mm/h"
"S01","2025-01-01T16:45:00Z","rainfall_intensity",0,"mm/h"
"S01","2025-01-01T16:50:00Z","rainfall_intensity",0,"mm/h"
"S01","2025-01-01T16:55:00Z","rainfall_intensity",0.200668196311908,"mm/h"
"S01","2025-01-01T17:00:00Z","rainfall_intensity",0.582595099443846,"mm/h"
"S01","2025-01-01T17:05:00Z","rainfall_intensity",0,"mm/h"
"S01","2025-01-01T17:10:00Z","rainfall_intensity",0,"mm/h"
"S01","2025-01-01T17:15:00Z","rainfall_intensity",0,"mm/h"
"S01","2025-01-01T17:20:00Z","rainfall_intensity",0,"mm/h"
"S01","2025-01-01T17:25:00Z","rainfall_intensity",0,"mm/h"
"S01","2025-01-01T17:30:00Z","rainfall_intensity",0,"mm/h"
"S01","2025-01-01T17:35:00Z","rainfall_intensity",0.150026427294081,"mm/h"
"S01","2025-01-01T17:40:00Z","rainfall_intensity",0,"mm/h"
"S01","2025-01-01T17:45:00Z","rainfall_intensity",0.548822656485657,"mm/h"
"S01","2025-01-01T17:50:00Z","rainfall_intensity",0,"mm/h"
"S01","2025-01-01T17:55:00Z","rainfall_intensity",0,"mm/h"
"S01","2025-01-01T18:00:00Z","rainfall_intensity",0,"mm/h"
"S01","2025-01-01T18:05:00Z","rainfall_intensity",0,"mm/h"
"S01","2025-01-01T18:10:00Z","rainfall_intensity",0.267486906258162,"mm/h"
"S01","2025-01-01T18:15:00Z","rainfall_intensity",0,"mm/h"
"S01","2025-01-01T18:20:00Z","rainfall_intensity",1.95653796198372,"mm/h"
"S01","2025-01-01T18:25:00Z","rainfall_intensity",2.34374518311993,"mm/h"
"S01","2025-01-01T18:30:00Z","rainfall_intensity",1.54499740539704,"mm/h"
"S01","2025-01-01T18:35:00Z","rainfall_intensity",9.57135979741728,"mm/h"
"S01","2025-01-01T18:40:00Z","rainfall_intensity",2.61863225300477,"mm/h"
"S01","2025-01-01T18:45:00Z","rainfall_intensity",1.17921451092186,"mm/h"
"S01","2025-01-01T18:50:00Z","rainfall_intensity",1.73864828588507,"mm/h"
"S01","2025-01-01T18:55:00Z","rainfall_intensity",0,"mm/h"
"S01","2025-01-01T19:00:00Z","rainfall_intensity",0.553616590198475,"mm/h"
"S01","2025-01-01T19:05:00Z","rainfall_intensity",3.89245602043083,"mm/h"
"S01","2025-01-01T19:10:00Z","rainfall_intensity",9.52588126123898,"mm/h"
"S01","2025-01-01T19:15:00Z","rainfall_intensity",0.494870581008816,"mm/h"
"S01","2025-01-01T19:20:00Z","rainfall_intensity",2.30658570853412,"mm/h"
"S01","2025-01-01T19:25:00Z","rainfall_intensity",2.62161536788354,"mm/h"
"S01","2025-01-01T19:30:00Z","rainfall_intensity",3.55974089340249,"mm/h"
"S01","2025-01-01T19:35:00Z","rainfall_intensity",7.90724596375579,"mm/h"
"S01","2025-01-01T19:40:00Z","rainfall_intensity",2.83165160183052,"mm/h"
"S01","2025-01-01T19:45:00Z","rainfall_intensity",5.92375415438966,"mm/h"
"S01","2025-01-01T19:50:00Z","rainfall_intensity",1.25273962412485,"mm/h"
"S01","2025-01-01T19:55:00Z","rainfall_intensity",1.4422848317288,"mm/h"
"S01","2025-01-01T20:00:00Z","rainfall_intensity",5.43640117998691,"mm/h"
"S01","2025-01-01T20:05:00Z","rainfall_intensity",3.36574355177522,"mm/h"
"S01","2025-01-01T20:10:00Z","rainfall_intensity",0.957233235162461,"mm/h"
"S01","2025-01-01T20:15:00Z","rainfall_intensity",0,"mm/h"
"S01","2025-01-01T20:20:00Z","rainfall_intensity",0,"mm/h"
"S01","2025-01-01T20:25:00Z","rainfall_intensity",0.583416649553721,"mm/h"
"S01","2025-01-01T20:30:00Z","rainfall_intensity",0.0397304200939177,"mm/h"
"S01","2025-01-01T20:35:00Z","rainfall_intensity",0,"mm/h"
"S01","2025-01-01T20:40:00Z","rainfall_intensity",0,"mm/h"
"S01","2025-01-01T20:45:00Z","rainfall_intensity",1.22421004187609,"mm/h"
"S01","2025-01-01T20:50:00Z","rainfall_intensity",2.52831317782516,"mm/h"
"S01","2025-01-01T20:55:00Z","rainfall_intensity",0.390913987310661,"mm/h"
"S01","2025-01-01T21:00:00Z","rainfall_intensity",0.948733294136774,"mm/h"
"S01","2025-01-01T21:05:00Z","rainfall_intensity",0,"mm/h"
"S01","2025-01-01T21:10:00Z","rainfall_intensity",0,"mm/h"
"S01","2025-01-01T21:15:00Z","rainfall_intensity",0,"mm/h"
"S01","2025-01-01T21:20:00Z","rainfall_intensity",0,"mm/h"
"S01","2025-01-01T21:25:00Z","rainfall_intensity",0,"mm/h"
"S01","2025-01-01T21:30:00Z","rainfall_intensity",0,"mm/h"
"S01","2025-01-01T21:35:00Z","rainfall_intensity",0,"mm/h"
"S01","2025-01-01T21:40:00Z","rainfall_intensity",0,"mm/h"
"S01","2025-01-01T21:45:00Z","rainfall_intensity",0,"mm/h"
"S01","2025-01-01T21:50:00Z","rainfall_intensity",0,"mm/h"
"S01","2025-01-01T21:55:00Z","rainfall_intensity",0,"mm/h"
"S01","2025-01-01T22:00:00Z","rainfall_intensity",0,"mm/h"
"S01","2025-01-01T22:05:00Z","rainfall_intensity",0,"mm/h"
"S01","2025-01-01T22:10:00Z","rainfall_intensity",0,"mm/h"
"S01","2025-01-01T22:15:00Z","rainfall_intensity",0,"mm/h"
"S01","2025-01-01T22:20:00Z","rainfall_intensity",0,"mm/h"
"S01","2025-01-01T22:25:00Z","rainfall_intensity",0.302080533652011,"mm/h"
"S01","2025-01-01T22:30:00Z","rainfall_intensity",0.129050614192475,"mm/h"
"S01","2025-01-01T22:35:00Z","rainfall_intensity",0,"mm/h"
"S01","2025-01-01T22:40:00Z","rainfall_intensity",0,"mm/h"
"S01","2025-01-01T22:45:00Z","rainfall_intensity",0,"mm/h"
"S01","2025-01-01T22:50:00Z","rainfall_intensity",0,"mm/h"
"S01","2025-01-01T22:55:00Z","rainfall_intensity",0,"mm/h"
"S01","2025-01-01T23:00:00Z","rainfall_intensity",0,"mm/h"
"S01","2025-01-01T23:05:00Z","rainfall_intensity",0,"mm/h"
"S01","2025-01-01T23:10:00Z","rainfall_intensity",0,"mm/h"
"S01","2025-01-01T23:15:00Z","rainfall_intensity",0,"mm/h"
"S01","2025-01-01T23:20:00Z","rainfall_intensity",0,"mm/h"
"S01","2025-01-01T23:25:00Z","rainfall_intensity",0,"mm/h"
"S01","2025-01-01T23:30:00Z","rainfall_intensity",0,"mm/h"
"S01","2025-01-01T23:35:00Z","rainfall_intensity",0,"mm/h"
"S01","2025-01-01T23:40:00Z","rainfall_intensity",0,"mm/h"
"S01","2025-01-01T23:45:00Z","rainfall_intensity",0,"mm/h"
"S01","2025-01-01T23:50:00Z","rainfall_intensity",0,"mm/h"
"S01","2025-01-01T23:55:00Z","rainfall_intensity",0,"mm/h"
"S01","2025-01-02T00:00:00Z","rainfall_intensity",0,"mm/h"
"S01","2025-01-02T00:05:00Z","rainfall_intensity",0,"mm/h"
"S01","2025-01-02T00:10:00Z","rainfall_intensity",0,"mm/h"
"S01","2025-01-02T00:15:00Z","rainfall_intensity",0,"mm/h"
"S01","2025-01-02T00:20:00Z","rainfall_intensity",0,"mm/h"
"S01","2025-01-02T00:25:00Z","rainfall_intensity",0,"mm/h"
"S01","2025-01-02T00:30:00Z","rainfall_intensity",0,"mm/h"
"S01","2025-01-02T00:35:00Z","rainfall_intensity",0,"mm/h"
"S01","2025-01-02T00:40:00Z","rainfall_intensity",0,"mm/h"
"S01","2025-01-02T00:45:00Z","rainfall_intensity",0,"mm/h"
"S01","2025-01-02T00:50:00Z","rainfall_intensity",0,"mm/h"
"S01","2025-01-02T00:55:00Z","rainfall_intensity",0,"mm/h"
"S01","2025-01-02T01:00:00Z","rainfall_intensity",0,"mm/h"
"S01","2025-01-02T01:05:00Z","rainfall_intensity",0,"mm/h"
"S01","2025-01-02T01:10:00Z","rainfall_intensity",0,"mm/h"
"S01","2025-01-02T01:15:00Z","rainfall_intensity",0,"mm/h"
"S01","2025-01-02T01:20:00Z","rainfall_intensity",0,"mm/h"
"S01","2025-01-02T01:25:00Z","rainfall_intensity",0,"mm/h"
"S01","2025-01-02T01:30:00Z","rainfall_intensity",0.163742561024526,"mm/h"
"S01","2025-01-02T01:35:00Z","rainfall_intensity",0,"mm/h"
"S01","2025-01-02T01:40:00Z","rainfall_intensity",0,"mm/h"
"S01","2025-01-02T01:45:00Z","rainfall_intensity",0,"mm/h"
"S01","2025-01-02T01:50:00Z","rainfall_intensity",0,"mm/h"
"S01","2025-01-02T01:55:00Z","rainfall_intensity",0,"mm/h"
"S01","2025-01-02T02:00:00Z","rainfall_intensity",0.0186074960974613,"mm/h"
"S01","2025-01-02T02:05:00Z","rainfall_intensity",0,"mm/h"
"S01","2025-01-02T02:10:00Z","rainfall_intensity",0,"mm/h"
"S01","2025-01-02T02:15:00Z","rainfall_intensity",0,"mm/h"
"S01","2025-01-02T02:20:00Z","rainfall_intensity",4.27842609307971,"mm/h"
"S01","2025-01-02T02:25:00Z","rainfall_intensity",0.361464188185828,"mm/h"
"S01","2025-01-02T02:30:00Z","rainfall_intensity",0,"mm/h"
"S01","2025-01-02T02:35:00Z","rainfall_intensity",0,"mm/h"
"S01","2025-01-02T02:40:00Z","rainfall_intensity",1.05036446856234,"mm/h"
"S01","2025-01-02T02:45:00Z","rainfall_intensity",0.213103313269631,"mm/h"
"S01","2025-01-02T02:50:00Z","rainfall_intensity",0,"mm/h"
"S01","2025-01-02T02:55:00Z","rainfall_intensity",0,"mm/h"
"S01","2025-01-02T03:00:00Z","rainfall_intensity",0,"mm/h"
"S01","2025-01-02T03:05:00Z","rainfall_intensity",0,"mm/h"
"S01","2025-01-02T03:10:00Z","rainfall_intensity",0.0337387411273778,"mm/h"
"S01","2025-01-02T03:15:00Z","rainfall_intensity",0,"mm/h"
"S01","2025-01-02T03:20:00Z","rainfall_intensity",0,"mm/h"
"S01","2025-01-02T03:25:00Z","rainfall_intensity",0,"mm/h"
"S01","2025-01-02T03:30:00Z","rainfall_intensity",0,"mm/h"
"S01","2025-01-02T03:35:00Z","rainfall_intensity",0,"mm/h"
"S01","2025-01-02T03:40:00Z","rainfall_intensity",0.469394382778186,"mm/h"
"S01","2025-01-02T03:45:00Z","rainfall_intensity",0,"mm/h"
"S01","2025-01-02T03:50:00Z","rainfall_intensity",0.225575863806066,"mm/h"
"S01","2025-01-02T03:55:00Z","rainfall_intensity",0,"mm/h"
"S01","2025-01-02T04:00:00Z","rainfall_intensity",0.209045628136095,"mm/h"
"S01","2025-01-02T04:05:00Z","rainfall_intensity",0.651572441107072,"mm/h"
"S01","2025-01-02T04:10:00Z","rainfall_intensity",1.21200413529204,"mm/h"
"S01","2025-01-02T04:15:00Z","rainfall_intensity",1.13613166418327,"mm/h"
"S01","2025-01-02T04:20:00Z","rainfall_intensity",0.174195998557526,"mm/h"
"S01","2025-01-02T04:25:00Z","rainfall_intensity",0,"mm/h"
"S01","2025-01-02T04:30:00Z","rainfall_intensity",0,"mm/h"
"S01","2025-01-02T04:35:00Z","rainfall_intensity",0,"mm/h"
"S01","2025-01-02T04:40:00Z","rainfall_intensity",0.303699159788807,"mm/h"
"S01","2025-01-02T04:45:00Z","rainfall_intensity",0,"mm/h"
"S01","2025-01-02T04:50:00Z","rainfall_intensity",0,"mm/h"
"S01","2025-01-02T04:55:00Z","rainfall_intensity",0,"mm/h"
"S01","2025-01-02T05:00:00Z","rainfall_intensity",0,"mm/h"
"S01","2025-01-02T05:05:00Z","rainfall_intensity",0,"mm/h"
"S01","2025-01-02T05:10:00Z","rainfall_intensity",0,"mm/h"
"S01","2025-01-02T05:15:00Z","rainfall_intensity",0.325387507695428,"mm/h"
"S01","2025-01-02T05:20:00Z","rainfall_intensity",0,"mm/h"
"S01","2025-01-02T05:25:00Z","rainfall_intensity",0,"mm/h"
"S01","2025-01-02T05:30:00Z","rainfall_intensity",0,"mm/h"
"S01","2025-01-02T05:35:00Z","rainfall_intensity",0,"mm/h"
"S01","2025-01-02T05:40:00Z","rainfall_intensity",0,"mm/h"
"S01","2025-01-02T05:45:00Z","rainfall_intensity",0,"mm/h"
"S01","2025-01-02T05:50:00Z","rainfall_intensity",0,"mm/h"
"S01","2025-01-02T05:55:00Z","rainfall_intensity",0,"mm/h"
"S01","2025-01-02T06:00:00Z","rainfall_intensity",0,"mm/h"
"S01","2025-01-02T06:05:00Z","rainfall_intensity",1.01493685878025,"mm/h"
"S01","2025-01-02T06:10:00Z","rainfall_intensity",0,"mm/h"
"S01","2025-01-02T06:15:00Z","rainfall_intensity",0,"mm/h"
"S01","2025-01-02T06:20:00Z","rainfall_intensity",0,"mm/h"
"S01","2025-01-02T06:25:00Z","rainfall_intensity",0,"mm/h"
"S01","2025-01-02T06:30:00Z","rainfall_intensity",0,"mm/h"
"S01","2025-01-02T06:35:00Z","rainfall_intensity",0,"mm/h"
"S01","2025-01-02T06:40:00Z","rainfall_intensity",0,"mm/h"
"S01","2025-01-02T06:45:00Z","rainfall_intensity",0,"mm/h"
"S01","2025-01-02T06:50:00Z","rainfall_intensity",0,"mm/h"
"S01","2025-01-02T06:55:00Z","rainfall_intensity",0,"mm/h"
"S01","2025-01-02T07:00:00Z","rainfall_intensity",0,"mm/h"
"S01","2025-01-02T07:05:00Z","rainfall_intensity",0,"mm/h"
"S01","2025-01-02T07:10:00Z","rainfall_intensity",0,"mm/h"
"S01","2025-01-02T07:15:00Z","rainfall_intensity",0,"mm/h"
"S01","2025-01-02T07:20:00Z","rainfall_intensity",0,"mm/h"
"S01","2025-01-02T07:25:00Z","rainfall_intensity",0,"mm/h"
"S01","2025-01-02T07:30:00Z","rainfall_intensity",0,"mm/h"
"S01","2025-01-02T07:35:00Z","rainfall_intensity",0,"mm/h"
"S01","2025-01-02T07:40:00Z","rainfall_intensity",0,"mm/h"
"S01","2025-01-02T07:45:00Z","rainfall_intensity",0,"mm/h"
"S01","2025-01-02T07:50:00Z","rainfall_intensity",0,"mm/h"
"S01","2025-01-02T07:55:00Z","rainfall_intensity",0,"mm/h"
"S01","2025-01-02T08:00:00Z","rainfall_intensity",0,"mm/h"
"S01","2025-01-02T08:05:00Z","rainfall_intensity",0,"mm/h"
"S01","2025-01-02T08:10:00Z","rainfall_intensity",0,"mm/h"
"S01","2025-01-02T08:15:00Z","rainfall_intensity",0,"mm/h"
"S01","2025-01-02T08:20:00Z","rainfall_intensity",0,"mm/h"
"S01","2025-01-02T08:25:00Z","rainfall_intensity",0,"mm/h"
"S01","2025-01-02T08:30:00Z","rainfall_intensity",0.272663490543001,"mm/h"
"S01","2025-01-02T08:35:00Z","rainfall_intensity",0.202017899700602,"mm/h"
"S01","2025-01-02T08:40:00Z","rainfall_intensity",0,"mm/h"
"S01","2025-01-02T08:45:00Z","rainfall_intensity",0,"mm/h"
"S01","2025-01-02T08:50:00Z","rainfall_intensity",0,"mm/h"
"S01","2025-01-02T08:55:00Z","rainfall_intensity",0,"mm/h"
"S01","2025-01-02T09:00:00Z","rainfall_intensity",0,"mm/h"
"S01","2025-01-02T09:05:00Z","rainfall_intensity",0,"mm/h"
"S01","2025-01-02T09:10:00Z","rainfall_intensity",0,"mm/h"
"S01","2025-01-02T09:15:00Z","rainfall_intensity",0,"mm/h"
"S01","2025-01-02T09:20:00Z","rainfall_intensity",0.26463127703133,"mm/h"
"S01","2025-01-02T09:25:00Z","rainfall_intensity",0,"mm/h"
"S01","2025-01-02T09:30:00Z","rainfall_intensity",0,"mm/h"
"S01","2025-01-02T09:35:00Z","rainfall_intensity",0,"mm/h"
"S01","2025-01-02T09:40:00Z","rainfall_intensity",0,"mm/h"
"S01","2025-01-02T09:45:00Z","rainfall_intensity",0,"mm/h"
"S01","2025-01-02T09:50:00Z","rainfall_intensity",0,"mm/h"
"S01","2025-01-02T09:55:00Z","rainfall_intensity",0,"mm/h"
"S01","2025-01-02T10:00:00Z","rainfall_intensity",0,"mm/h"
"S01","2025-01-02T10:05:00Z","rainfall_intensity",0,"mm/h"
"S01","2025-01-02T10:10:00Z","rainfall_intensity",0,"mm/h"
"S01","2025-01-02T10:15:00Z","rainfall_intensity",0,"mm/h"
"S01","2025-01-02T10:20:00Z","rainfall_intensity",0,"mm/h"
"S01","2025-01-02T10:25:00Z","rainfall_intensity",0,"mm/h"
"S01","2025-01-02T10:30:00Z","rainfall_intensity",0,"mm/h"
"S01","2025-01-02T10:35:00Z","rainfall_intensity",0,"mm/h"
"S01","2025-01-02T10:40:00Z","rainfall_intensity",0,"mm/h"
"S01","2025-01-02T10:45:00Z","rainfall_intensity",0,"mm/h"
"S01","2025-01-02T10:50:00Z","rainfall_intensity",0.390138189174172,"mm/h"
"S01","2025-01-02T10:55:00Z","rainfall_intensity",0,"mm/h"
"S01","2025-01-02T11:00:00Z","rainfall_intensity",0,"mm/h"
"S01","2025-01-02T11:05:00Z","rainfall_intensity",0,"mm/h"
"S01","2025-01-02T11:10:00Z","rainfall_intensity",0,"mm/h"
"S01","2025-01-02T11:15:00Z","rainfall_intensity",0,"mm/h"
"S01","2025-01-02T11:20:00Z","rainfall_intensity",0,"mm/h"
"S01","2025-01-02T11:25:00Z","rainfall_intensity",0,"mm/h"
"S01","2025-01-02T11:30:00Z","rainfall_intensity",1.72676816185966,"mm/h"
"S01","2025-01-02T11:35:00Z","rainfall_intensity",0,"mm/h"
"S01","2025-01-02T11:40:00Z","rainfall_intensity",0,"mm/h"
"S01","2025-01-02T11:45:00Z","rainfall_intensity",0,"mm/h"
"S01","2025-01-02T11:50:00Z","rainfall_intensity",0,"mm/h"
"S01","2025-01-02T11:55:00Z","rainfall_intensity",0,"mm/h"
"S01","2025-01-02T12:00:00Z","rainfall_intensity",0,"mm/h"
"S01","2025-01-02T12:05:00Z","rainfall_intensity",0,"mm/h"
"S01","2025-01-02T12:10:00Z","rainfall_intensity",0,"mm/h"
"S01","2025-01-02T12:15:00Z","rainfall_intensity",0,"mm/h"
"S01","2025-01-02T12:20:00Z","rainfall_intensity",0,"mm/h"
"S01","2025-01-02T12:25:00Z","rainfall_intensity",0,"mm/h"
"S01","2025-01-02T12:30:00Z","rainfall_intensity",0,"mm/h"
"S01","2025-01-02T12:35:00Z","rainfall_intensity",0,"mm/h"
"S01","2025-01-02T12:40:00Z","rainfall_intensity",1.39450471151447,"mm/h"
"S01","2025-01-02T12:45:00Z","rainfall_intensity",0,"mm/h"
"S01","2025-01-02T12:50:00Z","rainfall_intensity",0,"mm/h"
"S01","2025-01-02T12:55:00Z","rainfall_intensity",0,"mm/h"
"S01","2025-01-02T13:00:00Z","rainfall_intensity",0.0697843030193044,"mm/h"
"S01","2025-01-02T13:05:00Z","rainfall_intensity",0.713722563247505,"mm/h"
"S01","2025-01-02T13:10:00Z","rainfall_intensity",0,"mm/h"
"S01","2025-01-02T13:15:00Z","rainfall_intensity",0,"mm/h"
"S01","2025-01-02T13:20:00Z","rainfall_intensity",0,"mm/h"
"S01","2025-01-02T13:25:00Z","rainfall_intensity",0,"mm/h"
"S01","2025-01-02T13:30:00Z","rainfall_intensity",0,"mm/h"
"S01","2025-01-02T13:35:00Z","rainfall_intensity",0,"mm/h"
"S01","2025-01-02T13:40:00Z","rainfall_intensity",0,"mm/h"
"S01","2025-01-02T13:45:00Z","rainfall_intensity",0,"mm/h"
"S01","2025-01-02T13:50:00Z","rainfall_intensity",0,"mm/h"
"S01","2025-01-02T13:55:00Z","rainfall_intensity",0,"mm/h"
"S01","2025-01-02T14:00:00Z","rainfall_intensity",0,"mm/h"
"S01","2025-01-02T14:05:00Z","rainfall_intensity",0,"mm/h"
"S01","2025-01-02T14:10:00Z","rainfall_intensity",0.0451738115190392,"mm/h"
"S01","2025-01-02T14:15:00Z","rainfall_intensity",0,"mm/h"
"S01","2025-01-02T14:20:00Z","rainfall_intensity",0,"mm/h"
"S01","2025-01-02T14:25:00Z","rainfall_intensity",0,"mm/h"
"S01","2025-01-02T14:30:00Z","rainfall_intensity",0,"mm/h"
"S01","2025-01-02T14:35:00Z","rainfall_intensity",0,"mm/h"
"S01","2025-01-02T14:40:00Z","rainfall_intensity",0,"mm/h"
"S01","2025-01-02T14:45:00Z","rainfall_intensity",0,"mm/h"
"S01","2025-01-02T14:50:00Z","rainfall_intensity",0,"mm/h"
"S01","2025-01-02T14:55:00Z","rainfall_intensity",0,"mm/h"
"S01","2025-01-02T15:00:00Z","rainfall_intensity",0,"mm/h"
"S01","2025-01-02T15:05:00Z","rainfall_intensity",0,"mm/h"
"S01","2025-01-02T15:10:00Z","rainfall_intensity",0.868256483319087,"mm/h"
"S01","2025-01-02T15:15:00Z","rainfall_intensity",0.0227332769684525,"mm/h"
"S01","2025-01-02T15:20:00Z","rainfall_intensity",1.39741632064407,"mm/h"
"S01","2025-01-02T15:25:00Z","rainfall_intensity",3.00869214895166,"mm/h"
"S01","2025-01-02T15:30:00Z","rainfall_intensity",0.17526488604696,"mm/h"
"S01","2025-01-02T15:35:00Z","rainfall_intensity",0.835531246905399,"mm/h"
"S01","2025-01-02T15:40:00Z","rainfall_intensity",0,"mm/h"
"S01","2025-01-02T15:45:00Z","rainfall_intensity",0,"mm/h"
"S01","2025-01-02T15:50:00Z","rainfall_intensity",0,"mm/h"
"S01","2025-01-02T15:55:00Z","rainfall_intensity",0,"mm/h"
"S01","2025-01-02T16:00:00Z","rainfall_intensity",0,"mm/h"
"S01","2025-01-02T16:05:00Z","rainfall_intensity",0,"mm/h"
"S01","2025-01-02T16:10:00Z","rainfall_intensity",0,"mm/h"
"S01","2025-01-02T16:15:00Z","rainfall_intensity",0,"mm/h"
"S01","2025-01-02T16:20:00Z","rainfall_intensity",0,"mm/h"
"S01","2025-01-02T16:25:00Z","rainfall_intensity",0,"mm/h"
"S01","2025-01-02T16:30:00Z","rainfall_intensity",0,"mm/h"
"S01","2025-01-02T16:35:00Z","rainfall_intensity",0,"mm/h"
"S01","2025-01-02T16:40:00Z","rainfall_intensity",0,"mm/h"
"S01","2025-01-02T16:45:00Z","rainfall_intensity",0,"mm/h"
"S01","2025-01-02T16:50:00Z","rainfall_intensity",0,"mm/h"
"S01","2025-01-02T16:55:00Z","rainfall_intensity",0,"mm/h"
"S01","2025-01-02T17:00:00Z","rainfall_intensity",0,"mm/h"
"S01","2025-01-02T17:05:00Z","rainfall_intensity",0,"mm/h"
"S01","2025-01-02T17:10:00Z","rainfall_intensity",0,"mm/h"
"S01","2025-01-02T17:15:00Z","rainfall_intensity",0,"mm/h"
"S01","2025-01-02T17:20:00Z","rainfall_intensity",0,"mm/h"
"S01","2025-01-02T17:25:00Z","rainfall_intensity",0,"mm/h"
"S01","2025-01-02T17:30:00Z","rainfall_intensity",0,"mm/h"
"S01","2025-01-02T17:35:00Z","rainfall_intensity",0,"mm/h"
"S01","2025-01-02T17:40:00Z","rainfall_intensity",0,"mm/h"
"S01","2025-01-02T17:45:00Z","rainfall_intensity",0,"mm/h"
"S01","2025-01-02T17:50:00Z","rainfall_intensity",0,"mm/h"
"S01","2025-01-02T17:55:00Z","rainfall_intensity",0,"mm/h"
"S01","2025-01-02T18:00:00Z","rainfall_intensity",0.0449332517567138,"mm/h"
"S01","2025-01-02T18:05:00Z","rainfall_intensity",0,"mm/h"
"S01","2025-01-02T18:10:00Z","rainfall_intensity",0,"mm/h"
"S01","2025-01-02T18:15:00Z","rainfall_intensity",0,"mm/h"
"S01","2025-01-02T18:20:00Z","rainfall_intensity",0,"mm/h"
"S01","2025-01-02T18:25:00Z","rainfall_intensity",0,"mm/h"
"S01","2025-01-02T18:30:00Z","rainfall_intensity",0,"mm/h"
"S01","2025-01-02T18:35:00Z","rainfall_intensity",0,"mm/h"
"S01","2025-01-02T18:40:00Z","rainfall_intensity",0,"mm/h"
"S01","2025-01-02T18:45:00Z","rainfall_intensity",0,"mm/h"
"S01","2025-01-02T18:50:00Z","rainfall_intensity",0,"mm/h"
"S01","2025-01-02T18:55:00Z","rainfall_intensity",0,"mm/h"
"S01","2025-01-02T19:00:00Z","rainfall_intensity",0,"mm/h"
"S01","2025-01-02T19:05:00Z","rainfall_intensity",0,"mm/h"
"S01","2025-01-02T19:10:00Z","rainfall_intensity",0,"mm/h"
"S01","2025-01-02T19:15:00Z","rainfall_intensity",0,"mm/h"
"S01","2025-01-02T19:20:00Z","rainfall_intensity",0,"mm/h"
"S01","2025-01-02T19:25:00Z","rainfall_intensity",0,"mm/h"
"S01","2025-01-02T19:30:00Z","rainfall_intensity",0,"mm/h"
"S01","2025-01-02T19:35:00Z","rainfall_intensity",0,"mm/h"
"S01","2025-01-02T19:40:00Z","rainfall_intensity",0,"mm/h"
"S01","2025-01-02T19:45:00Z","rainfall_intensity",0,"mm/h"
"S01","2025-01-02T19:50:00Z","rainfall_intensity",0,"mm/h"
"S01","2025-01-02T19:55:00Z","rainfall_intensity",0,"mm/h"
"S01","2025-01-02T20:00:00Z","rainfall_intensity",0,"mm/h"
"S01","2025-01-02T20:05:00Z","rainfall_intensity",0,"mm/h"
"S01","2025-01-02T20:10:00Z","rainfall_intensity",0,"mm/h"
"S01","2025-01-02T20:15:00Z","rainfall_intensity",0,"mm/h"
"S01","2025-01-02T20:20:00Z","rainfall_intensity",0,"mm/h"
"S01","2025-01-02T20:25:00Z","rainfall_intensity",0,"mm/h"
"S01","2025-01-02T20:30:00Z","rainfall_intensity",0,"mm/h"
"S01","2025-01-02T20:35:00Z","rainfall_intensity",0,"mm/h"
"S01","2025-01-02T20:40:00Z","rainfall_intensity",0.0443333848205042,"mm/h"
"S01","2025-01-02T20:45:00Z","rainfall_intensity",0.180141673240964,"mm/h"
"S01","2025-01-02T20:50:00Z","rainfall_intensity",0,"mm/h"
"S01","2025-01-02T20:55:00Z","rainfall_intensity",0,"mm/h"
"S01","2025-01-02T21:00:00Z","rainfall_intensity",0,"mm/h"
"S01","2025-01-02T21:05:00Z","rainfall_intensity",0,"mm/h"
"S01","2025-01-02T21:10:00Z","rainfall_intensity",0,"mm/h"
"S01","2025-01-02T21:15:00Z","rainfall_intensity",0,"mm/h"
"S01","2025-01-02T21:20:00Z","rainfall_intensity",0,"mm/h"
"S01","2025-01-02T21:25:00Z","rainfall_intensity",0,"mm/h"
"S01","2025-01-02T21:30:00Z","rainfall_intensity",0,"mm/h"
"S01","2025-01-02T21:35:00Z","rainfall_intensity",0,"mm/h"
"S01","2025-01-02T21:40:00Z","rainfall_intensity",0.188812001465042,"mm/h"
"S01","2025-01-02T21:45:00Z","rainfall_intensity",0,"mm/h"
"S01","2025-01-02T21:50:00Z","rainfall_intensity",0,"mm/h"
"S01","2025-01-02T21:55:00Z","rainfall_intensity",0,"mm/h"
"S01","2025-01-02T22:00:00Z","rainfall_intensity",0.644527152386374,"mm/h"
"S01","2025-01-02T22:05:00Z","rainfall_intensity",0.432953714999397,"mm/h"
"S01","2025-01-02T22:10:00Z","rainfall_intensity",0,"mm/h"
"S01","2025-01-02T22:15:00Z","rainfall_intensity",0,"mm/h"
"S01","2025-01-02T22:20:00Z","rainfall_intensity",0,"mm/h"
"S01","2025-01-02T22:25:00Z","rainfall_intensity",0,"mm/h"
"S01","2025-01-02T22:30:00Z","rainfall_intensity",0,"mm/h"
"S01","2025-01-02T22:35:00Z","rainfall_intensity",0,"mm/h"
"S01","2025-01-02T22:40:00Z","rainfall_intensity",0,"mm/h"
"S01","2025-01-02T22:45:00Z","rainfall_intensity",0,"mm/h"
"S01","2025-01-02T22:50:00Z","rainfall_intensity",0,"mm/h"
"S01","2025-01-02T22:55:00Z","rainfall_intensity",0,"mm/h"
"S01","2025-01-02T23:00:00Z","rainfall_intensity",0,"mm/h"
"S01","2025-01-02T23:05:00Z","rainfall_intensity",0,"mm/h"
"S01","2025-01-02T23:10:00Z","rainfall_intensity",0.0834159903178895,"mm/h"
"S01","2025-01-02T23:15:00Z","rainfall_intensity",1.10180649428715,"mm/h"
"S01","2025-01-02T23:20:00Z","rainfall_intensity",0.30918155128364,"mm/h"
"S01","2025-01-02T23:25:00Z","rainfall_intensity",0,"mm/h"
"S01","2025-01-02T23:30:00Z","rainfall_intensity",0,"mm/h"
"S01","2025-01-02T23:35:00Z","rainfall_intensity",0,"mm/h"
"S01","2025-01-02T23:40:00Z","rainfall_intensity",0,"mm/h"
"S01","2025-01-02T23:45:00Z","rainfall_intensity",0,"mm/h"
"S01","2025-01-02T23:50:00Z","rainfall_intensity",0,"mm/h"
"S01","2025-01-02T23:55:00Z","rainfall_intensity",0,"mm/h"
"S01","2025-01-03T00:00:00Z","rainfall_intensity",0,"mm/h"
"S01","2025-01-03T00:05:00Z","rainfall_intensity",0.363587378071876,"mm/h"
"S01","2025-01-03T00:10:00Z","rainfall_intensity",0.839308479260176,"mm/h"
"S01","2025-01-03T00:15:00Z","rainfall_intensity",0,"mm/h"
"S01","2025-01-03T00:20:00Z","rainfall_intensity",0,"mm/h"
"S01","2025-01-03T00:25:00Z","rainfall_intensity",1.59014848483361,"mm/h"
"S01","2025-01-03T00:30:00Z","rainfall_intensity",0,"mm/h"
"S01","2025-01-03T00:35:00Z","rainfall_intensity",0,"mm/h"
"S01","2025-01-03T00:40:00Z","rainfall_intensity",0.191142774945352,"mm/h"
"S01","2025-01-03T00:45:00Z","rainfall_intensity",0.406123792782683,"mm/h"
"S01","2025-01-03T00:50:00Z","rainfall_intensity",0.593128482922965,"mm/h"
"S01","2025-01-03T00:55:00Z","rainfall_intensity",0,"mm/h"
"S01","2025-01-03T01:00:00Z","rainfall_intensity",0.329331892927592,"mm/h"
"S01","2025-01-03T01:05:00Z","rainfall_intensity",0.214781808342337,"mm/h"
"S01","2025-01-03T01:10:00Z","rainfall_intensity",2.71444604036179,"mm/h"
"S01","2025-01-03T01:15:00Z","rainfall_intensity",0.402064984246384,"mm/h"
"S01","2025-01-03T01:20:00Z","rainfall_intensity",0.360150029966101,"mm/h"
"S01","2025-01-03T01:25:00Z","rainfall_intensity",3.24009095153865,"mm/h"
"S01","2025-01-03T01:30:00Z","rainfall_intensity",0.0824653268406938,"mm/h"
"S01","2025-01-03T01:35:00Z","rainfall_intensity",2.76167678151264,"mm/h"
"S01","2025-01-03T01:40:00Z","rainfall_intensity",3.55532895086342,"mm/h"
"S01","2025-01-03T01:45:00Z","rainfall_intensity",1.43121371252731,"mm/h"
"S01","2025-01-03T01:50:00Z","rainfall_intensity",0,"mm/h"
"S01","2025-01-03T01:55:00Z","rainfall_intensity",0,"mm/h"
"S01","2025-01-03T02:00:00Z","rainfall_intensity",0,"mm/h"
"S01","2025-01-03T02:05:00Z","rainfall_intensity",0,"mm/h"
"S01","2025-01-03T02:10:00Z","rainfall_intensity",0,"mm/h"
"S01","2025-01-03T02:15:00Z","rainfall_intensity",0.311844308105558,"mm/h"
"S01","2025-01-03T02:20:00Z","rainfall_intensity",0,"mm/h"
"S01","2025-01-03T02:25:00Z","rainfall_intensity",0,"mm/h"
"S01","2025-01-03T02:30:00Z","rainfall_intensity",0.0315432708775536,"mm/h"
"S01","2025-01-03T02:35:00Z","rainfall_intensity",0,"mm/h"
"S01","2025-01-03T02:40:00Z","rainfall_intensity",0,"mm/h"
"S01","2025-01-03T02:45:00Z","rainfall_intensity",0,"mm/h"
"S01","2025-01-03T02:50:00Z","rainfall_intensity",0,"mm/h"
"S01","2025-01-03T02:55:00Z","rainfall_intensity",0,"mm/h"
"S01","2025-01-03T03:00:00Z","rainfall_intensity",0,"mm/h"
"S01","2025-01-03T03:05:00Z","rainfall_intensity",0,"mm/h"
"S01","2025-01-03T03:10:00Z","rainfall_intensity",0,"mm/h"
"S01","2025-01-03T03:15:00Z","rainfall_intensity",0,"mm/h"
"S01","2025-01-03T03:20:00Z","rainfall_intensity",0,"mm/h"
"S01","2025-01-03T03:25:00Z","rainfall_intensity",0,"mm/h"
"S01","2025-01-03T03:30:00Z","rainfall_intensity",0,"mm/h"
"S01","2025-01-03T03:35:00Z","rainfall_intensity",0,"mm/h"
"S01","2025-01-03T03:40:00Z","rainfall_intensity",0,"mm/h"
"S01","2025-01-03T03:45:00Z","rainfall_intensity",0.0260368724396891,"mm/h"
"S01","2025-01-03T03:50:00Z","rainfall_intensity",0,"mm/h"
"S01","2025-01-03T03:55:00Z","rainfall_intensity",0,"mm/h"
"S01","2025-01-03T04:00:00Z","rainfall_intensity",0,"mm/h"
"S01","2025-01-03T04:05:00Z","rainfall_intensity",1.97393073933237,"mm/h"
"S01","2025-01-03T04:10:00Z","rainfall_intensity",0.634046320693349,"mm/h"
"S01","2025-01-03T04:15:00Z","rainfall_intensity",0,"mm/h"
"S01","2025-01-03T04:20:00Z","rainfall_intensity",0,"mm/h"
"S01","2025-01-03T04:25:00Z","rainfall_intensity",0,"mm/h"
"S01","2025-01-03T04:30:00Z","rainfall_intensity",0,"mm/h"
"S01","2025-01-03T04:35:00Z","rainfall_intensity",0.432051910895661,"mm/h"
"S01","2025-01-03T04:40:00Z","rainfall_intensity",2.17048024811013,"mm/h"
"S01","2025-01-03T04:45:00Z","rainfall_intensity",0,"mm/h"
"S01","2025-01-03T04:50:00Z","rainfall_intensity",0,"mm/h"
"S01","2025-01-03T04:55:00Z","rainfall_intensity",0,"mm/h"
"S01","2025-01-03T05:00:00Z","rainfall_intensity",0,"mm/h"
"S01","2025-01-03T05:05:00Z","rainfall_intensity",0,"mm/h"
"S01","2025-01-03T05:10:00Z","rainfall_intensity",0,"mm/h"
"S01","2025-01-03T05:15:00Z","rainfall_intensity",0,"mm/h"
"S01","2025-01-03T05:20:00Z","rainfall_intensity",0,"mm/h"
"S01","2025-01-03T05:25:00Z","rainfall_intensity",0,"mm/h"
"S01","2025-01-03T05:30:00Z","rainfall_intensity",0,"mm/h"
"S01","2025-01-03T05:35:00Z","rainfall_intensity",0,"mm/h"
"S01","2025-01-03T05:40:00Z","rainfall_intensity",0,"mm/h"
"S01","2025-01-03T05:45:00Z","rainfall_intensity",0,"mm/h"
"S01","2025-01-03T05:50:00Z","rainfall_intensity",0,"mm/h"
"S01","2025-01-03T05:55:00Z","rainfall_intensity",0,"mm/h"
"S01","2025-01-03T06:00:00Z","rainfall_intensity",0,"mm/h"
"S01","2025-01-03T06:05:00Z","rainfall_intensity",0,"mm/h"
"S01","2025-01-03T06:10:00Z","rainfall_intensity",0,"mm/h"
"S01","2025-01-03T06:15:00Z","rainfall_intensity",0,"mm/h"
"S01","2025-01-03T06:20:00Z","rainfall_intensity",0,"mm/h"
"S01","2025-01-03T06:25:00Z","rainfall_intensity",0,"mm/h"
"S01","2025-01-03T06:30:00Z","rainfall_intensity",0,"mm/h"
"S01","2025-01-03T06:35:00Z","rainfall_intensity",0,"mm/h"
"S01","2025-01-03T06:40:00Z","rainfall_intensity",0.217797129130059,"mm/h"
"S01","2025-01-03T06:45:00Z","rainfall_intensity",0,"mm/h"
"S01","2025-01-03T06:50:00Z","rainfall_intensity",0,"mm/h"
"S01","2025-01-03T06:55:00Z","rainfall_intensity",0.202775119723068,"mm/h"
"S01","2025-01-03T07:00:00Z","rainfall_intensity",0,"mm/h"
"S01","2025-01-03T07:05:00Z","rainfall_intensity",1.66022174622891,"mm/h"
"S01","2025-01-03T07:10:00Z","rainfall_intensity",6.10807852077352,"mm/h"
"S01","2025-01-03T07:15:00Z","rainfall_intensity",2.44793774385767,"mm/h"
"S01","2025-01-03T07:20:00Z","rainfall_intensity",1.22640010824962,"mm/h"
"S01","2025-01-03T07:25:00Z","rainfall_intensity",1.79905518150585,"mm/h"
"S01","2025-01-03T07:30:00Z","rainfall_intensity",0.875997544988861,"mm/h"
"S01","2025-01-03T07:35:00Z","rainfall_intensity",2.84849339480691,"mm/h"
"S01","2025-01-03T07:40:00Z","rainfall_intensity",0.0913563724535921,"mm/h"
"S01","2025-01-03T07:45:00Z","rainfall_intensity",0,"mm/h"
"S01","2025-01-03T07:50:00Z","rainfall_intensity",0,"mm/h"
"S01","2025-01-03T07:55:00Z","rainfall_intensity",0,"mm/h"
"S01","2025-01-03T08:00:00Z","rainfall_intensity",0,"mm/h"
"S01","2025-01-03T08:05:00Z","rainfall_intensity",0,"mm/h"
"S01","2025-01-03T08:10:00Z","rainfall_intensity",0,"mm/h"
"S01","2025-01-03T08:15:00Z","rainfall_intensity",0.230793845135242,"mm/h"
"S01","2025-01-03T08:20:00Z","rainfall_intensity",0,"mm/h"
"S01","2025-01-03T08:25:00Z","rainfall_intensity",0,"mm/h"
"S01","2025-01-03T08:30:00Z","rainfall_intensity",0,"mm/h"
"S01","2025-01-03T08:35:00Z","rainfall_intensity",0,"mm/h"
"S01","2025-01-03T08:40:00Z","rainfall_intensity",0,"mm/h"
"S01","2025-01-03T08:45:00Z","rainfall_intensity",0,"mm/h"
"S01","2025-01-03T08:50:00Z","rainfall_intensity",0,"mm/h"
"S01","2025-01-03T08:55:00Z","rainfall_intensity",0,"mm/h"
"S01","2025-01-03T09:00:00Z","rainfall_intensity",0,"mm/h"
"S01","2025-01-03T09:05:00Z","rainfall_intensity",0,"mm/h"
"S01","2025-01-03T09:10:00Z","rainfall_intensity",0,"mm/h"
"S01","2025-01-03T09:15:00Z","rainfall_intensity",0,"mm/h"
"S01","2025-01-03T09:20:00Z","rainfall_intensity",0,"mm/h"
"S01","2025-01-03T09:25:00Z","rainfall_intensity",0,"mm/h"
"S01","2025-01-03T09:30:00Z","rainfall_intensity",0,"mm/h"
"S01","2025-01-03T09:35:00Z","rainfall_intensity",0,"mm/h"
"S01","2025-01-03T09:40:00Z","rainfall_intensity",0,"mm/h"
"S01","2025-01-03T09:45:00Z","rainfall_intensity",0,"mm/h"
"S01","2025-01-03T09:50:00Z","rainfall_intensity",0,"mm/h"
"S01","2025-01-03T09:55:00Z","rainfall_intensity",0,"mm/h"
"S01","2025-01-03T10:00:00Z","rainfall_intensity",0,"mm/h"
"S01","2025-01-03T10:05:00Z","rainfall_intensity",0,"mm/h"
"S01","2025-01-03T10:10:00Z","rainfall_intensity",0,"mm/h"
"S01","2025-01-03T10:15:00Z","rainfall_intensity",0,"mm/h"
"S01","2025-01-03T10:20:00Z","rainfall_intensity",0,"mm/h"
"S01","2025-01-03T10:25:00Z","rainfall_intensity",0,"mm/h"
"S01","2025-01-03T10:30:00Z","rainfall_intensity",0,"mm/h"
"S01","2025-01-03T10:35:00Z","rainfall_intensity",0,"mm/h"
"S01","2025-01-03T10:40:00Z","rainfall_intensity",0,"mm/h"
"S01","2025-01-03T10:45:00Z","rainfall_intensity",0,"mm/h"
"S01","2025-01-03T10:50:00Z","rainfall_intensity",0.406419878438624,"mm/h"
"S01","2025-01-03T10:55:00Z","rainfall_intensity",0.357861338462194,"mm/h"
"S01","2025-01-03T11:00:00Z","rainfall_intensity",0.380710790889895,"mm/h"
"S01","2025-01-03T11:05:00Z","rainfall_intensity",0,"mm/h"
"S01","2025-01-03T11:10:00Z","rainfall_intensity",0,"mm/h"
"S01","2025-01-03T11:15:00Z","rainfall_intensity",0,"mm/h"
"S01","2025-01-03T11:20:00Z","rainfall_intensity",0,"mm/h"
"S01","2025-01-03T11:25:00Z","rainfall_intensity",0,"mm/h"
"S01","2025-01-03T11:30:00Z","rainfall_intensity",0,"mm/h"
"S01","2025-01-03T11:35:00Z","rainfall_intensity",0,"mm/h"
"S01","2025-01-03T11:40:00Z","rainfall_intensity",0,"mm/h"
"S01","2025-01-03T11:45:00Z","rainfall_intensity",0,"mm/h"
"S01","2025-01-03T11:50:00Z","rainfall_intensity",0,"mm/h"
"S01","2025-01-03T11:55:00Z","rainfall_intensity",0,"mm/h"
"S01","2025-01-03T12:00:00Z","rainfall_intensity",0,"mm/h"
"S01","2025-01-03T12:05:00Z","rainfall_intensity",0,"mm/h"
"S01","2025-01-03T12:10:00Z","rainfall_intensity",0,"mm/h"
"S01","2025-01-03T12:15:00Z","rainfall_intensity",0,"mm/h"
"S01","2025-01-03T12:20:00Z","rainfall_intensity",0,"mm/h"
"S01","2025-01-03T12:25:00Z","rainfall_intensity",0,"mm/h"
"S01","2025-01-03T12:30:00Z","rainfall_intensity",0.103340752920553,"mm/h"
"S01","2025-01-03T12:35:00Z","rainfall_intensity",0.425680582595042,"mm/h"
"S01","2025-01-03T12:40:00Z","rainfall_intensity",0.530120519902567,"mm/h"
"S01","2025-01-03T12:45:00Z","rainfall_intensity",0.0429019989182119,"mm/h"
"S01","2025-01-03T12:50:00Z","rainfall_intensity",1.65819222012124,"mm/h"
"S01","2025-01-03T12:55:00Z","rainfall_intensity",3.79083528045046,"mm/h"
"S01","2025-01-03T13:00:00Z","rainfall_intensity",4.67906230396589,"mm/h"
"S01","2025-01-03T13:05:00Z","rainfall_intensity",0,"mm/h"
"S01","2025-01-03T13:10:00Z","rainfall_intensity",0,"mm/h"
"S01","2025-01-03T13:15:00Z","rainfall_intensity",0,"mm/h"
"S01","2025-01-03T13:20:00Z","rainfall_intensity",0,"mm/h"
"S01","2025-01-03T13:25:00Z","rainfall_intensity",0,"mm/h"
"S01","2025-01-03T13:30:00Z","rainfall_intensity",0,"mm/h"
"S01","2025-01-03T13:35:00Z","rainfall_intensity",0,"mm/h"
"S01","2025-01-03T13:40:00Z","rainfall_intensity",0,"mm/h"
"S01","2025-01-03T13:45:00Z","rainfall_intensity",0,"mm/h"
"S01","2025-01-03T13:50:00Z","rainfall_intensity",0,"mm/h"
"S01","2025-01-03T13:55:00Z","rainfall_intensity",0,"mm/h"
"S01","2025-01-03T14:00:00Z","rainfall_intensity",0,"mm/h"
"S01","2025-01-03T14:05:00Z","rainfall_intensity",0,"mm/h"
"S01","2025-01-03T14:10:00Z","rainfall_intensity",0,"mm/h"
"S01","2025-01-03T14:15:00Z","rainfall_intensity",0,"mm/h"
"S01","2025-01-03T14:20:00Z","rainfall_intensity",0,"mm/h"
"S01","2025-01-03T14:25:00Z","rainfall_intensity",0,"mm/h"
"S01","2025-01-03T14:30:00Z","rainfall_intensity",0,"mm/h"
"S01","2025-01-03T14:35:00Z","rainfall_intensity",0.0479239633037844,"mm/h"
"S01","2025-01-03T14:40:00Z","rainfall_intensity",2.47807365650693,"mm/h"
"S01","2025-01-03T14:45:00Z","rainfall_intensity",0.813567178451777,"mm/h"
"S01","2025-01-03T14:50:00Z","rainfall_intensity",0.522448640866411,"mm/h"
"S01","2025-01-03T14:55:00Z","rainfall_intensity",2.30363930922583,"mm/h"
"S01","2025-01-03T15:00:00Z","rainfall_intensity",2.49993340061154,"mm/h"
"S01","2025-01-03T15:05:00Z","rainfall_intensity",0.0280050525000586,"mm/h"
"S01","2025-01-03T15:10:00Z","rainfall_intensity",2.17447684712645,"mm/h"
"S01","2025-01-03T15:15:00Z","rainfall_intensity",0.185069705188859,"mm/h"
"S01","2025-01-03T15:20:00Z","rainfall_intensity",0,"mm/h"
"S01","2025-01-03T15:25:00Z","rainfall_intensity",1.96531928639221,"mm/h"
"S01","2025-01-03T15:30:00Z","rainfall_intensity",0.0208668238186934,"mm/h"
"S01","2025-01-03T15:35:00Z","rainfall_intensity",1.01641550744836,"mm/h"
"S01","2025-01-03T15:40:00Z","rainfall_intensity",0,"mm/h"
"S01","2025-01-03T15:45:00Z","rainfall_intensity",0.362639205951745,"mm/h"
"S01","2025-01-03T15:50:00Z","rainfall_intensity",0,"mm/h"
"S01","2025-01-03T15:55:00Z","rainfall_intensity",0,"mm/h"
"S01","2025-01-03T16:00:00Z","rainfall_intensity",3.47658463497286,"mm/h"
"S01","2025-01-03T16:05:00Z","rainfall_intensity",0.485424193047843,"mm/h"
"S01","2025-01-03T16:10:00Z","rainfall_intensity",1.72760074756487,"mm/h"
"S01","2025-01-03T16:15:00Z","rainfall_intensity",0.873880087767273,"mm/h"
"S01","2025-01-03T16:20:00Z","rainfall_intensity",0.473070292145818,"mm/h"
"S01","2025-01-03T16:25:00Z","rainfall_intensity",0,"mm/h"
"S01","2025-01-03T16:30:00Z","rainfall_intensity",0.16535396324073,"mm/h"
"S01","2025-01-03T16:35:00Z","rainfall_intensity",1.85552640416479,"mm/h"
"S01","2025-01-03T16:40:00Z","rainfall_intensity",3.75125720059402,"mm/h"
"S01","2025-01-03T16:45:00Z","rainfall_intensity",3.02830735040959,"mm/h"
"S01","2025-01-03T16:50:00Z","rainfall_intensity",1.20978034516201,"mm/h"
"S01","2025-01-03T16:55:00Z","rainfall_intensity",0,"mm/h"
"S01","2025-01-03T17:00:00Z","rainfall_intensity",0,"mm/h"
"S01","2025-01-03T17:05:00Z","rainfall_intensity",0,"mm/h"
"S01","2025-01-03T17:10:00Z","rainfall_intensity",0,"mm/h"
"S01","2025-01-03T17:15:00Z","rainfall_intensity",0,"mm/h"
"S01","2025-01-03T17:20:00Z","rainfall_intensity",0,"mm/h"
"S01","2025-01-03T17:25:00Z","rainfall_intensity",0,"mm/h"
"S01","2025-01-03T17:30:00Z","rainfall_intensity",0,"mm/h"
"S01","2025-01-03T17:35:00Z","rainfall_intensity",0,"mm/h"
"S01","2025-01-03T17:40:00Z","rainfall_intensity",0,"mm/h"
"S01","2025-01-03T17:45:00Z","rainfall_intensity",0.338816306112257,"mm/h"
"S01","2025-01-03T17:50:00Z","rainfall_intensity",0,"mm/h"
"S01","2025-01-03T17:55:00Z","rainfall_intensity",0,"mm/h"
"S01","2025-01-03T18:00:00Z","rainfall_intensity",0,"mm/h"
"S01","2025-01-03T18:05:00Z","rainfall_intensity",0,"mm/h"
"S01","2025-01-03T18:10:00Z","rainfall_intensity",0,"mm/h"
"S01","2025-01-03T18:15:00Z","rainfall_intensity",0,"mm/h"
"S01","2025-01-03T18:20:00Z","rainfall_intensity",0,"mm/h"
"S01","2025-01-03T18:25:00Z","rainfall_intensity",0,"mm/h"
"S01","2025-01-03T18:30:00Z","rainfall_intensity",0.434191388049399,"mm/h"
"S01","2025-01-03T18:35:00Z","rainfall_intensity",0.779722154025569,"mm/h"
"S01","2025-01-03T18:40:00Z","rainfall_intensity",0.170342374573508,"mm/h"
"S01","2025-01-03T18:45:00Z","rainfall_intensity",0.710177558248579,"mm/h"
"S01","2025-01-03T18:50:00Z","rainfall_intensity",1.11014190642983,"mm/h"
"S01","2025-01-03T18:55:00Z","rainfall_intensity",1.48639637963659,"mm/h"
"S01","2025-01-03T19:00:00Z","rainfall_intensity",2.87260895099487,"mm/h"
"S01","2025-01-03T19:05:00Z","rainfall_intensity",0.733230691027008,"mm/h"
"S01","2025-01-03T19:10:00Z","rainfall_intensity",4.08792190029514,"mm/h"
"S01","2025-01-03T19:15:00Z","rainfall_intensity",4.48454206943621,"mm/h"
"S01","2025-01-03T19:20:00Z","rainfall_intensity",2.75300535830839,"mm/h"
"S01","2025-01-03T19:25:00Z","rainfall_intensity",0,"mm/h"
"S01","2025-01-03T19:30:00Z","rainfall_intensity",1.36747393417318,"mm/h"
"S01","2025-01-03T19:35:00Z","rainfall_intensity",0,"mm/h"
"S01","2025-01-03T19:40:00Z","rainfall_intensity",0,"mm/h"
"S01","2025-01-03T19:45:00Z","rainfall_intensity",1.18767799836154,"mm/h"
"S01","2025-01-03T19:50:00Z","rainfall_intensity",3.70347244069113,"mm/h"
"S01","2025-01-03T19:55:00Z","rainfall_intensity",2.2175651400855,"mm/h"
"S01","2025-01-03T20:00:00Z","rainfall_intensity",0.841451882211425,"mm/h"
"S01","2025-01-03T20:05:00Z","rainfall_intensity",1.09656880053769,"mm/h"
"S01","2025-01-03T20:10:00Z","rainfall_intensity",0.9844768095584,"mm/h"
"S01","2025-01-03T20:15:00Z","rainfall_intensity",1.73135510263112,"mm/h"
"S01","2025-01-03T20:20:00Z","rainfall_intensity",0.906435574304493,"mm/h"
"S01","2025-01-03T20:25:00Z","rainfall_intensity",0,"mm/h"
"S01","2025-01-03T20:30:00Z","rainfall_intensity",0,"mm/h"
"S01","2025-01-03T20:35:00Z","rainfall_intensity",0,"mm/h"
"S01","2025-01-03T20:40:00Z","rainfall_intensity",0,"mm/h"
"S01","2025-01-03T20:45:00Z","rainfall_intensity",0,"mm/h"
"S01","2025-01-03T20:50:00Z","rainfall_intensity",0,"mm/h"
"S01","2025-01-03T20:55:00Z","rainfall_intensity",0,"mm/h"
"S01","2025-01-03T21:00:00Z","rainfall_intensity",0,"mm/h"
"S01","2025-01-03T21:05:00Z","rainfall_intensity",0,"mm/h"
"S01","2025-01-03T21:10:00Z","rainfall_intensity",0,"mm/h"
"S01","2025-01-03T21:15:00Z","rainfall_intensity",0,"mm/h"
"S01","2025-01-03T21:20:00Z","rainfall_intensity",0,"mm/h"
"S01","2025-01-03T21:25:00Z","rainfall_intensity",0,"mm/h"
"S01","2025-01-03T21:30:00Z","rainfall_intensity",0,"mm/h"
"S01","2025-01-03T21:35:00Z","rainfall_intensity",0,"mm/h"
"S01","2025-01-03T21:40:00Z","rainfall_intensity",1.59333101908767,"mm/h"
"S01","2025-01-03T21:45:00Z","rainfall_intensity",0.402714078674037,"mm/h"
"S01","2025-01-03T21:50:00Z","rainfall_intensity",1.43222190157181,"mm/h"
"S01","2025-01-03T21:55:00Z","rainfall_intensity",0.754414450552773,"mm/h"
"S01","2025-01-03T22:00:00Z","rainfall_intensity",0,"mm/h"
"S01","2025-01-03T22:05:00Z","rainfall_intensity",0,"mm/h"
"S01","2025-01-03T22:10:00Z","rainfall_intensity",0,"mm/h"
"S01","2025-01-03T22:15:00Z","rainfall_intensity",0,"mm/h"
"S01","2025-01-03T22:20:00Z","rainfall_intensity",0,"mm/h"
"S01","2025-01-03T22:25:00Z","rainfall_intensity",0,"mm/h"
"S01","2025-01-03T22:30:00Z","rainfall_intensity",0,"mm/h"
"S01","2025-01-03T22:35:00Z","rainfall_intensity",0.000629365008520476,"mm/h"
"S01","2025-01-03T22:40:00Z","rainfall_intensity",0,"mm/h"
"S01","2025-01-03T22:45:00Z","rainfall_intensity",0,"mm/h"
"S01","2025-01-03T22:50:00Z","rainfall_intensity",0.148438193277891,"mm/h"
"S01","2025-01-03T22:55:00Z","rainfall_intensity",0,"mm/h"
"S01","2024-12-31T23:00:00Z","water_level",0.158965760897283,"m"
"S01","2024-12-31T23:05:00Z","water_level",0.379507514285795,"m"
"S01","2024-12-31T23:10:00Z","water_level",0.0351754188367399,"m"
"S01","2024-12-31T23:15:00Z","water_level",0,"m"
"S01","2024-12-31T23:20:00Z","water_level",0.00145190184526785,"m"
"S01","2024-12-31T23:25:00Z","water_level",0.491689582639825,"m"
"S01","2024-12-31T23:30:00Z","water_level",0.345843837418304,"m"
"S01","2024-12-31T23:35:00Z","water_level",0.495416653128534,"m"
"S01","2024-12-31T23:40:00Z","water_level",0.520025160399075,"m"
"S01","2024-12-31T23:45:00Z","water_level",0.0907343335618004,"m"
"S01","2024-12-31T23:50:00Z","water_level",0.498105542254979,"m"
"S01","2024-12-31T23:55:00Z","water_level",0.411956471550684,"m"
"S01","2025-01-01T00:00:00Z","water_level",0.0765477937030261,"m"
"S01","2025-01-01T00:05:00Z","water_level",0.275439584692811,"m"
"S01","2025-01-01T00:10:00Z","water_level",0.102568857581158,"m"
"S01","2025-01-01T00:15:00Z","water_level",0.82763472396938,"m"
"S01","2025-01-01T00:20:00Z","water_level",1.12756750113998,"m"
"S01","2025-01-01T00:25:00Z","water_level",1.4772968776034,"m"
"S01","2025-01-01T00:30:00Z","water_level",0.955148563692163,"m"
"S01","2025-01-01T00:35:00Z","water_level",0.996879303205211,"m"
"S01","2025-01-01T00:40:00Z","water_level",0.51507532144022,"m"
"S01","2025-01-01T00:45:00Z","water_level",0.253096477924355,"m"
"S01","2025-01-01T00:50:00Z","water_level",0.0141534446473114,"m"
"S01","2025-01-01T00:55:00Z","water_level",0.635691445649674,"m"
"S01","2025-01-01T01:00:00Z","water_level",0.280220229273149,"m"
"S01","2025-01-01T01:05:00Z","water_level",0.353583183310374,"m"
"S01","2025-01-01T01:10:00Z","water_level",0.211905481331074,"m"
"S01","2025-01-01T01:15:00Z","water_level",0.00764704302658175,"m"
"S01","2025-01-01T01:20:00Z","water_level",0.247483854614189,"m"
"S01","2025-01-01T01:25:00Z","water_level",0.358351449159611,"m"
"S01","2025-01-01T01:30:00Z","water_level",0.425327819656688,"m"
"S01","2025-01-01T01:35:00Z","water_level",0.905968403390164,"m"
"S01","2025-01-01T01:40:00Z","water_level",0.678216239055693,"m"
"S01","2025-01-01T01:45:00Z","water_level",0.207902630805258,"m"
"S01","2025-01-01T01:50:00Z","water_level",0.046560271177524,"m"
"S01","2025-01-01T01:55:00Z","water_level",0.185333039149633,"m"
"S01","2025-01-01T02:00:00Z","water_level",0.780334032712893,"m"
"S01","2025-01-01T02:05:00Z","water_level",0.321211381481171,"m"
"S01","2025-01-01T02:10:00Z","water_level",0.520920970605282,"m"
"S01","2025-01-01T02:15:00Z","water_level",0.696939242879559,"m"
"S01","2025-01-01T02:20:00Z","water_level",0.823045105334745,"m"
"S01","2025-01-01T02:25:00Z","water_level",0.0596578622572639,"m"
"S01","2025-01-01T02:30:00Z","water_level",0.926503313229424,"m"
"S01","2025-01-01T02:35:00Z","water_level",0.0381623147620796,"m"
"S01","2025-01-01T02:40:00Z","water_level",0.305519511029804,"m"
"S01","2025-01-01T02:45:00Z","water_level",0.1627474129635,"m"
"S01","2025-01-01T02:50:00Z","water_level",0.0445940537977123,"m"
"S01","2025-01-01T02:55:00Z","water_level",0.000168032564593884,"m"
"S01","2025-01-01T03:00:00Z","water_level",0.255001021942252,"m"
"S01","2025-01-01T03:05:00Z","water_level",0.0767558703048052,"m"
"S01","2025-01-01T03:10:00Z","water_level",0.292277793954953,"m"
"S01","2025-01-01T03:15:00Z","water_level",0.025861031002463,"m"
"S01","2025-01-01T03:20:00Z","water_level",0.0112943339133302,"m"
"S01","2025-01-01T03:25:00Z","water_level",0.122246946305584,"m"
"S01","2025-01-01T03:30:00Z","water_level",0.106948098957486,"m"
"S01","2025-01-01T03:35:00Z","water_level",0.110432727473098,"m"
"S01","2025-01-01T03:40:00Z","water_level",0.762360843994462,"m"
"S01","2025-01-01T03:45:00Z","water_level",0.357304358952288,"m"
"S01","2025-01-01T03:50:00Z","water_level",0.19785549838939,"m"
"S01","2025-01-01T03:55:00Z","water_level",0.47528292984713,"m"
"S01","2025-01-01T04:00:00Z","water_level",0.186501717044535,"m"
"S01","2025-01-01T04:05:00Z","water_level",0.110557156053749,"m"
"S01","2025-01-01T04:10:00Z","water_level",0.656895160837999,"m"
"S01","2025-01-01T04:15:00Z","water_level",0.220477511123324,"m"
"S01","2025-01-01T04:20:00Z","water_level",0.480411043122108,"m"
"S01","2025-01-01T04:25:00Z","water_level",1.03084558497757,"m"
"S01","2025-01-01T04:30:00Z","water_level",0.547961084650401,"m"
"S01","2025-01-01T04:35:00Z","water_level",0.43461029955231,"m"
"S01","2025-01-01T04:40:00Z","water_level",1.05831457970591,"m"
"S01","2025-01-01T04:45:00Z","water_level",0.434667373898408,"m"
"S01","2025-01-01T04:50:00Z","water_level",0.494259363853852,"m"
"S01","2025-01-01T04:55:00Z","water_level",0.31107526055009,"m"
"S01","2025-01-01T05:00:00Z","water_level",0.220681816383639,"m"
"S01","2025-01-01T05:05:00Z","water_level",0.409701648361704,"m"
"S01","2025-01-01T05:10:00Z","water_level",0.836877312218153,"m"
"S01","2025-01-01T05:15:00Z","water_level",0.171767333972308,"m"
"S01","2025-01-01T05:20:00Z","water_level",0.269735489691569,"m"
"S01","2025-01-01T05:25:00Z","water_level",0.115469093105021,"m"
"S01","2025-01-01T05:30:00Z","water_level",0.571115260528854,"m"
"S01","2025-01-01T05:35:00Z","water_level",0.461007085085705,"m"
"S01","2025-01-01T05:40:00Z","water_level",0.677095973764469,"m"
"S01","2025-01-01T05:45:00Z","water_level",0.878473937484935,"m"
"S01","2025-01-01T05:50:00Z","water_level",2.12197653219767,"m"
"S01","2025-01-01T05:55:00Z","water_level",0.593734803476356,"m"
"S01","2025-01-01T06:00:00Z","water_level",0.413115019969423,"m"
"S01","2025-01-01T06:05:00Z","water_level",0.307040037944927,"m"
"S01","2025-01-01T06:10:00Z","water_level",1.33360197933325,"m"
"S01","2025-01-01T06:15:00Z","water_level",0.438506696409656,"m"
"S01","2025-01-01T06:20:00Z","water_level",0.270489252840542,"m"
"S01","2025-01-01T06:25:00Z","water_level",0.29284705568801,"m"
"S01","2025-01-01T06:30:00Z","water_level",0.734397901289733,"m"
"S01","2025-01-01T06:35:00Z","water_level",0.446581355348442,"m"
"S01","2025-01-01T06:40:00Z","water_level",0.582016905321661,"m"
"S01","2025-01-01T06:45:00Z","water_level",0.389810322208005,"m"
"S01","2025-01-01T06:50:00Z","water_level",0.71874969303706,"m"
"S01","2025-01-01T06:55:00Z","water_level",0.463558177836854,"m"
"S01","2025-01-01T07:00:00Z","water_level",0.484600929838474,"m"
"S01","2025-01-01T07:05:00Z","water_level",0.317360977674092,"m"
"S01","2025-01-01T07:10:00Z","water_level",0.496182993850138,"m"
"S01","2025-01-01T07:15:00Z","water_level",0.288941004020581,"m"
"S01","2025-01-01T07:20:00Z","water_level",0.580771715312757,"m"
"S01","2025-01-01T07:25:00Z","water_level",0.652358719336584,"m"
"S01","2025-01-01T07:30:00Z","water_level",0.0350831117282766,"m"
"S01","2025-01-01T07:35:00Z","water_level",0.545843512846415,"m"
"S01","2025-01-01T07:40:00Z","water_level",0.214170832299797,"m"
"S01","2025-01-01T07:45:00Z","water_level",0.387350130543851,"m"
"S01","2025-01-01T07:50:00Z","water_level",0.842068004581626,"m"
"S01","2025-01-01T07:55:00Z","water_level",1.86681965204275,"m"
"S01","2025-01-01T08:00:00Z","water_level",0.66127085783481,"m"
"S01","2025-01-01T08:05:00Z","water_level",0.95351315553377,"m"
"S01","2025-01-01T08:10:00Z","water_level",0.649564867419331,"m"
"S01","2025-01-01T08:15:00Z","water_level",0.286525198929769,"m"
"S01","2025-01-01T08:20:00Z","water_level",0.271606603595463,"m"
"S01","2025-01-01T08:25:00Z","water_level",0.533840775808125,"m"
"S01","2025-01-01T08:30:00Z","water_level",0.377192885453673,"m"
"S01","2025-01-01T08:35:00Z","water_level",0.955634629622128,"m"
"S01","2025-01-01T08:40:00Z","water_level",0.89639695929737,"m"
"S01","2025-01-01T08:45:00Z","water_level",0.42707734329646,"m"
"S01","2025-01-01T08:50:00Z","water_level",0.0885594276641986,"m"
"S01","2025-01-01T08:55:00Z","water_level",0.284106498439575,"m"
"S01","2025-01-01T09:00:00Z","water_level",0.237343997034921,"m"
"S01","2025-01-01T09:05:00Z","water_level",0.183853761312159,"m"
"S01","2025-01-01T09:10:00Z","water_level",0.0322680072852783,"m"
"S01","2025-01-01T09:15:00Z","water_level",0.217997478414041,"m"
"S01","2025-01-01T09:20:00Z","water_level",0.0715244333851596,"m"
"S01","2025-01-01T09:25:00Z","water_level",0.664580893019851,"m"
"S01","2025-01-01T09:30:00Z","water_level",0.518092307643018,"m"
"S01","2025-01-01T09:35:00Z","water_level",0.104712809763943,"m"
"S01","2025-01-01T09:40:00Z","water_level",0.384270581931205,"m"
"S01","2025-01-01T09:45:00Z","water_level",0.0396067857801762,"m"
"S01","2025-01-01T09:50:00Z","water_level",0.109637390058649,"m"
"S01","2025-01-01T09:55:00Z","water_level",0.112148604400242,"m"
"S01","2025-01-01T10:00:00Z","water_level",0.287428383216327,"m"
"S01","2025-01-01T10:05:00Z","water_level",0.555399443098086,"m"
"S01","2025-01-01T10:10:00Z","water_level",0.0602908314251335,"m"
"S01","2025-01-01T10:15:00Z","water_level",0.233628507706869,"m"
"S01","2025-01-01T10:20:00Z","water_level",0.0305042645613959,"m"
"S01","2025-01-01T10:25:00Z","water_level",0.148142277817458,"m"
"S01","2025-01-01T10:30:00Z","water_level",1.14674060648117,"m"
"S01","2025-01-01T10:35:00Z","water_level",0.355251587839734,"m"
"S01","2025-01-01T10:40:00Z","water_level",0.306816799783375,"m"
"S01","2025-01-01T10:45:00Z","water_level",0.410462382672928,"m"
"S01","2025-01-01T10:50:00Z","water_level",1.04987072609543,"m"
"S01","2025-01-01T10:55:00Z","water_level",0.411014892003506,"m"
"S01","2025-01-01T11:00:00Z","water_level",0.615066924952879,"m"
"S01","2025-01-01T11:05:00Z","water_level",0.952005671536106,"m"
"S01","2025-01-01T11:10:00Z","water_level",0.129120781198102,"m"
"S01","2025-01-01T11:15:00Z","water_level",1.50430315592479,"m"
"S01","2025-01-01T11:20:00Z","water_level",1.74800300850274,"m"
"S01","2025-01-01T11:25:00Z","water_level",0.46596223444355,"m"
"S01","2025-01-01T11:30:00Z","water_level",0.00889830876499576,"m"
"S01","2025-01-01T11:35:00Z","water_level",0.0264386678536305,"m"
"S01","2025-01-01T11:40:00Z","water_level",0.139547339945694,"m"
"S01","2025-01-01T11:45:00Z","water_level",0.205119063874197,"m"
"S01","2025-01-01T11:50:00Z","water_level",0.0795240143778822,"m"
"S01","2025-01-01T11:55:00Z","water_level",0.532800627886575,"m"
"S01","2025-01-01T12:00:00Z","water_level",0.378648060812939,"m"
"S01","2025-01-01T12:05:00Z","water_level",0.251955999268686,"m"
"S01","2025-01-01T12:10:00Z","water_level",0.705165714580396,"m"
"S01","2025-01-01T12:15:00Z","water_level",0.221267351526513,"m"
"S01","2025-01-01T12:20:00Z","water_level",0.403690419975073,"m"
"S01","2025-01-01T12:25:00Z","water_level",0.26372157233367,"m"
"S01","2025-01-01T12:30:00Z","water_level",0.377211491905944,"m"
"S01","2025-01-01T12:35:00Z","water_level",0.142474587094918,"m"
"S01","2025-01-01T12:40:00Z","water_level",1.60290148530794,"m"
"S01","2025-01-01T12:45:00Z","water_level",0.581858532034552,"m"
"S01","2025-01-01T12:50:00Z","water_level",0.431804893259961,"m"
"S01","2025-01-01T12:55:00Z","water_level",1.98100527482718,"m"
"S01","2025-01-01T13:00:00Z","water_level",1.90272526912591,"m"
"S01","2025-01-01T13:05:00Z","water_level",0.964373810655617,"m"
"S01","2025-01-01T13:10:00Z","water_level",0.353069148853896,"m"
"S01","2025-01-01T13:15:00Z","water_level",0.507440196556186,"m"
"S01","2025-01-01T13:20:00Z","water_level",0.386063692785274,"m"
"S01","2025-01-01T13:25:00Z","water_level",0.415818561688907,"m"
"S01","2025-01-01T13:30:00Z","water_level",0.346024264283595,"m"
"S01","2025-01-01T13:35:00Z","water_level",0.370701704505366,"m"
"S01","2025-01-01T13:40:00Z","water_level",0.129116011125239,"m"
"S01","2025-01-01T13:45:00Z","water_level",0.432803625807169,"m"
"S01","2025-01-01T13:50:00Z","water_level",0.42426982370679,"m"
"S01","2025-01-01T13:55:00Z","water_level",0.447019725522788,"m"
"S01","2025-01-01T14:00:00Z","water_level",0.0942962162778783,"m"
"S01","2025-01-01T14:05:00Z","water_level",0.445655290623916,"m"
"S01","2025-01-01T14:10:00Z","water_level",0.14097991170859,"m"
"S01","2025-01-01T14:15:00Z","water_level",0.67458243249664,"m"
"S01","2025-01-01T14:20:00Z","water_level",0.953815747035887,"m"
"S01","2025-01-01T14:25:00Z","water_level",0.564676719259242,"m"
"S01","2025-01-01T14:30:00Z","water_level",0.368715659334833,"m"
"S01","2025-01-01T14:35:00Z","water_level",0.0611140876016069,"m"
"S01","2025-01-01T14:40:00Z","water_level",0.0559754320274533,"m"
"S01","2025-01-01T14:45:00Z","water_level",0.0325052948045995,"m"
"S01","2025-01-01T14:50:00Z","water_level",0.21025090844414,"m"
"S01","2025-01-01T14:55:00Z","water_level",0.330285539175661,"m"
"S01","2025-01-01T15:00:00Z","water_level",0.147024138186543,"m"
"S01","2025-01-01T15:05:00Z","water_level",0.223759358892476,"m"
"S01","2025-01-01T15:10:00Z","water_level",0.164892774684812,"m"
"S01","2025-01-01T15:15:00Z","water_level",0.0940168472135047,"m"
"S01","2025-01-01T15:20:00Z","water_level",0.0196807869932182,"m"
"S01","2025-01-01T15:25:00Z","water_level",0.404029424160035,"m"
"S01","2025-01-01T15:30:00Z","water_level",0.299414858354122,"m"
"S01","2025-01-01T15:35:00Z","water_level",0.083952756962495,"m"
"S01","2025-01-01T15:40:00Z","water_level",0.163256536537943,"m"
"S01","2025-01-01T15:45:00Z","water_level",0.505647158766541,"m"
"S01","2025-01-01T15:50:00Z","water_level",0.295531202307811,"m"
"S01","2025-01-01T15:55:00Z","water_level",0.370715305850168,"m"
"S01","2025-01-01T16:00:00Z","water_level",0.812501851977854,"m"
"S01","2025-01-01T16:05:00Z","water_level",0.471025351275545,"m"
"S01","2025-01-01T16:10:00Z","water_level",0.134049449211028,"m"
"S01","2025-01-01T16:15:00Z","water_level",0.155416722356673,"m"
"S01","2025-01-01T16:20:00Z","water_level",0.211277309931481,"m"
"S01","2025-01-01T16:25:00Z","water_level",0.0653092495531936,"m"
"S01","2025-01-01T16:30:00Z","water_level",0.113597898777603,"m"
"S01","2025-01-01T16:35:00Z","water_level",0.276729505842043,"m"
"S01","2025-01-01T16:40:00Z","water_level",0.0844114790527903,"m"
"S01","2025-01-01T16:45:00Z","water_level",0.236658876291295,"m"
"S01","2025-01-01T16:50:00Z","water_level",0.427928095573989,"m"
"S01","2025-01-01T16:55:00Z","water_level",0.209307141320099,"m"
"S01","2025-01-01T17:00:00Z","water_level",0.294998015044168,"m"
"S01","2025-01-01T17:05:00Z","water_level",0.477370537064467,"m"
"S01","2025-01-01T17:10:00Z","water_level",2.15378812583562,"m"
"S01","2025-01-01T17:15:00Z","water_level",1.93628786084187,"m"
"S01","2025-01-01T17:20:00Z","water_level",0.682829244515275,"m"
"S01","2025-01-01T17:25:00Z","water_level",0.80206999240774,"m"
"S01","2025-01-01T17:30:00Z","water_level",0.675819887201182,"m"
"S01","2025-01-01T17:35:00Z","water_level",1.05699664254324,"m"
"S01","2025-01-01T17:40:00Z","water_level",0.469049764962945,"m"
"S01","2025-01-01T17:45:00Z","water_level",0.553353144197279,"m"
"S01","2025-01-01T17:50:00Z","water_level",0.380450756955091,"m"
"S01","2025-01-01T17:55:00Z","water_level",0.778650834086843,"m"
"S01","2025-01-01T18:00:00Z","water_level",0.840190790423586,"m"
"S01","2025-01-01T18:05:00Z","water_level",0.456296348538057,"m"
"S01","2025-01-01T18:10:00Z","water_level",0.356102476092648,"m"
"S01","2025-01-01T18:15:00Z","water_level",1.3609298937283,"m"
"S01","2025-01-01T18:20:00Z","water_level",1.04856960410091,"m"
"S01","2025-01-01T18:25:00Z","water_level",0.405126937064365,"m"
"S01","2025-01-01T18:30:00Z","water_level",0.27650541253518,"m"
"S01","2025-01-01T18:35:00Z","water_level",0.215958156895942,"m"
"S01","2025-01-01T18:40:00Z","water_level",0.676514892679052,"m"
"S01","2025-01-01T18:45:00Z","water_level",0.292588383119151,"m"
"S01","2025-01-01T18:50:00Z","water_level",0.0772895114384841,"m"
"S01","2025-01-01T18:55:00Z","water_level",0.0157456804083911,"m"
"S01","2025-01-01T19:00:00Z","water_level",0.057208629624824,"m"
"S01","2025-01-01T19:05:00Z","water_level",0.115841888129362,"m"
"S01","2025-01-01T19:10:00Z","water_level",0.385933811103045,"m"
"S01","2025-01-01T19:15:00Z","water_level",0.722459137419313,"m"
"S01","2025-01-01T19:20:00Z","water_level",0.910779900289172,"m"
"S01","2025-01-01T19:25:00Z","water_level",0.179519519291132,"m"
"S01","2025-01-01T19:30:00Z","water_level",0.656095876302296,"m"
"S01","2025-01-01T19:35:00Z","water_level",0.920568707756614,"m"
"S01","2025-01-01T19:40:00Z","water_level",2.6005807746013,"m"
"S01","2025-01-01T19:45:00Z","water_level",1.05487204910002,"m"
"S01","2025-01-01T19:50:00Z","water_level",0.0280543235781719,"m"
"S01","2025-01-01T19:55:00Z","water_level",0.0306918913975544,"m"
"S01","2025-01-01T20:00:00Z","water_level",0.697243990604007,"m"
"S01","2025-01-01T20:05:00Z","water_level",0.245042960063167,"m"
"S01","2025-01-01T20:10:00Z","water_level",0.142737495157033,"m"
"S01","2025-01-01T20:15:00Z","water_level",0.105424959872611,"m"
"S01","2025-01-01T20:20:00Z","water_level",0.591938729561827,"m"
"S01","2025-01-01T20:25:00Z","water_level",0.984802012732139,"m"
"S01","2025-01-01T20:30:00Z","water_level",0.0282411869173767,"m"
"S01","2025-01-01T20:35:00Z","water_level",0.0108094788083043,"m"
"S01","2025-01-01T20:40:00Z","water_level",0.296325733233296,"m"
"S01","2025-01-01T20:45:00Z","water_level",0.0488193614575589,"m"
"S01","2025-01-01T20:50:00Z","water_level",0.0879740320017265,"m"
"S01","2025-01-01T20:55:00Z","water_level",0.34039546687087,"m"
"S01","2025-01-01T21:00:00Z","water_level",0.147343771426203,"m"
"S01","2025-01-01T21:05:00Z","water_level",0.0223679628797423,"m"
"S01","2025-01-01T21:10:00Z","water_level",0.0531517058597161,"m"
"S01","2025-01-01T21:15:00Z","water_level",0.0236319798114435,"m"
"S01","2025-01-01T21:20:00Z","water_level",0.192515124850357,"m"
"S01","2025-01-01T21:25:00Z","water_level",0.144522355311674,"m"
"S01","2025-01-01T21:30:00Z","water_level",0.208420921291723,"m"
"S01","2025-01-01T21:35:00Z","water_level",0.305623734261344,"m"
"S01","2025-01-01T21:40:00Z","water_level",0.621497266551776,"m"
"S01","2025-01-01T21:45:00Z","water_level",0.660656529112339,"m"
"S01","2025-01-01T21:50:00Z","water_level",0.367475734007583,"m"
"S01","2025-01-01T21:55:00Z","water_level",0.0299669486723298,"m"
"S01","2025-01-01T22:00:00Z","water_level",0.438495695463544,"m"
"S01","2025-01-01T22:05:00Z","water_level",1.00032464511486,"m"
"S01","2025-01-01T22:10:00Z","water_level",1.17080944322132,"m"
"S01","2025-01-01T22:15:00Z","water_level",4,"m"
"S01","2025-01-01T22:20:00Z","water_level",0.533313345465447,"m"
"S01","2025-01-01T22:25:00Z","water_level",1.01177794316256,"m"
"S01","2025-01-01T22:30:00Z","water_level",0.440455378699354,"m"
"S01","2025-01-01T22:35:00Z","water_level",0.483276654934757,"m"
"S01","2025-01-01T22:40:00Z","water_level",0.0182882691934706,"m"
"S01","2025-01-01T22:45:00Z","water_level",0.284265534633337,"m"
"S01","2025-01-01T22:50:00Z","water_level",0.791464020738385,"m"
"S01","2025-01-01T22:55:00Z","water_level",0.372943569245631,"m"
"S01","2025-01-01T23:00:00Z","water_level",0.644640667938291,"m"
"S01","2025-01-01T23:05:00Z","water_level",0.166442815866194,"m"
"S01","2025-01-01T23:10:00Z","water_level",0.325159509416106,"m"
"S01","2025-01-01T23:15:00Z","water_level",0.106205926363812,"m"
"S01","2025-01-01T23:20:00Z","water_level",0.00480964388940524,"m"
"S01","2025-01-01T23:25:00Z","water_level",0.0620354325398295,"m"
"S01","2025-01-01T23:30:00Z","water_level",1.17098563765483,"m"
"S01","2025-01-01T23:35:00Z","water_level",0.474093689787138,"m"
"S01","2025-01-01T23:40:00Z","water_level",0.758540304103481,"m"
"S01","2025-01-01T23:45:00Z","water_level",0.445625029659899,"m"
"S01","2025-01-01T23:50:00Z","water_level",1.16158839901129,"m"
"S01","2025-01-01T23:55:00Z","water_level",0.293521297839587,"m"
"S01","2025-01-02T00:00:00Z","water_level",0.142890377661602,"m"
"S01","2025-01-02T00:05:00Z","water_level",0.0758296300716917,"m"
"S01","2025-01-02T00:10:00Z","water_level",0.220511954427113,"m"
"S01","2025-01-02T00:15:00Z","water_level",1.77881601252496,"m"
"S01","2025-01-02T00:20:00Z","water_level",0.902271115778014,"m"
"S01","2025-01-02T00:25:00Z","water_level",0.0585582900806469,"m"
"S01","2025-01-02T00:30:00Z","water_level",0.243443425643681,"m"
"S01","2025-01-02T00:35:00Z","water_level",0.222624330213317,"m"
"S01","2025-01-02T00:40:00Z","water_level",0.801041546663749,"m"
"S01","2025-01-02T00:45:00Z","water_level",3.25822819699702,"m"
"S01","2025-01-02T00:50:00Z","water_level",0.662796076390067,"m"
"S01","2025-01-02T00:55:00Z","water_level",1.14955327457804,"m"
"S01","2025-01-02T01:00:00Z","water_level",1.55321567430092,"m"
"S01","2025-01-02T01:05:00Z","water_level",2.07256433564785,"m"
"S01","2025-01-02T01:10:00Z","water_level",0.0638803628729694,"m"
"S01","2025-01-02T01:15:00Z","water_level",0.0520035279946979,"m"
"S01","2025-01-02T01:20:00Z","water_level",0.0296378681944159,"m"
"S01","2025-01-02T01:25:00Z","water_level",0.0930433997958652,"m"
"S01","2025-01-02T01:30:00Z","water_level",0.364399276326032,"m"
"S01","2025-01-02T01:35:00Z","water_level",0.0573910159582723,"m"
"S01","2025-01-02T01:40:00Z","water_level",0.092786893298321,"m"
"S01","2025-01-02T01:45:00Z","water_level",0.121128114553101,"m"
"S01","2025-01-02T01:50:00Z","water_level",0.185053009255899,"m"
"S01","2025-01-02T01:55:00Z","water_level",0.0654201259432646,"m"
"S01","2025-01-02T02:00:00Z","water_level",0.235333255648896,"m"
"S01","2025-01-02T02:05:00Z","water_level",0.662440767464979,"m"
"S01","2025-01-02T02:10:00Z","water_level",0.500076237136272,"m"
"S01","2025-01-02T02:15:00Z","water_level",0.430399574702218,"m"
"S01","2025-01-02T02:20:00Z","water_level",0.758650134899756,"m"
"S01","2025-01-02T02:25:00Z","water_level",1.30235294255314,"m"
"S01","2025-01-02T02:30:00Z","water_level",1.19208024393633,"m"
"S01","2025-01-02T02:35:00Z","water_level",0.633872870348265,"m"
"S01","2025-01-02T02:40:00Z","water_level",0.715278511342908,"m"
"S01","2025-01-02T02:45:00Z","water_level",0.144741550795112,"m"
"S01","2025-01-02T02:50:00Z","water_level",0.080607367408666,"m"
"S01","2025-01-02T02:55:00Z","water_level",0.88298807037944,"m"
"S01","2025-01-02T03:00:00Z","water_level",0.0292329559173873,"m"
"S01","2025-01-02T03:05:00Z","water_level",0.667589917011556,"m"
"S01","2025-01-02T03:10:00Z","water_level",0.43974911941506,"m"
"S01","2025-01-02T03:15:00Z","water_level",0.249915170357689,"m"
"S01","2025-01-02T03:20:00Z","water_level",0.643253189827762,"m"
"S01","2025-01-02T03:25:00Z","water_level",0.436904312733793,"m"
"S01","2025-01-02T03:30:00Z","water_level",0.323114239543498,"m"
"S01","2025-01-02T03:35:00Z","water_level",0.226849463120273,"m"
"S01","2025-01-02T03:40:00Z","water_level",0.060280681223351,"m"
"S01","2025-01-02T03:45:00Z","water_level",0.0310414614959316,"m"
"S01","2025-01-02T03:50:00Z","water_level",0.229512310804213,"m"
"S01","2025-01-02T03:55:00Z","water_level",0.128963656210529,"m"
"S01","2025-01-02T04:00:00Z","water_level",0.213403032139685,"m"
"S01","2025-01-02T04:05:00Z","water_level",0.0533263740232429,"m"
"S01","2025-01-02T04:10:00Z","water_level",0.161073971755279,"m"
"S01","2025-01-02T04:15:00Z","water_level",0.0546955540140391,"m"
"S01","2025-01-02T04:20:00Z","water_level",0.0579773753377281,"m"
"S01","2025-01-02T04:25:00Z","water_level",0.0934678326940508,"m"
"S01","2025-01-02T04:30:00Z","water_level",0.0492950039317613,"m"
"S01","2025-01-02T04:35:00Z","water_level",0.0459676453490146,"m"
"S01","2025-01-02T04:40:00Z","water_level",0.0696410022324013,"m"
"S01","2025-01-02T04:45:00Z","water_level",0.237138534755252,"m"
"S01","2025-01-02T04:50:00Z","water_level",0.150339320925808,"m"
"S01","2025-01-02T04:55:00Z","water_level",0.30103902500731,"m"
"S01","2025-01-02T05:00:00Z","water_level",0.593095745137743,"m"
"S01","2025-01-02T05:05:00Z","water_level",2.19335141459198,"m"
"S01","2025-01-02T05:10:00Z","water_level",2.31470090562595,"m"
"S01","2025-01-02T05:15:00Z","water_level",1.3814697608827,"m"
"S01","2025-01-02T05:20:00Z","water_level",0.338512354144,"m"
"S01","2025-01-02T05:25:00Z","water_level",0.135379185175991,"m"
"S01","2025-01-02T05:30:00Z","water_level",0.536984365519896,"m"
"S01","2025-01-02T05:35:00Z","water_level",0.411745159616485,"m"
"S01","2025-01-02T05:40:00Z","water_level",0.0958655905600796,"m"
"S01","2025-01-02T05:45:00Z","water_level",0.155570619678326,"m"
"S01","2025-01-02T05:50:00Z","water_level",0.349973908046751,"m"
"S01","2025-01-02T05:55:00Z","water_level",1.02853443454756,"m"
"S01","2025-01-02T06:00:00Z","water_level",1.95291494866226,"m"
"S01","2025-01-02T06:05:00Z","water_level",0.903681542979707,"m"
"S01","2025-01-02T06:10:00Z","water_level",0.491218296994871,"m"
"S01","2025-01-02T06:15:00Z","water_level",1.12761507848695,"m"
"S01","2025-01-02T06:20:00Z","water_level",0.307374377207191,"m"
"S01","2025-01-02T06:25:00Z","water_level",0.518806051243562,"m"
"S01","2025-01-02T06:30:00Z","water_level",0.576733381211427,"m"
"S01","2025-01-02T06:35:00Z","water_level",0.471707727910849,"m"
"S01","2025-01-02T06:40:00Z","water_level",0.148989094871298,"m"
"S01","2025-01-02T06:45:00Z","water_level",0.0267873249323188,"m"
"S01","2025-01-02T06:50:00Z","water_level",0.827202169481979,"m"
"S01","2025-01-02T06:55:00Z","water_level",0.273631188437202,"m"
"S01","2025-01-02T07:00:00Z","water_level",3.30985098406442,"m"
"S01","2025-01-02T07:05:00Z","water_level",0.858051961708646,"m"
"S01","2025-01-02T07:10:00Z","water_level",0.727725271624333,"m"
"S01","2025-01-02T07:15:00Z","water_level",1.10097549988357,"m"
"S01","2025-01-02T07:20:00Z","water_level",0.393542150397987,"m"
"S01","2025-01-02T07:25:00Z","water_level",0.507862488372236,"m"
"S01","2025-01-02T07:30:00Z","water_level",0.232311648724394,"m"
"S01","2025-01-02T07:35:00Z","water_level",0.526742853582758,"m"
"S01","2025-01-02T07:40:00Z","water_level",0.0314080312670114,"m"
"S01","2025-01-02T07:45:00Z","water_level",0.961197783851251,"m"
"S01","2025-01-02T07:50:00Z","water_level",0.171021698749845,"m"
"S01","2025-01-02T07:55:00Z","water_level",0.196952310662117,"m"
"S01","2025-01-02T08:00:00Z","water_level",0.0459740706725706,"m"
"S01","2025-01-02T08:05:00Z","water_level",0.670173292697695,"m"
"S01","2025-01-02T08:10:00Z","water_level",1.4175098269592,"m"
"S01","2025-01-02T08:15:00Z","water_level",1.10789003078842,"m"
"S01","2025-01-02T08:20:00Z","water_level",0.328328758011312,"m"
"S01","2025-01-02T08:25:00Z","water_level",1.08600465544211,"m"
"S01","2025-01-02T08:30:00Z","water_level",0.952267860719553,"m"
"S01","2025-01-02T08:35:00Z","water_level",0.422835835596313,"m"
"S01","2025-01-02T08:40:00Z","water_level",0.475966638626991,"m"
"S01","2025-01-02T08:45:00Z","water_level",0.884380455767198,"m"
"S01","2025-01-02T08:50:00Z","water_level",1.27055844372244,"m"
"S01","2025-01-02T08:55:00Z","water_level",1.91961981868655,"m"
"S01","2025-01-02T09:00:00Z","water_level",2.82040996255292,"m"
"S01","2025-01-02T09:05:00Z","water_level",0.516491679640239,"m"
"S01","2025-01-02T09:10:00Z","water_level",0.697516755088865,"m"
"S01","2025-01-02T09:15:00Z","water_level",1.64886738680222,"m"
"S01","2025-01-02T09:20:00Z","water_level",1.89639824150155,"m"
"S01","2025-01-02T09:25:00Z","water_level",1.36901799507174,"m"
"S01","2025-01-02T09:30:00Z","water_level",1.41437536173727,"m"
"S01","2025-01-02T09:35:00Z","water_level",0.879085963543055,"m"
"S01","2025-01-02T09:40:00Z","water_level",0.653450316434482,"m"
"S01","2025-01-02T09:45:00Z","water_level",0.785784442310576,"m"
"S01","2025-01-02T09:50:00Z","water_level",1.55163089982322,"m"
"S01","2025-01-02T09:55:00Z","water_level",1.93790492502891,"m"
"S01","2025-01-02T10:00:00Z","water_level",1.09831046254654,"m"
"S01","2025-01-02T10:05:00Z","water_level",1.19025892946655,"m"
"S01","2025-01-02T10:10:00Z","water_level",0.0989807461124832,"m"
"S01","2025-01-02T10:15:00Z","water_level",0.172829869330682,"m"
"S01","2025-01-02T10:20:00Z","water_level",0.509711419858563,"m"
"S01","2025-01-02T10:25:00Z","water_level",0.624848741636301,"m"
"S01","2025-01-02T10:30:00Z","water_level",0.289619459373871,"m"
"S01","2025-01-02T10:35:00Z","water_level",0.683869570448134,"m"
"S01","2025-01-02T10:40:00Z","water_level",0.732350078957482,"m"
"S01","2025-01-02T10:45:00Z","water_level",0.205544703373648,"m"
"S01","2025-01-02T10:50:00Z","water_level",0.653039972550537,"m"
"S01","2025-01-02T10:55:00Z","water_level",0.68388180843986,"m"
"S01","2025-01-02T11:00:00Z","water_level",0.751737406526363,"m"
"S01","2025-01-02T11:05:00Z","water_level",0.804325172317823,"m"
"S01","2025-01-02T11:10:00Z","water_level",1.99096955387795,"m"
"S01","2025-01-02T11:15:00Z","water_level",3.31718787901511,"m"
"S01","2025-01-02T11:20:00Z","water_level",3.29439799156736,"m"
"S01","2025-01-02T11:25:00Z","water_level",2.32958429500132,"m"
"S01","2025-01-02T11:30:00Z","water_level",3.45947574331319,"m"
"S01","2025-01-02T11:35:00Z","water_level",1.6897792224771,"m"
"S01","2025-01-02T11:40:00Z","water_level",1.79760023373271,"m"
"S01","2025-01-02T11:45:00Z","water_level",3.2696426232286,"m"
"S01","2025-01-02T11:50:00Z","water_level",0.920927913238631,"m"
"S01","2025-01-02T11:55:00Z","water_level",0.806216339461107,"m"
"S01","2025-01-02T12:00:00Z","water_level",1.46675723154946,"m"
"S01","2025-01-02T12:05:00Z","water_level",0.49110593571005,"m"
"S01","2025-01-02T12:10:00Z","water_level",1.80495584370374,"m"
"S01","2025-01-02T12:15:00Z","water_level",1.37412128932916,"m"
"S01","2025-01-02T12:20:00Z","water_level",1.96439183252524,"m"
"S01","2025-01-02T12:25:00Z","water_level",0.93269202310196,"m"
"S01","2025-01-02T12:30:00Z","water_level",0.0573445349822246,"m"
"S01","2025-01-02T12:35:00Z","water_level",0.416041491456816,"m"
"S01","2025-01-02T12:40:00Z","water_level",0.945060165089333,"m"
"S01","2025-01-02T12:45:00Z","water_level",0.0933990919055966,"m"
"S01","2025-01-02T12:50:00Z","water_level",0.0545257047415594,"m"
"S01","2025-01-02T12:55:00Z","water_level",0.0252263781575732,"m"
"S01","2025-01-02T13:00:00Z","water_level",0.255463494403017,"m"
"S01","2025-01-02T13:05:00Z","water_level",0.156162702957397,"m"
"S01","2025-01-02T13:10:00Z","water_level",0.294981666504173,"m"
"S01","2025-01-02T13:15:00Z","water_level",0.145146485092662,"m"
"S01","2025-01-02T13:20:00Z","water_level",0.566245661554145,"m"
"S01","2025-01-02T13:25:00Z","water_level",1.04950677952165,"m"
"S01","2025-01-02T13:30:00Z","water_level",0.987262496794567,"m"
"S01","2025-01-02T13:35:00Z","water_level",0.0460307453238883,"m"
"S01","2025-01-02T13:40:00Z","water_level",1.3171123922379,"m"
"S01","2025-01-02T13:45:00Z","water_level",1.50618432801919,"m"
"S01","2025-01-02T13:50:00Z","water_level",0.167946550582467,"m"
"S01","2025-01-02T13:55:00Z","water_level",0.157914226252934,"m"
"S01","2025-01-02T14:00:00Z","water_level",0.157534963041863,"m"
"S01","2025-01-02T14:05:00Z","water_level",0.47139964803881,"m"
"S01","2025-01-02T14:10:00Z","water_level",0.252466798829013,"m"
"S01","2025-01-02T14:15:00Z","water_level",0.492160961792649,"m"
"S01","2025-01-02T14:20:00Z","water_level",0.408258492433757,"m"
"S01","2025-01-02T14:25:00Z","water_level",0.270106521679976,"m"
"S01","2025-01-02T14:30:00Z","water_level",0.512567982606356,"m"
"S01","2025-01-02T14:35:00Z","water_level",0.540730455712866,"m"
"S01","2025-01-02T14:40:00Z","water_level",0.326790835514982,"m"
"S01","2025-01-02T14:45:00Z","water_level",0.969410092935038,"m"
"S01","2025-01-02T14:50:00Z","water_level",0.298044025363356,"m"
"S01","2025-01-02T14:55:00Z","water_level",0.240851794194412,"m"
"S01","2025-01-02T15:00:00Z","water_level",0.209184976134517,"m"
"S01","2025-01-02T15:05:00Z","water_level",0.31829003470424,"m"
"S01","2025-01-02T15:10:00Z","water_level",0.0352457427212408,"m"
"S01","2025-01-02T15:15:00Z","water_level",0.0111965558663687,"m"
"S01","2025-01-02T15:20:00Z","water_level",0.248220698100148,"m"
"S01","2025-01-02T15:25:00Z","water_level",0.12523005533111,"m"
"S01","2025-01-02T15:30:00Z","water_level",0.104877274873106,"m"
"S01","2025-01-02T15:35:00Z","water_level",0.86230915134835,"m"
"S01","2025-01-02T15:40:00Z","water_level",0.345885069290266,"m"
"S01","2025-01-02T15:45:00Z","water_level",0.485811092404541,"m"
"S01","2025-01-02T15:50:00Z","water_level",0.295249815181321,"m"
"S01","2025-01-02T15:55:00Z","water_level",0.144085818424857,"m"
"S01","2025-01-02T16:00:00Z","water_level",0.334664203451506,"m"
"S01","2025-01-02T16:05:00Z","water_level",0.262304419336343,"m"
"S01","2025-01-02T16:10:00Z","water_level",0.178551331825233,"m"
"S01","2025-01-02T16:15:00Z","water_level",0.223288368794949,"m"
"S01","2025-01-02T16:20:00Z","water_level",0.157536949411528,"m"
"S01","2025-01-02T16:25:00Z","water_level",0.30549611993413,"m"
"S01","2025-01-02T16:30:00Z","water_level",0.419695346492983,"m"
"S01","2025-01-02T16:35:00Z","water_level",0.0767489308315803,"m"
"S01","2025-01-02T16:40:00Z","water_level",0.376955600783314,"m"
"S01","2025-01-02T16:45:00Z","water_level",0.183410286282799,"m"
"S01","2025-01-02T16:50:00Z","water_level",1.51409241609396,"m"
"S01","2025-01-02T16:55:00Z","water_level",1.10781320438721,"m"
"S01","2025-01-02T17:00:00Z","water_level",0.144502153949579,"m"
"S01","2025-01-02T17:05:00Z","water_level",0.53349076978312,"m"
"S01","2025-01-02T17:10:00Z","water_level",0.302702337240804,"m"
"S01","2025-01-02T17:15:00Z","water_level",0.117816957286404,"m"
"S01","2025-01-02T17:20:00Z","water_level",0.0743466907364814,"m"
"S01","2025-01-02T17:25:00Z","water_level",0.531382777242532,"m"
"S01","2025-01-02T17:30:00Z","water_level",0.294431677673713,"m"
"S01","2025-01-02T17:35:00Z","water_level",0.246854545588418,"m"
"S01","2025-01-02T17:40:00Z","water_level",0.0543326312275278,"m"
"S01","2025-01-02T17:45:00Z","water_level",0.0800068666667094,"m"
"S01","2025-01-02T17:50:00Z","water_level",0.0887604859440547,"m"
"S01","2025-01-02T17:55:00Z","water_level",0.0922705423938529,"m"
"S01","2025-01-02T18:00:00Z","water_level",0.322908411810473,"m"
"S01","2025-01-02T18:05:00Z","water_level",0.0825004136193997,"m"
"S01","2025-01-02T18:10:00Z","water_level",0.0184909835749261,"m"
"S01","2025-01-02T18:15:00Z","water_level",0.156537525928098,"m"
"S01","2025-01-02T18:20:00Z","water_level",0.528173934924351,"m"
"S01","2025-01-02T18:25:00Z","water_level",0.600824531032202,"m"
"S01","2025-01-02T18:30:00Z","water_level",1.01613344890425,"m"
"S01","2025-01-02T18:35:00Z","water_level",0.521600989970659,"m"
"S01","2025-01-02T18:40:00Z","water_level",0.183037196229607,"m"
"S01","2025-01-02T18:45:00Z","water_level",0.729373698421284,"m"
"S01","2025-01-02T18:50:00Z","water_level",1.79630563831603,"m"
"S01","2025-01-02T18:55:00Z","water_level",0.499039292367517,"m"
"S01","2025-01-02T19:00:00Z","water_level",0.156009725510503,"m"
"S01","2025-01-02T19:05:00Z","water_level",0.526216789942276,"m"
"S01","2025-01-02T19:10:00Z","water_level",1.88170796927475,"m"
"S01","2025-01-02T19:15:00Z","water_level",0.214180515063354,"m"
"S01","2025-01-02T19:20:00Z","water_level",0.687318547133438,"m"
"S01","2025-01-02T19:25:00Z","water_level",0.0489379191435533,"m"
"S01","2025-01-02T19:30:00Z","water_level",0.382572222435734,"m"
"S01","2025-01-02T19:35:00Z","water_level",0.300970756823132,"m"
"S01","2025-01-02T19:40:00Z","water_level",0.267835870205661,"m"
"S01","2025-01-02T19:45:00Z","water_level",0.0998928253954604,"m"
"S01","2025-01-02T19:50:00Z","water_level",0.115340482362222,"m"
"S01","2025-01-02T19:55:00Z","water_level",0.025173630794225,"m"
"S01","2025-01-02T20:00:00Z","water_level",0.0892045484616455,"m"
"S01","2025-01-02T20:05:00Z","water_level",0.129938387238573,"m"
"S01","2025-01-02T20:10:00Z","water_level",0.0888407521425693,"m"
"S01","2025-01-02T20:15:00Z","water_level",0.704160250729909,"m"
"S01","2025-01-02T20:20:00Z","water_level",0.715395491901669,"m"
"S01","2025-01-02T20:25:00Z","water_level",0.0321040860844596,"m"
"S01","2025-01-02T20:30:00Z","water_level",0.507353603817777,"m"
"S01","2025-01-02T20:35:00Z","water_level",1.37183964523048,"m"
"S01","2025-01-02T20:40:00Z","water_level",1.01012897506907,"m"
"S01","2025-01-02T20:45:00Z","water_level",0.224502996796058,"m"
"S01","2025-01-02T20:50:00Z","water_level",0.151735283146621,"m"
"S01","2025-01-02T20:55:00Z","water_level",0.0860279126755527,"m"
"S01","2025-01-02T21:00:00Z","water_level",0.370808031457033,"m"
"S01","2025-01-02T21:05:00Z","water_level",0.308339960071715,"m"
"S01","2025-01-02T21:10:00Z","water_level",1.51928219969583,"m"
"S01","2025-01-02T21:15:00Z","water_level",1.24861568561213,"m"
"S01","2025-01-02T21:20:00Z","water_level",1.45872017739101,"m"
"S01","2025-01-02T21:25:00Z","water_level",1.60801058300651,"m"
"S01","2025-01-02T21:30:00Z","water_level",1.07693644988628,"m"
"S01","2025-01-02T21:35:00Z","water_level",0.128281896059787,"m"
"S01","2025-01-02T21:40:00Z","water_level",0.421748354121746,"m"
"S01","2025-01-02T21:45:00Z","water_level",0.10181443134893,"m"
"S01","2025-01-02T21:50:00Z","water_level",0.373800985601583,"m"
"S01","2025-01-02T21:55:00Z","water_level",0.862584672688685,"m"
"S01","2025-01-02T22:00:00Z","water_level",1.76018055968599,"m"
"S01","2025-01-02T22:05:00Z","water_level",0.122077732457852,"m"
"S01","2025-01-02T22:10:00Z","water_level",0.31138199098203,"m"
"S01","2025-01-02T22:15:00Z","water_level",0.147144448763128,"m"
"S01","2025-01-02T22:20:00Z","water_level",0.196179931819787,"m"
"S01","2025-01-02T22:25:00Z","water_level",0.102842449630112,"m"
"S01","2025-01-02T22:30:00Z","water_level",0.0913632472628934,"m"
"S01","2025-01-02T22:35:00Z","water_level",0.110064929010294,"m"
"S01","2025-01-02T22:40:00Z","water_level",0.0861871943484773,"m"
"S01","2025-01-02T22:45:00Z","water_level",0.000141737684209352,"m"
"S01","2025-01-02T22:50:00Z","water_level",0.0348145452363887,"m"
"S01","2025-01-02T22:55:00Z","water_level",0.0394117263716761,"m"
"S01","2025-01-02T23:00:00Z","water_level",0.0308358703687957,"m"
"S01","2025-01-02T23:05:00Z","water_level",0.0769533697225879,"m"
"S01","2025-01-02T23:10:00Z","water_level",0.302090155651243,"m"
"S01","2025-01-02T23:15:00Z","water_level",0.904736658129398,"m"
"S01","2025-01-02T23:20:00Z","water_level",0.885918559033508,"m"
"S01","2025-01-02T23:25:00Z","water_level",0.858165249855084,"m"
"S01","2025-01-02T23:30:00Z","water_level",2.16456781388664,"m"
"S01","2025-01-02T23:35:00Z","water_level",1.86749610801214,"m"
"S01","2025-01-02T23:40:00Z","water_level",1.00121115104165,"m"
"S01","2025-01-02T23:45:00Z","water_level",0.962953332776918,"m"
"S01","2025-01-02T23:50:00Z","water_level",0.410824873059008,"m"
"S01","2025-01-02T23:55:00Z","water_level",1.8503419205583,"m"
"S01","2025-01-03T00:00:00Z","water_level",0.10687323449427,"m"
"S01","2025-01-03T00:05:00Z","water_level",0.181956169897079,"m"
"S01","2025-01-03T00:10:00Z","water_level",0.122623870652459,"m"
"S01","2025-01-03T00:15:00Z","water_level",0.204770550273149,"m"
"S01","2025-01-03T00:20:00Z","water_level",0.481516263797967,"m"
"S01","2025-01-03T00:25:00Z","water_level",0.206342744490719,"m"
"S01","2025-01-03T00:30:00Z","water_level",0.0972302397616317,"m"
"S01","2025-01-03T00:35:00Z","water_level",0.320199357230439,"m"
"S01","2025-01-03T00:40:00Z","water_level",0.128915456759373,"m"
"S01","2025-01-03T00:45:00Z","water_level",0.154932078423098,"m"
"S01","2025-01-03T00:50:00Z","water_level",0.349265259943827,"m"
"S01","2025-01-03T00:55:00Z","water_level",0.119330544651422,"m"
"S01","2025-01-03T01:00:00Z","water_level",1.2564120952484,"m"
"S01","2025-01-03T01:05:00Z","water_level",0.336985634322457,"m"
"S01","2025-01-03T01:10:00Z","water_level",0.487059760450137,"m"
"S01","2025-01-03T01:15:00Z","water_level",0.532216652684764,"m"
"S01","2025-01-03T01:20:00Z","water_level",0.34026133831952,"m"
"S01","2025-01-03T01:25:00Z","water_level",0.158046373081532,"m"
"S01","2025-01-03T01:30:00Z","water_level",0.114530656132173,"m"
"S01","2025-01-03T01:35:00Z","water_level",0.0944524175874146,"m"
"S01","2025-01-03T01:40:00Z","water_level",0.134956301127702,"m"
"S01","2025-01-03T01:45:00Z","water_level",0.100446574322485,"m"
"S01","2025-01-03T01:50:00Z","water_level",0.762177991164345,"m"
"S01","2025-01-03T01:55:00Z","water_level",1.24895027870844,"m"
"S01","2025-01-03T02:00:00Z","water_level",0.394066472240745,"m"
"S01","2025-01-03T02:05:00Z","water_level",0.298001483999664,"m"
"S01","2025-01-03T02:10:00Z","water_level",0.408596274444383,"m"
"S01","2025-01-03T02:15:00Z","water_level",0.734000073848541,"m"
"S01","2025-01-03T02:20:00Z","water_level",0.660866275989612,"m"
"S01","2025-01-03T02:25:00Z","water_level",0.268977161174539,"m"
"S01","2025-01-03T02:30:00Z","water_level",2.48652270604201,"m"
"S01","2025-01-03T02:35:00Z","water_level",1.51393657348614,"m"
"S01","2025-01-03T02:40:00Z","water_level",0.475036931840321,"m"
"S01","2025-01-03T02:45:00Z","water_level",0.562767729675722,"m"
"S01","2025-01-03T02:50:00Z","water_level",1.31526240969686,"m"
"S01","2025-01-03T02:55:00Z","water_level",0.381021545038928,"m"
"S01","2025-01-03T03:00:00Z","water_level",0.777011078370477,"m"
"S01","2025-01-03T03:05:00Z","water_level",1.17467278368262,"m"
"S01","2025-01-03T03:10:00Z","water_level",1.12796386822515,"m"
"S01","2025-01-03T03:15:00Z","water_level",1.70829948956669,"m"
"S01","2025-01-03T03:20:00Z","water_level",2.33003847126005,"m"
"S01","2025-01-03T03:25:00Z","water_level",1.49864542714467,"m"
"S01","2025-01-03T03:30:00Z","water_level",1.97650118954265,"m"
"S01","2025-01-03T03:35:00Z","water_level",3.19185998123007,"m"
"S01","2025-01-03T03:40:00Z","water_level",2.14277434849619,"m"
"S01","2025-01-03T03:45:00Z","water_level",2.44621368454692,"m"
"S01","2025-01-03T03:50:00Z","water_level",1.66387682643741,"m"
"S01","2025-01-03T03:55:00Z","water_level",0.404397127303345,"m"
"S01","2025-01-03T04:00:00Z","water_level",0.371357807757123,"m"
"S01","2025-01-03T04:05:00Z","water_level",0.430465202979923,"m"
"S01","2025-01-03T04:10:00Z","water_level",0.42421675271432,"m"
"S01","2025-01-03T04:15:00Z","water_level",0.62224498508319,"m"
"S01","2025-01-03T04:20:00Z","water_level",0.331327513608922,"m"
"S01","2025-01-03T04:25:00Z","water_level",0.500867071949257,"m"
"S01","2025-01-03T04:30:00Z","water_level",1.52658981194782,"m"
"S01","2025-01-03T04:35:00Z","water_level",0.556620299917898,"m"
"S01","2025-01-03T04:40:00Z","water_level",1.70438078021159,"m"
"S01","2025-01-03T04:45:00Z","water_level",1.23246188654079,"m"
"S01","2025-01-03T04:50:00Z","water_level",2.19480203994592,"m"
"S01","2025-01-03T04:55:00Z","water_level",0.297198110207589,"m"
"S01","2025-01-03T05:00:00Z","water_level",0.393002742939807,"m"
"S01","2025-01-03T05:05:00Z","water_level",0.208523590404797,"m"
"S01","2025-01-03T05:10:00Z","water_level",1.15056468421885,"m"
"S01","2025-01-03T05:15:00Z","water_level",1.46057873754801,"m"
"S01","2025-01-03T05:20:00Z","water_level",0.859629538334153,"m"
"S01","2025-01-03T05:25:00Z","water_level",0.556563119937464,"m"
"S01","2025-01-03T05:30:00Z","water_level",1.22290812321694,"m"
"S01","2025-01-03T05:35:00Z","water_level",0.496638287144736,"m"
"S01","2025-01-03T05:40:00Z","water_level",0.84730435666773,"m"
"S01","2025-01-03T05:45:00Z","water_level",1.98802258776222,"m"
"S01","2025-01-03T05:50:00Z","water_level",0.216219904511543,"m"
"S01","2025-01-03T05:55:00Z","water_level",0.251299080660801,"m"
"S01","2025-01-03T06:00:00Z","water_level",1.41030250247676,"m"
"S01","2025-01-03T06:05:00Z","water_level",0.257724483365926,"m"
"S01","2025-01-03T06:10:00Z","water_level",0.1065087262111,"m"
"S01","2025-01-03T06:15:00Z","water_level",0.110007094190303,"m"
"S01","2025-01-03T06:20:00Z","water_level",0.878978998758281,"m"
"S01","2025-01-03T06:25:00Z","water_level",0.138104801341113,"m"
"S01","2025-01-03T06:30:00Z","water_level",0.29309093816341,"m"
"S01","2025-01-03T06:35:00Z","water_level",0.73283388830791,"m"
"S01","2025-01-03T06:40:00Z","water_level",0.192827727079162,"m"
"S01","2025-01-03T06:45:00Z","water_level",0.318808281861587,"m"
"S01","2025-01-03T06:50:00Z","water_level",0.0909593504648937,"m"
"S01","2025-01-03T06:55:00Z","water_level",0.507076383833334,"m"
"S01","2025-01-03T07:00:00Z","water_level",0.892423567213923,"m"
"S01","2025-01-03T07:05:00Z","water_level",0.174119439530609,"m"
"S01","2025-01-03T07:10:00Z","water_level",0.967476413469613,"m"
"S01","2025-01-03T07:15:00Z","water_level",0.489592317908927,"m"
"S01","2025-01-03T07:20:00Z","water_level",0.350582632895248,"m"
"S01","2025-01-03T07:25:00Z","water_level",0.0825560855654761,"m"
"S01","2025-01-03T07:30:00Z","water_level",0.107456735924194,"m"
"S01","2025-01-03T07:35:00Z","water_level",0.465032753282831,"m"
"S01","2025-01-03T07:40:00Z","water_level",0.285577249660449,"m"
"S01","2025-01-03T07:45:00Z","water_level",0.143255229817077,"m"
"S01","2025-01-03T07:50:00Z","water_level",0.306245178323996,"m"
"S01","2025-01-03T07:55:00Z","water_level",0.163730203595539,"m"
"S01","2025-01-03T08:00:00Z","water_level",0.394018732983795,"m"
"S01","2025-01-03T08:05:00Z","water_level",0.480229141003841,"m"
"S01","2025-01-03T08:10:00Z","water_level",0.269670430911541,"m"
"S01","2025-01-03T08:15:00Z","water_level",0.254424663765142,"m"
"S01","2025-01-03T08:20:00Z","water_level",0.468135906622577,"m"
"S01","2025-01-03T08:25:00Z","water_level",0.234153680053648,"m"
"S01","2025-01-03T08:30:00Z","water_level",0.484605941186046,"m"
"S01","2025-01-03T08:35:00Z","water_level",0.208855456669533,"m"
"S01","2025-01-03T08:40:00Z","water_level",0.214667511929714,"m"
"S01","2025-01-03T08:45:00Z","water_level",0.486610227243775,"m"
"S01","2025-01-03T08:50:00Z","water_level",0.404671900636391,"m"
"S01","2025-01-03T08:55:00Z","water_level",0.282844409016722,"m"
"S01","2025-01-03T09:00:00Z","water_level",0.0238814070558087,"m"
"S01","2025-01-03T09:05:00Z","water_level",0.16163904041017,"m"
"S01","2025-01-03T09:10:00Z","water_level",0.0779900592337705,"m"
"S01","2025-01-03T09:15:00Z","water_level",0.0253810303807222,"m"
"S01","2025-01-03T09:20:00Z","water_level",0.473297050401179,"m"
"S01","2025-01-03T09:25:00Z","water_level",0.938797788995091,"m"
"S01","2025-01-03T09:30:00Z","water_level",0.228473739069118,"m"
"S01","2025-01-03T09:35:00Z","water_level",1.42574666459553,"m"
"S01","2025-01-03T09:40:00Z","water_level",1.70291777150841,"m"
"S01","2025-01-03T09:45:00Z","water_level",2.15551681945248,"m"
"S01","2025-01-03T09:50:00Z","water_level",0.287236239909707,"m"
"S01","2025-01-03T09:55:00Z","water_level",0.265333395271331,"m"
"S01","2025-01-03T10:00:00Z","water_level",0.265374562258411,"m"
"S01","2025-01-03T10:05:00Z","water_level",0.519953352155169,"m"
"S01","2025-01-03T10:10:00Z","water_level",0.519680129302501,"m"
"S01","2025-01-03T10:15:00Z","water_level",0.302630752664694,"m"
"S01","2025-01-03T10:20:00Z","water_level",0.146243542170404,"m"
"S01","2025-01-03T10:25:00Z","water_level",0.408240304301432,"m"
"S01","2025-01-03T10:30:00Z","water_level",0.196117841065384,"m"
"S01","2025-01-03T10:35:00Z","water_level",0.172051742640131,"m"
"S01","2025-01-03T10:40:00Z","water_level",0.0917346100274881,"m"
"S01","2025-01-03T10:45:00Z","water_level",0.242966808171289,"m"
"S01","2025-01-03T10:50:00Z","water_level",0.0621406182773663,"m"
"S01","2025-01-03T10:55:00Z","water_level",0.61457144382956,"m"
"S01","2025-01-03T11:00:00Z","water_level",1.13211007583426,"m"
"S01","2025-01-03T11:05:00Z","water_level",1.18631173115719,"m"
"S01","2025-01-03T11:10:00Z","water_level",1.24832222513355,"m"
"S01","2025-01-03T11:15:00Z","water_level",1.03138864970668,"m"
"S01","2025-01-03T11:20:00Z","water_level",1.00368820611301,"m"
"S01","2025-01-03T11:25:00Z","water_level",1.68901941116769,"m"
"S01","2025-01-03T11:30:00Z","water_level",2.23702387716985,"m"
"S01","2025-01-03T11:35:00Z","water_level",0.118914638902319,"m"
"S01","2025-01-03T11:40:00Z","water_level",0.238502112634109,"m"
"S01","2025-01-03T11:45:00Z","water_level",0.611056104619733,"m"
"S01","2025-01-03T11:50:00Z","water_level",0.811835246063475,"m"
"S01","2025-01-03T11:55:00Z","water_level",0.385078851224528,"m"
"S01","2025-01-03T12:00:00Z","water_level",0.370159664868549,"m"
"S01","2025-01-03T12:05:00Z","water_level",1.42470423711609,"m"
"S01","2025-01-03T12:10:00Z","water_level",0.782250471468304,"m"
"S01","2025-01-03T12:15:00Z","water_level",1.00955901180355,"m"
"S01","2025-01-03T12:20:00Z","water_level",0.229780161602251,"m"
"S01","2025-01-03T12:25:00Z","water_level",0.928887836758682,"m"
"S01","2025-01-03T12:30:00Z","water_level",0.650383233558131,"m"
"S01","2025-01-03T12:35:00Z","water_level",0.967833243378471,"m"
"S01","2025-01-03T12:40:00Z","water_level",1.6253252610431,"m"
"S01","2025-01-03T12:45:00Z","water_level",1.46470889925244,"m"
"S01","2025-01-03T12:50:00Z","water_level",0.204382874265008,"m"
"S01","2025-01-03T12:55:00Z","water_level",0.493000963591048,"m"
"S01","2025-01-03T13:00:00Z","water_level",0.369763236247474,"m"
"S01","2025-01-03T13:05:00Z","water_level",0.890363071917612,"m"
"S01","2025-01-03T13:10:00Z","water_level",0.0976268716509282,"m"
"S01","2025-01-03T13:15:00Z","water_level",0.0112731701698037,"m"
"S01","2025-01-03T13:20:00Z","water_level",0.0317756884081085,"m"
"S01","2025-01-03T13:25:00Z","water_level",0.282963833468076,"m"
"S01","2025-01-03T13:30:00Z","water_level",0.663627529249957,"m"
"S01","2025-01-03T13:35:00Z","water_level",0.0972670233739781,"m"
"S01","2025-01-03T13:40:00Z","water_level",0.377680209362107,"m"
"S01","2025-01-03T13:45:00Z","water_level",0.831578854850731,"m"
"S01","2025-01-03T13:50:00Z","water_level",0.424114930122149,"m"
"S01","2025-01-03T13:55:00Z","water_level",0.530451937391568,"m"
"S01","2025-01-03T14:00:00Z","water_level",1.11630140220276,"m"
"S01","2025-01-03T14:05:00Z","water_level",0.857126875408546,"m"
"S01","2025-01-03T14:10:00Z","water_level",1.590502735216,"m"
"S01","2025-01-03T14:15:00Z","water_level",1.5953673615388,"m"
"S01","2025-01-03T14:20:00Z","water_level",1.05267501774044,"m"
"S01","2025-01-03T14:25:00Z","water_level",1.14998458412842,"m"
"S01","2025-01-03T14:30:00Z","water_level",0.844448668717019,"m"
"S01","2025-01-03T14:35:00Z","water_level",1.07585322843687,"m"
"S01","2025-01-03T14:40:00Z","water_level",0.83761006944563,"m"
"S01","2025-01-03T14:45:00Z","water_level",0.559444086396004,"m"
"S01","2025-01-03T14:50:00Z","water_level",1.08285982173552,"m"
"S01","2025-01-03T14:55:00Z","water_level",0.582722740606647,"m"
"S01","2025-01-03T15:00:00Z","water_level",0.630378624581307,"m"
"S01","2025-01-03T15:05:00Z","water_level",0.314064168287072,"m"
"S01","2025-01-03T15:10:00Z","water_level",0.245531831289525,"m"
"S01","2025-01-03T15:15:00Z","water_level",0.443494055186957,"m"
"S01","2025-01-03T15:20:00Z","water_level",0.058304291288104,"m"
"S01","2025-01-03T15:25:00Z","water_level",0.125239135334561,"m"
"S01","2025-01-03T15:30:00Z","water_level",0.102074868302604,"m"
"S01","2025-01-03T15:35:00Z","water_level",0.391140059562136,"m"
"S01","2025-01-03T15:40:00Z","water_level",0.0321058813034135,"m"
"S01","2025-01-03T15:45:00Z","water_level",0.00802965757845319,"m"
"S01","2025-01-03T15:50:00Z","water_level",0.20373758510697,"m"
"S01","2025-01-03T15:55:00Z","water_level",0.523809243534567,"m"
"S01","2025-01-03T16:00:00Z","water_level",2.12656798986083,"m"
"S01","2025-01-03T16:05:00Z","water_level",1.7143680254069,"m"
"S01","2025-01-03T16:10:00Z","water_level",0.102491058418048,"m"
"S01","2025-01-03T16:15:00Z","water_level",0.319267880489171,"m"
"S01","2025-01-03T16:20:00Z","water_level",0.119896006585906,"m"
"S01","2025-01-03T16:25:00Z","water_level",0.0764728243063131,"m"
"S01","2025-01-03T16:30:00Z","water_level",0.200779170348254,"m"
"S01","2025-01-03T16:35:00Z","water_level",0.264426974936068,"m"
"S01","2025-01-03T16:40:00Z","water_level",0.841875410589544,"m"
"S01","2025-01-03T16:45:00Z","water_level",0.326026829516666,"m"
"S01","2025-01-03T16:50:00Z","water_level",0.649221479716746,"m"
"S01","2025-01-03T16:55:00Z","water_level",0.573620237879428,"m"
"S01","2025-01-03T17:00:00Z","water_level",0.356238889562304,"m"
"S01","2025-01-03T17:05:00Z","water_level",0.0975744470029139,"m"
"S01","2025-01-03T17:10:00Z","water_level",0.0638455582935425,"m"
"S01","2025-01-03T17:15:00Z","water_level",0.0929919408603528,"m"
"S01","2025-01-03T17:20:00Z","water_level",0.869848152455301,"m"
"S01","2025-01-03T17:25:00Z","water_level",0.83101075883975,"m"
"S01","2025-01-03T17:30:00Z","water_level",0.287428221170121,"m"
"S01","2025-01-03T17:35:00Z","water_level",1.5113626014268,"m"
"S01","2025-01-03T17:40:00Z","water_level",1.37889288021693,"m"
"S01","2025-01-03T17:45:00Z","water_level",1.09516704334567,"m"
"S01","2025-01-03T17:50:00Z","water_level",0.312085518990076,"m"
"S01","2025-01-03T17:55:00Z","water_level",0.764920294421649,"m"
"S01","2025-01-03T18:00:00Z","water_level",0.917478585840337,"m"
"S01","2025-01-03T18:05:00Z","water_level",1.66491593540485,"m"
"S01","2025-01-03T18:10:00Z","water_level",1.42389487663099,"m"
"S01","2025-01-03T18:15:00Z","water_level",0.833040028132021,"m"
"S01","2025-01-03T18:20:00Z","water_level",0.117908460350371,"m"
"S01","2025-01-03T18:25:00Z","water_level",0.0302341972811145,"m"
"S01","2025-01-03T18:30:00Z","water_level",0.623894767320247,"m"
"S01","2025-01-03T18:35:00Z","water_level",0.117070439124836,"m"
"S01","2025-01-03T18:40:00Z","water_level",0.314530259611537,"m"
"S01","2025-01-03T18:45:00Z","water_level",0.344635029399805,"m"
"S01","2025-01-03T18:50:00Z","water_level",0.852710868520478,"m"
"S01","2025-01-03T18:55:00Z","water_level",0.588316882645645,"m"
"S01","2025-01-03T19:00:00Z","water_level",0.805355853434702,"m"
"S01","2025-01-03T19:05:00Z","water_level",0.169052631665924,"m"
"S01","2025-01-03T19:10:00Z","water_level",0.334177590398905,"m"
"S01","2025-01-03T19:15:00Z","water_level",0.153777491086431,"m"
"S01","2025-01-03T19:20:00Z","water_level",0.0710733312980706,"m"
"S01","2025-01-03T19:25:00Z","water_level",0.110499700981014,"m"
"S01","2025-01-03T19:30:00Z","water_level",0.163639935931505,"m"
"S01","2025-01-03T19:35:00Z","water_level",0.0184414542864642,"m"
"S01","2025-01-03T19:40:00Z","water_level",0.20786348370447,"m"
"S01","2025-01-03T19:45:00Z","water_level",0.441999032359069,"m"
"S01","2025-01-03T19:50:00Z","water_level",0.745983379309689,"m"
"S01","2025-01-03T19:55:00Z","water_level",0.599486039519383,"m"
"S01","2025-01-03T20:00:00Z","water_level",0.310232035423584,"m"
"S01","2025-01-03T20:05:00Z","water_level",0.109212065830572,"m"
"S01","2025-01-03T20:10:00Z","water_level",0.140551198847844,"m"
"S01","2025-01-03T20:15:00Z","water_level",0.886998903437623,"m"
"S01","2025-01-03T20:20:00Z","water_level",0.177102323029876,"m"
"S01","2025-01-03T20:25:00Z","water_level",0.502654384434968,"m"
"S01","2025-01-03T20:30:00Z","water_level",0.103375975774065,"m"
"S01","2025-01-03T20:35:00Z","water_level",0.0684406557104511,"m"
"S01","2025-01-03T20:40:00Z","water_level",0.198992873599172,"m"
"S01","2025-01-03T20:45:00Z","water_level",0.116382275327137,"m"
"S01","2025-01-03T20:50:00Z","water_level",0.0117326266052601,"m"
"S01","2025-01-03T20:55:00Z","water_level",0.00589490163880317,"m"
"S01","2025-01-03T21:00:00Z","water_level",0.293698619647055,"m"
"S01","2025-01-03T21:05:00Z","water_level",0.0334826839215827,"m"
"S01","2025-01-03T21:10:00Z","water_level",0.00936922873594398,"m"
"S01","2025-01-03T21:15:00Z","water_level",0.0560354045932513,"m"
"S01","2025-01-03T21:20:00Z","water_level",0.0579753208333405,"m"
"S01","2025-01-03T21:25:00Z","water_level",0.330727248377206,"m"
"S01","2025-01-03T21:30:00Z","water_level",0.422817409265408,"m"
"S01","2025-01-03T21:35:00Z","water_level",0.0404312535173846,"m"
"S01","2025-01-03T21:40:00Z","water_level",0.0560474889206432,"m"
"S01","2025-01-03T21:45:00Z","water_level",0.521803491025757,"m"
"S01","2025-01-03T21:50:00Z","water_level",0.72939243703994,"m"
"S01","2025-01-03T21:55:00Z","water_level",0.559570244782363,"m"
"S01","2025-01-03T22:00:00Z","water_level",0.263788377611502,"m"
"S01","2025-01-03T22:05:00Z","water_level",0.10131869319127,"m"
"S01","2025-01-03T22:10:00Z","water_level",0.193910839784804,"m"
"S01","2025-01-03T22:15:00Z","water_level",0.422562238897929,"m"
"S01","2025-01-03T22:20:00Z","water_level",0.969748075637656,"m"
"S01","2025-01-03T22:25:00Z","water_level",0.127422871704178,"m"
"S01","2025-01-03T22:30:00Z","water_level",0.624870827054617,"m"
"S01","2025-01-03T22:35:00Z","water_level",0.3871002555449,"m"
"S01","2025-01-03T22:40:00Z","water_level",0.709940688558951,"m"
"S01","2025-01-03T22:45:00Z","water_level",1.55766391772236,"m"
"S01","2025-01-03T22:50:00Z","water_level",2.786801054508,"m"
"S01","2025-01-03T22:55:00Z","water_level",1.58033025219356,"m"
"S01","2024-12-31T23:00:00Z","soil_moisture",24.4139326462115,"%"
"S01","2024-12-31T23:05:00Z","soil_moisture",35.0311573048411,"%"
"S01","2024-12-31T23:10:00Z","soil_moisture",44.8925332375889,"%"
"S01","2024-12-31T23:15:00Z","soil_moisture",26.08907052174,"%"
"S01","2024-12-31T23:20:00Z","soil_moisture",27.2092325936162,"%"
"S01","2024-12-31T23:25:00Z","soil_moisture",19.5338318244563,"%"
"S01","2024-12-31T23:30:00Z","soil_moisture",16.9833763714255,"%"
"S01","2024-12-31T23:35:00Z","soil_moisture",1.48812186057239,"%"
"S01","2024-12-31T23:40:00Z","soil_moisture",8.16960571414345,"%"
"S01","2024-12-31T23:45:00Z","soil_moisture",12.6940842103327,"%"
"S01","2024-12-31T23:50:00Z","soil_moisture",16.6145243703151,"%"
"S01","2024-12-31T23:55:00Z","soil_moisture",32.1723606363052,"%"
"S01","2025-01-01T00:00:00Z","soil_moisture",24.654967398561,"%"
"S01","2025-01-01T00:05:00Z","soil_moisture",38.7182373679518,"%"
"S01","2025-01-01T00:10:00Z","soil_moisture",30.1682385854398,"%"
"S01","2025-01-01T00:15:00Z","soil_moisture",17.6254716948316,"%"
"S01","2025-01-01T00:20:00Z","soil_moisture",20.2295443507846,"%"
"S01","2025-01-01T00:25:00Z","soil_moisture",28.4500967994416,"%"
"S01","2025-01-01T00:30:00Z","soil_moisture",16.036432048286,"%"
"S01","2025-01-01T00:35:00Z","soil_moisture",27.4137852550565,"%"
"S01","2025-01-01T00:40:00Z","soil_moisture",29.1293317155267,"%"
"S01","2025-01-01T00:45:00Z","soil_moisture",8.37794462269269,"%"
"S01","2025-01-01T00:50:00Z","soil_moisture",7.57616109880315,"%"
"S01","2025-01-01T00:55:00Z","soil_moisture",27.9145614422966,"%"
"S01","2025-01-01T01:00:00Z","soil_moisture",22.9602713971398,"%"
"S01","2025-01-01T01:05:00Z","soil_moisture",50.1649020125466,"%"
"S01","2025-01-01T01:10:00Z","soil_moisture",41.7046931587032,"%"
"S01","2025-01-01T01:15:00Z","soil_moisture",24.7459527023055,"%"
"S01","2025-01-01T01:20:00Z","soil_moisture",14.5098342481042,"%"
"S01","2025-01-01T01:25:00Z","soil_moisture",42.3559500773477,"%"
"S01","2025-01-01T01:30:00Z","soil_moisture",14.2131654470063,"%"
"S01","2025-01-01T01:35:00Z","soil_moisture",45.8331974681457,"%"
"S01","2025-01-01T01:40:00Z","soil_moisture",22.2938961447236,"%"
"S01","2025-01-01T01:45:00Z","soil_moisture",44.8435150621625,"%"
"S01","2025-01-01T01:50:00Z","soil_moisture",33.892080283714,"%"
"S01","2025-01-01T01:55:00Z","soil_moisture",16.0308285630838,"%"
"S01","2025-01-01T02:00:00Z","soil_moisture",18.593576771203,"%"
"S01","2025-01-01T02:05:00Z","soil_moisture",11.6667929292007,"%"
"S01","2025-01-01T02:10:00Z","soil_moisture",21.2216261112098,"%"
"S01","2025-01-01T02:15:00Z","soil_moisture",20.181142086068,"%"
"S01","2025-01-01T02:20:00Z","soil_moisture",14.4378918673146,"%"
"S01","2025-01-01T02:25:00Z","soil_moisture",28.4394839485164,"%"
"S01","2025-01-01T02:30:00Z","soil_moisture",16.8647981306156,"%"
"S01","2025-01-01T02:35:00Z","soil_moisture",14.601793867189,"%"
"S01","2025-01-01T02:40:00Z","soil_moisture",11.6350969715027,"%"
"S01","2025-01-01T02:45:00Z","soil_moisture",14.7446611744458,"%"
"S01","2025-01-01T02:50:00Z","soil_moisture",26.8159503076587,"%"
"S01","2025-01-01T02:55:00Z","soil_moisture",36.355770386867,"%"
"S01","2025-01-01T03:00:00Z","soil_moisture",14.0369544666518,"%"
"S01","2025-01-01T03:05:00Z","soil_moisture",24.5729886394253,"%"
"S01","2025-01-01T03:10:00Z","soil_moisture",25.2328534345306,"%"
"S01","2025-01-01T03:15:00Z","soil_moisture",22.8865238369737,"%"
"S01","2025-01-01T03:20:00Z","soil_moisture",45.1740635860547,"%"
"S01","2025-01-01T03:25:00Z","soil_moisture",28.4291369245509,"%"
"S01","2025-01-01T03:30:00Z","soil_moisture",17.1023063639427,"%"
"S01","2025-01-01T03:35:00Z","soil_moisture",29.1946501009664,"%"
"S01","2025-01-01T03:40:00Z","soil_moisture",26.517105006078,"%"
"S01","2025-01-01T03:45:00Z","soil_moisture",13.4144701274495,"%"
"S01","2025-01-01T03:50:00Z","soil_moisture",37.8282174356864,"%"
"S01","2025-01-01T03:55:00Z","soil_moisture",47.2899149407153,"%"
"S01","2025-01-01T04:00:00Z","soil_moisture",26.9917386199193,"%"
"S01","2025-01-01T04:05:00Z","soil_moisture",66.3685686992277,"%"
"S01","2025-01-01T04:10:00Z","soil_moisture",46.9197091778111,"%"
"S01","2025-01-01T04:15:00Z","soil_moisture",20.0904985143905,"%"
"S01","2025-01-01T04:20:00Z","soil_moisture",25.8998730398572,"%"
"S01","2025-01-01T04:25:00Z","soil_moisture",7.54012372480624,"%"
"S01","2025-01-01T04:30:00Z","soil_moisture",9.14462547446513,"%"
"S01","2025-01-01T04:35:00Z","soil_moisture",25.581312807105,"%"
"S01","2025-01-01T04:40:00Z","soil_moisture",35.1098152180549,"%"
"S01","2025-01-01T04:45:00Z","soil_moisture",31.7352407553054,"%"
"S01","2025-01-01T04:50:00Z","soil_moisture",19.838687627275,"%"
"S01","2025-01-01T04:55:00Z","soil_moisture",31.8212160864849,"%"
"S01","2025-01-01T05:00:00Z","soil_moisture",36.8170518068844,"%"
"S01","2025-01-01T05:05:00Z","soil_moisture",35.7730550249671,"%"
"S01","2025-01-01T05:10:00Z","soil_moisture",28.3713854921579,"%"
"S01","2025-01-01T05:15:00Z","soil_moisture",53.9156360299481,"%"
"S01","2025-01-01T05:20:00Z","soil_moisture",14.9195605478498,"%"
"S01","2025-01-01T05:25:00Z","soil_moisture",5.75596187857186,"%"
"S01","2025-01-01T05:30:00Z","soil_moisture",7.11036574089978,"%"
"S01","2025-01-01T05:35:00Z","soil_moisture",9.74319339243999,"%"
"S01","2025-01-01T05:40:00Z","soil_moisture",37.2675878289014,"%"
"S01","2025-01-01T05:45:00Z","soil_moisture",20.1918019034585,"%"
"S01","2025-01-01T05:50:00Z","soil_moisture",37.7324128621788,"%"
"S01","2025-01-01T05:55:00Z","soil_moisture",18.3514141605574,"%"
"S01","2025-01-01T06:00:00Z","soil_moisture",8.82897866670147,"%"
"S01","2025-01-01T06:05:00Z","soil_moisture",19.3675613895185,"%"
"S01","2025-01-01T06:10:00Z","soil_moisture",14.0196649961195,"%"
"S01","2025-01-01T06:15:00Z","soil_moisture",39.1428698456106,"%"
"S01","2025-01-01T06:20:00Z","soil_moisture",20.3558627473135,"%"
"S01","2025-01-01T06:25:00Z","soil_moisture",13.5384813568127,"%"
"S01","2025-01-01T06:30:00Z","soil_moisture",23.4269740521985,"%"
"S01","2025-01-01T06:35:00Z","soil_moisture",31.4726791973388,"%"
"S01","2025-01-01T06:40:00Z","soil_moisture",21.6843386384339,"%"
"S01","2025-01-01T06:45:00Z","soil_moisture",6.41295487838155,"%"
"S01","2025-01-01T06:50:00Z","soil_moisture",7.50372641781858,"%"
"S01","2025-01-01T06:55:00Z","soil_moisture",23.4641408868932,"%"
"S01","2025-01-01T07:00:00Z","soil_moisture",40.5828909610284,"%"
"S01","2025-01-01T07:05:00Z","soil_moisture",28.291050756271,"%"
"S01","2025-01-01T07:10:00Z","soil_moisture",29.1929790350477,"%"
"S01","2025-01-01T07:15:00Z","soil_moisture",16.6989246244872,"%"
"S01","2025-01-01T07:20:00Z","soil_moisture",16.7909453005443,"%"
"S01","2025-01-01T07:25:00Z","soil_moisture",11.7983004824183,"%"
"S01","2025-01-01T07:30:00Z","soil_moisture",21.9900861082826,"%"
"S01","2025-01-01T07:35:00Z","soil_moisture",50.4482338321096,"%"
"S01","2025-01-01T07:40:00Z","soil_moisture",24.6841839791717,"%"
"S01","2025-01-01T07:45:00Z","soil_moisture",28.2417685342602,"%"
"S01","2025-01-01T07:50:00Z","soil_moisture",20.5751697558971,"%"
"S01","2025-01-01T07:55:00Z","soil_moisture",4.96167422026741,"%"
"S01","2025-01-01T08:00:00Z","soil_moisture",16.811498134204,"%"
"S01","2025-01-01T08:05:00Z","soil_moisture",11.8863416143955,"%"
"S01","2025-01-01T08:10:00Z","soil_moisture",6.68505902620293,"%"
"S01","2025-01-01T08:15:00Z","soil_moisture",10.631015876586,"%"
"S01","2025-01-01T08:20:00Z","soil_moisture",28.0656573148518,"%"
"S01","2025-01-01T08:25:00Z","soil_moisture",28.4696542390746,"%"
"S01","2025-01-01T08:30:00Z","soil_moisture",8.11109458561346,"%"
"S01","2025-01-01T08:35:00Z","soil_moisture",32.6157325275248,"%"
"S01","2025-01-01T08:40:00Z","soil_moisture",42.9862694226241,"%"
"S01","2025-01-01T08:45:00Z","soil_moisture",30.293377158154,"%"
"S01","2025-01-01T08:50:00Z","soil_moisture",12.6854666852528,"%"
"S01","2025-01-01T08:55:00Z","soil_moisture",44.6204147140126,"%"
"S01","2025-01-01T09:00:00Z","soil_moisture",9.63422222216288,"%"
"S01","2025-01-01T09:05:00Z","soil_moisture",4.03638211676206,"%"
"S01","2025-01-01T09:10:00Z","soil_moisture",4.29083949472531,"%"
"S01","2025-01-01T09:15:00Z","soil_moisture",24.214228461561,"%"
"S01","2025-01-01T09:20:00Z","soil_moisture",8.87468894027659,"%"
"S01","2025-01-01T09:25:00Z","soil_moisture",6.49538163147685,"%"
"S01","2025-01-01T09:30:00Z","soil_moisture",30.014026323001,"%"
"S01","2025-01-01T09:35:00Z","soil_moisture",20.3044813467842,"%"
"S01","2025-01-01T09:40:00Z","soil_moisture",18.4931971038923,"%"
"S01","2025-01-01T09:45:00Z","soil_moisture",23.0581415583176,"%"
"S01","2025-01-01T09:50:00Z","soil_moisture",34.2624612497646,"%"
"S01","2025-01-01T09:55:00Z","soil_moisture",42.2215583014345,"%"
"S01","2025-01-01T10:00:00Z","soil_moisture",30.9190790863127,"%"
"S01","2025-01-01T10:05:00Z","soil_moisture",25.7335876164919,"%"
"S01","2025-01-01T10:10:00Z","soil_moisture",38.1797771902781,"%"
"S01","2025-01-01T10:15:00Z","soil_moisture",15.135929677156,"%"
"S01","2025-01-01T10:20:00Z","soil_moisture",12.7556976237105,"%"
"S01","2025-01-01T10:25:00Z","soil_moisture",13.9005677507195,"%"
"S01","2025-01-01T10:30:00Z","soil_moisture",16.8892373703545,"%"
"S01","2025-01-01T10:35:00Z","soil_moisture",22.3048136984082,"%"
"S01","2025-01-01T10:40:00Z","soil_moisture",25.9460182812922,"%"
"S01","2025-01-01T10:45:00Z","soil_moisture",61.4143763911568,"%"
"S01","2025-01-01T10:50:00Z","soil_moisture",37.0492360033444,"%"
"S01","2025-01-01T10:55:00Z","soil_moisture",45.7418191777924,"%"
"S01","2025-01-01T11:00:00Z","soil_moisture",35.0759242315278,"%"
"S01","2025-01-01T11:05:00Z","soil_moisture",44.6480419350858,"%"
"S01","2025-01-01T11:10:00Z","soil_moisture",53.5986306046625,"%"
"S01","2025-01-01T11:15:00Z","soil_moisture",35.893276477376,"%"
"S01","2025-01-01T11:20:00Z","soil_moisture",34.1940308780276,"%"
"S01","2025-01-01T11:25:00Z","soil_moisture",20.0178429126829,"%"
"S01","2025-01-01T11:30:00Z","soil_moisture",33.2392156323118,"%"
"S01","2025-01-01T11:35:00Z","soil_moisture",27.0034964192714,"%"
"S01","2025-01-01T11:40:00Z","soil_moisture",22.0298665136074,"%"
"S01","2025-01-01T11:45:00Z","soil_moisture",11.7362652725118,"%"
"S01","2025-01-01T11:50:00Z","soil_moisture",7.21199524856192,"%"
"S01","2025-01-01T11:55:00Z","soil_moisture",4.51073630803667,"%"
"S01","2025-01-01T12:00:00Z","soil_moisture",6.90450683434748,"%"
"S01","2025-01-01T12:05:00Z","soil_moisture",7.37853570380509,"%"
"S01","2025-01-01T12:10:00Z","soil_moisture",2.05863508786545,"%"
"S01","2025-01-01T12:15:00Z","soil_moisture",7.13115144348762,"%"
"S01","2025-01-01T12:20:00Z","soil_moisture",16.6691996886153,"%"
"S01","2025-01-01T12:25:00Z","soil_moisture",30.8541263707748,"%"
"S01","2025-01-01T12:30:00Z","soil_moisture",28.2500514275059,"%"
"S01","2025-01-01T12:35:00Z","soil_moisture",40.5105342998045,"%"
"S01","2025-01-01T12:40:00Z","soil_moisture",33.7671945842243,"%"
"S01","2025-01-01T12:45:00Z","soil_moisture",14.9513941013498,"%"
"S01","2025-01-01T12:50:00Z","soil_moisture",19.4990183770727,"%"
"S01","2025-01-01T12:55:00Z","soil_moisture",20.305422840931,"%"
"S01","2025-01-01T13:00:00Z","soil_moisture",41.5735306506789,"%"
"S01","2025-01-01T13:05:00Z","soil_moisture",19.2461149126681,"%"
"S01","2025-01-01T13:10:00Z","soil_moisture",41.5912522345645,"%"
"S01","2025-01-01T13:15:00Z","soil_moisture",30.5119635166088,"%"
"S01","2025-01-01T13:20:00Z","soil_moisture",14.3169408543423,"%"
"S01","2025-01-01T13:25:00Z","soil_moisture",19.9184224374559,"%"
"S01","2025-01-01T13:30:00Z","soil_moisture",22.7437387690285,"%"
"S01","2025-01-01T13:35:00Z","soil_moisture",34.0621987734238,"%"
"S01","2025-01-01T13:40:00Z","soil_moisture",33.2586576301521,"%"
"S01","2025-01-01T13:45:00Z","soil_moisture",36.4604674549827,"%"
"S01","2025-01-01T13:50:00Z","soil_moisture",49.5511339005463,"%"
"S01","2025-01-01T13:55:00Z","soil_moisture",33.9857889242693,"%"
"S01","2025-01-01T14:00:00Z","soil_moisture",47.6129031483396,"%"
"S01","2025-01-01T14:05:00Z","soil_moisture",50.5616431239949,"%"
"S01","2025-01-01T14:10:00Z","soil_moisture",59.7566969504851,"%"
"S01","2025-01-01T14:15:00Z","soil_moisture",33.9782334250713,"%"
"S01","2025-01-01T14:20:00Z","soil_moisture",38.9353531907628,"%"
"S01","2025-01-01T14:25:00Z","soil_moisture",33.7700342080069,"%"
"S01","2025-01-01T14:30:00Z","soil_moisture",44.2743864282348,"%"
"S01","2025-01-01T14:35:00Z","soil_moisture",32.5193906174468,"%"
"S01","2025-01-01T14:40:00Z","soil_moisture",23.1902135479668,"%"
"S01","2025-01-01T14:45:00Z","soil_moisture",31.5133796632635,"%"
"S01","2025-01-01T14:50:00Z","soil_moisture",35.7545200829447,"%"
"S01","2025-01-01T14:55:00Z","soil_moisture",40.1521310531845,"%"
"S01","2025-01-01T15:00:00Z","soil_moisture",44.7269726965234,"%"
"S01","2025-01-01T15:05:00Z","soil_moisture",18.8834784244225,"%"
"S01","2025-01-01T15:10:00Z","soil_moisture",26.9704803764201,"%"
"S01","2025-01-01T15:15:00Z","soil_moisture",48.2743526598356,"%"
"S01","2025-01-01T15:20:00Z","soil_moisture",59.8695201357589,"%"
"S01","2025-01-01T15:25:00Z","soil_moisture",20.1596777729348,"%"
"S01","2025-01-01T15:30:00Z","soil_moisture",5.45717292512905,"%"
"S01","2025-01-01T15:35:00Z","soil_moisture",13.2089419082895,"%"
"S01","2025-01-01T15:40:00Z","soil_moisture",14.5719099373234,"%"
"S01","2025-01-01T15:45:00Z","soil_moisture",6.56803422763051,"%"
"S01","2025-01-01T15:50:00Z","soil_moisture",23.1659728068594,"%"
"S01","2025-01-01T15:55:00Z","soil_moisture",6.7101699228045,"%"
"S01","2025-01-01T16:00:00Z","soil_moisture",25.4012010597966,"%"
"S01","2025-01-01T16:05:00Z","soil_moisture",35.6092521982479,"%"
"S01","2025-01-01T16:10:00Z","soil_moisture",49.6641349932658,"%"
"S01","2025-01-01T16:15:00Z","soil_moisture",56.4792267297668,"%"
"S01","2025-01-01T16:20:00Z","soil_moisture",41.9199422609905,"%"
"S01","2025-01-01T16:25:00Z","soil_moisture",63.1233154285469,"%"
"S01","2025-01-01T16:30:00Z","soil_moisture",72.7011001609005,"%"
"S01","2025-01-01T16:35:00Z","soil_moisture",57.1847282341944,"%"
"S01","2025-01-01T16:40:00Z","soil_moisture",51.8237166816267,"%"
"S01","2025-01-01T16:45:00Z","soil_moisture",55.9800089121836,"%"
"S01","2025-01-01T16:50:00Z","soil_moisture",54.6899851310693,"%"
"S01","2025-01-01T16:55:00Z","soil_moisture",55.1930415176288,"%"
"S01","2025-01-01T17:00:00Z","soil_moisture",54.8098916824159,"%"
"S01","2025-01-01T17:05:00Z","soil_moisture",24.9740425929843,"%"
"S01","2025-01-01T17:10:00Z","soil_moisture",37.9712567871684,"%"
"S01","2025-01-01T17:15:00Z","soil_moisture",48.2440705769648,"%"
"S01","2025-01-01T17:20:00Z","soil_moisture",33.4396829692117,"%"
"S01","2025-01-01T17:25:00Z","soil_moisture",37.6286516021566,"%"
"S01","2025-01-01T17:30:00Z","soil_moisture",62.9689848808251,"%"
"S01","2025-01-01T17:35:00Z","soil_moisture",55.2824808221912,"%"
"S01","2025-01-01T17:40:00Z","soil_moisture",37.3743966998008,"%"
"S01","2025-01-01T17:45:00Z","soil_moisture",56.3763895030527,"%"
"S01","2025-01-01T17:50:00Z","soil_moisture",54.3485822976237,"%"
"S01","2025-01-01T17:55:00Z","soil_moisture",41.5000845650095,"%"
"S01","2025-01-01T18:00:00Z","soil_moisture",22.9455329322569,"%"
"S01","2025-01-01T18:05:00Z","soil_moisture",25.9233793821414,"%"
"S01","2025-01-01T18:10:00Z","soil_moisture",27.0363609235529,"%"
"S01","2025-01-01T18:15:00Z","soil_moisture",35.3024471910278,"%"
"S01","2025-01-01T18:20:00Z","soil_moisture",53.0379055420623,"%"
"S01","2025-01-01T18:25:00Z","soil_moisture",50.0585069793186,"%"
"S01","2025-01-01T18:30:00Z","soil_moisture",31.5587012608437,"%"
"S01","2025-01-01T18:35:00Z","soil_moisture",27.7966548536965,"%"
"S01","2025-01-01T18:40:00Z","soil_moisture",38.5306824975745,"%"
"S01","2025-01-01T18:45:00Z","soil_moisture",68.008565960749,"%"
"S01","2025-01-01T18:50:00Z","soil_moisture",64.6539502132976,"%"
"S01","2025-01-01T18:55:00Z","soil_moisture",41.2505599603941,"%"
"S01","2025-01-01T19:00:00Z","soil_moisture",48.6152707956111,"%"
"S01","2025-01-01T19:05:00Z","soil_moisture",63.0519177837094,"%"
"S01","2025-01-01T19:10:00Z","soil_moisture",62.1539807272856,"%"
"S01","2025-01-01T19:15:00Z","soil_moisture",59.3886222963928,"%"
"S01","2025-01-01T19:20:00Z","soil_moisture",43.2171137344216,"%"
"S01","2025-01-01T19:25:00Z","soil_moisture",39.8303111977808,"%"
"S01","2025-01-01T19:30:00Z","soil_moisture",46.9585588175862,"%"
"S01","2025-01-01T19:35:00Z","soil_moisture",33.5585375788647,"%"
"S01","2025-01-01T19:40:00Z","soil_moisture",31.8520943898129,"%"
"S01","2025-01-01T19:45:00Z","soil_moisture",75.2440688209418,"%"
"S01","2025-01-01T19:50:00Z","soil_moisture",51.1201218567624,"%"
"S01","2025-01-01T19:55:00Z","soil_moisture",47.4196818249797,"%"
"S01","2025-01-01T20:00:00Z","soil_moisture",43.8790211367682,"%"
"S01","2025-01-01T20:05:00Z","soil_moisture",34.6661341412173,"%"
"S01","2025-01-01T20:10:00Z","soil_moisture",29.5671036052611,"%"
"S01","2025-01-01T20:15:00Z","soil_moisture",29.8717017439739,"%"
"S01","2025-01-01T20:20:00Z","soil_moisture",13.5508357205142,"%"
"S01","2025-01-01T20:25:00Z","soil_moisture",31.9282207251135,"%"
"S01","2025-01-01T20:30:00Z","soil_moisture",43.4289389517346,"%"
"S01","2025-01-01T20:35:00Z","soil_moisture",21.8542521559534,"%"
"S01","2025-01-01T20:40:00Z","soil_moisture",24.4292311356884,"%"
"S01","2025-01-01T20:45:00Z","soil_moisture",60.9088830127513,"%"
"S01","2025-01-01T20:50:00Z","soil_moisture",76.4770771856717,"%"
"S01","2025-01-01T20:55:00Z","soil_moisture",51.1489934014637,"%"
"S01","2025-01-01T21:00:00Z","soil_moisture",40.1310244407949,"%"
"S01","2025-01-01T21:05:00Z","soil_moisture",50.6601426695751,"%"
"S01","2025-01-01T21:10:00Z","soil_moisture",62.4995652202066,"%"
"S01","2025-01-01T21:15:00Z","soil_moisture",60.2579019935602,"%"
"S01","2025-01-01T21:20:00Z","soil_moisture",55.6543251348213,"%"
"S01","2025-01-01T21:25:00Z","soil_moisture",43.2479798234126,"%"
"S01","2025-01-01T21:30:00Z","soil_moisture",21.1823120567839,"%"
"S01","2025-01-01T21:35:00Z","soil_moisture",10.2591139135776,"%"
"S01","2025-01-01T21:40:00Z","soil_moisture",17.7457256012117,"%"
"S01","2025-01-01T21:45:00Z","soil_moisture",13.6777173251554,"%"
"S01","2025-01-01T21:50:00Z","soil_moisture",23.1170511315749,"%"
"S01","2025-01-01T21:55:00Z","soil_moisture",34.4194214693641,"%"
"S01","2025-01-01T22:00:00Z","soil_moisture",38.0222757133427,"%"
"S01","2025-01-01T22:05:00Z","soil_moisture",22.616998204541,"%"
"S01","2025-01-01T22:10:00Z","soil_moisture",16.4096714317999,"%"
"S01","2025-01-01T22:15:00Z","soil_moisture",28.1751652117129,"%"
"S01","2025-01-01T22:20:00Z","soil_moisture",38.824472704803,"%"
"S01","2025-01-01T22:25:00Z","soil_moisture",57.7868497169365,"%"
"S01","2025-01-01T22:30:00Z","soil_moisture",7.26104260013108,"%"
"S01","2025-01-01T22:35:00Z","soil_moisture",31.6562509707761,"%"
"S01","2025-01-01T22:40:00Z","soil_moisture",42.5795327741545,"%"
"S01","2025-01-01T22:45:00Z","soil_moisture",21.9269566235158,"%"
"S01","2025-01-01T22:50:00Z","soil_moisture",14.0394425243145,"%"
"S01","2025-01-01T22:55:00Z","soil_moisture",24.8048830701571,"%"
"S01","2025-01-01T23:00:00Z","soil_moisture",33.9712596949109,"%"
"S01","2025-01-01T23:05:00Z","soil_moisture",12.7216439785896,"%"
"S01","2025-01-01T23:10:00Z","soil_moisture",14.7334007914739,"%"
"S01","2025-01-01T23:15:00Z","soil_moisture",32.0705799333823,"%"
"S01","2025-01-01T23:20:00Z","soil_moisture",46.5440365045014,"%"
"S01","2025-01-01T23:25:00Z","soil_moisture",32.0004573757894,"%"
"S01","2025-01-01T23:30:00Z","soil_moisture",41.0601300747574,"%"
"S01","2025-01-01T23:35:00Z","soil_moisture",28.8681990467519,"%"
"S01","2025-01-01T23:40:00Z","soil_moisture",18.5542618377404,"%"
"S01","2025-01-01T23:45:00Z","soil_moisture",9.67690870542792,"%"
"S01","2025-01-01T23:50:00Z","soil_moisture",14.7622335095816,"%"
"S01","2025-01-01T23:55:00Z","soil_moisture",49.51192046214,"%"
"S01","2025-01-02T00:00:00Z","soil_moisture",30.8416868146807,"%"
"S01","2025-01-02T00:05:00Z","soil_moisture",47.2111909510661,"%"
"S01","2025-01-02T00:10:00Z","soil_moisture",40.0374535322228,"%"
"S01","2025-01-02T00:15:00Z","soil_moisture",46.8142189810213,"%"
"S01","2025-01-02T00:20:00Z","soil_moisture",41.2251156931486,"%"
"S01","2025-01-02T00:25:00Z","soil_moisture",17.2830564062224,"%"
"S01","2025-01-02T00:30:00Z","soil_moisture",9.27929166527943,"%"
"S01","2025-01-02T00:35:00Z","soil_moisture",21.9083350673622,"%"
"S01","2025-01-02T00:40:00Z","soil_moisture",21.0925957485274,"%"
"S01","2025-01-02T00:45:00Z","soil_moisture",16.3326029528976,"%"
"S01","2025-01-02T00:50:00Z","soil_moisture",19.7328654246648,"%"
"S01","2025-01-02T00:55:00Z","soil_moisture",20.1097980629205,"%"
"S01","2025-01-02T01:00:00Z","soil_moisture",47.2757023617772,"%"
"S01","2025-01-02T01:05:00Z","soil_moisture",27.0313972627493,"%"
"S01","2025-01-02T01:10:00Z","soil_moisture",7.91271221665329,"%"
"S01","2025-01-02T01:15:00Z","soil_moisture",4.37316139085359,"%"
"S01","2025-01-02T01:20:00Z","soil_moisture",4.86392335957045,"%"
"S01","2025-01-02T01:25:00Z","soil_moisture",2.55347516267697,"%"
"S01","2025-01-02T01:30:00Z","soil_moisture",5.97622443509355,"%"
"S01","2025-01-02T01:35:00Z","soil_moisture",22.1884162353088,"%"
"S01","2025-01-02T01:40:00Z","soil_moisture",53.5560563816786,"%"
"S01","2025-01-02T01:45:00Z","soil_moisture",30.2061567123746,"%"
"S01","2025-01-02T01:50:00Z","soil_moisture",37.6143290737955,"%"
"S01","2025-01-02T01:55:00Z","soil_moisture",41.9843022458878,"%"
"S01","2025-01-02T02:00:00Z","soil_moisture",30.6243515572373,"%"
"S01","2025-01-02T02:05:00Z","soil_moisture",29.6171065769869,"%"
"S01","2025-01-02T02:10:00Z","soil_moisture",48.4290306421763,"%"
"S01","2025-01-02T02:15:00Z","soil_moisture",78.6691532709847,"%"
"S01","2025-01-02T02:20:00Z","soil_moisture",59.1565847813012,"%"
"S01","2025-01-02T02:25:00Z","soil_moisture",67.8564899736631,"%"
"S01","2025-01-02T02:30:00Z","soil_moisture",73.6048608091452,"%"
"S01","2025-01-02T02:35:00Z","soil_moisture",72.5948986311764,"%"
"S01","2025-01-02T02:40:00Z","soil_moisture",70.3470394887208,"%"
"S01","2025-01-02T02:45:00Z","soil_moisture",36.2407351886628,"%"
"S01","2025-01-02T02:50:00Z","soil_moisture",31.0059637468068,"%"
"S01","2025-01-02T02:55:00Z","soil_moisture",41.4609493010231,"%"
"S01","2025-01-02T03:00:00Z","soil_moisture",44.1404221903973,"%"
"S01","2025-01-02T03:05:00Z","soil_moisture",31.4284755936982,"%"
"S01","2025-01-02T03:10:00Z","soil_moisture",29.1094750594863,"%"
"S01","2025-01-02T03:15:00Z","soil_moisture",39.5561238593143,"%"
"S01","2025-01-02T03:20:00Z","soil_moisture",14.8290177527232,"%"
"S01","2025-01-02T03:25:00Z","soil_moisture",11.6233257605958,"%"
"S01","2025-01-02T03:30:00Z","soil_moisture",18.0355243401824,"%"
"S01","2025-01-02T03:35:00Z","soil_moisture",16.8051332009303,"%"
"S01","2025-01-02T03:40:00Z","soil_moisture",46.3814924705198,"%"
"S01","2025-01-02T03:45:00Z","soil_moisture",38.2351778101359,"%"
"S01","2025-01-02T03:50:00Z","soil_moisture",14.5532016134579,"%"
"S01","2025-01-02T03:55:00Z","soil_moisture",38.0087839155966,"%"
"S01","2025-01-02T04:00:00Z","soil_moisture",19.5044840130059,"%"
"S01","2025-01-02T04:05:00Z","soil_moisture",19.3816013179071,"%"
"S01","2025-01-02T04:10:00Z","soil_moisture",8.73475391395215,"%"
"S01","2025-01-02T04:15:00Z","soil_moisture",30.7552599551245,"%"
"S01","2025-01-02T04:20:00Z","soil_moisture",8.67489892176247,"%"
"S01","2025-01-02T04:25:00Z","soil_moisture",8.81713021851751,"%"
"S01","2025-01-02T04:30:00Z","soil_moisture",12.5805823689592,"%"
"S01","2025-01-02T04:35:00Z","soil_moisture",19.3331943798824,"%"
"S01","2025-01-02T04:40:00Z","soil_moisture",28.1986633624948,"%"
"S01","2025-01-02T04:45:00Z","soil_moisture",47.2889947058493,"%"
"S01","2025-01-02T04:50:00Z","soil_moisture",16.0190480304939,"%"
"S01","2025-01-02T04:55:00Z","soil_moisture",34.2527151385987,"%"
"S01","2025-01-02T05:00:00Z","soil_moisture",30.7477959655231,"%"
"S01","2025-01-02T05:05:00Z","soil_moisture",18.5738328890007,"%"
"S01","2025-01-02T05:10:00Z","soil_moisture",18.9080216834833,"%"
"S01","2025-01-02T05:15:00Z","soil_moisture",4.06200926588367,"%"
"S01","2025-01-02T05:20:00Z","soil_moisture",18.5230562927445,"%"
"S01","2025-01-02T05:25:00Z","soil_moisture",20.9618810673554,"%"
"S01","2025-01-02T05:30:00Z","soil_moisture",39.721461717034,"%"
"S01","2025-01-02T05:35:00Z","soil_moisture",46.1054785310721,"%"
"S01","2025-01-02T05:40:00Z","soil_moisture",8.31548424963017,"%"
"S01","2025-01-02T05:45:00Z","soil_moisture",44.0949593788635,"%"
"S01","2025-01-02T05:50:00Z","soil_moisture",36.0813521828992,"%"
"S01","2025-01-02T05:55:00Z","soil_moisture",38.9858563511628,"%"
"S01","2025-01-02T06:00:00Z","soil_moisture",18.5191905204083,"%"
"S01","2025-01-02T06:05:00Z","soil_moisture",15.0153068382943,"%"
"S01","2025-01-02T06:10:00Z","soil_moisture",41.9162907103253,"%"
"S01","2025-01-02T06:15:00Z","soil_moisture",8.92602225377773,"%"
"S01","2025-01-02T06:20:00Z","soil_moisture",35.6264179887585,"%"
"S01","2025-01-02T06:25:00Z","soil_moisture",24.6468888092907,"%"
"S01","2025-01-02T06:30:00Z","soil_moisture",13.5479878972721,"%"
"S01","2025-01-02T06:35:00Z","soil_moisture",8.8699511881662,"%"
"S01","2025-01-02T06:40:00Z","soil_moisture",20.3184869137106,"%"
"S01","2025-01-02T06:45:00Z","soil_moisture",38.2051369728527,"%"
"S01","2025-01-02T06:50:00Z","soil_moisture",27.6156261050456,"%"
"S01","2025-01-02T06:55:00Z","soil_moisture",17.3059912783658,"%"
"S01","2025-01-02T07:00:00Z","soil_moisture",17.0799554100214,"%"
"S01","2025-01-02T07:05:00Z","soil_moisture",6.67882562365987,"%"
"S01","2025-01-02T07:10:00Z","soil_moisture",15.5566428906659,"%"
"S01","2025-01-02T07:15:00Z","soil_moisture",23.9052124183202,"%"
"S01","2025-01-02T07:20:00Z","soil_moisture",17.3028964950372,"%"
"S01","2025-01-02T07:25:00Z","soil_moisture",11.8629857260747,"%"
"S01","2025-01-02T07:30:00Z","soil_moisture",8.53237802670199,"%"
"S01","2025-01-02T07:35:00Z","soil_moisture",12.1545698695887,"%"
"S01","2025-01-02T07:40:00Z","soil_moisture",6.24301745453046,"%"
"S01","2025-01-02T07:45:00Z","soil_moisture",14.2017815493154,"%"
"S01","2025-01-02T07:50:00Z","soil_moisture",49.2993980554837,"%"
"S01","2025-01-02T07:55:00Z","soil_moisture",29.5260310398339,"%"
"S01","2025-01-02T08:00:00Z","soil_moisture",24.1150738835222,"%"
"S01","2025-01-02T08:05:00Z","soil_moisture",3.83457743556204,"%"
"S01","2025-01-02T08:10:00Z","soil_moisture",9.82790730406316,"%"
"S01","2025-01-02T08:15:00Z","soil_moisture",17.3677276946542,"%"
"S01","2025-01-02T08:20:00Z","soil_moisture",9.33857098463881,"%"
"S01","2025-01-02T08:25:00Z","soil_moisture",22.7993429230192,"%"
"S01","2025-01-02T08:30:00Z","soil_moisture",23.4102463965236,"%"
"S01","2025-01-02T08:35:00Z","soil_moisture",55.1590051332385,"%"
"S01","2025-01-02T08:40:00Z","soil_moisture",15.1779262141771,"%"
"S01","2025-01-02T08:45:00Z","soil_moisture",18.8151607388932,"%"
"S01","2025-01-02T08:50:00Z","soil_moisture",13.7614368063314,"%"
"S01","2025-01-02T08:55:00Z","soil_moisture",57.8240879753578,"%"
"S01","2025-01-02T09:00:00Z","soil_moisture",13.1980071575378,"%"
"S01","2025-01-02T09:05:00Z","soil_moisture",16.7948586274522,"%"
"S01","2025-01-02T09:10:00Z","soil_moisture",19.4494030285959,"%"
"S01","2025-01-02T09:15:00Z","soil_moisture",23.6278760773793,"%"
"S01","2025-01-02T09:20:00Z","soil_moisture",27.5937371552552,"%"
"S01","2025-01-02T09:25:00Z","soil_moisture",36.3686893026863,"%"
"S01","2025-01-02T09:30:00Z","soil_moisture",48.6930519814469,"%"
"S01","2025-01-02T09:35:00Z","soil_moisture",25.650734361348,"%"
"S01","2025-01-02T09:40:00Z","soil_moisture",77.9300665017039,"%"
"S01","2025-01-02T09:45:00Z","soil_moisture",76.0093642946501,"%"
"S01","2025-01-02T09:50:00Z","soil_moisture",50.7770270949001,"%"
"S01","2025-01-02T09:55:00Z","soil_moisture",38.0623721072104,"%"
"S01","2025-01-02T10:00:00Z","soil_moisture",36.3964949600878,"%"
"S01","2025-01-02T10:05:00Z","soil_moisture",46.9349241929501,"%"
"S01","2025-01-02T10:10:00Z","soil_moisture",65.3018049478859,"%"
"S01","2025-01-02T10:15:00Z","soil_moisture",52.9185464682834,"%"
"S01","2025-01-02T10:20:00Z","soil_moisture",21.8993410692749,"%"
"S01","2025-01-02T10:25:00Z","soil_moisture",43.4688558591295,"%"
"S01","2025-01-02T10:30:00Z","soil_moisture",11.7114138362314,"%"
"S01","2025-01-02T10:35:00Z","soil_moisture",20.5633165464036,"%"
"S01","2025-01-02T10:40:00Z","soil_moisture",8.96613556678929,"%"
"S01","2025-01-02T10:45:00Z","soil_moisture",5.44878774672946,"%"
"S01","2025-01-02T10:50:00Z","soil_moisture",4.02355486424311,"%"
"S01","2025-01-02T10:55:00Z","soil_moisture",17.9934418719571,"%"
"S01","2025-01-02T11:00:00Z","soil_moisture",15.7122000228433,"%"
"S01","2025-01-02T11:05:00Z","soil_moisture",4.80922183502771,"%"
"S01","2025-01-02T11:10:00Z","soil_moisture",10.2385020673097,"%"
"S01","2025-01-02T11:15:00Z","soil_moisture",14.1477587162401,"%"
"S01","2025-01-02T11:20:00Z","soil_moisture",40.4601979856326,"%"
"S01","2025-01-02T11:25:00Z","soil_moisture",40.9260913100388,"%"
"S01","2025-01-02T11:30:00Z","soil_moisture",33.1608895106302,"%"
"S01","2025-01-02T11:35:00Z","soil_moisture",40.2661282633554,"%"
"S01","2025-01-02T11:40:00Z","soil_moisture",23.2248126954429,"%"
"S01","2025-01-02T11:45:00Z","soil_moisture",41.487383058585,"%"
"S01","2025-01-02T11:50:00Z","soil_moisture",20.0927569743657,"%"
"S01","2025-01-02T11:55:00Z","soil_moisture",37.8945727231617,"%"
"S01","2025-01-02T12:00:00Z","soil_moisture",11.2931972793171,"%"
"S01","2025-01-02T12:05:00Z","soil_moisture",14.5240479409079,"%"
"S01","2025-01-02T12:10:00Z","soil_moisture",3.05423988710213,"%"
"S01","2025-01-02T12:15:00Z","soil_moisture",6.52165823646801,"%"
"S01","2025-01-02T12:20:00Z","soil_moisture",13.9327370157885,"%"
"S01","2025-01-02T12:25:00Z","soil_moisture",26.7644091966764,"%"
"S01","2025-01-02T12:30:00Z","soil_moisture",27.0609098872431,"%"
"S01","2025-01-02T12:35:00Z","soil_moisture",21.9937846759719,"%"
"S01","2025-01-02T12:40:00Z","soil_moisture",12.8829473049493,"%"
"S01","2025-01-02T12:45:00Z","soil_moisture",24.4583600578481,"%"
"S01","2025-01-02T12:50:00Z","soil_moisture",44.5813729673139,"%"
"S01","2025-01-02T12:55:00Z","soil_moisture",47.1711764498486,"%"
"S01","2025-01-02T13:00:00Z","soil_moisture",52.2078176346884,"%"
"S01","2025-01-02T13:05:00Z","soil_moisture",44.8085794615949,"%"
"S01","2025-01-02T13:10:00Z","soil_moisture",24.3187931931949,"%"
"S01","2025-01-02T13:15:00Z","soil_moisture",23.7976038750365,"%"
"S01","2025-01-02T13:20:00Z","soil_moisture",18.2322119131501,"%"
"S01","2025-01-02T13:25:00Z","soil_moisture",25.2701415050256,"%"
"S01","2025-01-02T13:30:00Z","soil_moisture",38.3826379009068,"%"
"S01","2025-01-02T13:35:00Z","soil_moisture",67.647607015256,"%"
"S01","2025-01-02T13:40:00Z","soil_moisture",56.1161260229048,"%"
"S01","2025-01-02T13:45:00Z","soil_moisture",39.456268212149,"%"
"S01","2025-01-02T13:50:00Z","soil_moisture",25.3011232046636,"%"
"S01","2025-01-02T13:55:00Z","soil_moisture",21.7991813527134,"%"
"S01","2025-01-02T14:00:00Z","soil_moisture",54.1013245875967,"%"
"S01","2025-01-02T14:05:00Z","soil_moisture",42.4853654159721,"%"
"S01","2025-01-02T14:10:00Z","soil_moisture",24.4089307612069,"%"
"S01","2025-01-02T14:15:00Z","soil_moisture",52.9892682753647,"%"
"S01","2025-01-02T14:20:00Z","soil_moisture",68.5037531933962,"%"
"S01","2025-01-02T14:25:00Z","soil_moisture",37.2390252561332,"%"
"S01","2025-01-02T14:30:00Z","soil_moisture",16.0769382650185,"%"
"S01","2025-01-02T14:35:00Z","soil_moisture",38.0964926550507,"%"
"S01","2025-01-02T14:40:00Z","soil_moisture",24.5561670510836,"%"
"S01","2025-01-02T14:45:00Z","soil_moisture",11.704838343329,"%"
"S01","2025-01-02T14:50:00Z","soil_moisture",42.7353712975397,"%"
"S01","2025-01-02T14:55:00Z","soil_moisture",21.990243679953,"%"
"S01","2025-01-02T15:00:00Z","soil_moisture",31.8112687679432,"%"
"S01","2025-01-02T15:05:00Z","soil_moisture",21.7242017035315,"%"
"S01","2025-01-02T15:10:00Z","soil_moisture",7.32696466708403,"%"
"S01","2025-01-02T15:15:00Z","soil_moisture",15.1610535357507,"%"
"S01","2025-01-02T15:20:00Z","soil_moisture",48.6306717094067,"%"
"S01","2025-01-02T15:25:00Z","soil_moisture",29.4272721917794,"%"
"S01","2025-01-02T15:30:00Z","soil_moisture",38.8399006140786,"%"
"S01","2025-01-02T15:35:00Z","soil_moisture",37.9044066656139,"%"
"S01","2025-01-02T15:40:00Z","soil_moisture",31.8715794353015,"%"
"S01","2025-01-02T15:45:00Z","soil_moisture",33.451108918735,"%"
"S01","2025-01-02T15:50:00Z","soil_moisture",14.0849299393449,"%"
"S01","2025-01-02T15:55:00Z","soil_moisture",19.6074509929432,"%"
"S01","2025-01-02T16:00:00Z","soil_moisture",20.3653644747381,"%"
"S01","2025-01-02T16:05:00Z","soil_moisture",36.9851729998283,"%"
"S01","2025-01-02T16:10:00Z","soil_moisture",21.0736375236179,"%"
"S01","2025-01-02T16:15:00Z","soil_moisture",17.2492433023362,"%"
"S01","2025-01-02T16:20:00Z","soil_moisture",34.6646095265588,"%"
"S01","2025-01-02T16:25:00Z","soil_moisture",51.5627324142509,"%"
"S01","2025-01-02T16:30:00Z","soil_moisture",46.0826499095268,"%"
"S01","2025-01-02T16:35:00Z","soil_moisture",45.8298216938665,"%"
"S01","2025-01-02T16:40:00Z","soil_moisture",43.3327185543007,"%"
"S01","2025-01-02T16:45:00Z","soil_moisture",21.5842758972067,"%"
"S01","2025-01-02T16:50:00Z","soil_moisture",5.97272749024776,"%"
"S01","2025-01-02T16:55:00Z","soil_moisture",25.7654347171397,"%"
"S01","2025-01-02T17:00:00Z","soil_moisture",40.4270501863282,"%"
"S01","2025-01-02T17:05:00Z","soil_moisture",45.9242529035479,"%"
"S01","2025-01-02T17:10:00Z","soil_moisture",32.0826644294183,"%"
"S01","2025-01-02T17:15:00Z","soil_moisture",30.3567133405986,"%"
"S01","2025-01-02T17:20:00Z","soil_moisture",63.0003268829966,"%"
"S01","2025-01-02T17:25:00Z","soil_moisture",27.3822676920825,"%"
"S01","2025-01-02T17:30:00Z","soil_moisture",27.1131673197466,"%"
"S01","2025-01-02T17:35:00Z","soil_moisture",11.8274904561236,"%"
"S01","2025-01-02T17:40:00Z","soil_moisture",12.0012906788428,"%"
"S01","2025-01-02T17:45:00Z","soil_moisture",17.3786875101904,"%"
"S01","2025-01-02T17:50:00Z","soil_moisture",11.8654793128133,"%"
"S01","2025-01-02T17:55:00Z","soil_moisture",23.0792623927337,"%"
"S01","2025-01-02T18:00:00Z","soil_moisture",18.0837894658807,"%"
"S01","2025-01-02T18:05:00Z","soil_moisture",10.1978884990351,"%"
"S01","2025-01-02T18:10:00Z","soil_moisture",15.2683699937412,"%"
"S01","2025-01-02T18:15:00Z","soil_moisture",29.4577826146767,"%"
"S01","2025-01-02T18:20:00Z","soil_moisture",31.141854214042,"%"
"S01","2025-01-02T18:25:00Z","soil_moisture",29.5990192685842,"%"
"S01","2025-01-02T18:30:00Z","soil_moisture",48.1347425412546,"%"
"S01","2025-01-02T18:35:00Z","soil_moisture",56.1314387196253,"%"
"S01","2025-01-02T18:40:00Z","soil_moisture",65.0647322141798,"%"
"S01","2025-01-02T18:45:00Z","soil_moisture",58.5897932925325,"%"
"S01","2025-01-02T18:50:00Z","soil_moisture",46.4476630533994,"%"
"S01","2025-01-02T18:55:00Z","soil_moisture",34.6195692658036,"%"
"S01","2025-01-02T19:00:00Z","soil_moisture",71.859980200919,"%"
"S01","2025-01-02T19:05:00Z","soil_moisture",61.6277721378166,"%"
"S01","2025-01-02T19:10:00Z","soil_moisture",17.3171847407532,"%"
"S01","2025-01-02T19:15:00Z","soil_moisture",10.858162837358,"%"
"S01","2025-01-02T19:20:00Z","soil_moisture",23.4465376988434,"%"
"S01","2025-01-02T19:25:00Z","soil_moisture",35.8646241157611,"%"
"S01","2025-01-02T19:30:00Z","soil_moisture",30.3627426367501,"%"
"S01","2025-01-02T19:35:00Z","soil_moisture",45.0894812856916,"%"
"S01","2025-01-02T19:40:00Z","soil_moisture",28.0665946935558,"%"
"S01","2025-01-02T19:45:00Z","soil_moisture",25.6411293444417,"%"
"S01","2025-01-02T19:50:00Z","soil_moisture",50.0436041195363,"%"
"S01","2025-01-02T19:55:00Z","soil_moisture",46.0037130146078,"%"
"S01","2025-01-02T20:00:00Z","soil_moisture",37.3476468862821,"%"
"S01","2025-01-02T20:05:00Z","soil_moisture",27.1712433158306,"%"
"S01","2025-01-02T20:10:00Z","soil_moisture",63.6197230198422,"%"
"S01","2025-01-02T20:15:00Z","soil_moisture",29.1499930782085,"%"
"S01","2025-01-02T20:20:00Z","soil_moisture",32.1426951973127,"%"
"S01","2025-01-02T20:25:00Z","soil_moisture",52.0822492525776,"%"
"S01","2025-01-02T20:30:00Z","soil_moisture",65.2378930162003,"%"
"S01","2025-01-02T20:35:00Z","soil_moisture",33.6364914034747,"%"
"S01","2025-01-02T20:40:00Z","soil_moisture",46.4797276667123,"%"
"S01","2025-01-02T20:45:00Z","soil_moisture",20.7798389881375,"%"
"S01","2025-01-02T20:50:00Z","soil_moisture",17.3751797902919,"%"
"S01","2025-01-02T20:55:00Z","soil_moisture",43.9628840246577,"%"
"S01","2025-01-02T21:00:00Z","soil_moisture",18.2893046386126,"%"
"S01","2025-01-02T21:05:00Z","soil_moisture",28.6525197228878,"%"
"S01","2025-01-02T21:10:00Z","soil_moisture",27.109322527322,"%"
"S01","2025-01-02T21:15:00Z","soil_moisture",49.9729350587126,"%"
"S01","2025-01-02T21:20:00Z","soil_moisture",27.4386580003192,"%"
"S01","2025-01-02T21:25:00Z","soil_moisture",11.724316256959,"%"
"S01","2025-01-02T21:30:00Z","soil_moisture",9.59870137894552,"%"
"S01","2025-01-02T21:35:00Z","soil_moisture",8.73981874176845,"%"
"S01","2025-01-02T21:40:00Z","soil_moisture",12.1429261510003,"%"
"S01","2025-01-02T21:45:00Z","soil_moisture",29.8475920235668,"%"
"S01","2025-01-02T21:50:00Z","soil_moisture",32.6338036303244,"%"
"S01","2025-01-02T21:55:00Z","soil_moisture",37.9689059982977,"%"
"S01","2025-01-02T22:00:00Z","soil_moisture",26.5379299693459,"%"
"S01","2025-01-02T22:05:00Z","soil_moisture",40.0743561660015,"%"
"S01","2025-01-02T22:10:00Z","soil_moisture",23.5477380789115,"%"
"S01","2025-01-02T22:15:00Z","soil_moisture",40.8151315336868,"%"
"S01","2025-01-02T22:20:00Z","soil_moisture",18.7093703603662,"%"
"S01","2025-01-02T22:25:00Z","soil_moisture",13.8091772400201,"%"
"S01","2025-01-02T22:30:00Z","soil_moisture",18.7063876303822,"%"
"S01","2025-01-02T22:35:00Z","soil_moisture",23.0337317610625,"%"
"S01","2025-01-02T22:40:00Z","soil_moisture",33.800912626563,"%"
"S01","2025-01-02T22:45:00Z","soil_moisture",53.1182748712672,"%"
"S01","2025-01-02T22:50:00Z","soil_moisture",37.5816092949063,"%"
"S01","2025-01-02T22:55:00Z","soil_moisture",32.7229724039048,"%"
"S01","2025-01-02T23:00:00Z","soil_moisture",75.9492247661874,"%"
"S01","2025-01-02T23:05:00Z","soil_moisture",25.4183142449285,"%"
"S01","2025-01-02T23:10:00Z","soil_moisture",39.2091148299988,"%"
"S01","2025-01-02T23:15:00Z","soil_moisture",17.6122316988723,"%"
"S01","2025-01-02T23:20:00Z","soil_moisture",19.8231445780414,"%"
"S01","2025-01-02T23:25:00Z","soil_moisture",32.2809958773275,"%"
"S01","2025-01-02T23:30:00Z","soil_moisture",59.532586107795,"%"
"S01","2025-01-02T23:35:00Z","soil_moisture",40.7193002128103,"%"
"S01","2025-01-02T23:40:00Z","soil_moisture",33.6107127809618,"%"
"S01","2025-01-02T23:45:00Z","soil_moisture",25.5092495438228,"%"
"S01","2025-01-02T23:50:00Z","soil_moisture",6.48880258686489,"%"
"S01","2025-01-02T23:55:00Z","soil_moisture",6.43304418236823,"%"
"S01","2025-01-03T00:00:00Z","soil_moisture",4.49961776209023,"%"
"S01","2025-01-03T00:05:00Z","soil_moisture",9.69313637994063,"%"
"S01","2025-01-03T00:10:00Z","soil_moisture",7.75269534566253,"%"
"S01","2025-01-03T00:15:00Z","soil_moisture",9.65972849192837,"%"
"S01","2025-01-03T00:20:00Z","soil_moisture",5.22829597418887,"%"
"S01","2025-01-03T00:25:00Z","soil_moisture",24.4033447058311,"%"
"S01","2025-01-03T00:30:00Z","soil_moisture",18.4260370552741,"%"
"S01","2025-01-03T00:35:00Z","soil_moisture",40.7588890631362,"%"
"S01","2025-01-03T00:40:00Z","soil_moisture",37.8016558098298,"%"
"S01","2025-01-03T00:45:00Z","soil_moisture",37.5827711404126,"%"
"S01","2025-01-03T00:50:00Z","soil_moisture",27.5898776852491,"%"
"S01","2025-01-03T00:55:00Z","soil_moisture",4.62772503672486,"%"
"S01","2025-01-03T01:00:00Z","soil_moisture",18.0193427928484,"%"
"S01","2025-01-03T01:05:00Z","soil_moisture",20.6526056498386,"%"
"S01","2025-01-03T01:10:00Z","soil_moisture",64.8224868579166,"%"
"S01","2025-01-03T01:15:00Z","soil_moisture",51.7176830800874,"%"
"S01","2025-01-03T01:20:00Z","soil_moisture",34.150519685912,"%"
"S01","2025-01-03T01:25:00Z","soil_moisture",58.3577461005458,"%"
"S01","2025-01-03T01:30:00Z","soil_moisture",61.0030748341523,"%"
"S01","2025-01-03T01:35:00Z","soil_moisture",41.515229731106,"%"
"S01","2025-01-03T01:40:00Z","soil_moisture",62.6150200523718,"%"
"S01","2025-01-03T01:45:00Z","soil_moisture",28.5800369369303,"%"
"S01","2025-01-03T01:50:00Z","soil_moisture",20.5522070998212,"%"
"S01","2025-01-03T01:55:00Z","soil_moisture",18.5622964137388,"%"
"S01","2025-01-03T02:00:00Z","soil_moisture",43.7550961165399,"%"
"S01","2025-01-03T02:05:00Z","soil_moisture",10.3637590826886,"%"
"S01","2025-01-03T02:10:00Z","soil_moisture",18.2280023385431,"%"
"S01","2025-01-03T02:15:00Z","soil_moisture",17.6170086891293,"%"
"S01","2025-01-03T02:20:00Z","soil_moisture",19.8491581740037,"%"
"S01","2025-01-03T02:25:00Z","soil_moisture",29.415395445782,"%"
"S01","2025-01-03T02:30:00Z","soil_moisture",8.68351521490476,"%"
"S01","2025-01-03T02:35:00Z","soil_moisture",47.8841434076739,"%"
"S01","2025-01-03T02:40:00Z","soil_moisture",23.5396652888093,"%"
"S01","2025-01-03T02:45:00Z","soil_moisture",31.1782285747336,"%"
"S01","2025-01-03T02:50:00Z","soil_moisture",44.2425699284893,"%"
"S01","2025-01-03T02:55:00Z","soil_moisture",36.8187767996515,"%"
"S01","2025-01-03T03:00:00Z","soil_moisture",42.6336211974712,"%"
"S01","2025-01-03T03:05:00Z","soil_moisture",18.8843777528664,"%"
"S01","2025-01-03T03:10:00Z","soil_moisture",53.1117596201875,"%"
"S01","2025-01-03T03:15:00Z","soil_moisture",25.2951179841175,"%"
"S01","2025-01-03T03:20:00Z","soil_moisture",28.1566226569213,"%"
"S01","2025-01-03T03:25:00Z","soil_moisture",32.6982011384849,"%"
"S01","2025-01-03T03:30:00Z","soil_moisture",31.5838257395668,"%"
"S01","2025-01-03T03:35:00Z","soil_moisture",23.1474839008353,"%"
"S01","2025-01-03T03:40:00Z","soil_moisture",14.0863523225478,"%"
"S01","2025-01-03T03:45:00Z","soil_moisture",13.226739375049,"%"
"S01","2025-01-03T03:50:00Z","soil_moisture",36.5488883269346,"%"
"S01","2025-01-03T03:55:00Z","soil_moisture",27.2376666651123,"%"
"S01","2025-01-03T04:00:00Z","soil_moisture",12.1147246555912,"%"
"S01","2025-01-03T04:05:00Z","soil_moisture",19.3107723661679,"%"
"S01","2025-01-03T04:10:00Z","soil_moisture",13.1391379383594,"%"
"S01","2025-01-03T04:15:00Z","soil_moisture",25.0649465474137,"%"
"S01","2025-01-03T04:20:00Z","soil_moisture",4.61623027232981,"%"
"S01","2025-01-03T04:25:00Z","soil_moisture",24.1759551391139,"%"
"S01","2025-01-03T04:30:00Z","soil_moisture",25.062593365896,"%"
"S01","2025-01-03T04:35:00Z","soil_moisture",28.8230590364148,"%"
"S01","2025-01-03T04:40:00Z","soil_moisture",24.3663710613657,"%"
"S01","2025-01-03T04:45:00Z","soil_moisture",47.1860841079324,"%"
"S01","2025-01-03T04:50:00Z","soil_moisture",33.8859468388695,"%"
"S01","2025-01-03T04:55:00Z","soil_moisture",38.7500399671362,"%"
"S01","2025-01-03T05:00:00Z","soil_moisture",15.2495250841062,"%"
"S01","2025-01-03T05:05:00Z","soil_moisture",4.26809272570905,"%"
"S01","2025-01-03T05:10:00Z","soil_moisture",7.61429927624044,"%"
"S01","2025-01-03T05:15:00Z","soil_moisture",37.6631560387673,"%"
"S01","2025-01-03T05:20:00Z","soil_moisture",49.72488338683,"%"
"S01","2025-01-03T05:25:00Z","soil_moisture",28.5656858362796,"%"
"S01","2025-01-03T05:30:00Z","soil_moisture",16.3224534075665,"%"
"S01","2025-01-03T05:35:00Z","soil_moisture",38.8463549912646,"%"
"S01","2025-01-03T05:40:00Z","soil_moisture",32.3680173295155,"%"
"S01","2025-01-03T05:45:00Z","soil_moisture",50.2808321599486,"%"
"S01","2025-01-03T05:50:00Z","soil_moisture",24.6413107191985,"%"
"S01","2025-01-03T05:55:00Z","soil_moisture",48.4040465746887,"%"
"S01","2025-01-03T06:00:00Z","soil_moisture",62.8933729210992,"%"
"S01","2025-01-03T06:05:00Z","soil_moisture",70.2114259876632,"%"
"S01","2025-01-03T06:10:00Z","soil_moisture",26.9528726412486,"%"
"S01","2025-01-03T06:15:00Z","soil_moisture",34.6885666657857,"%"
"S01","2025-01-03T06:20:00Z","soil_moisture",33.013155799673,"%"
"S01","2025-01-03T06:25:00Z","soil_moisture",44.5806551579662,"%"
"S01","2025-01-03T06:30:00Z","soil_moisture",9.65579473015418,"%"
"S01","2025-01-03T06:35:00Z","soil_moisture",23.4246657133966,"%"
"S01","2025-01-03T06:40:00Z","soil_moisture",55.2361765508614,"%"
"S01","2025-01-03T06:45:00Z","soil_moisture",59.5953391972141,"%"
"S01","2025-01-03T06:50:00Z","soil_moisture",18.1662973636055,"%"
"S01","2025-01-03T06:55:00Z","soil_moisture",28.5738521549993,"%"
"S01","2025-01-03T07:00:00Z","soil_moisture",8.12353863100993,"%"
"S01","2025-01-03T07:05:00Z","soil_moisture",32.3275964386179,"%"
"S01","2025-01-03T07:10:00Z","soil_moisture",12.9771886494474,"%"
"S01","2025-01-03T07:15:00Z","soil_moisture",16.5476908745553,"%"
"S01","2025-01-03T07:20:00Z","soil_moisture",31.5429367038383,"%"
"S01","2025-01-03T07:25:00Z","soil_moisture",21.5185891730974,"%"
"S01","2025-01-03T07:30:00Z","soil_moisture",32.2836936532071,"%"
"S01","2025-01-03T07:35:00Z","soil_moisture",28.7237987063206,"%"
"S01","2025-01-03T07:40:00Z","soil_moisture",11.6200904704619,"%"
"S01","2025-01-03T07:45:00Z","soil_moisture",30.0520692929173,"%"
"S01","2025-01-03T07:50:00Z","soil_moisture",15.0795854526446,"%"
"S01","2025-01-03T07:55:00Z","soil_moisture",24.459846522414,"%"
"S01","2025-01-03T08:00:00Z","soil_moisture",25.2346164074671,"%"
"S01","2025-01-03T08:05:00Z","soil_moisture",12.7681837253591,"%"
"S01","2025-01-03T08:10:00Z","soil_moisture",10.9946953532334,"%"
"S01","2025-01-03T08:15:00Z","soil_moisture",3.48449488810141,"%"
"S01","2025-01-03T08:20:00Z","soil_moisture",7.25305346094381,"%"
"S01","2025-01-03T08:25:00Z","soil_moisture",23.4853465083418,"%"
"S01","2025-01-03T08:30:00Z","soil_moisture",3.17372361356689,"%"
"S01","2025-01-03T08:35:00Z","soil_moisture",4.73532270442429,"%"
"S01","2025-01-03T08:40:00Z","soil_moisture",2.89107719091782,"%"
"S01","2025-01-03T08:45:00Z","soil_moisture",0.352474992549127,"%"
"S01","2025-01-03T08:50:00Z","soil_moisture",2.54541114564381,"%"
"S01","2025-01-03T08:55:00Z","soil_moisture",5.34356476089571,"%"
"S01","2025-01-03T09:00:00Z","soil_moisture",23.9457420421944,"%"
"S01","2025-01-03T09:05:00Z","soil_moisture",6.19714780337147,"%"
"S01","2025-01-03T09:10:00Z","soil_moisture",23.3733716663378,"%"
"S01","2025-01-03T09:15:00Z","soil_moisture",7.16150321564342,"%"
"S01","2025-01-03T09:20:00Z","soil_moisture",18.1075294254822,"%"
"S01","2025-01-03T09:25:00Z","soil_moisture",9.62835652916214,"%"
"S01","2025-01-03T09:30:00Z","soil_moisture",10.1024319726348,"%"
"S01","2025-01-03T09:35:00Z","soil_moisture",11.3103021508141,"%"
"S01","2025-01-03T09:40:00Z","soil_moisture",15.7728007011679,"%"
"S01","2025-01-03T09:45:00Z","soil_moisture",2.41803115370268,"%"
"S01","2025-01-03T09:50:00Z","soil_moisture",41.5716679815136,"%"
"S01","2025-01-03T09:55:00Z","soil_moisture",17.6698905034142,"%"
"S01","2025-01-03T10:00:00Z","soil_moisture",7.51126771341775,"%"
"S01","2025-01-03T10:05:00Z","soil_moisture",23.1634194233999,"%"
"S01","2025-01-03T10:10:00Z","soil_moisture",19.0164162487705,"%"
"S01","2025-01-03T10:15:00Z","soil_moisture",10.1685810603205,"%"
"S01","2025-01-03T10:20:00Z","soil_moisture",29.2979154455006,"%"
"S01","2025-01-03T10:25:00Z","soil_moisture",12.5431363945819,"%"
"S01","2025-01-03T10:30:00Z","soil_moisture",1.61760555842478,"%"
"S01","2025-01-03T10:35:00Z","soil_moisture",3.57122875570063,"%"
"S01","2025-01-03T10:40:00Z","soil_moisture",18.9984124483179,"%"
"S01","2025-01-03T10:45:00Z","soil_moisture",15.4975497483073,"%"
"S01","2025-01-03T10:50:00Z","soil_moisture",23.7124415213002,"%"
"S01","2025-01-03T10:55:00Z","soil_moisture",15.0960758104817,"%"
"S01","2025-01-03T11:00:00Z","soil_moisture",10.2253167939002,"%"
"S01","2025-01-03T11:05:00Z","soil_moisture",37.8313185968992,"%"
"S01","2025-01-03T11:10:00Z","soil_moisture",25.9341596562227,"%"
"S01","2025-01-03T11:15:00Z","soil_moisture",35.0595385591531,"%"
"S01","2025-01-03T11:20:00Z","soil_moisture",29.2978680057434,"%"
"S01","2025-01-03T11:25:00Z","soil_moisture",46.9127804686051,"%"
"S01","2025-01-03T11:30:00Z","soil_moisture",37.2363260381771,"%"
"S01","2025-01-03T11:35:00Z","soil_moisture",13.1048631797726,"%"
"S01","2025-01-03T11:40:00Z","soil_moisture",16.9671558130908,"%"
"S01","2025-01-03T11:45:00Z","soil_moisture",8.91108531677506,"%"
"S01","2025-01-03T11:50:00Z","soil_moisture",17.793106739223,"%"
"S01","2025-01-03T11:55:00Z","soil_moisture",22.5533769221188,"%"
"S01","2025-01-03T12:00:00Z","soil_moisture",17.0285372738833,"%"
"S01","2025-01-03T12:05:00Z","soil_moisture",12.5432427081685,"%"
"S01","2025-01-03T12:10:00Z","soil_moisture",30.9130138926113,"%"
"S01","2025-01-03T12:15:00Z","soil_moisture",18.6102031494066,"%"
"S01","2025-01-03T12:20:00Z","soil_moisture",17.4975804590821,"%"
"S01","2025-01-03T12:25:00Z","soil_moisture",12.9121670173496,"%"
"S01","2025-01-03T12:30:00Z","soil_moisture",35.7767231908045,"%"
"S01","2025-01-03T12:35:00Z","soil_moisture",29.4564006531909,"%"
"S01","2025-01-03T12:40:00Z","soil_moisture",15.3208337383905,"%"
"S01","2025-01-03T12:45:00Z","soil_moisture",21.1135812739083,"%"
"S01","2025-01-03T12:50:00Z","soil_moisture",43.6778989805742,"%"
"S01","2025-01-03T12:55:00Z","soil_moisture",52.0113186235967,"%"
"S01","2025-01-03T13:00:00Z","soil_moisture",35.4694134018015,"%"
"S01","2025-01-03T13:05:00Z","soil_moisture",54.2693122820858,"%"
"S01","2025-01-03T13:10:00Z","soil_moisture",67.6679290514404,"%"
"S01","2025-01-03T13:15:00Z","soil_moisture",31.9467491232559,"%"
"S01","2025-01-03T13:20:00Z","soil_moisture",51.9693345116044,"%"
"S01","2025-01-03T13:25:00Z","soil_moisture",26.1000163450804,"%"
"S01","2025-01-03T13:30:00Z","soil_moisture",49.2185011412321,"%"
"S01","2025-01-03T13:35:00Z","soil_moisture",50.8385142098955,"%"
"S01","2025-01-03T13:40:00Z","soil_moisture",39.6947028375631,"%"
"S01","2025-01-03T13:45:00Z","soil_moisture",41.8483626337683,"%"
"S01","2025-01-03T13:50:00Z","soil_moisture",18.8834758283495,"%"
"S01","2025-01-03T13:55:00Z","soil_moisture",15.1240419396516,"%"
"S01","2025-01-03T14:00:00Z","soil_moisture",22.1861310462799,"%"
"S01","2025-01-03T14:05:00Z","soil_moisture",6.36381911293233,"%"
"S01","2025-01-03T14:10:00Z","soil_moisture",30.8179241978249,"%"
"S01","2025-01-03T14:15:00Z","soil_moisture",70.3767904536197,"%"
"S01","2025-01-03T14:20:00Z","soil_moisture",20.189900287007,"%"
"S01","2025-01-03T14:25:00Z","soil_moisture",35.7805142346138,"%"
"S01","2025-01-03T14:30:00Z","soil_moisture",24.3774852672866,"%"
"S01","2025-01-03T14:35:00Z","soil_moisture",24.6155217556154,"%"
"S01","2025-01-03T14:40:00Z","soil_moisture",33.4444859417641,"%"
"S01","2025-01-03T14:45:00Z","soil_moisture",5.58494810304576,"%"
"S01","2025-01-03T14:50:00Z","soil_moisture",11.9527857004671,"%"
"S01","2025-01-03T14:55:00Z","soil_moisture",6.37832268896483,"%"
"S01","2025-01-03T15:00:00Z","soil_moisture",11.7466402732532,"%"
"S01","2025-01-03T15:05:00Z","soil_moisture",35.2866276941955,"%"
"S01","2025-01-03T15:10:00Z","soil_moisture",9.04696905966558,"%"
"S01","2025-01-03T15:15:00Z","soil_moisture",11.005880168983,"%"
"S01","2025-01-03T15:20:00Z","soil_moisture",10.091401765165,"%"
"S01","2025-01-03T15:25:00Z","soil_moisture",8.78801967431546,"%"
"S01","2025-01-03T15:30:00Z","soil_moisture",9.43672779022492,"%"
"S01","2025-01-03T15:35:00Z","soil_moisture",28.3141890427428,"%"
"S01","2025-01-03T15:40:00Z","soil_moisture",22.727212174254,"%"
"S01","2025-01-03T15:45:00Z","soil_moisture",42.917870732493,"%"
"S01","2025-01-03T15:50:00Z","soil_moisture",15.378909847671,"%"
"S01","2025-01-03T15:55:00Z","soil_moisture",40.7944564644892,"%"
"S01","2025-01-03T16:00:00Z","soil_moisture",47.4247517650666,"%"
"S01","2025-01-03T16:05:00Z","soil_moisture",48.4061276468951,"%"
"S01","2025-01-03T16:10:00Z","soil_moisture",30.5723322486998,"%"
"S01","2025-01-03T16:15:00Z","soil_moisture",16.3546217430264,"%"
"S01","2025-01-03T16:20:00Z","soil_moisture",13.6004829621959,"%"
"S01","2025-01-03T16:25:00Z","soil_moisture",31.7880571310456,"%"
"S01","2025-01-03T16:30:00Z","soil_moisture",15.9603981581923,"%"
"S01","2025-01-03T16:35:00Z","soil_moisture",60.0372482651533,"%"
"S01","2025-01-03T16:40:00Z","soil_moisture",24.5768922901696,"%"
"S01","2025-01-03T16:45:00Z","soil_moisture",25.5081672639716,"%"
"S01","2025-01-03T16:50:00Z","soil_moisture",16.4483349237453,"%"
"S01","2025-01-03T16:55:00Z","soil_moisture",13.2534767163388,"%"
"S01","2025-01-03T17:00:00Z","soil_moisture",8.7432117132595,"%"
"S01","2025-01-03T17:05:00Z","soil_moisture",5.14551129651682,"%"
"S01","2025-01-03T17:10:00Z","soil_moisture",11.8927088438494,"%"
"S01","2025-01-03T17:15:00Z","soil_moisture",19.2442684419071,"%"
"S01","2025-01-03T17:20:00Z","soil_moisture",0.870849778560937,"%"
"S01","2025-01-03T17:25:00Z","soil_moisture",31.9801257319874,"%"
"S01","2025-01-03T17:30:00Z","soil_moisture",49.2709134876144,"%"
"S01","2025-01-03T17:35:00Z","soil_moisture",20.4904553490864,"%"
"S01","2025-01-03T17:40:00Z","soil_moisture",10.0625771236728,"%"
"S01","2025-01-03T17:45:00Z","soil_moisture",19.2586548609463,"%"
"S01","2025-01-03T17:50:00Z","soil_moisture",27.2779542715947,"%"
"S01","2025-01-03T17:55:00Z","soil_moisture",23.2982393439721,"%"
"S01","2025-01-03T18:00:00Z","soil_moisture",31.7452060769358,"%"
"S01","2025-01-03T18:05:00Z","soil_moisture",6.1384534243763,"%"
"S01","2025-01-03T18:10:00Z","soil_moisture",24.7262987688556,"%"
"S01","2025-01-03T18:15:00Z","soil_moisture",45.2748539967701,"%"
"S01","2025-01-03T18:20:00Z","soil_moisture",37.7130632958353,"%"
"S01","2025-01-03T18:25:00Z","soil_moisture",41.0301689259986,"%"
"S01","2025-01-03T18:30:00Z","soil_moisture",41.2083339079444,"%"
"S01","2025-01-03T18:35:00Z","soil_moisture",34.2455202807529,"%"
"S01","2025-01-03T18:40:00Z","soil_moisture",35.369154437225,"%"
"S01","2025-01-03T18:45:00Z","soil_moisture",69.6943452198248,"%"
"S01","2025-01-03T18:50:00Z","soil_moisture",60.5804983676471,"%"
"S01","2025-01-03T18:55:00Z","soil_moisture",61.8068405458692,"%"
"S01","2025-01-03T19:00:00Z","soil_moisture",52.9106627591086,"%"
"S01","2025-01-03T19:05:00Z","soil_moisture",23.5668872251486,"%"
"S01","2025-01-03T19:10:00Z","soil_moisture",16.9929568777738,"%"
"S01","2025-01-03T19:15:00Z","soil_moisture",54.3235747314978,"%"
"S01","2025-01-03T19:20:00Z","soil_moisture",57.9138226215434,"%"
"S01","2025-01-03T19:25:00Z","soil_moisture",46.1669860728562,"%"
"S01","2025-01-03T19:30:00Z","soil_moisture",39.4615896792529,"%"
"S01","2025-01-03T19:35:00Z","soil_moisture",21.2209288518919,"%"
"S01","2025-01-03T19:40:00Z","soil_moisture",16.829487314404,"%"
"S01","2025-01-03T19:45:00Z","soil_moisture",36.0651285821394,"%"
"S01","2025-01-03T19:50:00Z","soil_moisture",49.4918265827744,"%"
"S01","2025-01-03T19:55:00Z","soil_moisture",35.8532091018954,"%"
"S01","2025-01-03T20:00:00Z","soil_moisture",33.8851815678017,"%"
"S01","2025-01-03T20:05:00Z","soil_moisture",11.2584311208587,"%"
"S01","2025-01-03T20:10:00Z","soil_moisture",45.6188808035828,"%"
"S01","2025-01-03T20:15:00Z","soil_moisture",62.4668383007209,"%"
"S01","2025-01-03T20:20:00Z","soil_moisture",71.9746774877964,"%"
"S01","2025-01-03T20:25:00Z","soil_moisture",39.1520674148333,"%"
"S01","2025-01-03T20:30:00Z","soil_moisture",14.1910163648912,"%"
"S01","2025-01-03T20:35:00Z","soil_moisture",8.47522458411518,"%"
"S01","2025-01-03T20:40:00Z","soil_moisture",40.6934391246078,"%"
"S01","2025-01-03T20:45:00Z","soil_moisture",31.8654970187918,"%"
"S01","2025-01-03T20:50:00Z","soil_moisture",29.1472912214646,"%"
"S01","2025-01-03T20:55:00Z","soil_moisture",16.9673503046373,"%"
"S01","2025-01-03T21:00:00Z","soil_moisture",13.9033493218582,"%"
"S01","2025-01-03T21:05:00Z","soil_moisture",26.093020158337,"%"
"S01","2025-01-03T21:10:00Z","soil_moisture",37.4921867601619,"%"
"S01","2025-01-03T21:15:00Z","soil_moisture",15.4977594055653,"%"
"S01","2025-01-03T21:20:00Z","soil_moisture",18.5885613258253,"%"
"S01","2025-01-03T21:25:00Z","soil_moisture",15.1417504206032,"%"
"S01","2025-01-03T21:30:00Z","soil_moisture",2.83599443837835,"%"
"S01","2025-01-03T21:35:00Z","soil_moisture",15.6481438918445,"%"
"S01","2025-01-03T21:40:00Z","soil_moisture",12.4067672221447,"%"
"S01","2025-01-03T21:45:00Z","soil_moisture",17.9897631389474,"%"
"S01","2025-01-03T21:50:00Z","soil_moisture",23.1247406973328,"%"
"S01","2025-01-03T21:55:00Z","soil_moisture",35.6312457634197,"%"
"S01","2025-01-03T22:00:00Z","soil_moisture",24.9749574875493,"%"
"S01","2025-01-03T22:05:00Z","soil_moisture",3.04369634788655,"%"
"S01","2025-01-03T22:10:00Z","soil_moisture",16.5895786394418,"%"
"S01","2025-01-03T22:15:00Z","soil_moisture",23.2448165091403,"%"
"S01","2025-01-03T22:20:00Z","soil_moisture",33.8254419696476,"%"
"S01","2025-01-03T22:25:00Z","soil_moisture",19.8326124106359,"%"
"S01","2025-01-03T22:30:00Z","soil_moisture",34.0297347166185,"%"
"S01","2025-01-03T22:35:00Z","soil_moisture",36.4602873947014,"%"
"S01","2025-01-03T22:40:00Z","soil_moisture",19.171547930824,"%"
"S01","2025-01-03T22:45:00Z","soil_moisture",36.9375286662853,"%"
"S01","2025-01-03T22:50:00Z","soil_moisture",34.0330580682611,"%"
"S01","2025-01-03T22:55:00Z","soil_moisture",31.9229150303632,"%"
"S02","2024-12-31T23:00:00Z","rainfall_intensity",0,"mm/h"
"S02","2024-12-31T23:05:00Z","rainfall_intensity",0,"mm/h"
"S02","2024-12-31T23:10:00Z","rainfall_intensity",0,"mm/h"
"S02","2024-12-31T23:15:00Z","rainfall_intensity",0.288391944994676,"mm/h"
"S02","2024-12-31T23:20:00Z","rainfall_intensity",0.851658265185353,"mm/h"
"S02","2024-12-31T23:25:00Z","rainfall_intensity",0.553196078961132,"mm/h"
"S02","2024-12-31T23:30:00Z","rainfall_intensity",1.51565503517532,"mm/h"
"S02","2024-12-31T23:35:00Z","rainfall_intensity",0.115956716765741,"mm/h"
"S02","2024-12-31T23:40:00Z","rainfall_intensity",2.99377950150562,"mm/h"
"S02","2024-12-31T23:45:00Z","rainfall_intensity",0.857715258812915,"mm/h"
"S02","2024-12-31T23:50:00Z","rainfall_intensity",0.871147026729371,"mm/h"
"S02","2024-12-31T23:55:00Z","rainfall_intensity",0,"mm/h"
"S02","2025-01-01T00:00:00Z","rainfall_intensity",0,"mm/h"
"S02","2025-01-01T00:05:00Z","rainfall_intensity",0.461574975153198,"mm/h"
"S02","2025-01-01T00:10:00Z","rainfall_intensity",0,"mm/h"
"S02","2025-01-01T00:15:00Z","rainfall_intensity",0,"mm/h"
"S02","2025-01-01T00:20:00Z","rainfall_intensity",0.940727616728505,"mm/h"
"S02","2025-01-01T00:25:00Z","rainfall_intensity",0,"mm/h"
"S02","2025-01-01T00:30:00Z","rainfall_intensity",0.363957020953888,"mm/h"
"S02","2025-01-01T00:35:00Z","rainfall_intensity",0,"mm/h"
"S02","2025-01-01T00:40:00Z","rainfall_intensity",0.113050180186054,"mm/h"
"S02","2025-01-01T00:45:00Z","rainfall_intensity",0,"mm/h"
"S02","2025-01-01T00:50:00Z","rainfall_intensity",0,"mm/h"
"S02","2025-01-01T00:55:00Z","rainfall_intensity",0,"mm/h"
"S02","2025-01-01T01:00:00Z","rainfall_intensity",0,"mm/h"
"S02","2025-01-01T01:05:00Z","rainfall_intensity",0,"mm/h"
"S02","2025-01-01T01:10:00Z","rainfall_intensity",0.417612099410945,"mm/h"
"S02","2025-01-01T01:15:00Z","rainfall_intensity",2.89935385073692,"mm/h"
"S02","2025-01-01T01:20:00Z","rainfall_intensity",1.21496932383766,"mm/h"
"S02","2025-01-01T01:25:00Z","rainfall_intensity",0.308843445372213,"mm/h"
"S02","2025-01-01T01:30:00Z","rainfall_intensity",0.390478560428015,"mm/h"
"S02","2025-01-01T01:35:00Z","rainfall_intensity",0,"mm/h"
"S02","2025-01-01T01:40:00Z","rainfall_intensity",0,"mm/h"
"S02","2025-01-01T01:45:00Z","rainfall_intensity",0,"mm/h"
"S02","2025-01-01T01:50:00Z","rainfall_intensity",0,"mm/h"
"S02","2025-01-01T01:55:00Z","rainfall_intensity",0.0691813109248019,"mm/h"
"S02","2025-01-01T02:00:00Z","rainfall_intensity",0.159654357932785,"mm/h"
"S02","2025-01-01T02:05:00Z","rainfall_intensity",0.129155493276326,"mm/h"
"S02","2025-01-01T02:10:00Z","rainfall_intensity",0,"mm/h"
"S02","2025-01-01T02:15:00Z","rainfall_intensity",0,"mm/h"
"S02","2025-01-01T02:20:00Z","rainfall_intensity",1.91775570283768,"mm/h"
"S02","2025-01-01T02:25:00Z","rainfall_intensity",6.59394423875479,"mm/h"
"S02","2025-01-01T02:30:00Z","rainfall_intensity",4.12415960148346,"mm/h"
"S02","2025-01-01T02:35:00Z","rainfall_intensity",1.51667200631914,"mm/h"
"S02","2025-01-01T02:40:00Z","rainfall_intensity",0,"mm/h"
"S02","2025-01-01T02:45:00Z","rainfall_intensity",0,"mm/h"
"S02","2025-01-01T02:50:00Z","rainfall_intensity",0.917031885450354,"mm/h"
"S02","2025-01-01T02:55:00Z","rainfall_intensity",0.89383083066273,"mm/h"
"S02","2025-01-01T03:00:00Z","rainfall_intensity",4.58068302019577,"mm/h"
"S02","2025-01-01T03:05:00Z","rainfall_intensity",3.35023618582819,"mm/h"
"S02","2025-01-01T03:10:00Z","rainfall_intensity",3.22577372806933,"mm/h"
"S02","2025-01-01T03:15:00Z","rainfall_intensity",0.992504350326747,"mm/h"
"S02","2025-01-01T03:20:00Z","rainfall_intensity",1.76388128478332,"mm/h"
"S02","2025-01-01T03:25:00Z","rainfall_intensity",0.944013065239243,"mm/h"
"S02","2025-01-01T03:30:00Z","rainfall_intensity",0.248514329642903,"mm/h"
"S02","2025-01-01T03:35:00Z","rainfall_intensity",0,"mm/h"
"S02","2025-01-01T03:40:00Z","rainfall_intensity",0,"mm/h"
"S02","2025-01-01T03:45:00Z","rainfall_intensity",1.42260087503969,"mm/h"
"S02","2025-01-01T03:50:00Z","rainfall_intensity",0,"mm/h"
"S02","2025-01-01T03:55:00Z","rainfall_intensity",0,"mm/h"
"S02","2025-01-01T04:00:00Z","rainfall_intensity",0,"mm/h"
"S02","2025-01-01T04:05:00Z","rainfall_intensity",0,"mm/h"
"S02","2025-01-01T04:10:00Z","rainfall_intensity",0,"mm/h"
"S02","2025-01-01T04:15:00Z","rainfall_intensity",0,"mm/h"
"S02","2025-01-01T04:20:00Z","rainfall_intensity",0,"mm/h"
"S02","2025-01-01T04:25:00Z","rainfall_intensity",1.90811264728646,"mm/h"
"S02","2025-01-01T04:30:00Z","rainfall_intensity",2.14744363776516,"mm/h"
"S02","2025-01-01T04:35:00Z","rainfall_intensity",1.07607027809613,"mm/h"
"S02","2025-01-01T04:40:00Z","rainfall_intensity",0.162475896944776,"mm/h"
"S02","2025-01-01T04:45:00Z","rainfall_intensity",1.86664511227131,"mm/h"
"S02","2025-01-01T04:50:00Z","rainfall_intensity",0,"mm/h"
"S02","2025-01-01T04:55:00Z","rainfall_intensity",1.50580483030613,"mm/h"
"S02","2025-01-01T05:00:00Z","rainfall_intensity",2.44166119392512,"mm/h"
"S02","2025-01-01T05:05:00Z","rainfall_intensity",1.59357808812957,"mm/h"
"S02","2025-01-01T05:10:00Z","rainfall_intensity",0.517483924545644,"mm/h"
"S02","2025-01-01T05:15:00Z","rainfall_intensity",0,"mm/h"
"S02","2025-01-01T05:20:00Z","rainfall_intensity",0.731927566342426,"mm/h"
"S02","2025-01-01T05:25:00Z","rainfall_intensity",0,"mm/h"
"S02","2025-01-01T05:30:00Z","rainfall_intensity",0.336298892475971,"mm/h"
"S02","2025-01-01T05:35:00Z","rainfall_intensity",1.42162775806434,"mm/h"
"S02","2025-01-01T05:40:00Z","rainfall_intensity",0,"mm/h"
"S02","2025-01-01T05:45:00Z","rainfall_intensity",0,"mm/h"
"S02","2025-01-01T05:50:00Z","rainfall_intensity",0,"mm/h"
"S02","2025-01-01T05:55:00Z","rainfall_intensity",0,"mm/h"
"S02","2025-01-01T06:00:00Z","rainfall_intensity",0,"mm/h"
"S02","2025-01-01T06:05:00Z","rainfall_intensity",0,"mm/h"
"S02","2025-01-01T06:10:00Z","rainfall_intensity",0,"mm/h"
"S02","2025-01-01T06:15:00Z","rainfall_intensity",0,"mm/h"
"S02","2025-01-01T06:20:00Z","rainfall_intensity",0,"mm/h"
"S02","2025-01-01T06:25:00Z","rainfall_intensity",0,"mm/h"
"S02","2025-01-01T06:30:00Z","rainfall_intensity",0,"mm/h"
"S02","2025-01-01T06:35:00Z","rainfall_intensity",0,"mm/h"
"S02","2025-01-01T06:40:00Z","rainfall_intensity",0,"mm/h"
"S02","2025-01-01T06:45:00Z","rainfall_intensity",0,"mm/h"
"S02","2025-01-01T06:50:00Z","rainfall_intensity",0.21199665758948,"mm/h"
"S02","2025-01-01T06:55:00Z","rainfall_intensity",0,"mm/h"
"S02","2025-01-01T07:00:00Z","rainfall_intensity",0,"mm/h"
"S02","2025-01-01T07:05:00Z","rainfall_intensity",0,"mm/h"
"S02","2025-01-01T07:10:00Z","rainfall_intensity",0.113586002957448,"mm/h"
"S02","2025-01-01T07:15:00Z","rainfall_intensity",0,"mm/h"
"S02","2025-01-01T07:20:00Z","rainfall_intensity",0,"mm/h"
"S02","2025-01-01T07:25:00Z","rainfall_intensity",0,"mm/h"
"S02","2025-01-01T07:30:00Z","rainfall_intensity",0,"mm/h"
"S02","2025-01-01T07:35:00Z","rainfall_intensity",0,"mm/h"
"S02","2025-01-01T07:40:00Z","rainfall_intensity",0,"mm/h"
"S02","2025-01-01T07:45:00Z","rainfall_intensity",0,"mm/h"
"S02","2025-01-01T07:50:00Z","rainfall_intensity",0,"mm/h"
"S02","2025-01-01T07:55:00Z","rainfall_intensity",0,"mm/h"
"S02","2025-01-01T08:00:00Z","rainfall_intensity",0,"mm/h"
"S02","2025-01-01T08:05:00Z","rainfall_intensity",0,"mm/h"
"S02","2025-01-01T08:10:00Z","rainfall_intensity",0,"mm/h"
"S02","2025-01-01T08:15:00Z","rainfall_intensity",0,"mm/h"
"S02","2025-01-01T08:20:00Z","rainfall_intensity",0,"mm/h"
"S02","2025-01-01T08:25:00Z","rainfall_intensity",0,"mm/h"
"S02","2025-01-01T08:30:00Z","rainfall_intensity",0,"mm/h"
"S02","2025-01-01T08:35:00Z","rainfall_intensity",0.200319379074612,"mm/h"
"S02","2025-01-01T08:40:00Z","rainfall_intensity",0,"mm/h"
"S02","2025-01-01T08:45:00Z","rainfall_intensity",0,"mm/h"
"S02","2025-01-01T08:50:00Z","rainfall_intensity",0,"mm/h"
"S02","2025-01-01T08:55:00Z","rainfall_intensity",0,"mm/h"
"S02","2025-01-01T09:00:00Z","rainfall_intensity",0.332324114389701,"mm/h"
"S02","2025-01-01T09:05:00Z","rainfall_intensity",0.958278311329945,"mm/h"
"S02","2025-01-01T09:10:00Z","rainfall_intensity",1.34328735720407,"mm/h"
"S02","2025-01-01T09:15:00Z","rainfall_intensity",2.67035717843584,"mm/h"
"S02","2025-01-01T09:20:00Z","rainfall_intensity",3.97649537412612,"mm/h"
"S02","2025-01-01T09:25:00Z","rainfall_intensity",5.10228756569519,"mm/h"
"S02","2025-01-01T09:30:00Z","rainfall_intensity",2.46172637471046,"mm/h"
"S02","2025-01-01T09:35:00Z","rainfall_intensity",2.18203188540761,"mm/h"
"S02","2025-01-01T09:40:00Z","rainfall_intensity",0.523888921285293,"mm/h"
"S02","2025-01-01T09:45:00Z","rainfall_intensity",1.83300650984539,"mm/h"
"S02","2025-01-01T09:50:00Z","rainfall_intensity",3.4372010404826,"mm/h"
"S02","2025-01-01T09:55:00Z","rainfall_intensity",4.13602838813607,"mm/h"
"S02","2025-01-01T10:00:00Z","rainfall_intensity",0.719041014005011,"mm/h"
"S02","2025-01-01T10:05:00Z","rainfall_intensity",0.93384276925119,"mm/h"
"S02","2025-01-01T10:10:00Z","rainfall_intensity",0.584783825614221,"mm/h"
"S02","2025-01-01T10:15:00Z","rainfall_intensity",1.45752771483348,"mm/h"
"S02","2025-01-01T10:20:00Z","rainfall_intensity",5.11987558133464,"mm/h"
"S02","2025-01-01T10:25:00Z","rainfall_intensity",0.00117371521357494,"mm/h"
"S02","2025-01-01T10:30:00Z","rainfall_intensity",0,"mm/h"
"S02","2025-01-01T10:35:00Z","rainfall_intensity",0,"mm/h"
"S02","2025-01-01T10:40:00Z","rainfall_intensity",0,"mm/h"
"S02","2025-01-01T10:45:00Z","rainfall_intensity",0,"mm/h"
"S02","2025-01-01T10:50:00Z","rainfall_intensity",0.266118683517822,"mm/h"
"S02","2025-01-01T10:55:00Z","rainfall_intensity",2.98896947163024,"mm/h"
"S02","2025-01-01T11:00:00Z","rainfall_intensity",1.25602080153739,"mm/h"
"S02","2025-01-01T11:05:00Z","rainfall_intensity",0,"mm/h"
"S02","2025-01-01T11:10:00Z","rainfall_intensity",0,"mm/h"
"S02","2025-01-01T11:15:00Z","rainfall_intensity",0,"mm/h"
"S02","2025-01-01T11:20:00Z","rainfall_intensity",0,"mm/h"
"S02","2025-01-01T11:25:00Z","rainfall_intensity",0,"mm/h"
"S02","2025-01-01T11:30:00Z","rainfall_intensity",0,"mm/h"
"S02","2025-01-01T11:35:00Z","rainfall_intensity",0,"mm/h"
"S02","2025-01-01T11:40:00Z","rainfall_intensity",0,"mm/h"
"S02","2025-01-01T11:45:00Z","rainfall_intensity",0,"mm/h"
"S02","2025-01-01T11:50:00Z","rainfall_intensity",0,"mm/h"
"S02","2025-01-01T11:55:00Z","rainfall_intensity",0,"mm/h"
"S02","2025-01-01T12:00:00Z","rainfall_intensity",0,"mm/h"
"S02","2025-01-01T12:05:00Z","rainfall_intensity",0,"mm/h"
"S02","2025-01-01T12:10:00Z","rainfall_intensity",0,"mm/h"
"S02","2025-01-01T12:15:00Z","rainfall_intensity",0,"mm/h"
"S02","2025-01-01T12:20:00Z","rainfall_intensity",0.67815204744597,"mm/h"
"S02","2025-01-01T12:25:00Z","rainfall_intensity",0,"mm/h"
"S02","2025-01-01T12:30:00Z","rainfall_intensity",0,"mm/h"
"S02","2025-01-01T12:35:00Z","rainfall_intensity",0,"mm/h"
"S02","2025-01-01T12:40:00Z","rainfall_intensity",0,"mm/h"
"S02","2025-01-01T12:45:00Z","rainfall_intensity",0,"mm/h"
"S02","2025-01-01T12:50:00Z","rainfall_intensity",0,"mm/h"
"S02","2025-01-01T12:55:00Z","rainfall_intensity",0,"mm/h"
"S02","2025-01-01T13:00:00Z","rainfall_intensity",0,"mm/h"
"S02","2025-01-01T13:05:00Z","rainfall_intensity",0,"mm/h"
"S02","2025-01-01T13:10:00Z","rainfall_intensity",0,"mm/h"
"S02","2025-01-01T13:15:00Z","rainfall_intensity",0,"mm/h"
"S02","2025-01-01T13:20:00Z","rainfall_intensity",0,"mm/h"
"S02","2025-01-01T13:25:00Z","rainfall_intensity",0,"mm/h"
"S02","2025-01-01T13:30:00Z","rainfall_intensity",0,"mm/h"
"S02","2025-01-01T13:35:00Z","rainfall_intensity",0,"mm/h"
"S02","2025-01-01T13:40:00Z","rainfall_intensity",0,"mm/h"
"S02","2025-01-01T13:45:00Z","rainfall_intensity",0,"mm/h"
"S02","2025-01-01T13:50:00Z","rainfall_intensity",0,"mm/h"
"S02","2025-01-01T13:55:00Z","rainfall_intensity",0,"mm/h"
"S02","2025-01-01T14:00:00Z","rainfall_intensity",0,"mm/h"
"S02","2025-01-01T14:05:00Z","rainfall_intensity",0,"mm/h"
"S02","2025-01-01T14:10:00Z","rainfall_intensity",0,"mm/h"
"S02","2025-01-01T14:15:00Z","rainfall_intensity",0.197782158398665,"mm/h"
"S02","2025-01-01T14:20:00Z","rainfall_intensity",0,"mm/h"
"S02","2025-01-01T14:25:00Z","rainfall_intensity",0,"mm/h"
"S02","2025-01-01T14:30:00Z","rainfall_intensity",0,"mm/h"
"S02","2025-01-01T14:35:00Z","rainfall_intensity",0,"mm/h"
"S02","2025-01-01T14:40:00Z","rainfall_intensity",0,"mm/h"
"S02","2025-01-01T14:45:00Z","rainfall_intensity",0,"mm/h"
"S02","2025-01-01T14:50:00Z","rainfall_intensity",0.815183141467319,"mm/h"
"S02","2025-01-01T14:55:00Z","rainfall_intensity",0,"mm/h"
"S02","2025-01-01T15:00:00Z","rainfall_intensity",0,"mm/h"
"S02","2025-01-01T15:05:00Z","rainfall_intensity",0,"mm/h"
"S02","2025-01-01T15:10:00Z","rainfall_intensity",0,"mm/h"
"S02","2025-01-01T15:15:00Z","rainfall_intensity",0,"mm/h"
"S02","2025-01-01T15:20:00Z","rainfall_intensity",0,"mm/h"
"S02","2025-01-01T15:25:00Z","rainfall_intensity",0,"mm/h"
"S02","2025-01-01T15:30:00Z","rainfall_intensity",0,"mm/h"
"S02","2025-01-01T15:35:00Z","rainfall_intensity",0.0223667757052501,"mm/h"
"S02","2025-01-01T15:40:00Z","rainfall_intensity",0,"mm/h"
"S02","2025-01-01T15:45:00Z","rainfall_intensity",0,"mm/h"
"S02","2025-01-01T15:50:00Z","rainfall_intensity",0,"mm/h"
"S02","2025-01-01T15:55:00Z","rainfall_intensity",0,"mm/h"
"S02","2025-01-01T16:00:00Z","rainfall_intensity",0,"mm/h"
"S02","2025-01-01T16:05:00Z","rainfall_intensity",0.165993582412882,"mm/h"
"S02","2025-01-01T16:10:00Z","rainfall_intensity",0,"mm/h"
"S02","2025-01-01T16:15:00Z","rainfall_intensity",0,"mm/h"
"S02","2025-01-01T16:20:00Z","rainfall_intensity",0,"mm/h"
"S02","2025-01-01T16:25:00Z","rainfall_intensity",0,"mm/h"
"S02","2025-01-01T16:30:00Z","rainfall_intensity",0,"mm/h"
"S02","2025-01-01T16:35:00Z","rainfall_intensity",0,"mm/h"
"S02","2025-01-01T16:40:00Z","rainfall_intensity",0,"mm/h"
"S02","2025-01-01T16:45:00Z","rainfall_intensity",0,"mm/h"
"S02","2025-01-01T16:50:00Z","rainfall_intensity",0,"mm/h"
"S02","2025-01-01T16:55:00Z","rainfall_intensity",0,"mm/h"
"S02","2025-01-01T17:00:00Z","rainfall_intensity",0.615275681760907,"mm/h"
"S02","2025-01-01T17:05:00Z","rainfall_intensity",0.00329910879448842,"mm/h"
"S02","2025-01-01T17:10:00Z","rainfall_intensity",0.725920551065139,"mm/h"
"S02","2025-01-01T17:15:00Z","rainfall_intensity",0.2672714683837,"mm/h"
"S02","2025-01-01T17:20:00Z","rainfall_intensity",0,"mm/h"
"S02","2025-01-01T17:25:00Z","rainfall_intensity",0,"mm/h"
"S02","2025-01-01T17:30:00Z","rainfall_intensity",0,"mm/h"
"S02","2025-01-01T17:35:00Z","rainfall_intensity",0,"mm/h"
"S02","2025-01-01T17:40:00Z","rainfall_intensity",0,"mm/h"
"S02","2025-01-01T17:45:00Z","rainfall_intensity",0,"mm/h"
"S02","2025-01-01T17:50:00Z","rainfall_intensity",0,"mm/h"
"S02","2025-01-01T17:55:00Z","rainfall_intensity",0,"mm/h"
"S02","2025-01-01T18:00:00Z","rainfall_intensity",0,"mm/h"
"S02","2025-01-01T18:05:00Z","rainfall_intensity",0,"mm/h"
"S02","2025-01-01T18:10:00Z","rainfall_intensity",0,"mm/h"
"S02","2025-01-01T18:15:00Z","rainfall_intensity",0,"mm/h"
"S02","2025-01-01T18:20:00Z","rainfall_intensity",0.0742890281254359,"mm/h"
"S02","2025-01-01T18:25:00Z","rainfall_intensity",0,"mm/h"
"S02","2025-01-01T18:30:00Z","rainfall_intensity",0,"mm/h"
"S02","2025-01-01T18:35:00Z","rainfall_intensity",1.95676304627832,"mm/h"
"S02","2025-01-01T18:40:00Z","rainfall_intensity",0,"mm/h"
"S02","2025-01-01T18:45:00Z","rainfall_intensity",0.553901980541493,"mm/h"
"S02","2025-01-01T18:50:00Z","rainfall_intensity",0,"mm/h"
"S02","2025-01-01T18:55:00Z","rainfall_intensity",0,"mm/h"
"S02","2025-01-01T19:00:00Z","rainfall_intensity",0.720557399937955,"mm/h"
"S02","2025-01-01T19:05:00Z","rainfall_intensity",0,"mm/h"
"S02","2025-01-01T19:10:00Z","rainfall_intensity",0,"mm/h"
"S02","2025-01-01T19:15:00Z","rainfall_intensity",0,"mm/h"
"S02","2025-01-01T19:20:00Z","rainfall_intensity",0,"mm/h"
"S02","2025-01-01T19:25:00Z","rainfall_intensity",0.667052768178444,"mm/h"
"S02","2025-01-01T19:30:00Z","rainfall_intensity",0,"mm/h"
"S02","2025-01-01T19:35:00Z","rainfall_intensity",0.127107417829208,"mm/h"
"S02","2025-01-01T19:40:00Z","rainfall_intensity",1.36646476001516,"mm/h"
"S02","2025-01-01T19:45:00Z","rainfall_intensity",0,"mm/h"
"S02","2025-01-01T19:50:00Z","rainfall_intensity",0,"mm/h"
"S02","2025-01-01T19:55:00Z","rainfall_intensity",0.384835752586271,"mm/h"
"S02","2025-01-01T20:00:00Z","rainfall_intensity",0,"mm/h"
"S02","2025-01-01T20:05:00Z","rainfall_intensity",0,"mm/h"
"S02","2025-01-01T20:10:00Z","rainfall_intensity",0.245120199554379,"mm/h"
"S02","2025-01-01T20:15:00Z","rainfall_intensity",0,"mm/h"
"S02","2025-01-01T20:20:00Z","rainfall_intensity",0,"mm/h"
"S02","2025-01-01T20:25:00Z","rainfall_intensity",2.34068480889937,"mm/h"
"S02","2025-01-01T20:30:00Z","rainfall_intensity",0,"mm/h"
"S02","2025-01-01T20:35:00Z","rainfall_intensity",0,"mm/h"
"S02","2025-01-01T20:40:00Z","rainfall_intensity",0,"mm/h"
"S02","2025-01-01T20:45:00Z","rainfall_intensity",0,"mm/h"
"S02","2025-01-01T20:50:00Z","rainfall_intensity",0,"mm/h"
"S02","2025-01-01T20:55:00Z","rainfall_intensity",0,"mm/h"
"S02","2025-01-01T21:00:00Z","rainfall_intensity",0,"mm/h"
"S02","2025-01-01T21:05:00Z","rainfall_intensity",0,"mm/h"
"S02","2025-01-01T21:10:00Z","rainfall_intensity",0.310500523944907,"mm/h"
"S02","2025-01-01T21:15:00Z","rainfall_intensity",0,"mm/h"
"S02","2025-01-01T21:20:00Z","rainfall_intensity",0,"mm/h"
"S02","2025-01-01T21:25:00Z","rainfall_intensity",0,"mm/h"
"S02","2025-01-01T21:30:00Z","rainfall_intensity",0,"mm/h"
"S02","2025-01-01T21:35:00Z","rainfall_intensity",0,"mm/h"
"S02","2025-01-01T21:40:00Z","rainfall_intensity",0,"mm/h"
"S02","2025-01-01T21:45:00Z","rainfall_intensity",0,"mm/h"
"S02","2025-01-01T21:50:00Z","rainfall_intensity",0,"mm/h"
"S02","2025-01-01T21:55:00Z","rainfall_intensity",0,"mm/h"
"S02","2025-01-01T22:00:00Z","rainfall_intensity",0,"mm/h"
"S02","2025-01-01T22:05:00Z","rainfall_intensity",0,"mm/h"
"S02","2025-01-01T22:10:00Z","rainfall_intensity",0,"mm/h"
"S02","2025-01-01T22:15:00Z","rainfall_intensity",0,"mm/h"
"S02","2025-01-01T22:20:00Z","rainfall_intensity",0.198943428419784,"mm/h"
"S02","2025-01-01T22:25:00Z","rainfall_intensity",1.74762902083831,"mm/h"
"S02","2025-01-01T22:30:00Z","rainfall_intensity",0.186596913208491,"mm/h"
"S02","2025-01-01T22:35:00Z","rainfall_intensity",2.78523662998782,"mm/h"
"S02","2025-01-01T22:40:00Z","rainfall_intensity",2.05471213198183,"mm/h"
"S02","2025-01-01T22:45:00Z","rainfall_intensity",2.03803270258974,"mm/h"
"S02","2025-01-01T22:50:00Z","rainfall_intensity",0,"mm/h"
"S02","2025-01-01T22:55:00Z","rainfall_intensity",0.223334627042651,"mm/h"
"S02","2025-01-01T23:00:00Z","rainfall_intensity",0.0449395381310673,"mm/h"
"S02","2025-01-01T23:05:00Z","rainfall_intensity",0.329076193017085,"mm/h"
"S02","2025-01-01T23:10:00Z","rainfall_intensity",0,"mm/h"
"S02","2025-01-01T23:15:00Z","rainfall_intensity",0.270024357883806,"mm/h"
"S02","2025-01-01T23:20:00Z","rainfall_intensity",0,"mm/h"
"S02","2025-01-01T23:25:00Z","rainfall_intensity",0,"mm/h"
"S02","2025-01-01T23:30:00Z","rainfall_intensity",0,"mm/h"
"S02","2025-01-01T23:35:00Z","rainfall_intensity",0,"mm/h"
"S02","2025-01-01T23:40:00Z","rainfall_intensity",0,"mm/h"
"S02","2025-01-01T23:45:00Z","rainfall_intensity",0,"mm/h"
"S02","2025-01-01T23:50:00Z","rainfall_intensity",0,"mm/h"
"S02","2025-01-01T23:55:00Z","rainfall_intensity",0,"mm/h"
"S02","2025-01-02T00:00:00Z","rainfall_intensity",0.594778586131774,"mm/h"
"S02","2025-01-02T00:05:00Z","rainfall_intensity",0.172803307600742,"mm/h"
"S02","2025-01-02T00:10:00Z","rainfall_intensity",0,"mm/h"
"S02","2025-01-02T00:15:00Z","rainfall_intensity",0,"mm/h"
"S02","2025-01-02T00:20:00Z","rainfall_intensity",0.0514698323694979,"mm/h"
"S02","2025-01-02T00:25:00Z","rainfall_intensity",0,"mm/h"
"S02","2025-01-02T00:30:00Z","rainfall_intensity",0,"mm/h"
"S02","2025-01-02T00:35:00Z","rainfall_intensity",0,"mm/h"
"S02","2025-01-02T00:40:00Z","rainfall_intensity",0,"mm/h"
"S02","2025-01-02T00:45:00Z","rainfall_intensity",0,"mm/h"
"S02","2025-01-02T00:50:00Z","rainfall_intensity",0,"mm/h"
"S02","2025-01-02T00:55:00Z","rainfall_intensity",0,"mm/h"
"S02","2025-01-02T01:00:00Z","rainfall_intensity",0,"mm/h"
"S02","2025-01-02T01:05:00Z","rainfall_intensity",0,"mm/h"
"S02","2025-01-02T01:10:00Z","rainfall_intensity",0,"mm/h"
"S02","2025-01-02T01:15:00Z","rainfall_intensity",0,"mm/h"
"S02","2025-01-02T01:20:00Z","rainfall_intensity",0,"mm/h"
"S02","2025-01-02T01:25:00Z","rainfall_intensity",0,"mm/h"
"S02","2025-01-02T01:30:00Z","rainfall_intensity",0,"mm/h"
"S02","2025-01-02T01:35:00Z","rainfall_intensity",0,"mm/h"
"S02","2025-01-02T01:40:00Z","rainfall_intensity",0,"mm/h"
"S02","2025-01-02T01:45:00Z","rainfall_intensity",0,"mm/h"
"S02","2025-01-02T01:50:00Z","rainfall_intensity",0,"mm/h"
"S02","2025-01-02T01:55:00Z","rainfall_intensity",0,"mm/h"
"S02","2025-01-02T02:00:00Z","rainfall_intensity",0,"mm/h"
"S02","2025-01-02T02:05:00Z","rainfall_intensity",0,"mm/h"
"S02","2025-01-02T02:10:00Z","rainfall_intensity",0,"mm/h"
"S02","2025-01-02T02:15:00Z","rainfall_intensity",0.220167669636707,"mm/h"
"S02","2025-01-02T02:20:00Z","rainfall_intensity",0,"mm/h"
"S02","2025-01-02T02:25:00Z","rainfall_intensity",0,"mm/h"
"S02","2025-01-02T02:30:00Z","rainfall_intensity",0,"mm/h"
"S02","2025-01-02T02:35:00Z","rainfall_intensity",0,"mm/h"
"S02","2025-01-02T02:40:00Z","rainfall_intensity",0,"mm/h"
"S02","2025-01-02T02:45:00Z","rainfall_intensity",0,"mm/h"
"S02","2025-01-02T02:50:00Z","rainfall_intensity",0,"mm/h"
"S02","2025-01-02T02:55:00Z","rainfall_intensity",0,"mm/h"
"S02","2025-01-02T03:00:00Z","rainfall_intensity",0,"mm/h"
"S02","2025-01-02T03:05:00Z","rainfall_intensity",0,"mm/h"
"S02","2025-01-02T03:10:00Z","rainfall_intensity",0.893447241984317,"mm/h"
"S02","2025-01-02T03:15:00Z","rainfall_intensity",0,"mm/h"
"S02","2025-01-02T03:20:00Z","rainfall_intensity",0,"mm/h"
"S02","2025-01-02T03:25:00Z","rainfall_intensity",0,"mm/h"
"S02","2025-01-02T03:30:00Z","rainfall_intensity",0,"mm/h"
"S02","2025-01-02T03:35:00Z","rainfall_intensity",0,"mm/h"
"S02","2025-01-02T03:40:00Z","rainfall_intensity",0,"mm/h"
"S02","2025-01-02T03:45:00Z","rainfall_intensity",0.254256330580805,"mm/h"
"S02","2025-01-02T03:50:00Z","rainfall_intensity",0.883804166273744,"mm/h"
"S02","2025-01-02T03:55:00Z","rainfall_intensity",3.38509181298224,"mm/h"
"S02","2025-01-02T04:00:00Z","rainfall_intensity",1.1815800421184,"mm/h"
"S02","2025-01-02T04:05:00Z","rainfall_intensity",0,"mm/h"
"S02","2025-01-02T04:10:00Z","rainfall_intensity",0.508250582940669,"mm/h"
"S02","2025-01-02T04:15:00Z","rainfall_intensity",0.28229290907075,"mm/h"
"S02","2025-01-02T04:20:00Z","rainfall_intensity",0.348446017198517,"mm/h"
"S02","2025-01-02T04:25:00Z","rainfall_intensity",1.95030359175439,"mm/h"
"S02","2025-01-02T04:30:00Z","rainfall_intensity",1.64742180608258,"mm/h"
"S02","2025-01-02T04:35:00Z","rainfall_intensity",0.244517943818467,"mm/h"
"S02","2025-01-02T04:40:00Z","rainfall_intensity",0.374244441864183,"mm/h"
"S02","2025-01-02T04:45:00Z","rainfall_intensity",0,"mm/h"
"S02","2025-01-02T04:50:00Z","rainfall_intensity",0.0607475800390897,"mm/h"
"S02","2025-01-02T04:55:00Z","rainfall_intensity",0,"mm/h"
"S02","2025-01-02T05:00:00Z","rainfall_intensity",0,"mm/h"
"S02","2025-01-02T05:05:00Z","rainfall_intensity",0.0758883909177355,"mm/h"
"S02","2025-01-02T05:10:00Z","rainfall_intensity",0,"mm/h"
"S02","2025-01-02T05:15:00Z","rainfall_intensity",0.383334681160754,"mm/h"
"S02","2025-01-02T05:20:00Z","rainfall_intensity",0,"mm/h"
"S02","2025-01-02T05:25:00Z","rainfall_intensity",0,"mm/h"
"S02","2025-01-02T05:30:00Z","rainfall_intensity",1.04410102653977,"mm/h"
"S02","2025-01-02T05:35:00Z","rainfall_intensity",0.0825013771730883,"mm/h"
"S02","2025-01-02T05:40:00Z","rainfall_intensity",0,"mm/h"
"S02","2025-01-02T05:45:00Z","rainfall_intensity",0,"mm/h"
"S02","2025-01-02T05:50:00Z","rainfall_intensity",0,"mm/h"
"S02","2025-01-02T05:55:00Z","rainfall_intensity",0,"mm/h"
"S02","2025-01-02T06:00:00Z","rainfall_intensity",0.511687133392776,"mm/h"
"S02","2025-01-02T06:05:00Z","rainfall_intensity",0,"mm/h"
"S02","2025-01-02T06:10:00Z","rainfall_intensity",0,"mm/h"
"S02","2025-01-02T06:15:00Z","rainfall_intensity",0,"mm/h"
"S02","2025-01-02T06:20:00Z","rainfall_intensity",0,"mm/h"
"S02","2025-01-02T06:25:00Z","rainfall_intensity",0,"mm/h"
"S02","2025-01-02T06:30:00Z","rainfall_intensity",0,"mm/h"
"S02","2025-01-02T06:35:00Z","rainfall_intensity",0.879138330054435,"mm/h"
"S02","2025-01-02T06:40:00Z","rainfall_intensity",0.0515466839777035,"mm/h"
"S02","2025-01-02T06:45:00Z","rainfall_intensity",0,"mm/h"
"S02","2025-01-02T06:50:00Z","rainfall_intensity",0,"mm/h"
"S02","2025-01-02T06:55:00Z","rainfall_intensity",0,"mm/h"
"S02","2025-01-02T07:00:00Z","rainfall_intensity",0,"mm/h"
"S02","2025-01-02T07:05:00Z","rainfall_intensity",0,"mm/h"
"S02","2025-01-02T07:10:00Z","rainfall_intensity",0,"mm/h"
"S02","2025-01-02T07:15:00Z","rainfall_intensity",0,"mm/h"
"S02","2025-01-02T07:20:00Z","rainfall_intensity",1.92463230473078,"mm/h"
"S02","2025-01-02T07:25:00Z","rainfall_intensity",1.54934640947337,"mm/h"
"S02","2025-01-02T07:30:00Z","rainfall_intensity",0.0570930395104666,"mm/h"
"S02","2025-01-02T07:35:00Z","rainfall_intensity",1.31723516144164,"mm/h"
"S02","2025-01-02T07:40:00Z","rainfall_intensity",0.258808790315671,"mm/h"
"S02","2025-01-02T07:45:00Z","rainfall_intensity",0.12082657073133,"mm/h"
"S02","2025-01-02T07:50:00Z","rainfall_intensity",0.000732322106796147,"mm/h"
"S02","2025-01-02T07:55:00Z","rainfall_intensity",0,"mm/h"
"S02","2025-01-02T08:00:00Z","rainfall_intensity",0,"mm/h"
"S02","2025-01-02T08:05:00Z","rainfall_intensity",0,"mm/h"
"S02","2025-01-02T08:10:00Z","rainfall_intensity",0.0253652310965303,"mm/h"
"S02","2025-01-02T08:15:00Z","rainfall_intensity",0.122013001090174,"mm/h"
"S02","2025-01-02T08:20:00Z","rainfall_intensity",0,"mm/h"
"S02","2025-01-02T08:25:00Z","rainfall_intensity",0,"mm/h"
"S02","2025-01-02T08:30:00Z","rainfall_intensity",0,"mm/h"
"S02","2025-01-02T08:35:00Z","rainfall_intensity",0,"mm/h"
"S02","2025-01-02T08:40:00Z","rainfall_intensity",0,"mm/h"
"S02","2025-01-02T08:45:00Z","rainfall_intensity",0,"mm/h"
"S02","2025-01-02T08:50:00Z","rainfall_intensity",0,"mm/h"
"S02","2025-01-02T08:55:00Z","rainfall_intensity",0,"mm/h"
"S02","2025-01-02T09:00:00Z","rainfall_intensity",0,"mm/h"
"S02","2025-01-02T09:05:00Z","rainfall_intensity",0,"mm/h"
"S02","2025-01-02T09:10:00Z","rainfall_intensity",0,"mm/h"
"S02","2025-01-02T09:15:00Z","rainfall_intensity",0,"mm/h"
"S02","2025-01-02T09:20:00Z","rainfall_intensity",0,"mm/h"
"S02","2025-01-02T09:25:00Z","rainfall_intensity",0.0244592690997468,"mm/h"
"S02","2025-01-02T09:30:00Z","rainfall_intensity",0,"mm/h"
"S02","2025-01-02T09:35:00Z","rainfall_intensity",2.07128067599298,"mm/h"
"S02","2025-01-02T09:40:00Z","rainfall_intensity",0,"mm/h"
"S02","2025-01-02T09:45:00Z","rainfall_intensity",0,"mm/h"
"S02","2025-01-02T09:50:00Z","rainfall_intensity",0,"mm/h"
"S02","2025-01-02T09:55:00Z","rainfall_intensity",0,"mm/h"
"S02","2025-01-02T10:00:00Z","rainfall_intensity",0,"mm/h"
"S02","2025-01-02T10:05:00Z","rainfall_intensity",0,"mm/h"
"S02","2025-01-02T10:10:00Z","rainfall_intensity",0,"mm/h"
"S02","2025-01-02T10:15:00Z","rainfall_intensity",0,"mm/h"
"S02","2025-01-02T10:20:00Z","rainfall_intensity",0,"mm/h"
"S02","2025-01-02T10:25:00Z","rainfall_intensity",0,"mm/h"
"S02","2025-01-02T10:30:00Z","rainfall_intensity",0,"mm/h"
"S02","2025-01-02T10:35:00Z","rainfall_intensity",0,"mm/h"
"S02","2025-01-02T10:40:00Z","rainfall_intensity",0,"mm/h"
"S02","2025-01-02T10:45:00Z","rainfall_intensity",0,"mm/h"
"S02","2025-01-02T10:50:00Z","rainfall_intensity",0,"mm/h"
"S02","2025-01-02T10:55:00Z","rainfall_intensity",0.991827882403624,"mm/h"
"S02","2025-01-02T11:00:00Z","rainfall_intensity",1.79440849475076,"mm/h"
"S02","2025-01-02T11:05:00Z","rainfall_intensity",4.88245081796467,"mm/h"
"S02","2025-01-02T11:10:00Z","rainfall_intensity",2.60188407088412,"mm/h"
"S02","2025-01-02T11:15:00Z","rainfall_intensity",3.71963906899845,"mm/h"
"S02","2025-01-02T11:20:00Z","rainfall_intensity",0.469693997596937,"mm/h"
"S02","2025-01-02T11:25:00Z","rainfall_intensity",0.41991363860501,"mm/h"
"S02","2025-01-02T11:30:00Z","rainfall_intensity",0.300934284326056,"mm/h"
"S02","2025-01-02T11:35:00Z","rainfall_intensity",0,"mm/h"
"S02","2025-01-02T11:40:00Z","rainfall_intensity",0.451962206273916,"mm/h"
"S02","2025-01-02T11:45:00Z","rainfall_intensity",1.33612352282862,"mm/h"
"S02","2025-01-02T11:50:00Z","rainfall_intensity",0,"mm/h"
"S02","2025-01-02T11:55:00Z","rainfall_intensity",0.0539966052880864,"mm/h"
"S02","2025-01-02T12:00:00Z","rainfall_intensity",3.4511984897418,"mm/h"
"S02","2025-01-02T12:05:00Z","rainfall_intensity",0,"mm/h"
"S02","2025-01-02T12:10:00Z","rainfall_intensity",0,"mm/h"
"S02","2025-01-02T12:15:00Z","rainfall_intensity",0,"mm/h"
"S02","2025-01-02T12:20:00Z","rainfall_intensity",0,"mm/h"
"S02","2025-01-02T12:25:00Z","rainfall_intensity",0,"mm/h"
"S02","2025-01-02T12:30:00Z","rainfall_intensity",0.490394095955038,"mm/h"
"S02","2025-01-02T12:35:00Z","rainfall_intensity",0,"mm/h"
"S02","2025-01-02T12:40:00Z","rainfall_intensity",0,"mm/h"
"S02","2025-01-02T12:45:00Z","rainfall_intensity",0,"mm/h"
"S02","2025-01-02T12:50:00Z","rainfall_intensity",0.334332008949135,"mm/h"
"S02","2025-01-02T12:55:00Z","rainfall_intensity",0.304453729819844,"mm/h"
"S02","2025-01-02T13:00:00Z","rainfall_intensity",0,"mm/h"
"S02","2025-01-02T13:05:00Z","rainfall_intensity",0,"mm/h"
"S02","2025-01-02T13:10:00Z","rainfall_intensity",0,"mm/h"
"S02","2025-01-02T13:15:00Z","rainfall_intensity",0,"mm/h"
"S02","2025-01-02T13:20:00Z","rainfall_intensity",0,"mm/h"
"S02","2025-01-02T13:25:00Z","rainfall_intensity",0,"mm/h"
"S02","2025-01-02T13:30:00Z","rainfall_intensity",1.39813605022502,"mm/h"
"S02","2025-01-02T13:35:00Z","rainfall_intensity",1.57940614165387,"mm/h"
"S02","2025-01-02T13:40:00Z","rainfall_intensity",4.35848319873779,"mm/h"
"S02","2025-01-02T13:45:00Z","rainfall_intensity",0.784446550420527,"mm/h"
"S02","2025-01-02T13:50:00Z","rainfall_intensity",1.28385293099211,"mm/h"
"S02","2025-01-02T13:55:00Z","rainfall_intensity",0,"mm/h"
"S02","2025-01-02T14:00:00Z","rainfall_intensity",0,"mm/h"
"S02","2025-01-02T14:05:00Z","rainfall_intensity",1.42438913121172,"mm/h"
"S02","2025-01-02T14:10:00Z","rainfall_intensity",0.910607368270721,"mm/h"
"S02","2025-01-02T14:15:00Z","rainfall_intensity",0,"mm/h"
"S02","2025-01-02T14:20:00Z","rainfall_intensity",0,"mm/h"
"S02","2025-01-02T14:25:00Z","rainfall_intensity",0,"mm/h"
"S02","2025-01-02T14:30:00Z","rainfall_intensity",0,"mm/h"
"S02","2025-01-02T14:35:00Z","rainfall_intensity",0,"mm/h"
"S02","2025-01-02T14:40:00Z","rainfall_intensity",0,"mm/h"
"S02","2025-01-02T14:45:00Z","rainfall_intensity",0,"mm/h"
"S02","2025-01-02T14:50:00Z","rainfall_intensity",0,"mm/h"
"S02","2025-01-02T14:55:00Z","rainfall_intensity",0,"mm/h"
"S02","2025-01-02T15:00:00Z","rainfall_intensity",0,"mm/h"
"S02","2025-01-02T15:05:00Z","rainfall_intensity",0,"mm/h"
"S02","2025-01-02T15:10:00Z","rainfall_intensity",0,"mm/h"
"S02","2025-01-02T15:15:00Z","rainfall_intensity",0,"mm/h"
"S02","2025-01-02T15:20:00Z","rainfall_intensity",0,"mm/h"
"S02","2025-01-02T15:25:00Z","rainfall_intensity",0,"mm/h"
"S02","2025-01-02T15:30:00Z","rainfall_intensity",0,"mm/h"
"S02","2025-01-02T15:35:00Z","rainfall_intensity",0,"mm/h"
"S02","2025-01-02T15:40:00Z","rainfall_intensity",0,"mm/h"
"S02","2025-01-02T15:45:00Z","rainfall_intensity",0,"mm/h"
"S02","2025-01-02T15:50:00Z","rainfall_intensity",0,"mm/h"
"S02","2025-01-02T15:55:00Z","rainfall_intensity",0,"mm/h"
"S02","2025-01-02T16:00:00Z","rainfall_intensity",0,"mm/h"
"S02","2025-01-02T16:05:00Z","rainfall_intensity",0.382067649916993,"mm/h"
"S02","2025-01-02T16:10:00Z","rainfall_intensity",0.0400037592012304,"mm/h"
"S02","2025-01-02T16:15:00Z","rainfall_intensity",0,"mm/h"
"S02","2025-01-02T16:20:00Z","rainfall_intensity",0,"mm/h"
"S02","2025-01-02T16:25:00Z","rainfall_intensity",0,"mm/h"
"S02","2025-01-02T16:30:00Z","rainfall_intensity",0.04078017170714,"mm/h"
"S02","2025-01-02T16:35:00Z","rainfall_intensity",0,"mm/h"
"S02","2025-01-02T16:40:00Z","rainfall_intensity",0.0437809131999131,"mm/h"
"S02","2025-01-02T16:45:00Z","rainfall_intensity",0.101643974373662,"mm/h"
"S02","2025-01-02T16:50:00Z","rainfall_intensity",0.321363496749108,"mm/h"
"S02","2025-01-02T16:55:00Z","rainfall_intensity",0.0470511875280338,"mm/h"
"S02","2025-01-02T17:00:00Z","rainfall_intensity",0,"mm/h"
"S02","2025-01-02T17:05:00Z","rainfall_intensity",1.66840217747257,"mm/h"
"S02","2025-01-02T17:10:00Z","rainfall_intensity",0.833322295882113,"mm/h"
"S02","2025-01-02T17:15:00Z","rainfall_intensity",0.859075019409158,"mm/h"
"S02","2025-01-02T17:20:00Z","rainfall_intensity",1.34842203950444,"mm/h"
"S02","2025-01-02T17:25:00Z","rainfall_intensity",0.993791956958249,"mm/h"
"S02","2025-01-02T17:30:00Z","rainfall_intensity",0.375977669237301,"mm/h"
"S02","2025-01-02T17:35:00Z","rainfall_intensity",1.21364455206999,"mm/h"
"S02","2025-01-02T17:40:00Z","rainfall_intensity",0,"mm/h"
"S02","2025-01-02T17:45:00Z","rainfall_intensity",3.01414261036533,"mm/h"
"S02","2025-01-02T17:50:00Z","rainfall_intensity",0.287640085693826,"mm/h"
"S02","2025-01-02T17:55:00Z","rainfall_intensity",0.0877204963659319,"mm/h"
"S02","2025-01-02T18:00:00Z","rainfall_intensity",0,"mm/h"
"S02","2025-01-02T18:05:00Z","rainfall_intensity",0,"mm/h"
"S02","2025-01-02T18:10:00Z","rainfall_intensity",0,"mm/h"
"S02","2025-01-02T18:15:00Z","rainfall_intensity",0,"mm/h"
"S02","2025-01-02T18:20:00Z","rainfall_intensity",0,"mm/h"
"S02","2025-01-02T18:25:00Z","rainfall_intensity",0,"mm/h"
"S02","2025-01-02T18:30:00Z","rainfall_intensity",0,"mm/h"
"S02","2025-01-02T18:35:00Z","rainfall_intensity",0.0869768196844325,"mm/h"
"S02","2025-01-02T18:40:00Z","rainfall_intensity",0,"mm/h"
"S02","2025-01-02T18:45:00Z","rainfall_intensity",0,"mm/h"
"S02","2025-01-02T18:50:00Z","rainfall_intensity",0,"mm/h"
"S02","2025-01-02T18:55:00Z","rainfall_intensity",0,"mm/h"
"S02","2025-01-02T19:00:00Z","rainfall_intensity",0,"mm/h"
"S02","2025-01-02T19:05:00Z","rainfall_intensity",0.692357754315586,"mm/h"
"S02","2025-01-02T19:10:00Z","rainfall_intensity",1.13294852428229,"mm/h"
"S02","2025-01-02T19:15:00Z","rainfall_intensity",0,"mm/h"
"S02","2025-01-02T19:20:00Z","rainfall_intensity",0.270695986846636,"mm/h"
"S02","2025-01-02T19:25:00Z","rainfall_intensity",2.25559207094652,"mm/h"
"S02","2025-01-02T19:30:00Z","rainfall_intensity",0,"mm/h"
"S02","2025-01-02T19:35:00Z","rainfall_intensity",0,"mm/h"
"S02","2025-01-02T19:40:00Z","rainfall_intensity",0,"mm/h"
"S02","2025-01-02T19:45:00Z","rainfall_intensity",0,"mm/h"
"S02","2025-01-02T19:50:00Z","rainfall_intensity",0,"mm/h"
"S02","2025-01-02T19:55:00Z","rainfall_intensity",0,"mm/h"
"S02","2025-01-02T20:00:00Z","rainfall_intensity",0,"mm/h"
"S02","2025-01-02T20:05:00Z","rainfall_intensity",0,"mm/h"
"S02","2025-01-02T20:10:00Z","rainfall_intensity",0,"mm/h"
"S02","2025-01-02T20:15:00Z","rainfall_intensity",0,"mm/h"
"S02","2025-01-02T20:20:00Z","rainfall_intensity",0,"mm/h"
"S02","2025-01-02T20:25:00Z","rainfall_intensity",0,"mm/h"
"S02","2025-01-02T20:30:00Z","rainfall_intensity",0,"mm/h"
"S02","2025-01-02T20:35:00Z","rainfall_intensity",0,"mm/h"
"S02","2025-01-02T20:40:00Z","rainfall_intensity",0,"mm/h"
"S02","2025-01-02T20:45:00Z","rainfall_intensity",0,"mm/h"
"S02","2025-01-02T20:50:00Z","rainfall_intensity",0,"mm/h"
"S02","2025-01-02T20:55:00Z","rainfall_intensity",0,"mm/h"
"S02","2025-01-02T21:00:00Z","rainfall_intensity",0.0464473617596138,"mm/h"
"S02","2025-01-02T21:05:00Z","rainfall_intensity",0,"mm/h"
"S02","2025-01-02T21:10:00Z","rainfall_intensity",0,"mm/h"
"S02","2025-01-02T21:15:00Z","rainfall_intensity",0,"mm/h"
"S02","2025-01-02T21:20:00Z","rainfall_intensity",0,"mm/h"
"S02","2025-01-02T21:25:00Z","rainfall_intensity",0.248409617526789,"mm/h"
"S02","2025-01-02T21:30:00Z","rainfall_intensity",0,"mm/h"
"S02","2025-01-02T21:35:00Z","rainfall_intensity",0.0385437781311339,"mm/h"
"S02","2025-01-02T21:40:00Z","rainfall_intensity",0,"mm/h"
"S02","2025-01-02T21:45:00Z","rainfall_intensity",0,"mm/h"
"S02","2025-01-02T21:50:00Z","rainfall_intensity",0,"mm/h"
"S02","2025-01-02T21:55:00Z","rainfall_intensity",0.864051554172746,"mm/h"
"S02","2025-01-02T22:00:00Z","rainfall_intensity",1.63931943912671,"mm/h"
"S02","2025-01-02T22:05:00Z","rainfall_intensity",0,"mm/h"
"S02","2025-01-02T22:10:00Z","rainfall_intensity",0.295477286757057,"mm/h"
"S02","2025-01-02T22:15:00Z","rainfall_intensity",0.564799292270204,"mm/h"
"S02","2025-01-02T22:20:00Z","rainfall_intensity",1.80954275818538,"mm/h"
"S02","2025-01-02T22:25:00Z","rainfall_intensity",2.84751600465287,"mm/h"
"S02","2025-01-02T22:30:00Z","rainfall_intensity",0.00487918213130749,"mm/h"
"S02","2025-01-02T22:35:00Z","rainfall_intensity",0,"mm/h"
"S02","2025-01-02T22:40:00Z","rainfall_intensity",0.59653748509491,"mm/h"
"S02","2025-01-02T22:45:00Z","rainfall_intensity",0,"mm/h"
"S02","2025-01-02T22:50:00Z","rainfall_intensity",0,"mm/h"
"S02","2025-01-02T22:55:00Z","rainfall_intensity",0,"mm/h"
"S02","2025-01-02T23:00:00Z","rainfall_intensity",0,"mm/h"
"S02","2025-01-02T23:05:00Z","rainfall_intensity",0.135015503342399,"mm/h"
"S02","2025-01-02T23:10:00Z","rainfall_intensity",0,"mm/h"
"S02","2025-01-02T23:15:00Z","rainfall_intensity",0.0226795501441869,"mm/h"
"S02","2025-01-02T23:20:00Z","rainfall_intensity",0,"mm/h"
"S02","2025-01-02T23:25:00Z","rainfall_intensity",0.000426780838980807,"mm/h"
"S02","2025-01-02T23:30:00Z","rainfall_intensity",0.468731167574498,"mm/h"
"S02","2025-01-02T23:35:00Z","rainfall_intensity",0,"mm/h"
"S02","2025-01-02T23:40:00Z","rainfall_intensity",0,"mm/h"
"S02","2025-01-02T23:45:00Z","rainfall_intensity",0,"mm/h"
"S02","2025-01-02T23:50:00Z","rainfall_intensity",0,"mm/h"
"S02","2025-01-02T23:55:00Z","rainfall_intensity",0,"mm/h"
"S02","2025-01-03T00:00:00Z","rainfall_intensity",0,"mm/h"
"S02","2025-01-03T00:05:00Z","rainfall_intensity",0,"mm/h"
"S02","2025-01-03T00:10:00Z","rainfall_intensity",0.160735898569921,"mm/h"
"S02","2025-01-03T00:15:00Z","rainfall_intensity",0.699096519067722,"mm/h"
"S02","2025-01-03T00:20:00Z","rainfall_intensity",0,"mm/h"
"S02","2025-01-03T00:25:00Z","rainfall_intensity",0.0845780001038797,"mm/h"
"S02","2025-01-03T00:30:00Z","rainfall_intensity",3.53054657272481,"mm/h"
"S02","2025-01-03T00:35:00Z","rainfall_intensity",0,"mm/h"
"S02","2025-01-03T00:40:00Z","rainfall_intensity",0,"mm/h"
"S02","2025-01-03T00:45:00Z","rainfall_intensity",0,"mm/h"
"S02","2025-01-03T00:50:00Z","rainfall_intensity",4.16718049861708,"mm/h"
"S02","2025-01-03T00:55:00Z","rainfall_intensity",0.7846833336637,"mm/h"
"S02","2025-01-03T01:00:00Z","rainfall_intensity",3.06843589879484,"mm/h"
"S02","2025-01-03T01:05:00Z","rainfall_intensity",0,"mm/h"
"S02","2025-01-03T01:10:00Z","rainfall_intensity",0.206696122895241,"mm/h"
"S02","2025-01-03T01:15:00Z","rainfall_intensity",1.34025742128128,"mm/h"
"S02","2025-01-03T01:20:00Z","rainfall_intensity",0.670291685454952,"mm/h"
"S02","2025-01-03T01:25:00Z","rainfall_intensity",0.526290023440357,"mm/h"
"S02","2025-01-03T01:30:00Z","rainfall_intensity",0.332738068421178,"mm/h"
"S02","2025-01-03T01:35:00Z","rainfall_intensity",0.204332128714213,"mm/h"
"S02","2025-01-03T01:40:00Z","rainfall_intensity",1.15126818291922,"mm/h"
"S02","2025-01-03T01:45:00Z","rainfall_intensity",0,"mm/h"
"S02","2025-01-03T01:50:00Z","rainfall_intensity",0,"mm/h"
"S02","2025-01-03T01:55:00Z","rainfall_intensity",0.0136621989468047,"mm/h"
"S02","2025-01-03T02:00:00Z","rainfall_intensity",0,"mm/h"
"S02","2025-01-03T02:05:00Z","rainfall_intensity",0,"mm/h"
"S02","2025-01-03T02:10:00Z","rainfall_intensity",0,"mm/h"
"S02","2025-01-03T02:15:00Z","rainfall_intensity",0,"mm/h"
"S02","2025-01-03T02:20:00Z","rainfall_intensity",0,"mm/h"
"S02","2025-01-03T02:25:00Z","rainfall_intensity",0,"mm/h"
"S02","2025-01-03T02:30:00Z","rainfall_intensity",0,"mm/h"
"S02","2025-01-03T02:35:00Z","rainfall_intensity",0,"mm/h"
"S02","2025-01-03T02:40:00Z","rainfall_intensity",0.450754738574722,"mm/h"
"S02","2025-01-03T02:45:00Z","rainfall_intensity",0,"mm/h"
"S02","2025-01-03T02:50:00Z","rainfall_intensity",0,"mm/h"
"S02","2025-01-03T02:55:00Z","rainfall_intensity",0.408912884624327,"mm/h"
"S02","2025-01-03T03:00:00Z","rainfall_intensity",0.67621880844978,"mm/h"
"S02","2025-01-03T03:05:00Z","rainfall_intensity",0,"mm/h"
"S02","2025-01-03T03:10:00Z","rainfall_intensity",0,"mm/h"
"S02","2025-01-03T03:15:00Z","rainfall_intensity",0,"mm/h"
"S02","2025-01-03T03:20:00Z","rainfall_intensity",1.05463690738793,"mm/h"
"S02","2025-01-03T03:25:00Z","rainfall_intensity",0,"mm/h"
"S02","2025-01-03T03:30:00Z","rainfall_intensity",0.429822517071419,"mm/h"
"S02","2025-01-03T03:35:00Z","rainfall_intensity",0.162313753072338,"mm/h"
"S02","2025-01-03T03:40:00Z","rainfall_intensity",0,"mm/h"
"S02","2025-01-03T03:45:00Z","rainfall_intensity",0,"mm/h"
"S02","2025-01-03T03:50:00Z","rainfall_intensity",0,"mm/h"
"S02","2025-01-03T03:55:00Z","rainfall_intensity",0,"mm/h"
"S02","2025-01-03T04:00:00Z","rainfall_intensity",0,"mm/h"
"S02","2025-01-03T04:05:00Z","rainfall_intensity",0,"mm/h"
"S02","2025-01-03T04:10:00Z","rainfall_intensity",0,"mm/h"
"S02","2025-01-03T04:15:00Z","rainfall_intensity",0,"mm/h"
"S02","2025-01-03T04:20:00Z","rainfall_intensity",0,"mm/h"
"S02","2025-01-03T04:25:00Z","rainfall_intensity",0,"mm/h"
"S02","2025-01-03T04:30:00Z","rainfall_intensity",0,"mm/h"
"S02","2025-01-03T04:35:00Z","rainfall_intensity",0,"mm/h"
"S02","2025-01-03T04:40:00Z","rainfall_intensity",0,"mm/h"
"S02","2025-01-03T04:45:00Z","rainfall_intensity",0,"mm/h"
"S02","2025-01-03T04:50:00Z","rainfall_intensity",0,"mm/h"
"S02","2025-01-03T04:55:00Z","rainfall_intensity",0,"mm/h"
"S02","2025-01-03T05:00:00Z","rainfall_intensity",0,"mm/h"
"S02","2025-01-03T05:05:00Z","rainfall_intensity",0,"mm/h"
"S02","2025-01-03T05:10:00Z","rainfall_intensity",0,"mm/h"
"S02","2025-01-03T05:15:00Z","rainfall_intensity",0,"mm/h"
"S02","2025-01-03T05:20:00Z","rainfall_intensity",2.16202687948762,"mm/h"
"S02","2025-01-03T05:25:00Z","rainfall_intensity",0.018735032601103,"mm/h"
"S02","2025-01-03T05:30:00Z","rainfall_intensity",0,"mm/h"
"S02","2025-01-03T05:35:00Z","rainfall_intensity",0.0930778571648758,"mm/h"
"S02","2025-01-03T05:40:00Z","rainfall_intensity",0.168765046393293,"mm/h"
"S02","2025-01-03T05:45:00Z","rainfall_intensity",1.33291709088071,"mm/h"
"S02","2025-01-03T05:50:00Z","rainfall_intensity",1.10721871463549,"mm/h"
"S02","2025-01-03T05:55:00Z","rainfall_intensity",0,"mm/h"
"S02","2025-01-03T06:00:00Z","rainfall_intensity",0,"mm/h"
"S02","2025-01-03T06:05:00Z","rainfall_intensity",0,"mm/h"
"S02","2025-01-03T06:10:00Z","rainfall_intensity",0,"mm/h"
"S02","2025-01-03T06:15:00Z","rainfall_intensity",0.240135014307129,"mm/h"
"S02","2025-01-03T06:20:00Z","rainfall_intensity",1.20044211189831,"mm/h"
"S02","2025-01-03T06:25:00Z","rainfall_intensity",0,"mm/h"
"S02","2025-01-03T06:30:00Z","rainfall_intensity",0.764423682882095,"mm/h"
"S02","2025-01-03T06:35:00Z","rainfall_intensity",0,"mm/h"
"S02","2025-01-03T06:40:00Z","rainfall_intensity",0,"mm/h"
"S02","2025-01-03T06:45:00Z","rainfall_intensity",0,"mm/h"
"S02","2025-01-03T06:50:00Z","rainfall_intensity",0.00979307733409041,"mm/h"
"S02","2025-01-03T06:55:00Z","rainfall_intensity",0.675850361300914,"mm/h"
"S02","2025-01-03T07:00:00Z","rainfall_intensity",0.015129158916308,"mm/h"
"S02","2025-01-03T07:05:00Z","rainfall_intensity",0,"mm/h"
"S02","2025-01-03T07:10:00Z","rainfall_intensity",0,"mm/h"
"S02","2025-01-03T07:15:00Z","rainfall_intensity",0,"mm/h"
"S02","2025-01-03T07:20:00Z","rainfall_intensity",0,"mm/h"
"S02","2025-01-03T07:25:00Z","rainfall_intensity",0,"mm/h"
"S02","2025-01-03T07:30:00Z","rainfall_intensity",0,"mm/h"
"S02","2025-01-03T07:35:00Z","rainfall_intensity",0,"mm/h"
"S02","2025-01-03T07:40:00Z","rainfall_intensity",0,"mm/h"
"S02","2025-01-03T07:45:00Z","rainfall_intensity",0,"mm/h"
"S02","2025-01-03T07:50:00Z","rainfall_intensity",0,"mm/h"
"S02","2025-01-03T07:55:00Z","rainfall_intensity",0,"mm/h"
"S02","2025-01-03T08:00:00Z","rainfall_intensity",0,"mm/h"
"S02","2025-01-03T08:05:00Z","rainfall_intensity",0,"mm/h"
"S02","2025-01-03T08:10:00Z","rainfall_intensity",0,"mm/h"
"S02","2025-01-03T08:15:00Z","rainfall_intensity",0,"mm/h"
"S02","2025-01-03T08:20:00Z","rainfall_intensity",0,"mm/h"
"S02","2025-01-03T08:25:00Z","rainfall_intensity",0,"mm/h"
"S02","2025-01-03T08:30:00Z","rainfall_intensity",0.604854327100141,"mm/h"
"S02","2025-01-03T08:35:00Z","rainfall_intensity",0.00750601120748014,"mm/h"
"S02","2025-01-03T08:40:00Z","rainfall_intensity",0.303129426200412,"mm/h"
"S02","2025-01-03T08:45:00Z","rainfall_intensity",0.675334183303952,"mm/h"
"S02","2025-01-03T08:50:00Z","rainfall_intensity",1.43947188308899,"mm/h"
"S02","2025-01-03T08:55:00Z","rainfall_intensity",0.738102725699001,"mm/h"
"S02","2025-01-03T09:00:00Z","rainfall_intensity",0.275376682199191,"mm/h"
"S02","2025-01-03T09:05:00Z","rainfall_intensity",0,"mm/h"
"S02","2025-01-03T09:10:00Z","rainfall_intensity",0.617497751698284,"mm/h"
"S02","2025-01-03T09:15:00Z","rainfall_intensity",0,"mm/h"
"S02","2025-01-03T09:20:00Z","rainfall_intensity",1.56840561179097,"mm/h"
"S02","2025-01-03T09:25:00Z","rainfall_intensity",3.17234406171725,"mm/h"
"S02","2025-01-03T09:30:00Z","rainfall_intensity",0.650440979624675,"mm/h"
"S02","2025-01-03T09:35:00Z","rainfall_intensity",0.551668478304417,"mm/h"
"S02","2025-01-03T09:40:00Z","rainfall_intensity",2.22039058734564,"mm/h"
"S02","2025-01-03T09:45:00Z","rainfall_intensity",0.785675781904939,"mm/h"
"S02","2025-01-03T09:50:00Z","rainfall_intensity",0.0480795315510776,"mm/h"
"S02","2025-01-03T09:55:00Z","rainfall_intensity",0,"mm/h"
"S02","2025-01-03T10:00:00Z","rainfall_intensity",0,"mm/h"
"S02","2025-01-03T10:05:00Z","rainfall_intensity",0,"mm/h"
"S02","2025-01-03T10:10:00Z","rainfall_intensity",0,"mm/h"
"S02","2025-01-03T10:15:00Z","rainfall_intensity",0,"mm/h"
"S02","2025-01-03T10:20:00Z","rainfall_intensity",0,"mm/h"
"S02","2025-01-03T10:25:00Z","rainfall_intensity",0.176908277685622,"mm/h"
"S02","2025-01-03T10:30:00Z","rainfall_intensity",0,"mm/h"
"S02","2025-01-03T10:35:00Z","rainfall_intensity",0,"mm/h"
"S02","2025-01-03T10:40:00Z","rainfall_intensity",0,"mm/h"
"S02","2025-01-03T10:45:00Z","rainfall_intensity",0,"mm/h"
"S02","2025-01-03T10:50:00Z","rainfall_intensity",0,"mm/h"
"S02","2025-01-03T10:55:00Z","rainfall_intensity",0,"mm/h"
"S02","2025-01-03T11:00:00Z","rainfall_intensity",0,"mm/h"
"S02","2025-01-03T11:05:00Z","rainfall_intensity",0,"mm/h"
"S02","2025-01-03T11:10:00Z","rainfall_intensity",0,"mm/h"
"S02","2025-01-03T11:15:00Z","rainfall_intensity",0,"mm/h"
"S02","2025-01-03T11:20:00Z","rainfall_intensity",0,"mm/h"
"S02","2025-01-03T11:25:00Z","rainfall_intensity",0,"mm/h"
"S02","2025-01-03T11:30:00Z","rainfall_intensity",0,"mm/h"
"S02","2025-01-03T11:35:00Z","rainfall_intensity",0.117753155642417,"mm/h"
"S02","2025-01-03T11:40:00Z","rainfall_intensity",0,"mm/h"
"S02","2025-01-03T11:45:00Z","rainfall_intensity",0,"mm/h"
"S02","2025-01-03T11:50:00Z","rainfall_intensity",0,"mm/h"
"S02","2025-01-03T11:55:00Z","rainfall_intensity",0,"mm/h"
"S02","2025-01-03T12:00:00Z","rainfall_intensity",0,"mm/h"
"S02","2025-01-03T12:05:00Z","rainfall_intensity",0,"mm/h"
"S02","2025-01-03T12:10:00Z","rainfall_intensity",0,"mm/h"
"S02","2025-01-03T12:15:00Z","rainfall_intensity",0,"mm/h"
"S02","2025-01-03T12:20:00Z","rainfall_intensity",0,"mm/h"
"S02","2025-01-03T12:25:00Z","rainfall_intensity",0,"mm/h"
"S02","2025-01-03T12:30:00Z","rainfall_intensity",1.94685738255114,"mm/h"
"S02","2025-01-03T12:35:00Z","rainfall_intensity",1.87660670911821,"mm/h"
"S02","2025-01-03T12:40:00Z","rainfall_intensity",0.282180930896788,"mm/h"
"S02","2025-01-03T12:45:00Z","rainfall_intensity",3.03761368068943,"mm/h"
"S02","2025-01-03T12:50:00Z","rainfall_intensity",0.451167416039158,"mm/h"
"S02","2025-01-03T12:55:00Z","rainfall_intensity",2.04966575101045,"mm/h"
"S02","2025-01-03T13:00:00Z","rainfall_intensity",5.38968036634275,"mm/h"
"S02","2025-01-03T13:05:00Z","rainfall_intensity",1.97783702562774,"mm/h"
"S02","2025-01-03T13:10:00Z","rainfall_intensity",1.65643214724973,"mm/h"
"S02","2025-01-03T13:15:00Z","rainfall_intensity",2.67008115991554,"mm/h"
"S02","2025-01-03T13:20:00Z","rainfall_intensity",4.54376978129704,"mm/h"
"S02","2025-01-03T13:25:00Z","rainfall_intensity",0.967208537458952,"mm/h"
"S02","2025-01-03T13:30:00Z","rainfall_intensity",0,"mm/h"
"S02","2025-01-03T13:35:00Z","rainfall_intensity",0,"mm/h"
"S02","2025-01-03T13:40:00Z","rainfall_intensity",0,"mm/h"
"S02","2025-01-03T13:45:00Z","rainfall_intensity",0,"mm/h"
"S02","2025-01-03T13:50:00Z","rainfall_intensity",0,"mm/h"
"S02","2025-01-03T13:55:00Z","rainfall_intensity",0,"mm/h"
"S02","2025-01-03T14:00:00Z","rainfall_intensity",0,"mm/h"
"S02","2025-01-03T14:05:00Z","rainfall_intensity",0,"mm/h"
"S02","2025-01-03T14:10:00Z","rainfall_intensity",0,"mm/h"
"S02","2025-01-03T14:15:00Z","rainfall_intensity",0,"mm/h"
"S02","2025-01-03T14:20:00Z","rainfall_intensity",0,"mm/h"
"S02","2025-01-03T14:25:00Z","rainfall_intensity",0,"mm/h"
"S02","2025-01-03T14:30:00Z","rainfall_intensity",0,"mm/h"
"S02","2025-01-03T14:35:00Z","rainfall_intensity",0,"mm/h"
"S02","2025-01-03T14:40:00Z","rainfall_intensity",0,"mm/h"
"S02","2025-01-03T14:45:00Z","rainfall_intensity",0,"mm/h"
"S02","2025-01-03T14:50:00Z","rainfall_intensity",0,"mm/h"
"S02","2025-01-03T14:55:00Z","rainfall_intensity",0,"mm/h"
"S02","2025-01-03T15:00:00Z","rainfall_intensity",0.177274099795561,"mm/h"
"S02","2025-01-03T15:05:00Z","rainfall_intensity",2.29333307887044,"mm/h"
"S02","2025-01-03T15:10:00Z","rainfall_intensity",0.520573443710751,"mm/h"
"S02","2025-01-03T15:15:00Z","rainfall_intensity",0.0372651154421824,"mm/h"
"S02","2025-01-03T15:20:00Z","rainfall_intensity",0,"mm/h"
"S02","2025-01-03T15:25:00Z","rainfall_intensity",1.95574749701072,"mm/h"
"S02","2025-01-03T15:30:00Z","rainfall_intensity",2.9437687856217,"mm/h"
"S02","2025-01-03T15:35:00Z","rainfall_intensity",0.408924256493683,"mm/h"
"S02","2025-01-03T15:40:00Z","rainfall_intensity",0,"mm/h"
"S02","2025-01-03T15:45:00Z","rainfall_intensity",0,"mm/h"
"S02","2025-01-03T15:50:00Z","rainfall_intensity",0,"mm/h"
"S02","2025-01-03T15:55:00Z","rainfall_intensity",0,"mm/h"
"S02","2025-01-03T16:00:00Z","rainfall_intensity",0,"mm/h"
"S02","2025-01-03T16:05:00Z","rainfall_intensity",0,"mm/h"
"S02","2025-01-03T16:10:00Z","rainfall_intensity",0,"mm/h"
"S02","2025-01-03T16:15:00Z","rainfall_intensity",0,"mm/h"
"S02","2025-01-03T16:20:00Z","rainfall_intensity",0,"mm/h"
"S02","2025-01-03T16:25:00Z","rainfall_intensity",0,"mm/h"
"S02","2025-01-03T16:30:00Z","rainfall_intensity",0,"mm/h"
"S02","2025-01-03T16:35:00Z","rainfall_intensity",0,"mm/h"
"S02","2025-01-03T16:40:00Z","rainfall_intensity",0,"mm/h"
"S02","2025-01-03T16:45:00Z","rainfall_intensity",0,"mm/h"
"S02","2025-01-03T16:50:00Z","rainfall_intensity",0,"mm/h"
"S02","2025-01-03T16:55:00Z","rainfall_intensity",0,"mm/h"
"S02","2025-01-03T17:00:00Z","rainfall_intensity",0,"mm/h"
"S02","2025-01-03T17:05:00Z","rainfall_intensity",0,"mm/h"
"S02","2025-01-03T17:10:00Z","rainfall_intensity",0,"mm/h"
"S02","2025-01-03T17:15:00Z","rainfall_intensity",0,"mm/h"
"S02","2025-01-03T17:20:00Z","rainfall_intensity",0,"mm/h"
"S02","2025-01-03T17:25:00Z","rainfall_intensity",0,"mm/h"
"S02","2025-01-03T17:30:00Z","rainfall_intensity",0,"mm/h"
"S02","2025-01-03T17:35:00Z","rainfall_intensity",0,"mm/h"
"S02","2025-01-03T17:40:00Z","rainfall_intensity",0,"mm/h"
"S02","2025-01-03T17:45:00Z","rainfall_intensity",0,"mm/h"
"S02","2025-01-03T17:50:00Z","rainfall_intensity",0,"mm/h"
"S02","2025-01-03T17:55:00Z","rainfall_intensity",0,"mm/h"
"S02","2025-01-03T18:00:00Z","rainfall_intensity",0,"mm/h"
"S02","2025-01-03T18:05:00Z","rainfall_intensity",0,"mm/h"
"S02","2025-01-03T18:10:00Z","rainfall_intensity",0,"mm/h"
"S02","2025-01-03T18:15:00Z","rainfall_intensity",0,"mm/h"
"S02","2025-01-03T18:20:00Z","rainfall_intensity",0,"mm/h"
"S02","2025-01-03T18:25:00Z","rainfall_intensity",0,"mm/h"
"S02","2025-01-03T18:30:00Z","rainfall_intensity",0,"mm/h"
"S02","2025-01-03T18:35:00Z","rainfall_intensity",0,"mm/h"
"S02","2025-01-03T18:40:00Z","rainfall_intensity",0,"mm/h"
"S02","2025-01-03T18:45:00Z","rainfall_intensity",0,"mm/h"
"S02","2025-01-03T18:50:00Z","rainfall_intensity",0,"mm/h"
"S02","2025-01-03T18:55:00Z","rainfall_intensity",0.0360004727727932,"mm/h"
"S02","2025-01-03T19:00:00Z","rainfall_intensity",0.575899120073473,"mm/h"
"S02","2025-01-03T19:05:00Z","rainfall_intensity",0,"mm/h"
"S02","2025-01-03T19:10:00Z","rainfall_intensity",0.239642235265267,"mm/h"
"S02","2025-01-03T19:15:00Z","rainfall_intensity",2.28652606922199,"mm/h"
"S02","2025-01-03T19:20:00Z","rainfall_intensity",0.650587908146071,"mm/h"
"S02","2025-01-03T19:25:00Z","rainfall_intensity",0.53231643072356,"mm/h"
"S02","2025-01-03T19:30:00Z","rainfall_intensity",0,"mm/h"
"S02","2025-01-03T19:35:00Z","rainfall_intensity",0.927542359382588,"mm/h"
"S02","2025-01-03T19:40:00Z","rainfall_intensity",0.0454988261548406,"mm/h"
"S02","2025-01-03T19:45:00Z","rainfall_intensity",2.84950010144249,"mm/h"
"S02","2025-01-03T19:50:00Z","rainfall_intensity",0.294596173954681,"mm/h"
"S02","2025-01-03T19:55:00Z","rainfall_intensity",0,"mm/h"
"S02","2025-01-03T20:00:00Z","rainfall_intensity",0.0542422139457953,"mm/h"
"S02","2025-01-03T20:05:00Z","rainfall_intensity",1.11963535593786,"mm/h"
"S02","2025-01-03T20:10:00Z","rainfall_intensity",0.343771616285546,"mm/h"
"S02","2025-01-03T20:15:00Z","rainfall_intensity",1.37713224429269,"mm/h"
"S02","2025-01-03T20:20:00Z","rainfall_intensity",5.3387785667249,"mm/h"
"S02","2025-01-03T20:25:00Z","rainfall_intensity",3.68888773331886,"mm/h"
"S02","2025-01-03T20:30:00Z","rainfall_intensity",5.85292733198746,"mm/h"
"S02","2025-01-03T20:35:00Z","rainfall_intensity",1.55382354103696,"mm/h"
"S02","2025-01-03T20:40:00Z","rainfall_intensity",0.630212060090403,"mm/h"
"S02","2025-01-03T20:45:00Z","rainfall_intensity",0,"mm/h"
"S02","2025-01-03T20:50:00Z","rainfall_intensity",0.202168680269325,"mm/h"
"S02","2025-01-03T20:55:00Z","rainfall_intensity",0,"mm/h"
"S02","2025-01-03T21:00:00Z","rainfall_intensity",0.0984873521294887,"mm/h"
"S02","2025-01-03T21:05:00Z","rainfall_intensity",0.971136489183655,"mm/h"
"S02","2025-01-03T21:10:00Z","rainfall_intensity",0.615023750649987,"mm/h"
"S02","2025-01-03T21:15:00Z","rainfall_intensity",0,"mm/h"
"S02","2025-01-03T21:20:00Z","rainfall_intensity",0,"mm/h"
"S02","2025-01-03T21:25:00Z","rainfall_intensity",2.38168014506747,"mm/h"
"S02","2025-01-03T21:30:00Z","rainfall_intensity",2.37663157198524,"mm/h"
"S02","2025-01-03T21:35:00Z","rainfall_intensity",0,"mm/h"
"S02","2025-01-03T21:40:00Z","rainfall_intensity",0,"mm/h"
"S02","2025-01-03T21:45:00Z","rainfall_intensity",0,"mm/h"
"S02","2025-01-03T21:50:00Z","rainfall_intensity",0,"mm/h"
"S02","2025-01-03T21:55:00Z","rainfall_intensity",0.208322176899297,"mm/h"
"S02","2025-01-03T22:00:00Z","rainfall_intensity",0,"mm/h"
"S02","2025-01-03T22:05:00Z","rainfall_intensity",0.00750112413235225,"mm/h"
"S02","2025-01-03T22:10:00Z","rainfall_intensity",0.110105261951977,"mm/h"
"S02","2025-01-03T22:15:00Z","rainfall_intensity",0,"mm/h"
"S02","2025-01-03T22:20:00Z","rainfall_intensity",0,"mm/h"
"S02","2025-01-03T22:25:00Z","rainfall_intensity",0,"mm/h"
"S02","2025-01-03T22:30:00Z","rainfall_intensity",0,"mm/h"
"S02","2025-01-03T22:35:00Z","rainfall_intensity",0,"mm/h"
"S02","2025-01-03T22:40:00Z","rainfall_intensity",0,"mm/h"
"S02","2025-01-03T22:45:00Z","rainfall_intensity",0,"mm/h"
"S02","2025-01-03T22:50:00Z","rainfall_intensity",0.0240595173020487,"mm/h"
"S02","2025-01-03T22:55:00Z","rainfall_intensity",0,"mm/h"
"S02","2024-12-31T23:00:00Z","water_level",0.00252955318450191,"m"
"S02","2024-12-31T23:05:00Z","water_level",0,"m"
"S02","2024-12-31T23:10:00Z","water_level",0.111700015187383,"m"
"S02","2024-12-31T23:15:00Z","water_level",0.0107576464347761,"m"
"S02","2024-12-31T23:20:00Z","water_level",0.0522497190218305,"m"
"S02","2024-12-31T23:25:00Z","water_level",0.112019963736751,"m"
"S02","2024-12-31T23:30:00Z","water_level",0.0597760143418761,"m"
"S02","2024-12-31T23:35:00Z","water_level",0.00858899529043027,"m"
"S02","2024-12-31T23:40:00Z","water_level",0.0527679802090705,"m"
"S02","2024-12-31T23:45:00Z","water_level",0.105206913861018,"m"
"S02","2024-12-31T23:50:00Z","water_level",0.52858094502976,"m"
"S02","2024-12-31T23:55:00Z","water_level",0.0811548948846186,"m"
"S02","2025-01-01T00:00:00Z","water_level",0.213979721424325,"m"
"S02","2025-01-01T00:05:00Z","water_level",0.45933006772829,"m"
"S02","2025-01-01T00:10:00Z","water_level",0.82736900919298,"m"
"S02","2025-01-01T00:15:00Z","water_level",0.633727910295862,"m"
"S02","2025-01-01T00:20:00Z","water_level",0.459683660187763,"m"
"S02","2025-01-01T00:25:00Z","water_level",0.478969772230491,"m"
"S02","2025-01-01T00:30:00Z","water_level",0.395140028413716,"m"
"S02","2025-01-01T00:35:00Z","water_level",0.631433622411794,"m"
"S02","2025-01-01T00:40:00Z","water_level",0.0693098030645617,"m"
"S02","2025-01-01T00:45:00Z","water_level",0.410403460994045,"m"
"S02","2025-01-01T00:50:00Z","water_level",0.133703838626547,"m"
"S02","2025-01-01T00:55:00Z","water_level",0.255585146823324,"m"
"S02","2025-01-01T01:00:00Z","water_level",0.104365361730049,"m"
"S02","2025-01-01T01:05:00Z","water_level",0.0308838334235685,"m"
"S02","2025-01-01T01:10:00Z","water_level",0.484892130300671,"m"
"S02","2025-01-01T01:15:00Z","water_level",0.379982849012951,"m"
"S02","2025-01-01T01:20:00Z","water_level",0.173435883364813,"m"
"S02","2025-01-01T01:25:00Z","water_level",0.0680392306448729,"m"
"S02","2025-01-01T01:30:00Z","water_level",0.661713588692167,"m"
"S02","2025-01-01T01:35:00Z","water_level",0.148519020495369,"m"
"S02","2025-01-01T01:40:00Z","water_level",0.122813257520504,"m"
"S02","2025-01-01T01:45:00Z","water_level",0.0522081410474414,"m"
"S02","2025-01-01T01:50:00Z","water_level",0.140705592720692,"m"
"S02","2025-01-01T01:55:00Z","water_level",0.498276339296376,"m"
"S02","2025-01-01T02:00:00Z","water_level",0.536022357164825,"m"
"S02","2025-01-01T02:05:00Z","water_level",0.952858796027516,"m"
"S02","2025-01-01T02:10:00Z","water_level",0.674297542548825,"m"
"S02","2025-01-01T02:15:00Z","water_level",0.284093330915623,"m"
"S02","2025-01-01T02:20:00Z","water_level",0.762850787701214,"m"
"S02","2025-01-01T02:25:00Z","water_level",0.353231926192213,"m"
"S02","2025-01-01T02:30:00Z","water_level",0.693786189565835,"m"
"S02","2025-01-01T02:35:00Z","water_level",0.722107339454266,"m"
"S02","2025-01-01T02:40:00Z","water_level",0.289034347586789,"m"
"S02","2025-01-01T02:45:00Z","water_level",0.297013327438206,"m"
"S02","2025-01-01T02:50:00Z","water_level",0.505421560423111,"m"
"S02","2025-01-01T02:55:00Z","water_level",0.58489379678511,"m"
"S02","2025-01-01T03:00:00Z","water_level",0.981772960439145,"m"
"S02","2025-01-01T03:05:00Z","water_level",0.453546496208135,"m"
"S02","2025-01-01T03:10:00Z","water_level",1.31350431661232,"m"
"S02","2025-01-01T03:15:00Z","water_level",0.441272746074432,"m"
"S02","2025-01-01T03:20:00Z","water_level",0.346728837795523,"m"
"S02","2025-01-01T03:25:00Z","water_level",0.0384076168576796,"m"
"S02","2025-01-01T03:30:00Z","water_level",0.228129273774321,"m"
"S02","2025-01-01T03:35:00Z","water_level",0.541607510136542,"m"
"S02","2025-01-01T03:40:00Z","water_level",0.0942253064203836,"m"
"S02","2025-01-01T03:45:00Z","water_level",0.529797832361776,"m"
"S02","2025-01-01T03:50:00Z","water_level",0.289425017279216,"m"
"S02","2025-01-01T03:55:00Z","water_level",0.935884123651975,"m"
"S02","2025-01-01T04:00:00Z","water_level",0.584725727637632,"m"
"S02","2025-01-01T04:05:00Z","water_level",1.02417867368332,"m"
"S02","2025-01-01T04:10:00Z","water_level",0.862185276578551,"m"
"S02","2025-01-01T04:15:00Z","water_level",0.492353337669665,"m"
"S02","2025-01-01T04:20:00Z","water_level",1.49887465358731,"m"
"S02","2025-01-01T04:25:00Z","water_level",0.961857368205252,"m"
"S02","2025-01-01T04:30:00Z","water_level",0.41596759401766,"m"
"S02","2025-01-01T04:35:00Z","water_level",3.15261366453103,"m"
"S02","2025-01-01T04:40:00Z","water_level",4,"m"
"S02","2025-01-01T04:45:00Z","water_level",0.756888744304046,"m"
"S02","2025-01-01T04:50:00Z","water_level",0.526707826513379,"m"
"S02","2025-01-01T04:55:00Z","water_level",0.183745479312129,"m"
"S02","2025-01-01T05:00:00Z","water_level",0.399042686062196,"m"
"S02","2025-01-01T05:05:00Z","water_level",0.693842456445499,"m"
"S02","2025-01-01T05:10:00Z","water_level",0.53415433107898,"m"
"S02","2025-01-01T05:15:00Z","water_level",0.126313473235048,"m"
"S02","2025-01-01T05:20:00Z","water_level",0.263756754920513,"m"
"S02","2025-01-01T05:25:00Z","water_level",0.256137364255103,"m"
"S02","2025-01-01T05:30:00Z","water_level",0.733284493674961,"m"
"S02","2025-01-01T05:35:00Z","water_level",0.73218099928401,"m"
"S02","2025-01-01T05:40:00Z","water_level",0.571273389910492,"m"
"S02","2025-01-01T05:45:00Z","water_level",0.439179515361977,"m"
"S02","2025-01-01T05:50:00Z","water_level",0.673609490349729,"m"
"S02","2025-01-01T05:55:00Z","water_level",0.220484365726035,"m"
"S02","2025-01-01T06:00:00Z","water_level",0.00132802103769842,"m"
"S02","2025-01-01T06:05:00Z","water_level",0.0684252817242661,"m"
"S02","2025-01-01T06:10:00Z","water_level",0.529355502530966,"m"
"S02","2025-01-01T06:15:00Z","water_level",0.240017105687104,"m"
"S02","2025-01-01T06:20:00Z","water_level",0.40310460386569,"m"
"S02","2025-01-01T06:25:00Z","water_level",1.13250393868644,"m"
"S02","2025-01-01T06:30:00Z","water_level",0.872942432824524,"m"
"S02","2025-01-01T06:35:00Z","water_level",1.4108133973942,"m"
"S02","2025-01-01T06:40:00Z","water_level",1.19128178107299,"m"
"S02","2025-01-01T06:45:00Z","water_level",0.3992918607482,"m"
"S02","2025-01-01T06:50:00Z","water_level",0.826032628880007,"m"
"S02","2025-01-01T06:55:00Z","water_level",0.211298160477112,"m"
"S02","2025-01-01T07:00:00Z","water_level",0.318192825376681,"m"
"S02","2025-01-01T07:05:00Z","water_level",0.318315686777314,"m"
"S02","2025-01-01T07:10:00Z","water_level",0.256000330154736,"m"
"S02","2025-01-01T07:15:00Z","water_level",0.54569670878824,"m"
"S02","2025-01-01T07:20:00Z","water_level",0.128977676372577,"m"
"S02","2025-01-01T07:25:00Z","water_level",0.0482299962696881,"m"
"S02","2025-01-01T07:30:00Z","water_level",0.450306603944623,"m"
"S02","2025-01-01T07:35:00Z","water_level",0.959499961925197,"m"
"S02","2025-01-01T07:40:00Z","water_level",0.160971914902047,"m"
"S02","2025-01-01T07:45:00Z","water_level",0.104619127086821,"m"
"S02","2025-01-01T07:50:00Z","water_level",0.0214749997583585,"m"
"S02","2025-01-01T07:55:00Z","water_level",0.402621448535414,"m"
"S02","2025-01-01T08:00:00Z","water_level",1.21545877855705,"m"
"S02","2025-01-01T08:05:00Z","water_level",0.423354418341546,"m"
"S02","2025-01-01T08:10:00Z","water_level",0.20967104962129,"m"
"S02","2025-01-01T08:15:00Z","water_level",0.163746725804383,"m"
"S02","2025-01-01T08:20:00Z","water_level",0.148211485091096,"m"
"S02","2025-01-01T08:25:00Z","water_level",0.0803073030242517,"m"
"S02","2025-01-01T08:30:00Z","water_level",0.342460242259906,"m"
"S02","2025-01-01T08:35:00Z","water_level",0.220574627603779,"m"
"S02","2025-01-01T08:40:00Z","water_level",0.957946794643404,"m"
"S02","2025-01-01T08:45:00Z","water_level",1.11439643541769,"m"
"S02","2025-01-01T08:50:00Z","water_level",1.66159280245076,"m"
"S02","2025-01-01T08:55:00Z","water_level",0.795320910874445,"m"
"S02","2025-01-01T09:00:00Z","water_level",1.1761309521192,"m"
"S02","2025-01-01T09:05:00Z","water_level",0.59632481099121,"m"
"S02","2025-01-01T09:10:00Z","water_level",1.74056582190216,"m"
"S02","2025-01-01T09:15:00Z","water_level",0.506553132312677,"m"
"S02","2025-01-01T09:20:00Z","water_level",0.280294713164133,"m"
"S02","2025-01-01T09:25:00Z","water_level",1.10342001120505,"m"
"S02","2025-01-01T09:30:00Z","water_level",0.615844908745284,"m"
"S02","2025-01-01T09:35:00Z","water_level",0.639246169440074,"m"
"S02","2025-01-01T09:40:00Z","water_level",0.0554362026076794,"m"
"S02","2025-01-01T09:45:00Z","water_level",0.761091559311685,"m"
"S02","2025-01-01T09:50:00Z","water_level",0.171789570699452,"m"
"S02","2025-01-01T09:55:00Z","water_level",0.309883288710063,"m"
"S02","2025-01-01T10:00:00Z","water_level",0.0876092208694687,"m"
"S02","2025-01-01T10:05:00Z","water_level",0.15168741860323,"m"
"S02","2025-01-01T10:10:00Z","water_level",1.21383450438687,"m"
"S02","2025-01-01T10:15:00Z","water_level",0.796054202408052,"m"
"S02","2025-01-01T10:20:00Z","water_level",1.75891776055825,"m"
"S02","2025-01-01T10:25:00Z","water_level",2.38556342351964,"m"
"S02","2025-01-01T10:30:00Z","water_level",1.15463619029077,"m"
"S02","2025-01-01T10:35:00Z","water_level",0.117092881675811,"m"
"S02","2025-01-01T10:40:00Z","water_level",0.36595570408252,"m"
"S02","2025-01-01T10:45:00Z","water_level",0.0203943497530317,"m"
"S02","2025-01-01T10:50:00Z","water_level",0.414571872656361,"m"
"S02","2025-01-01T10:55:00Z","water_level",0.176320033866265,"m"
"S02","2025-01-01T11:00:00Z","water_level",0.186944561058649,"m"
"S02","2025-01-01T11:05:00Z","water_level",0.126937127550926,"m"
"S02","2025-01-01T11:10:00Z","water_level",0.111315317807077,"m"
"S02","2025-01-01T11:15:00Z","water_level",0.00408921250415987,"m"
"S02","2025-01-01T11:20:00Z","water_level",0.00919769160283792,"m"
"S02","2025-01-01T11:25:00Z","water_level",0.00558515986981989,"m"
"S02","2025-01-01T11:30:00Z","water_level",0.00900403876126529,"m"
"S02","2025-01-01T11:35:00Z","water_level",0.114851253107458,"m"
"S02","2025-01-01T11:40:00Z","water_level",0.0964103538399383,"m"
"S02","2025-01-01T11:45:00Z","water_level",0.0958399624045279,"m"
"S02","2025-01-01T11:50:00Z","water_level",0.00467394713001886,"m"
"S02","2025-01-01T11:55:00Z","water_level",0.128490666327732,"m"
"S02","2025-01-01T12:00:00Z","water_level",0.549152219967147,"m"
"S02","2025-01-01T12:05:00Z","water_level",1.81962953302774,"m"
"S02","2025-01-01T12:10:00Z","water_level",1.67068261255059,"m"
"S02","2025-01-01T12:15:00Z","water_level",0.368764548121262,"m"
"S02","2025-01-01T12:20:00Z","water_level",0.277163764033414,"m"
"S02","2025-01-01T12:25:00Z","water_level",0.120826539418867,"m"
"S02","2025-01-01T12:30:00Z","water_level",0.407784747376349,"m"
"S02","2025-01-01T12:35:00Z","water_level",1.01964020405836,"m"
"S02","2025-01-01T12:40:00Z","water_level",0.493951249429373,"m"
"S02","2025-01-01T12:45:00Z","water_level",0.53807663038749,"m"
"S02","2025-01-01T12:50:00Z","water_level",0.866533417828311,"m"
"S02","2025-01-01T12:55:00Z","water_level",1.12097139245951,"m"
"S02","2025-01-01T13:00:00Z","water_level",0.929962262581881,"m"
"S02","2025-01-01T13:05:00Z","water_level",0.118890225895682,"m"
"S02","2025-01-01T13:10:00Z","water_level",0.250830342110827,"m"
"S02","2025-01-01T13:15:00Z","water_level",0.208292224416584,"m"
"S02","2025-01-01T13:20:00Z","water_level",0.125048506498994,"m"
"S02","2025-01-01T13:25:00Z","water_level",0.280584565612581,"m"
"S02","2025-01-01T13:30:00Z","water_level",0.0891111878946166,"m"
"S02","2025-01-01T13:35:00Z","water_level",0.310366684141343,"m"
"S02","2025-01-01T13:40:00Z","water_level",0.0746563054314685,"m"
"S02","2025-01-01T13:45:00Z","water_level",0.173452029372102,"m"
"S02","2025-01-01T13:50:00Z","water_level",0.423785191423771,"m"
"S02","2025-01-01T13:55:00Z","water_level",0.281991687412894,"m"
"S02","2025-01-01T14:00:00Z","water_level",0.778228678854587,"m"
"S02","2025-01-01T14:05:00Z","water_level",0.721482838127243,"m"
"S02","2025-01-01T14:10:00Z","water_level",1.42526646040718,"m"
"S02","2025-01-01T14:15:00Z","water_level",1.27229745224776,"m"
"S02","2025-01-01T14:20:00Z","water_level",1.26258085037519,"m"
"S02","2025-01-01T14:25:00Z","water_level",0.547721765739049,"m"
"S02","2025-01-01T14:30:00Z","water_level",1.09220400082107,"m"
"S02","2025-01-01T14:35:00Z","water_level",3.77860986404919,"m"
"S02","2025-01-01T14:40:00Z","water_level",2.69245149230114,"m"
"S02","2025-01-01T14:45:00Z","water_level",1.11136264406082,"m"
"S02","2025-01-01T14:50:00Z","water_level",2.90577269659537,"m"
"S02","2025-01-01T14:55:00Z","water_level",2.65336484844515,"m"
"S02","2025-01-01T15:00:00Z","water_level",3.52936291132009,"m"
"S02","2025-01-01T15:05:00Z","water_level",2.32000664215314,"m"
"S02","2025-01-01T15:10:00Z","water_level",0.764616428809355,"m"
"S02","2025-01-01T15:15:00Z","water_level",1.52222612562084,"m"
"S02","2025-01-01T15:20:00Z","water_level",1.76253123162968,"m"
"S02","2025-01-01T15:25:00Z","water_level",2.27052464234088,"m"
"S02","2025-01-01T15:30:00Z","water_level",1.76388049541181,"m"
"S02","2025-01-01T15:35:00Z","water_level",0.163043260662798,"m"
"S02","2025-01-01T15:40:00Z","water_level",0.761669663059332,"m"
"S02","2025-01-01T15:45:00Z","water_level",0.247018536783573,"m"
"S02","2025-01-01T15:50:00Z","water_level",0.346025968304293,"m"
"S02","2025-01-01T15:55:00Z","water_level",1.32803681920306,"m"
"S02","2025-01-01T16:00:00Z","water_level",0.742003929902119,"m"
"S02","2025-01-01T16:05:00Z","water_level",1.26753929043264,"m"
"S02","2025-01-01T16:10:00Z","water_level",1.90383402073254,"m"
"S02","2025-01-01T16:15:00Z","water_level",0.74846217051419,"m"
"S02","2025-01-01T16:20:00Z","water_level",0.202573173474589,"m"
"S02","2025-01-01T16:25:00Z","water_level",0.253846305134505,"m"
"S02","2025-01-01T16:30:00Z","water_level",0.634580379838363,"m"
"S02","2025-01-01T16:35:00Z","water_level",0.512309461060309,"m"
"S02","2025-01-01T16:40:00Z","water_level",0.260952663653632,"m"
"S02","2025-01-01T16:45:00Z","water_level",0.299470673986019,"m"
"S02","2025-01-01T16:50:00Z","water_level",1.05392019209587,"m"
"S02","2025-01-01T16:55:00Z","water_level",0.144845535115826,"m"
"S02","2025-01-01T17:00:00Z","water_level",0.0858867022491532,"m"
"S02","2025-01-01T17:05:00Z","water_level",0.0411453761099946,"m"
"S02","2025-01-01T17:10:00Z","water_level",0.996351750328026,"m"
"S02","2025-01-01T17:15:00Z","water_level",0.655214007234366,"m"
"S02","2025-01-01T17:20:00Z","water_level",0.217119214981047,"m"
"S02","2025-01-01T17:25:00Z","water_level",1.51770909734452,"m"
"S02","2025-01-01T17:30:00Z","water_level",1.09922332007854,"m"
"S02","2025-01-01T17:35:00Z","water_level",0.264091875528675,"m"
"S02","2025-01-01T17:40:00Z","water_level",0.18547129874345,"m"
"S02","2025-01-01T17:45:00Z","water_level",0.609795340616254,"m"
"S02","2025-01-01T17:50:00Z","water_level",0.723365723852811,"m"
"S02","2025-01-01T17:55:00Z","water_level",0.928280075857673,"m"
"S02","2025-01-01T18:00:00Z","water_level",1.14066034231862,"m"
"S02","2025-01-01T18:05:00Z","water_level",2.72967427546879,"m"
"S02","2025-01-01T18:10:00Z","water_level",1.00712327712074,"m"
"S02","2025-01-01T18:15:00Z","water_level",0.41294524532114,"m"
"S02","2025-01-01T18:20:00Z","water_level",0.710521235088119,"m"
"S02","2025-01-01T18:25:00Z","water_level",0.40911962159655,"m"
"S02","2025-01-01T18:30:00Z","water_level",0.221480927452364,"m"
"S02","2025-01-01T18:35:00Z","water_level",0.525350322050011,"m"
"S02","2025-01-01T18:40:00Z","water_level",0.845204976334675,"m"
"S02","2025-01-01T18:45:00Z","water_level",1.01862982413258,"m"
"S02","2025-01-01T18:50:00Z","water_level",0.821408346624721,"m"
"S02","2025-01-01T18:55:00Z","water_level",1.47880155196058,"m"
"S02","2025-01-01T19:00:00Z","water_level",0.946172166591966,"m"
"S02","2025-01-01T19:05:00Z","water_level",0.840097544991327,"m"
"S02","2025-01-01T19:10:00Z","water_level",1.05831536147454,"m"
"S02","2025-01-01T19:15:00Z","water_level",0.405497216825237,"m"
"S02","2025-01-01T19:20:00Z","water_level",0.272882401742177,"m"
"S02","2025-01-01T19:25:00Z","water_level",0.0628257260560518,"m"
"S02","2025-01-01T19:30:00Z","water_level",1.37106994585062,"m"
"S02","2025-01-01T19:35:00Z","water_level",0.234267612193151,"m"
"S02","2025-01-01T19:40:00Z","water_level",0.231261071234329,"m"
"S02","2025-01-01T19:45:00Z","water_level",0.79602676083059,"m"
"S02","2025-01-01T19:50:00Z","water_level",1.47840294333814,"m"
"S02","2025-01-01T19:55:00Z","water_level",0.448710248336984,"m"
"S02","2025-01-01T20:00:00Z","water_level",1.1998622024463,"m"
"S02","2025-01-01T20:05:00Z","water_level",1.10240172238312,"m"
"S02","2025-01-01T20:10:00Z","water_level",2.59944036354864,"m"
"S02","2025-01-01T20:15:00Z","water_level",1.20317744608093,"m"
"S02","2025-01-01T20:20:00Z","water_level",2.15188348444296,"m"
"S02","2025-01-01T20:25:00Z","water_level",1.02639289546179,"m"
"S02","2025-01-01T20:30:00Z","water_level",1.72187715645612,"m"
"S02","2025-01-01T20:35:00Z","water_level",1.122517164434,"m"
"S02","2025-01-01T20:40:00Z","water_level",2.054466232544,"m"
"S02","2025-01-01T20:45:00Z","water_level",1.42924460006995,"m"
"S02","2025-01-01T20:50:00Z","water_level",1.6718449693244,"m"
"S02","2025-01-01T20:55:00Z","water_level",1.49516966356324,"m"
"S02","2025-01-01T21:00:00Z","water_level",0.877330089218879,"m"
"S02","2025-01-01T21:05:00Z","water_level",0.0271038717103152,"m"
"S02","2025-01-01T21:10:00Z","water_level",0.169436586081572,"m"
"S02","2025-01-01T21:15:00Z","water_level",0.687640209488018,"m"
"S02","2025-01-01T21:20:00Z","water_level",0.121919717090821,"m"
"S02","2025-01-01T21:25:00Z","water_level",0.0950576976612385,"m"
"S02","2025-01-01T21:30:00Z","water_level",0.358343243632928,"m"
"S02","2025-01-01T21:35:00Z","water_level",0.865432008836876,"m"
"S02","2025-01-01T21:40:00Z","water_level",0.173334361483926,"m"
"S02","2025-01-01T21:45:00Z","water_level",0.486385430634769,"m"
"S02","2025-01-01T21:50:00Z","water_level",1.41479927445423,"m"
"S02","2025-01-01T21:55:00Z","water_level",0.639515055843929,"m"
"S02","2025-01-01T22:00:00Z","water_level",0.720149623670831,"m"
"S02","2025-01-01T22:05:00Z","water_level",0.141436101193283,"m"
"S02","2025-01-01T22:10:00Z","water_level",0.808319922095697,"m"
"S02","2025-01-01T22:15:00Z","water_level",0.590998115885215,"m"
"S02","2025-01-01T22:20:00Z","water_level",0.14328325396319,"m"
"S02","2025-01-01T22:25:00Z","water_level",0.210855204032961,"m"
"S02","2025-01-01T22:30:00Z","water_level",0.0630277201273203,"m"
"S02","2025-01-01T22:35:00Z","water_level",0.738608732573808,"m"
"S02","2025-01-01T22:40:00Z","water_level",0.723706769408339,"m"
"S02","2025-01-01T22:45:00Z","water_level",0.365661581541902,"m"
"S02","2025-01-01T22:50:00Z","water_level",0.206258617478102,"m"
"S02","2025-01-01T22:55:00Z","water_level",0.650514955411649,"m"
"S02","2025-01-01T23:00:00Z","water_level",1.66520352120807,"m"
"S02","2025-01-01T23:05:00Z","water_level",0.6269936239659,"m"
"S02","2025-01-01T23:10:00Z","water_level",0.781350975829737,"m"
"S02","2025-01-01T23:15:00Z","water_level",0.586944013864424,"m"
"S02","2025-01-01T23:20:00Z","water_level",0.386889512580265,"m"
"S02","2025-01-01T23:25:00Z","water_level",0.394199144237875,"m"
"S02","2025-01-01T23:30:00Z","water_level",0.335369100837251,"m"
"S02","2025-01-01T23:35:00Z","water_level",0.47053921946983,"m"
"S02","2025-01-01T23:40:00Z","water_level",0.885241158743081,"m"
"S02","2025-01-01T23:45:00Z","water_level",0.870893760513256,"m"
"S02","2025-01-01T23:50:00Z","water_level",1.76287699356819,"m"
"S02","2025-01-01T23:55:00Z","water_level",1.51287714287558,"m"
"S02","2025-01-02T00:00:00Z","water_level",1.32089979578925,"m"
"S02","2025-01-02T00:05:00Z","water_level",1.06929492102665,"m"
"S02","2025-01-02T00:10:00Z","water_level",0.462629693099836,"m"
"S02","2025-01-02T00:15:00Z","water_level",0.907036114551615,"m"
"S02","2025-01-02T00:20:00Z","water_level",0.78084745364784,"m"
"S02","2025-01-02T00:25:00Z","water_level",0.459771610094493,"m"
"S02","2025-01-02T00:30:00Z","water_level",1.22987203831494,"m"
"S02","2025-01-02T00:35:00Z","water_level",2.5104821993271,"m"
"S02","2025-01-02T00:40:00Z","water_level",0.616467612345496,"m"
"S02","2025-01-02T00:45:00Z","water_level",0.939478303133516,"m"
"S02","2025-01-02T00:50:00Z","water_level",1.58573889870586,"m"
"S02","2025-01-02T00:55:00Z","water_level",0.587782975692705,"m"
"S02","2025-01-02T01:00:00Z","water_level",0.319201591822923,"m"
"S02","2025-01-02T01:05:00Z","water_level",0.75930107712974,"m"
"S02","2025-01-02T01:10:00Z","water_level",0.0147753854311563,"m"
"S02","2025-01-02T01:15:00Z","water_level",0.342448993655294,"m"
"S02","2025-01-02T01:20:00Z","water_level",0.329529433883988,"m"
"S02","2025-01-02T01:25:00Z","water_level",0.798453475880112,"m"
"S02","2025-01-02T01:30:00Z","water_level",0.925430322125704,"m"
"S02","2025-01-02T01:35:00Z","water_level",0.122025869328783,"m"
"S02","2025-01-02T01:40:00Z","water_level",0.0685823526734267,"m"
"S02","2025-01-02T01:45:00Z","water_level",1.45753351994232,"m"
"S02","2025-01-02T01:50:00Z","water_level",0.675370244986889,"m"
"S02","2025-01-02T01:55:00Z","water_level",2.31561429901525,"m"
"S02","2025-01-02T02:00:00Z","water_level",0.786437781538928,"m"
"S02","2025-01-02T02:05:00Z","water_level",0.373087056006571,"m"
"S02","2025-01-02T02:10:00Z","water_level",0.197295262464423,"m"
"S02","2025-01-02T02:15:00Z","water_level",0.0120515368385683,"m"
"S02","2025-01-02T02:20:00Z","water_level",0.179038549314942,"m"
"S02","2025-01-02T02:25:00Z","water_level",0.28852645104723,"m"
"S02","2025-01-02T02:30:00Z","water_level",0.48155416253193,"m"
"S02","2025-01-02T02:35:00Z","water_level",0.822553311730637,"m"
"S02","2025-01-02T02:40:00Z","water_level",1.96720344351108,"m"
"S02","2025-01-02T02:45:00Z","water_level",0.925041761610545,"m"
"S02","2025-01-02T02:50:00Z","water_level",1.01358290394031,"m"
"S02","2025-01-02T02:55:00Z","water_level",0.13308262917935,"m"
"S02","2025-01-02T03:00:00Z","water_level",0.49170513219835,"m"
"S02","2025-01-02T03:05:00Z","water_level",0.306335917739852,"m"
"S02","2025-01-02T03:10:00Z","water_level",1.067661254464,"m"
"S02","2025-01-02T03:15:00Z","water_level",0.958804927918356,"m"
"S02","2025-01-02T03:20:00Z","water_level",1.01835645870878,"m"
"S02","2025-01-02T03:25:00Z","water_level",1.90283079066616,"m"
"S02","2025-01-02T03:30:00Z","water_level",1.06846500719916,"m"
"S02","2025-01-02T03:35:00Z","water_level",1.04813656275138,"m"
"S02","2025-01-02T03:40:00Z","water_level",2.30716256292402,"m"
"S02","2025-01-02T03:45:00Z","water_level",0.778981089013786,"m"
"S02","2025-01-02T03:50:00Z","water_level",0.997894314459107,"m"
"S02","2025-01-02T03:55:00Z","water_level",0.881924263838891,"m"
"S02","2025-01-02T04:00:00Z","water_level",0.0576145629230798,"m"
"S02","2025-01-02T04:05:00Z","water_level",0.0403787200715275,"m"
"S02","2025-01-02T04:10:00Z","water_level",0.122350947315264,"m"
"S02","2025-01-02T04:15:00Z","water_level",0.18468051809495,"m"
"S02","2025-01-02T04:20:00Z","water_level",0.11659727051283,"m"
"S02","2025-01-02T04:25:00Z","water_level",0.563539454522229,"m"
"S02","2025-01-02T04:30:00Z","water_level",1.01487179081549,"m"
"S02","2025-01-02T04:35:00Z","water_level",0.499359684286752,"m"
"S02","2025-01-02T04:40:00Z","water_level",0.279998900986262,"m"
"S02","2025-01-02T04:45:00Z","water_level",0.660789696019797,"m"
"S02","2025-01-02T04:50:00Z","water_level",0.910910973728821,"m"
"S02","2025-01-02T04:55:00Z","water_level",0.170909759753759,"m"
"S02","2025-01-02T05:00:00Z","water_level",0.0779716803566779,"m"
"S02","2025-01-02T05:05:00Z","water_level",1.06954955031525,"m"
"S02","2025-01-02T05:10:00Z","water_level",0.674124653859766,"m"
"S02","2025-01-02T05:15:00Z","water_level",1.95134258273108,"m"
"S02","2025-01-02T05:20:00Z","water_level",1.12265291626438,"m"
"S02","2025-01-02T05:25:00Z","water_level",0.761207973970208,"m"
"S02","2025-01-02T05:30:00Z","water_level",0.750352755826721,"m"
"S02","2025-01-02T05:35:00Z","water_level",0.421736820464128,"m"
"S02","2025-01-02T05:40:00Z","water_level",0.583762901967075,"m"
"S02","2025-01-02T05:45:00Z","water_level",1.26938925387985,"m"
"S02","2025-01-02T05:50:00Z","water_level",0.733164196473558,"m"
"S02","2025-01-02T05:55:00Z","water_level",0.486909767404486,"m"
"S02","2025-01-02T06:00:00Z","water_level",0.175697094803538,"m"
"S02","2025-01-02T06:05:00Z","water_level",0.229101228293008,"m"
"S02","2025-01-02T06:10:00Z","water_level",0.321840512898097,"m"
"S02","2025-01-02T06:15:00Z","water_level",0.0720235536208603,"m"
"S02","2025-01-02T06:20:00Z","water_level",0.289332491827216,"m"
"S02","2025-01-02T06:25:00Z","water_level",0.366075975009273,"m"
"S02","2025-01-02T06:30:00Z","water_level",0.478361371082693,"m"
"S02","2025-01-02T06:35:00Z","water_level",1.99986608149951,"m"
"S02","2025-01-02T06:40:00Z","water_level",1.35091295004524,"m"
"S02","2025-01-02T06:45:00Z","water_level",0.454314733080208,"m"
"S02","2025-01-02T06:50:00Z","water_level",0.0415110123324731,"m"
"S02","2025-01-02T06:55:00Z","water_level",0.0947830506915007,"m"
"S02","2025-01-02T07:00:00Z","water_level",0.0349082216170219,"m"
"S02","2025-01-02T07:05:00Z","water_level",0.422002444700474,"m"
"S02","2025-01-02T07:10:00Z","water_level",0.482016772807391,"m"
"S02","2025-01-02T07:15:00Z","water_level",0.285361183365788,"m"
"S02","2025-01-02T07:20:00Z","water_level",0.139103117100795,"m"
"S02","2025-01-02T07:25:00Z","water_level",0.64874233831816,"m"
"S02","2025-01-02T07:30:00Z","water_level",0.641162511234236,"m"
"S02","2025-01-02T07:35:00Z","water_level",0.928547171415546,"m"
"S02","2025-01-02T07:40:00Z","water_level",0.876220331924855,"m"
"S02","2025-01-02T07:45:00Z","water_level",0.124639836615793,"m"
"S02","2025-01-02T07:50:00Z","water_level",0.500533573797772,"m"
"S02","2025-01-02T07:55:00Z","water_level",0.926228260197212,"m"
"S02","2025-01-02T08:00:00Z","water_level",0.816541273890696,"m"
"S02","2025-01-02T08:05:00Z","water_level",2.40898320869542,"m"
"S02","2025-01-02T08:10:00Z","water_level",2.70794699345797,"m"
"S02","2025-01-02T08:15:00Z","water_level",2.1785709339767,"m"
"S02","2025-01-02T08:20:00Z","water_level",1.30148419832201,"m"
"S02","2025-01-02T08:25:00Z","water_level",0.56981236348438,"m"
"S02","2025-01-02T08:30:00Z","water_level",1.10089124718539,"m"
"S02","2025-01-02T08:35:00Z","water_level",1.3724408484299,"m"
"S02","2025-01-02T08:40:00Z","water_level",1.29608952052566,"m"
"S02","2025-01-02T08:45:00Z","water_level",0.734672994921356,"m"
"S02","2025-01-02T08:50:00Z","water_level",0.937316633504501,"m"
"S02","2025-01-02T08:55:00Z","water_level",0.116650274851911,"m"
"S02","2025-01-02T09:00:00Z","water_level",0.059123002244269,"m"
"S02","2025-01-02T09:05:00Z","water_level",0.315802297541457,"m"
"S02","2025-01-02T09:10:00Z","water_level",0.328901749134825,"m"
"S02","2025-01-02T09:15:00Z","water_level",0.154327886903598,"m"
"S02","2025-01-02T09:20:00Z","water_level",0.436208486988272,"m"
"S02","2025-01-02T09:25:00Z","water_level",0.223662853850624,"m"
"S02","2025-01-02T09:30:00Z","water_level",0.381464580891015,"m"
"S02","2025-01-02T09:35:00Z","water_level",0.285311303800717,"m"
"S02","2025-01-02T09:40:00Z","water_level",0.140580833251164,"m"
"S02","2025-01-02T09:45:00Z","water_level",0.305020045414024,"m"
"S02","2025-01-02T09:50:00Z","water_level",0.297467686172582,"m"
"S02","2025-01-02T09:55:00Z","water_level",0.281077007932298,"m"
"S02","2025-01-02T10:00:00Z","water_level",0.704232145778044,"m"
"S02","2025-01-02T10:05:00Z","water_level",2.15959825682508,"m"
"S02","2025-01-02T10:10:00Z","water_level",1.49306935566155,"m"
"S02","2025-01-02T10:15:00Z","water_level",0.941846769902178,"m"
"S02","2025-01-02T10:20:00Z","water_level",1.38451976372948,"m"
"S02","2025-01-02T10:25:00Z","water_level",0.562736218376306,"m"
"S02","2025-01-02T10:30:00Z","water_level",0.646706124012443,"m"
"S02","2025-01-02T10:35:00Z","water_level",0.18376438957597,"m"
"S02","2025-01-02T10:40:00Z","water_level",0.277930616470316,"m"
"S02","2025-01-02T10:45:00Z","water_level",0.513671469855504,"m"
"S02","2025-01-02T10:50:00Z","water_level",0.832215430020457,"m"
"S02","2025-01-02T10:55:00Z","water_level",0.368309161544686,"m"
"S02","2025-01-02T11:00:00Z","water_level",0.176279709318845,"m"
"S02","2025-01-02T11:05:00Z","water_level",0.801912864876706,"m"
"S02","2025-01-02T11:10:00Z","water_level",1.30720842302745,"m"
"S02","2025-01-02T11:15:00Z","water_level",1.71538656092912,"m"
"S02","2025-01-02T11:20:00Z","water_level",2.00456800811204,"m"
"S02","2025-01-02T11:25:00Z","water_level",1.16301777189964,"m"
"S02","2025-01-02T11:30:00Z","water_level",0.921777173330722,"m"
"S02","2025-01-02T11:35:00Z","water_level",0.351499365627967,"m"
"S02","2025-01-02T11:40:00Z","water_level",0.0108394215573816,"m"
"S02","2025-01-02T11:45:00Z","water_level",0.0610373804765611,"m"
"S02","2025-01-02T11:50:00Z","water_level",0.0870700113028439,"m"
"S02","2025-01-02T11:55:00Z","water_level",0.0154601705253452,"m"
"S02","2025-01-02T12:00:00Z","water_level",0.1071767667966,"m"
"S02","2025-01-02T12:05:00Z","water_level",0.0630261781659611,"m"
"S02","2025-01-02T12:10:00Z","water_level",0.579022012913507,"m"
"S02","2025-01-02T12:15:00Z","water_level",0.0710012235940763,"m"
"S02","2025-01-02T12:20:00Z","water_level",1.23237026776704,"m"
"S02","2025-01-02T12:25:00Z","water_level",0.667834109155235,"m"
"S02","2025-01-02T12:30:00Z","water_level",0.318894798169441,"m"
"S02","2025-01-02T12:35:00Z","water_level",0.0929902505769824,"m"
"S02","2025-01-02T12:40:00Z","water_level",0.227721872952946,"m"
"S02","2025-01-02T12:45:00Z","water_level",0.127052487203783,"m"
"S02","2025-01-02T12:50:00Z","water_level",0.412918520181779,"m"
"S02","2025-01-02T12:55:00Z","water_level",0.25318338229755,"m"
"S02","2025-01-02T13:00:00Z","water_level",0.255199279811551,"m"
"S02","2025-01-02T13:05:00Z","water_level",0.133255164494231,"m"
"S02","2025-01-02T13:10:00Z","water_level",0.121527792124745,"m"
"S02","2025-01-02T13:15:00Z","water_level",0.0695046058804674,"m"
"S02","2025-01-02T13:20:00Z","water_level",0.336210674648782,"m"
"S02","2025-01-02T13:25:00Z","water_level",0.525619333465957,"m"
"S02","2025-01-02T13:30:00Z","water_level",0.526674430422173,"m"
"S02","2025-01-02T13:35:00Z","water_level",0.961483281504204,"m"
"S02","2025-01-02T13:40:00Z","water_level",0.276965281560797,"m"
"S02","2025-01-02T13:45:00Z","water_level",0.710234298814939,"m"
"S02","2025-01-02T13:50:00Z","water_level",0.804154024192133,"m"
"S02","2025-01-02T13:55:00Z","water_level",0.124074510900001,"m"
"S02","2025-01-02T14:00:00Z","water_level",0.0696310997350697,"m"
"S02","2025-01-02T14:05:00Z","water_level",0.163078287825262,"m"
"S02","2025-01-02T14:10:00Z","water_level",0.610239674923946,"m"
"S02","2025-01-02T14:15:00Z","water_level",0.198414138216597,"m"
"S02","2025-01-02T14:20:00Z","water_level",0.46815336091574,"m"
"S02","2025-01-02T14:25:00Z","water_level",0.403354984931884,"m"
"S02","2025-01-02T14:30:00Z","water_level",0.303717935003657,"m"
"S02","2025-01-02T14:35:00Z","water_level",0.369477944550561,"m"
"S02","2025-01-02T14:40:00Z","water_level",0.0124651174767756,"m"
"S02","2025-01-02T14:45:00Z","water_level",0.665054835877965,"m"
"S02","2025-01-02T14:50:00Z","water_level",0.00229600273958689,"m"
"S02","2025-01-02T14:55:00Z","water_level",0.054733838088307,"m"
"S02","2025-01-02T15:00:00Z","water_level",0.0706397827843768,"m"
"S02","2025-01-02T15:05:00Z","water_level",0.368916466734009,"m"
"S02","2025-01-02T15:10:00Z","water_level",0.403844520707832,"m"
"S02","2025-01-02T15:15:00Z","water_level",0.144271767773201,"m"
"S02","2025-01-02T15:20:00Z","water_level",0.333137422383243,"m"
"S02","2025-01-02T15:25:00Z","water_level",0.303655680520314,"m"
"S02","2025-01-02T15:30:00Z","water_level",0.805740462228032,"m"
"S02","2025-01-02T15:35:00Z","water_level",0.507155121780632,"m"
"S02","2025-01-02T15:40:00Z","water_level",1.45829211274812,"m"
"S02","2025-01-02T15:45:00Z","water_level",0.544837147296268,"m"
"S02","2025-01-02T15:50:00Z","water_level",0.162854777416986,"m"
"S02","2025-01-02T15:55:00Z","water_level",1.05247963331224,"m"
"S02","2025-01-02T16:00:00Z","water_level",0.84983389621069,"m"
"S02","2025-01-02T16:05:00Z","water_level",0.227554954117147,"m"
"S02","2025-01-02T16:10:00Z","water_level",1.18502837606977,"m"
"S02","2025-01-02T16:15:00Z","water_level",0.47449713526815,"m"
"S02","2025-01-02T16:20:00Z","water_level",0.620388766534634,"m"
"S02","2025-01-02T16:25:00Z","water_level",0.644746160960736,"m"
"S02","2025-01-02T16:30:00Z","water_level",0.385810450375385,"m"
"S02","2025-01-02T16:35:00Z","water_level",0.195633379018338,"m"
"S02","2025-01-02T16:40:00Z","water_level",0.183853788353174,"m"
"S02","2025-01-02T16:45:00Z","water_level",0.427908906243528,"m"
"S02","2025-01-02T16:50:00Z","water_level",1.33116574465063,"m"
"S02","2025-01-02T16:55:00Z","water_level",2.73105888252816,"m"
"S02","2025-01-02T17:00:00Z","water_level",1.44391489510748,"m"
"S02","2025-01-02T17:05:00Z","water_level",0.339289901577166,"m"
"S02","2025-01-02T17:10:00Z","water_level",1.08130715612696,"m"
"S02","2025-01-02T17:15:00Z","water_level",0.619162097111629,"m"
"S02","2025-01-02T17:20:00Z","water_level",1.06858830916407,"m"
"S02","2025-01-02T17:25:00Z","water_level",1.63771986597111,"m"
"S02","2025-01-02T17:30:00Z","water_level",1.01661345460231,"m"
"S02","2025-01-02T17:35:00Z","water_level",1.04041507002349,"m"
"S02","2025-01-02T17:40:00Z","water_level",0.0496151637744361,"m"
"S02","2025-01-02T17:45:00Z","water_level",0.606115896629746,"m"
"S02","2025-01-02T17:50:00Z","water_level",0.68231568130469,"m"
"S02","2025-01-02T17:55:00Z","water_level",1.65030329449715,"m"
"S02","2025-01-02T18:00:00Z","water_level",0.550172883636519,"m"
"S02","2025-01-02T18:05:00Z","water_level",0.080026742599541,"m"
"S02","2025-01-02T18:10:00Z","water_level",0.215182201011723,"m"
"S02","2025-01-02T18:15:00Z","water_level",0.0394863514923101,"m"
"S02","2025-01-02T18:20:00Z","water_level",0.128213750544583,"m"
"S02","2025-01-02T18:25:00Z","water_level",0.175465069943789,"m"
"S02","2025-01-02T18:30:00Z","water_level",0.122714960420115,"m"
"S02","2025-01-02T18:35:00Z","water_level",0.108323106757716,"m"
"S02","2025-01-02T18:40:00Z","water_level",0.754058484372286,"m"
"S02","2025-01-02T18:45:00Z","water_level",0.188396513597296,"m"
"S02","2025-01-02T18:50:00Z","water_level",0.0409526831100625,"m"
"S02","2025-01-02T18:55:00Z","water_level",1.02959879245278,"m"
"S02","2025-01-02T19:00:00Z","water_level",0.344468221395122,"m"
"S02","2025-01-02T19:05:00Z","water_level",0.295131150795777,"m"
"S02","2025-01-02T19:10:00Z","water_level",0.0545522449119257,"m"
"S02","2025-01-02T19:15:00Z","water_level",0.516715852740105,"m"
"S02","2025-01-02T19:20:00Z","water_level",0.0705870709648862,"m"
"S02","2025-01-02T19:25:00Z","water_level",0.200433136991797,"m"
"S02","2025-01-02T19:30:00Z","water_level",0.175895002170088,"m"
"S02","2025-01-02T19:35:00Z","water_level",0.0967945717901103,"m"
"S02","2025-01-02T19:40:00Z","water_level",0.117236009513816,"m"
"S02","2025-01-02T19:45:00Z","water_level",0.0352777339690876,"m"
"S02","2025-01-02T19:50:00Z","water_level",0.0834761889001976,"m"
"S02","2025-01-02T19:55:00Z","water_level",0.237187255137359,"m"
"S02","2025-01-02T20:00:00Z","water_level",0.437659706993137,"m"
"S02","2025-01-02T20:05:00Z","water_level",0.313092878072312,"m"
"S02","2025-01-02T20:10:00Z","water_level",0.506171989014238,"m"
"S02","2025-01-02T20:15:00Z","water_level",1.40363456494431,"m"
"S02","2025-01-02T20:20:00Z","water_level",0.184580653071017,"m"
"S02","2025-01-02T20:25:00Z","water_level",0.576482480829801,"m"
"S02","2025-01-02T20:30:00Z","water_level",0.116212826057709,"m"
"S02","2025-01-02T20:35:00Z","water_level",0.0498924444579434,"m"
"S02","2025-01-02T20:40:00Z","water_level",0.462389212882299,"m"
"S02","2025-01-02T20:45:00Z","water_level",0.794816025834902,"m"
"S02","2025-01-02T20:50:00Z","water_level",0.180732877597352,"m"
"S02","2025-01-02T20:55:00Z","water_level",0.0146745181090302,"m"
"S02","2025-01-02T21:00:00Z","water_level",0.117000240869538,"m"
"S02","2025-01-02T21:05:00Z","water_level",0.337480307022778,"m"
"S02","2025-01-02T21:10:00Z","water_level",0.290553282712782,"m"
"S02","2025-01-02T21:15:00Z","water_level",0.817064162657086,"m"
"S02","2025-01-02T21:20:00Z","water_level",0.352949449045307,"m"
"S02","2025-01-02T21:25:00Z","water_level",1.62190916581128,"m"
"S02","2025-01-02T21:30:00Z","water_level",1.12249251223667,"m"
"S02","2025-01-02T21:35:00Z","water_level",0.603380598608359,"m"
"S02","2025-01-02T21:40:00Z","water_level",0.283247316485718,"m"
"S02","2025-01-02T21:45:00Z","water_level",0.920496975762444,"m"
"S02","2025-01-02T21:50:00Z","water_level",0.413059324011855,"m"
"S02","2025-01-02T21:55:00Z","water_level",0.135439345334952,"m"
"S02","2025-01-02T22:00:00Z","water_level",0.47294899139955,"m"
"S02","2025-01-02T22:05:00Z","water_level",0.588081512010925,"m"
"S02","2025-01-02T22:10:00Z","water_level",0.877552212651291,"m"
"S02","2025-01-02T22:15:00Z","water_level",0.109034431464432,"m"
"S02","2025-01-02T22:20:00Z","water_level",0.154950111048408,"m"
"S02","2025-01-02T22:25:00Z","water_level",0.336337736145295,"m"
"S02","2025-01-02T22:30:00Z","water_level",0.0778697290372176,"m"
"S02","2025-01-02T22:35:00Z","water_level",0.179934023694355,"m"
"S02","2025-01-02T22:40:00Z","water_level",0.565901439100391,"m"
"S02","2025-01-02T22:45:00Z","water_level",0.320991686192836,"m"
"S02","2025-01-02T22:50:00Z","water_level",0.689424856454245,"m"
"S02","2025-01-02T22:55:00Z","water_level",0.476684480002077,"m"
"S02","2025-01-02T23:00:00Z","water_level",0.667244029830561,"m"
"S02","2025-01-02T23:05:00Z","water_level",0.579590422188148,"m"
"S02","2025-01-02T23:10:00Z","water_level",0.101662433016189,"m"
"S02","2025-01-02T23:15:00Z","water_level",0.737444892484912,"m"
"S02","2025-01-02T23:20:00Z","water_level",0.13655741726519,"m"
"S02","2025-01-02T23:25:00Z","water_level",1.09749755533578,"m"
"S02","2025-01-02T23:30:00Z","water_level",0.365460352714176,"m"
"S02","2025-01-02T23:35:00Z","water_level",0.752805735960912,"m"
"S02","2025-01-02T23:40:00Z","water_level",1.21371247030626,"m"
"S02","2025-01-02T23:45:00Z","water_level",0.398798289599733,"m"
"S02","2025-01-02T23:50:00Z","water_level",0.164549138553652,"m"
"S02","2025-01-02T23:55:00Z","water_level",0.0450966720397511,"m"
"S02","2025-01-03T00:00:00Z","water_level",0.729916110276232,"m"
"S02","2025-01-03T00:05:00Z","water_level",0.430337124754398,"m"
"S02","2025-01-03T00:10:00Z","water_level",0.311117296302111,"m"
"S02","2025-01-03T00:15:00Z","water_level",1.12002491333638,"m"
"S02","2025-01-03T00:20:00Z","water_level",0.899093111074529,"m"
"S02","2025-01-03T00:25:00Z","water_level",0.872832542260187,"m"
"S02","2025-01-03T00:30:00Z","water_level",1.07143357962117,"m"
"S02","2025-01-03T00:35:00Z","water_level",0.51960737131094,"m"
"S02","2025-01-03T00:40:00Z","water_level",0.909645711660596,"m"
"S02","2025-01-03T00:45:00Z","water_level",2.09141268387188,"m"
"S02","2025-01-03T00:50:00Z","water_level",1.48623467290767,"m"
"S02","2025-01-03T00:55:00Z","water_level",1.47601363794018,"m"
"S02","2025-01-03T01:00:00Z","water_level",0.860080582849802,"m"
"S02","2025-01-03T01:05:00Z","water_level",0.18540753030567,"m"
"S02","2025-01-03T01:10:00Z","water_level",0.607422867334666,"m"
"S02","2025-01-03T01:15:00Z","water_level",0.0413877001535396,"m"
"S02","2025-01-03T01:20:00Z","water_level",0.102866386667737,"m"
"S02","2025-01-03T01:25:00Z","water_level",0.28696819838692,"m"
"S02","2025-01-03T01:30:00Z","water_level",0.417893433518909,"m"
"S02","2025-01-03T01:35:00Z","water_level",0.0664276464833216,"m"
"S02","2025-01-03T01:40:00Z","water_level",0.515815818128316,"m"
"S02","2025-01-03T01:45:00Z","water_level",1.45494151195704,"m"
"S02","2025-01-03T01:50:00Z","water_level",0.569597510192446,"m"
"S02","2025-01-03T01:55:00Z","water_level",0.386722368837678,"m"
"S02","2025-01-03T02:00:00Z","water_level",1.01282298935782,"m"
"S02","2025-01-03T02:05:00Z","water_level",0.254782902710003,"m"
"S02","2025-01-03T02:10:00Z","water_level",1.0048488273079,"m"
"S02","2025-01-03T02:15:00Z","water_level",0.266027118880824,"m"
"S02","2025-01-03T02:20:00Z","water_level",0.315669541698724,"m"
"S02","2025-01-03T02:25:00Z","water_level",0.446628999455043,"m"
"S02","2025-01-03T02:30:00Z","water_level",0.651543333421558,"m"
"S02","2025-01-03T02:35:00Z","water_level",0.668159096128854,"m"
"S02","2025-01-03T02:40:00Z","water_level",0.157665593847544,"m"
"S02","2025-01-03T02:45:00Z","water_level",0.42585143349937,"m"
"S02","2025-01-03T02:50:00Z","water_level",0.395862160291088,"m"
"S02","2025-01-03T02:55:00Z","water_level",1.82666981896742,"m"
"S02","2025-01-03T03:00:00Z","water_level",1.06769256267579,"m"
"S02","2025-01-03T03:05:00Z","water_level",0.586210741208277,"m"
"S02","2025-01-03T03:10:00Z","water_level",0.0682219864393139,"m"
"S02","2025-01-03T03:15:00Z","water_level",0.0447404490784504,"m"
"S02","2025-01-03T03:20:00Z","water_level",0.160752442791588,"m"
"S02","2025-01-03T03:25:00Z","water_level",1.23641907466407,"m"
"S02","2025-01-03T03:30:00Z","water_level",0.187202573376587,"m"
"S02","2025-01-03T03:35:00Z","water_level",0.866026176158064,"m"
"S02","2025-01-03T03:40:00Z","water_level",0.496961505170502,"m"
"S02","2025-01-03T03:45:00Z","water_level",0.288105177278808,"m"
"S02","2025-01-03T03:50:00Z","water_level",0.152793229958248,"m"
"S02","2025-01-03T03:55:00Z","water_level",0.374008542249732,"m"
"S02","2025-01-03T04:00:00Z","water_level",0.293832223771773,"m"
"S02","2025-01-03T04:05:00Z","water_level",0.447831132587109,"m"
"S02","2025-01-03T04:10:00Z","water_level",0.401952516884116,"m"
"S02","2025-01-03T04:15:00Z","water_level",0.444083264696748,"m"
"S02","2025-01-03T04:20:00Z","water_level",0.337123078775771,"m"
"S02","2025-01-03T04:25:00Z","water_level",0.616252902739168,"m"
"S02","2025-01-03T04:30:00Z","water_level",1.10393009147453,"m"
"S02","2025-01-03T04:35:00Z","water_level",1.31547748553996,"m"
"S02","2025-01-03T04:40:00Z","water_level",3.84340333294902,"m"
"S02","2025-01-03T04:45:00Z","water_level",0.808122462866423,"m"
"S02","2025-01-03T04:50:00Z","water_level",1.31920235164614,"m"
"S02","2025-01-03T04:55:00Z","water_level",0.546348815700966,"m"
"S02","2025-01-03T05:00:00Z","water_level",0.687304354970285,"m"
"S02","2025-01-03T05:05:00Z","water_level",0.299365452248142,"m"
"S02","2025-01-03T05:10:00Z","water_level",0.520759323356658,"m"
"S02","2025-01-03T05:15:00Z","water_level",0.489468791501881,"m"
"S02","2025-01-03T05:20:00Z","water_level",0.718142227935303,"m"
"S02","2025-01-03T05:25:00Z","water_level",0.595703428830939,"m"
"S02","2025-01-03T05:30:00Z","water_level",0.846633474828702,"m"
"S02","2025-01-03T05:35:00Z","water_level",0.162972584000709,"m"
"S02","2025-01-03T05:40:00Z","water_level",0.0811787275308784,"m"
"S02","2025-01-03T05:45:00Z","water_level",0.0902773711983828,"m"
"S02","2025-01-03T05:50:00Z","water_level",1.08056057036833,"m"
"S02","2025-01-03T05:55:00Z","water_level",0.316063432659036,"m"
"S02","2025-01-03T06:00:00Z","water_level",0.175738945271077,"m"
"S02","2025-01-03T06:05:00Z","water_level",0.462752063708672,"m"
"S02","2025-01-03T06:10:00Z","water_level",1.13342150211582,"m"
"S02","2025-01-03T06:15:00Z","water_level",0.78221605767173,"m"
"S02","2025-01-03T06:20:00Z","water_level",0.428056844467053,"m"
"S02","2025-01-03T06:25:00Z","water_level",0.186623066918259,"m"
"S02","2025-01-03T06:30:00Z","water_level",0.0859301813468507,"m"
"S02","2025-01-03T06:35:00Z","water_level",0.164597605566629,"m"
"S02","2025-01-03T06:40:00Z","water_level",0.0246980357272261,"m"
"S02","2025-01-03T06:45:00Z","water_level",0.446853461074668,"m"
"S02","2025-01-03T06:50:00Z","water_level",1.03826107396082,"m"
"S02","2025-01-03T06:55:00Z","water_level",0.0783543723298234,"m"
"S02","2025-01-03T07:00:00Z","water_level",0.419954374490496,"m"
"S02","2025-01-03T07:05:00Z","water_level",0.916739077393286,"m"
"S02","2025-01-03T07:10:00Z","water_level",0.696172674616124,"m"
"S02","2025-01-03T07:15:00Z","water_level",1.71142570070364,"m"
"S02","2025-01-03T07:20:00Z","water_level",0.617265152849735,"m"
"S02","2025-01-03T07:25:00Z","water_level",0.146448112365603,"m"
"S02","2025-01-03T07:30:00Z","water_level",0.117370358316153,"m"
"S02","2025-01-03T07:35:00Z","water_level",0.243849084659631,"m"
"S02","2025-01-03T07:40:00Z","water_level",0.0145484368686803,"m"
"S02","2025-01-03T07:45:00Z","water_level",0.202071188472852,"m"
"S02","2025-01-03T07:50:00Z","water_level",0.249389513884651,"m"
"S02","2025-01-03T07:55:00Z","water_level",0.49896144455387,"m"
"S02","2025-01-03T08:00:00Z","water_level",0.361283740375249,"m"
"S02","2025-01-03T08:05:00Z","water_level",0.491367964396274,"m"
"S02","2025-01-03T08:10:00Z","water_level",0.514788361196333,"m"
"S02","2025-01-03T08:15:00Z","water_level",0.515457098045605,"m"
"S02","2025-01-03T08:20:00Z","water_level",0.386699264710817,"m"
"S02","2025-01-03T08:25:00Z","water_level",0.27674508709767,"m"
"S02","2025-01-03T08:30:00Z","water_level",0.0792919105968081,"m"
"S02","2025-01-03T08:35:00Z","water_level",0.137729940191363,"m"
"S02","2025-01-03T08:40:00Z","water_level",0.0705990131280072,"m"
"S02","2025-01-03T08:45:00Z","water_level",0.0446262675490226,"m"
"S02","2025-01-03T08:50:00Z","water_level",0.11227249670419,"m"
"S02","2025-01-03T08:55:00Z","water_level",0.17889162413575,"m"
"S02","2025-01-03T09:00:00Z","water_level",0.0565457437600779,"m"
"S02","2025-01-03T09:05:00Z","water_level",0.117248393845703,"m"
"S02","2025-01-03T09:10:00Z","water_level",0.734994652286014,"m"
"S02","2025-01-03T09:15:00Z","water_level",0.279293923634652,"m"
"S02","2025-01-03T09:20:00Z","water_level",0.313860481426879,"m"
"S02","2025-01-03T09:25:00Z","water_level",0.283181277902702,"m"
"S02","2025-01-03T09:30:00Z","water_level",0.285759513413666,"m"
"S02","2025-01-03T09:35:00Z","water_level",1.06327050366838,"m"
"S02","2025-01-03T09:40:00Z","water_level",1.02474007108087,"m"
"S02","2025-01-03T09:45:00Z","water_level",0.136181962485966,"m"
"S02","2025-01-03T09:50:00Z","water_level",0.0381900166126593,"m"
"S02","2025-01-03T09:55:00Z","water_level",0.0477464306422333,"m"
"S02","2025-01-03T10:00:00Z","water_level",0.146863643831526,"m"
"S02","2025-01-03T10:05:00Z","water_level",0.143652240893956,"m"
"S02","2025-01-03T10:10:00Z","water_level",0.600236839176464,"m"
"S02","2025-01-03T10:15:00Z","water_level",0.474468128434691,"m"
"S02","2025-01-03T10:20:00Z","water_level",0.286954223922764,"m"
"S02","2025-01-03T10:25:00Z","water_level",0.162302749900441,"m"
"S02","2025-01-03T10:30:00Z","water_level",0.26292697453385,"m"
"S02","2025-01-03T10:35:00Z","water_level",0.124291252662771,"m"
"S02","2025-01-03T10:40:00Z","water_level",0.26615412476647,"m"
"S02","2025-01-03T10:45:00Z","water_level",1.47657973420582,"m"
"S02","2025-01-03T10:50:00Z","water_level",0.439870572612493,"m"
"S02","2025-01-03T10:55:00Z","water_level",0.53304408103541,"m"
"S02","2025-01-03T11:00:00Z","water_level",0.0499941303251996,"m"
"S02","2025-01-03T11:05:00Z","water_level",0.134672042072843,"m"
"S02","2025-01-03T11:10:00Z","water_level",0.173559377919859,"m"
"S02","2025-01-03T11:15:00Z","water_level",0.748018705687459,"m"
"S02","2025-01-03T11:20:00Z","water_level",0.438498786413552,"m"
"S02","2025-01-03T11:25:00Z","water_level",0.289077245179183,"m"
"S02","2025-01-03T11:30:00Z","water_level",0.0675859885484819,"m"
"S02","2025-01-03T11:35:00Z","water_level",0.123917275233641,"m"
"S02","2025-01-03T11:40:00Z","water_level",0.350546990094311,"m"
"S02","2025-01-03T11:45:00Z","water_level",1.39020591829853,"m"
"S02","2025-01-03T11:50:00Z","water_level",0.1052790441346,"m"
"S02","2025-01-03T11:55:00Z","water_level",0.173566496727761,"m"
"S02","2025-01-03T12:00:00Z","water_level",0.0283271643275799,"m"
"S02","2025-01-03T12:05:00Z","water_level",0.0210189187679883,"m"
"S02","2025-01-03T12:10:00Z","water_level",0.233917026647244,"m"
"S02","2025-01-03T12:15:00Z","water_level",0.139973387257492,"m"
"S02","2025-01-03T12:20:00Z","water_level",0.522085078819771,"m"
"S02","2025-01-03T12:25:00Z","water_level",0.746818778151843,"m"
"S02","2025-01-03T12:30:00Z","water_level",0.238636162406837,"m"
"S02","2025-01-03T12:35:00Z","water_level",0.0904143879218099,"m"
"S02","2025-01-03T12:40:00Z","water_level",0.23124159745889,"m"
"S02","2025-01-03T12:45:00Z","water_level",0.123721575647616,"m"
"S02","2025-01-03T12:50:00Z","water_level",0.24420654847198,"m"
"S02","2025-01-03T12:55:00Z","water_level",0.0876875318132931,"m"
"S02","2025-01-03T13:00:00Z","water_level",0.230649421711848,"m"
"S02","2025-01-03T13:05:00Z","water_level",1.37815108251183,"m"
"S02","2025-01-03T13:10:00Z","water_level",2.91204345631452,"m"
"S02","2025-01-03T13:15:00Z","water_level",0.757170226281293,"m"
"S02","2025-01-03T13:20:00Z","water_level",1.44334114455303,"m"
"S02","2025-01-03T13:25:00Z","water_level",1.7754980293029,"m"
"S02","2025-01-03T13:30:00Z","water_level",0.25589080954075,"m"
"S02","2025-01-03T13:35:00Z","water_level",1.03431778674761,"m"
"S02","2025-01-03T13:40:00Z","water_level",0.248562244446311,"m"
"S02","2025-01-03T13:45:00Z","water_level",0.527657529000688,"m"
"S02","2025-01-03T13:50:00Z","water_level",0.812612883098751,"m"
"S02","2025-01-03T13:55:00Z","water_level",1.03202797693503,"m"
"S02","2025-01-03T14:00:00Z","water_level",1.03085013102511,"m"
"S02","2025-01-03T14:05:00Z","water_level",1.81729733444866,"m"
"S02","2025-01-03T14:10:00Z","water_level",0.715716312271158,"m"
"S02","2025-01-03T14:15:00Z","water_level",2.36177324077394,"m"
"S02","2025-01-03T14:20:00Z","water_level",2.2163282699213,"m"
"S02","2025-01-03T14:25:00Z","water_level",0.959846744517315,"m"
"S02","2025-01-03T14:30:00Z","water_level",0.275599854934976,"m"
"S02","2025-01-03T14:35:00Z","water_level",0.74156801544227,"m"
"S02","2025-01-03T14:40:00Z","water_level",1.13916279157462,"m"
"S02","2025-01-03T14:45:00Z","water_level",0.562052004583018,"m"
"S02","2025-01-03T14:50:00Z","water_level",0.586362069946996,"m"
"S02","2025-01-03T14:55:00Z","water_level",0.618880909143385,"m"
"S02","2025-01-03T15:00:00Z","water_level",0.912671039807726,"m"
"S02","2025-01-03T15:05:00Z","water_level",0.706429724709063,"m"
"S02","2025-01-03T15:10:00Z","water_level",0.384267603336045,"m"
"S02","2025-01-03T15:15:00Z","water_level",0.185754769275906,"m"
"S02","2025-01-03T15:20:00Z","water_level",0.659976256689898,"m"
"S02","2025-01-03T15:25:00Z","water_level",0.691577281503118,"m"
"S02","2025-01-03T15:30:00Z","water_level",0.662511301034882,"m"
"S02","2025-01-03T15:35:00Z","water_level",0.320453761714492,"m"
"S02","2025-01-03T15:40:00Z","water_level",0.235956483693525,"m"
"S02","2025-01-03T15:45:00Z","water_level",0.738147748863503,"m"
"S02","2025-01-03T15:50:00Z","water_level",0.342343993157926,"m"
"S02","2025-01-03T15:55:00Z","water_level",0.111844684455857,"m"
"S02","2025-01-03T16:00:00Z","water_level",0.583724326342616,"m"
"S02","2025-01-03T16:05:00Z","water_level",0.22105581652784,"m"
"S02","2025-01-03T16:10:00Z","water_level",0.37695916036329,"m"
"S02","2025-01-03T16:15:00Z","water_level",0.12555636716497,"m"
"S02","2025-01-03T16:20:00Z","water_level",0.18655555066464,"m"
"S02","2025-01-03T16:25:00Z","water_level",0.244133773629147,"m"
"S02","2025-01-03T16:30:00Z","water_level",0.439137241363805,"m"
"S02","2025-01-03T16:35:00Z","water_level",0.802147173977069,"m"
"S02","2025-01-03T16:40:00Z","water_level",0.356901809568887,"m"
"S02","2025-01-03T16:45:00Z","water_level",0.342747137773536,"m"
"S02","2025-01-03T16:50:00Z","water_level",0.219514861092794,"m"
"S02","2025-01-03T16:55:00Z","water_level",0.108023477179857,"m"
"S02","2025-01-03T17:00:00Z","water_level",0.435291321695379,"m"
"S02","2025-01-03T17:05:00Z","water_level",0.0568935269867149,"m"
"S02","2025-01-03T17:10:00Z","water_level",0.0130131551733956,"m"
"S02","2025-01-03T17:15:00Z","water_level",0.0154119677511151,"m"
"S02","2025-01-03T17:20:00Z","water_level",0.0284967221215878,"m"
"S02","2025-01-03T17:25:00Z","water_level",0.162045789301113,"m"
"S02","2025-01-03T17:30:00Z","water_level",0.26284763816838,"m"
"S02","2025-01-03T17:35:00Z","water_level",0.214619255850234,"m"
"S02","2025-01-03T17:40:00Z","water_level",0.019452760473407,"m"
"S02","2025-01-03T17:45:00Z","water_level",0.0241317973358829,"m"
"S02","2025-01-03T17:50:00Z","water_level",0.191806183640947,"m"
"S02","2025-01-03T17:55:00Z","water_level",0.112387305142616,"m"
"S02","2025-01-03T18:00:00Z","water_level",0.0255193557932299,"m"
"S02","2025-01-03T18:05:00Z","water_level",0.0230584504077463,"m"
"S02","2025-01-03T18:10:00Z","water_level",0.204424179508222,"m"
"S02","2025-01-03T18:15:00Z","water_level",0.341139276200631,"m"
"S02","2025-01-03T18:20:00Z","water_level",0.895036686853604,"m"
"S02","2025-01-03T18:25:00Z","water_level",0.740707744881135,"m"
"S02","2025-01-03T18:30:00Z","water_level",0.212208172768093,"m"
"S02","2025-01-03T18:35:00Z","water_level",0.0752590651165011,"m"
"S02","2025-01-03T18:40:00Z","water_level",0.0575598763920409,"m"
"S02","2025-01-03T18:45:00Z","water_level",0.00358339458594453,"m"
"S02","2025-01-03T18:50:00Z","water_level",0.0193615896914495,"m"
"S02","2025-01-03T18:55:00Z","water_level",0.157979052585307,"m"
"S02","2025-01-03T19:00:00Z","water_level",0.0209590844107959,"m"
"S02","2025-01-03T19:05:00Z","water_level",0.693702475272724,"m"
"S02","2025-01-03T19:10:00Z","water_level",0.577455928577584,"m"
"S02","2025-01-03T19:15:00Z","water_level",0.141299815858109,"m"
"S02","2025-01-03T19:20:00Z","water_level",0.0955300510229663,"m"
"S02","2025-01-03T19:25:00Z","water_level",0.3458177019934,"m"
"S02","2025-01-03T19:30:00Z","water_level",0.0221080896030988,"m"
"S02","2025-01-03T19:35:00Z","water_level",0.271641509957545,"m"
"S02","2025-01-03T19:40:00Z","water_level",0.282007914025473,"m"
"S02","2025-01-03T19:45:00Z","water_level",0.1780767501467,"m"
"S02","2025-01-03T19:50:00Z","water_level",0.386842490530784,"m"
"S02","2025-01-03T19:55:00Z","water_level",0.33428522809172,"m"
"S02","2025-01-03T20:00:00Z","water_level",0.770551706767336,"m"
"S02","2025-01-03T20:05:00Z","water_level",0.679184117707389,"m"
"S02","2025-01-03T20:10:00Z","water_level",0.951158904592424,"m"
"S02","2025-01-03T20:15:00Z","water_level",2.48511759077049,"m"
"S02","2025-01-03T20:20:00Z","water_level",0.820538972775801,"m"
"S02","2025-01-03T20:25:00Z","water_level",0.259984500430904,"m"
"S02","2025-01-03T20:30:00Z","water_level",0.454866546180954,"m"
"S02","2025-01-03T20:35:00Z","water_level",0.363807693634102,"m"
"S02","2025-01-03T20:40:00Z","water_level",1.10601551271323,"m"
"S02","2025-01-03T20:45:00Z","water_level",2.75259935276407,"m"
"S02","2025-01-03T20:50:00Z","water_level",1.21748417532311,"m"
"S02","2025-01-03T20:55:00Z","water_level",0.291035865412669,"m"
"S02","2025-01-03T21:00:00Z","water_level",0.0335011095913758,"m"
"S02","2025-01-03T21:05:00Z","water_level",0.210554003741333,"m"
"S02","2025-01-03T21:10:00Z","water_level",0.52457619559683,"m"
"S02","2025-01-03T21:15:00Z","water_level",0.516746800764123,"m"
"S02","2025-01-03T21:20:00Z","water_level",0.440814957781235,"m"
"S02","2025-01-03T21:25:00Z","water_level",0.0584777017074807,"m"
"S02","2025-01-03T21:30:00Z","water_level",0.11720869475868,"m"
"S02","2025-01-03T21:35:00Z","water_level",0.002549149113375,"m"
"S02","2025-01-03T21:40:00Z","water_level",0.0823514044681729,"m"
"S02","2025-01-03T21:45:00Z","water_level",0.0359628691721712,"m"
"S02","2025-01-03T21:50:00Z","water_level",0.0425415730967749,"m"
"S02","2025-01-03T21:55:00Z","water_level",0.0304729684874067,"m"
"S02","2025-01-03T22:00:00Z","water_level",0.676596831668099,"m"
"S02","2025-01-03T22:05:00Z","water_level",0.0660220914540778,"m"
"S02","2025-01-03T22:10:00Z","water_level",0.085924472643876,"m"
"S02","2025-01-03T22:15:00Z","water_level",0.140309299430271,"m"
"S02","2025-01-03T22:20:00Z","water_level",0.330243650692599,"m"
"S02","2025-01-03T22:25:00Z","water_level",0.0310245713176835,"m"
"S02","2025-01-03T22:30:00Z","water_level",0.237699741443375,"m"
"S02","2025-01-03T22:35:00Z","water_level",0.490613549652189,"m"
"S02","2025-01-03T22:40:00Z","water_level",1.01541556321018,"m"
"S02","2025-01-03T22:45:00Z","water_level",0.530109713522293,"m"
"S02","2025-01-03T22:50:00Z","water_level",0.370669477670969,"m"
"S02","2025-01-03T22:55:00Z","water_level",0.303472929341792,"m"
"S02","2024-12-31T23:00:00Z","soil_moisture",30.2101643651657,"%"
"S02","2024-12-31T23:05:00Z","soil_moisture",33.1086559335688,"%"
"S02","2024-12-31T23:10:00Z","soil_moisture",43.9364236823652,"%"
"S02","2024-12-31T23:15:00Z","soil_moisture",69.2711968006239,"%"
"S02","2024-12-31T23:20:00Z","soil_moisture",54.7757954534494,"%"
"S02","2024-12-31T23:25:00Z","soil_moisture",17.6851073730937,"%"
"S02","2024-12-31T23:30:00Z","soil_moisture",19.494737092227,"%"
"S02","2024-12-31T23:35:00Z","soil_moisture",27.6543860972952,"%"
"S02","2024-12-31T23:40:00Z","soil_moisture",12.7903163201568,"%"
"S02","2024-12-31T23:45:00Z","soil_moisture",11.0356698516837,"%"
"S02","2024-12-31T23:50:00Z","soil_moisture",6.53003994005634,"%"
"S02","2024-12-31T23:55:00Z","soil_moisture",24.4970025323137,"%"
"S02","2025-01-01T00:00:00Z","soil_moisture",24.9841024800894,"%"
"S02","2025-01-01T00:05:00Z","soil_moisture",51.6347343999947,"%"
"S02","2025-01-01T00:10:00Z","soil_moisture",49.8894416121627,"%"
"S02","2025-01-01T00:15:00Z","soil_moisture",32.5437803592289,"%"
"S02","2025-01-01T00:20:00Z","soil_moisture",31.4312220406147,"%"
"S02","2025-01-01T00:25:00Z","soil_moisture",4.00012568198151,"%"
"S02","2025-01-01T00:30:00Z","soil_moisture",32.3434199778407,"%"
"S02","2025-01-01T00:35:00Z","soil_moisture",46.0603938958318,"%"
"S02","2025-01-01T00:40:00Z","soil_moisture",36.8301559235368,"%"
"S02","2025-01-01T00:45:00Z","soil_moisture",37.9575978968981,"%"
"S02","2025-01-01T00:50:00Z","soil_moisture",18.6473942700037,"%"
"S02","2025-01-01T00:55:00Z","soil_moisture",34.8610371239215,"%"
"S02","2025-01-01T01:00:00Z","soil_moisture",30.9849668986191,"%"
"S02","2025-01-01T01:05:00Z","soil_moisture",16.0456613552096,"%"
"S02","2025-01-01T01:10:00Z","soil_moisture",26.5799020996187,"%"
"S02","2025-01-01T01:15:00Z","soil_moisture",7.90765732028199,"%"
"S02","2025-01-01T01:20:00Z","soil_moisture",25.2998150032334,"%"
"S02","2025-01-01T01:25:00Z","soil_moisture",25.2613852376639,"%"
"S02","2025-01-01T01:30:00Z","soil_moisture",37.5215615048707,"%"
"S02","2025-01-01T01:35:00Z","soil_moisture",33.706128895401,"%"
"S02","2025-01-01T01:40:00Z","soil_moisture",45.8960528082637,"%"
"S02","2025-01-01T01:45:00Z","soil_moisture",23.6472077442517,"%"
"S02","2025-01-01T01:50:00Z","soil_moisture",34.6900370322489,"%"
"S02","2025-01-01T01:55:00Z","soil_moisture",28.7346606516146,"%"
"S02","2025-01-01T02:00:00Z","soil_moisture",28.3439790947193,"%"
"S02","2025-01-01T02:05:00Z","soil_moisture",34.0357360740055,"%"
"S02","2025-01-01T02:10:00Z","soil_moisture",36.719598157103,"%"
"S02","2025-01-01T02:15:00Z","soil_moisture",8.71656206774896,"%"
"S02","2025-01-01T02:20:00Z","soil_moisture",42.9041020829313,"%"
"S02","2025-01-01T02:25:00Z","soil_moisture",29.049004988928,"%"
"S02","2025-01-01T02:30:00Z","soil_moisture",59.9093436668189,"%"
"S02","2025-01-01T02:35:00Z","soil_moisture",36.8437557879683,"%"
"S02","2025-01-01T02:40:00Z","soil_moisture",22.9545477441912,"%"
"S02","2025-01-01T02:45:00Z","soil_moisture",7.79575798212267,"%"
"S02","2025-01-01T02:50:00Z","soil_moisture",47.0347626957817,"%"
"S02","2025-01-01T02:55:00Z","soil_moisture",32.5001514128352,"%"
"S02","2025-01-01T03:00:00Z","soil_moisture",33.011979089719,"%"
"S02","2025-01-01T03:05:00Z","soil_moisture",54.4744063908507,"%"
"S02","2025-01-01T03:10:00Z","soil_moisture",62.1123127689179,"%"
"S02","2025-01-01T03:15:00Z","soil_moisture",38.6209058737898,"%"
"S02","2025-01-01T03:20:00Z","soil_moisture",22.2696188946322,"%"
"S02","2025-01-01T03:25:00Z","soil_moisture",21.1524038266767,"%"
"S02","2025-01-01T03:30:00Z","soil_moisture",43.7799578836971,"%"
"S02","2025-01-01T03:35:00Z","soil_moisture",40.0153641913171,"%"
"S02","2025-01-01T03:40:00Z","soil_moisture",29.7037311592928,"%"
"S02","2025-01-01T03:45:00Z","soil_moisture",50.6623993740423,"%"
"S02","2025-01-01T03:50:00Z","soil_moisture",23.8674599616651,"%"
"S02","2025-01-01T03:55:00Z","soil_moisture",31.0387026991845,"%"
"S02","2025-01-01T04:00:00Z","soil_moisture",10.3600701470776,"%"
"S02","2025-01-01T04:05:00Z","soil_moisture",14.108175846465,"%"
"S02","2025-01-01T04:10:00Z","soil_moisture",9.56557643197441,"%"
"S02","2025-01-01T04:15:00Z","soil_moisture",30.186359535291,"%"
"S02","2025-01-01T04:20:00Z","soil_moisture",36.8606409682758,"%"
"S02","2025-01-01T04:25:00Z","soil_moisture",10.0567431618695,"%"
"S02","2025-01-01T04:30:00Z","soil_moisture",35.0717574449615,"%"
"S02","2025-01-01T04:35:00Z","soil_moisture",10.9462776479765,"%"
"S02","2025-01-01T04:40:00Z","soil_moisture",22.9776976057374,"%"
"S02","2025-01-01T04:45:00Z","soil_moisture",15.3492868781193,"%"
"S02","2025-01-01T04:50:00Z","soil_moisture",8.95840038097267,"%"
"S02","2025-01-01T04:55:00Z","soil_moisture",32.7657457129571,"%"
"S02","2025-01-01T05:00:00Z","soil_moisture",31.5751340500996,"%"
"S02","2025-01-01T05:05:00Z","soil_moisture",46.5024662556913,"%"
"S02","2025-01-01T05:10:00Z","soil_moisture",51.8410414265238,"%"
"S02","2025-01-01T05:15:00Z","soil_moisture",37.3532876871485,"%"
"S02","2025-01-01T05:20:00Z","soil_moisture",25.0805445138137,"%"
"S02","2025-01-01T05:25:00Z","soil_moisture",39.8739769922575,"%"
"S02","2025-01-01T05:30:00Z","soil_moisture",20.4110062018192,"%"
"S02","2025-01-01T05:35:00Z","soil_moisture",51.935188067512,"%"
"S02","2025-01-01T05:40:00Z","soil_moisture",29.5055611619429,"%"
"S02","2025-01-01T05:45:00Z","soil_moisture",71.4006386405343,"%"
"S02","2025-01-01T05:50:00Z","soil_moisture",44.0476593473163,"%"
"S02","2025-01-01T05:55:00Z","soil_moisture",45.5043480023211,"%"
"S02","2025-01-01T06:00:00Z","soil_moisture",21.1376437389188,"%"
"S02","2025-01-01T06:05:00Z","soil_moisture",30.3479152151523,"%"
"S02","2025-01-01T06:10:00Z","soil_moisture",38.9611511220288,"%"
"S02","2025-01-01T06:15:00Z","soil_moisture",6.51321856731935,"%"
"S02","2025-01-01T06:20:00Z","soil_moisture",5.31209117410811,"%"
"S02","2025-01-01T06:25:00Z","soil_moisture",4.42255241483453,"%"
"S02","2025-01-01T06:30:00Z","soil_moisture",17.6194934716741,"%"
"S02","2025-01-01T06:35:00Z","soil_moisture",49.0747118576076,"%"
"S02","2025-01-01T06:40:00Z","soil_moisture",54.1099490691309,"%"
"S02","2025-01-01T06:45:00Z","soil_moisture",16.081589447629,"%"
"S02","2025-01-01T06:50:00Z","soil_moisture",54.4660452274286,"%"
"S02","2025-01-01T06:55:00Z","soil_moisture",35.9799184777809,"%"
"S02","2025-01-01T07:00:00Z","soil_moisture",26.7907980050538,"%"
"S02","2025-01-01T07:05:00Z","soil_moisture",32.6905261141729,"%"
"S02","2025-01-01T07:10:00Z","soil_moisture",29.7184987872992,"%"
"S02","2025-01-01T07:15:00Z","soil_moisture",49.5839709020858,"%"
"S02","2025-01-01T07:20:00Z","soil_moisture",42.6537246836819,"%"
"S02","2025-01-01T07:25:00Z","soil_moisture",34.3273039466364,"%"
"S02","2025-01-01T07:30:00Z","soil_moisture",20.7513288608544,"%"
"S02","2025-01-01T07:35:00Z","soil_moisture",14.0834408130463,"%"
"S02","2025-01-01T07:40:00Z","soil_moisture",14.6207373575507,"%"
"S02","2025-01-01T07:45:00Z","soil_moisture",32.6785119815336,"%"
"S02","2025-01-01T07:50:00Z","soil_moisture",24.3438021654705,"%"
"S02","2025-01-01T07:55:00Z","soil_moisture",42.874107852281,"%"
"S02","2025-01-01T08:00:00Z","soil_moisture",55.1777045461369,"%"
"S02","2025-01-01T08:05:00Z","soil_moisture",62.5144315575006,"%"
"S02","2025-01-01T08:10:00Z","soil_moisture",48.0433302011997,"%"
"S02","2025-01-01T08:15:00Z","soil_moisture",44.5156207276179,"%"
"S02","2025-01-01T08:20:00Z","soil_moisture",23.4868474499045,"%"
"S02","2025-01-01T08:25:00Z","soil_moisture",23.0810739442702,"%"
"S02","2025-01-01T08:30:00Z","soil_moisture",52.8154005748755,"%"
"S02","2025-01-01T08:35:00Z","soil_moisture",48.298490883955,"%"
"S02","2025-01-01T08:40:00Z","soil_moisture",11.9357859852203,"%"
"S02","2025-01-01T08:45:00Z","soil_moisture",19.1042891222962,"%"
"S02","2025-01-01T08:50:00Z","soil_moisture",31.3493997148365,"%"
"S02","2025-01-01T08:55:00Z","soil_moisture",29.6481475453354,"%"
"S02","2025-01-01T09:00:00Z","soil_moisture",38.0010327829727,"%"
"S02","2025-01-01T09:05:00Z","soil_moisture",7.61392612067892,"%"
"S02","2025-01-01T09:10:00Z","soil_moisture",25.0232564030345,"%"
"S02","2025-01-01T09:15:00Z","soil_moisture",4.00441771478191,"%"
"S02","2025-01-01T09:20:00Z","soil_moisture",16.7149198212567,"%"
"S02","2025-01-01T09:25:00Z","soil_moisture",8.29843480499398,"%"
"S02","2025-01-01T09:30:00Z","soil_moisture",37.1004748384389,"%"
"S02","2025-01-01T09:35:00Z","soil_moisture",61.955466888083,"%"
"S02","2025-01-01T09:40:00Z","soil_moisture",48.9209152593469,"%"
"S02","2025-01-01T09:45:00Z","soil_moisture",26.5391875928788,"%"
"S02","2025-01-01T09:50:00Z","soil_moisture",12.7349169007613,"%"
"S02","2025-01-01T09:55:00Z","soil_moisture",8.8990784839574,"%"
"S02","2025-01-01T10:00:00Z","soil_moisture",38.1168992651366,"%"
"S02","2025-01-01T10:05:00Z","soil_moisture",13.6426894258601,"%"
"S02","2025-01-01T10:10:00Z","soil_moisture",6.05903277384033,"%"
"S02","2025-01-01T10:15:00Z","soil_moisture",16.5341969675562,"%"
"S02","2025-01-01T10:20:00Z","soil_moisture",19.6707874937432,"%"
"S02","2025-01-01T10:25:00Z","soil_moisture",40.6961961941946,"%"
"S02","2025-01-01T10:30:00Z","soil_moisture",28.2684669056442,"%"
"S02","2025-01-01T10:35:00Z","soil_moisture",12.6049489238124,"%"
"S02","2025-01-01T10:40:00Z","soil_moisture",16.283990005022,"%"
"S02","2025-01-01T10:45:00Z","soil_moisture",12.5943263126937,"%"
"S02","2025-01-01T10:50:00Z","soil_moisture",7.5859539005141,"%"
"S02","2025-01-01T10:55:00Z","soil_moisture",8.69122750255375,"%"
"S02","2025-01-01T11:00:00Z","soil_moisture",31.2930078195407,"%"
"S02","2025-01-01T11:05:00Z","soil_moisture",39.5913403231189,"%"
"S02","2025-01-01T11:10:00Z","soil_moisture",33.0012892876543,"%"
"S02","2025-01-01T11:15:00Z","soil_moisture",11.8174810794929,"%"
"S02","2025-01-01T11:20:00Z","soil_moisture",18.8811087549351,"%"
"S02","2025-01-01T11:25:00Z","soil_moisture",16.9865740030291,"%"
"S02","2025-01-01T11:30:00Z","soil_moisture",22.6037440347964,"%"
"S02","2025-01-01T11:35:00Z","soil_moisture",39.7954463167866,"%"
"S02","2025-01-01T11:40:00Z","soil_moisture",18.4408680551954,"%"
"S02","2025-01-01T11:45:00Z","soil_moisture",21.1675712154843,"%"
"S02","2025-01-01T11:50:00Z","soil_moisture",16.8324970516182,"%"
"S02","2025-01-01T11:55:00Z","soil_moisture",13.5554439194669,"%"
"S02","2025-01-01T12:00:00Z","soil_moisture",12.2280973006346,"%"
"S02","2025-01-01T12:05:00Z","soil_moisture",6.38448961563949,"%"
"S02","2025-01-01T12:10:00Z","soil_moisture",7.41129851816286,"%"
"S02","2025-01-01T12:15:00Z","soil_moisture",1.87928160678519,"%"
"S02","2025-01-01T12:20:00Z","soil_moisture",14.9961011382306,"%"
"S02","2025-01-01T12:25:00Z","soil_moisture",6.82908402165535,"%"
"S02","2025-01-01T12:30:00Z","soil_moisture",3.33710957366423,"%"
"S02","2025-01-01T12:35:00Z","soil_moisture",13.5675444983748,"%"
"S02","2025-01-01T12:40:00Z","soil_moisture",17.1200131337257,"%"
"S02","2025-01-01T12:45:00Z","soil_moisture",6.82969953941853,"%"
"S02","2025-01-01T12:50:00Z","soil_moisture",0.707954020072152,"%"
"S02","2025-01-01T12:55:00Z","soil_moisture",6.40678729390179,"%"
"S02","2025-01-01T13:00:00Z","soil_moisture",4.16765649278277,"%"
"S02","2025-01-01T13:05:00Z","soil_moisture",10.8114554880122,"%"
"S02","2025-01-01T13:10:00Z","soil_moisture",18.5175368868827,"%"
"S02","2025-01-01T13:15:00Z","soil_moisture",21.1192116583301,"%"
"S02","2025-01-01T13:20:00Z","soil_moisture",11.2724298434162,"%"
"S02","2025-01-01T13:25:00Z","soil_moisture",32.9461464197435,"%"
"S02","2025-01-01T13:30:00Z","soil_moisture",46.4974571861731,"%"
"S02","2025-01-01T13:35:00Z","soil_moisture",48.0845098159245,"%"
"S02","2025-01-01T13:40:00Z","soil_moisture",54.1540429380326,"%"
"S02","2025-01-01T13:45:00Z","soil_moisture",76.1908829934874,"%"
"S02","2025-01-01T13:50:00Z","soil_moisture",42.8310353470202,"%"
"S02","2025-01-01T13:55:00Z","soil_moisture",59.0957171673979,"%"
"S02","2025-01-01T14:00:00Z","soil_moisture",43.3840303518551,"%"
"S02","2025-01-01T14:05:00Z","soil_moisture",81.1686660345467,"%"
"S02","2025-01-01T14:10:00Z","soil_moisture",64.3014193972807,"%"
"S02","2025-01-01T14:15:00Z","soil_moisture",68.5290582088875,"%"
"S02","2025-01-01T14:20:00Z","soil_moisture",59.0431072742689,"%"
"S02","2025-01-01T14:25:00Z","soil_moisture",41.6711414362895,"%"
"S02","2025-01-01T14:30:00Z","soil_moisture",47.8934673071929,"%"
"S02","2025-01-01T14:35:00Z","soil_moisture",53.6706713543162,"%"
"S02","2025-01-01T14:40:00Z","soil_moisture",56.7861909729003,"%"
"S02","2025-01-01T14:45:00Z","soil_moisture",29.8952195797436,"%"
"S02","2025-01-01T14:50:00Z","soil_moisture",24.5774524829651,"%"
"S02","2025-01-01T14:55:00Z","soil_moisture",10.5628384508165,"%"
"S02","2025-01-01T15:00:00Z","soil_moisture",26.8110582943364,"%"
"S02","2025-01-01T15:05:00Z","soil_moisture",20.1240169172524,"%"
"S02","2025-01-01T15:10:00Z","soil_moisture",14.4687623076075,"%"
"S02","2025-01-01T15:15:00Z","soil_moisture",39.4870781676425,"%"
"S02","2025-01-01T15:20:00Z","soil_moisture",33.3191170705295,"%"
"S02","2025-01-01T15:25:00Z","soil_moisture",15.8688177198181,"%"
"S02","2025-01-01T15:30:00Z","soil_moisture",15.5221569492502,"%"
"S02","2025-01-01T15:35:00Z","soil_moisture",5.53273650549631,"%"
"S02","2025-01-01T15:40:00Z","soil_moisture",13.856138426363,"%"
"S02","2025-01-01T15:45:00Z","soil_moisture",31.6094773313395,"%"
"S02","2025-01-01T15:50:00Z","soil_moisture",19.0131738916801,"%"
"S02","2025-01-01T15:55:00Z","soil_moisture",18.2504327278746,"%"
"S02","2025-01-01T16:00:00Z","soil_moisture",39.6232848690467,"%"
"S02","2025-01-01T16:05:00Z","soil_moisture",60.1777573682112,"%"
"S02","2025-01-01T16:10:00Z","soil_moisture",57.7094670482375,"%"
"S02","2025-01-01T16:15:00Z","soil_moisture",21.2560847733532,"%"
"S02","2025-01-01T16:20:00Z","soil_moisture",24.0164955539805,"%"
"S02","2025-01-01T16:25:00Z","soil_moisture",30.6487259576,"%"
"S02","2025-01-01T16:30:00Z","soil_moisture",25.5485904222353,"%"
"S02","2025-01-01T16:35:00Z","soil_moisture",22.6426266097834,"%"
"S02","2025-01-01T16:40:00Z","soil_moisture",11.6830595319939,"%"
"S02","2025-01-01T16:45:00Z","soil_moisture",27.1083982010905,"%"
"S02","2025-01-01T16:50:00Z","soil_moisture",14.0172680275182,"%"
"S02","2025-01-01T16:55:00Z","soil_moisture",26.0330972495407,"%"
"S02","2025-01-01T17:00:00Z","soil_moisture",24.5465960124542,"%"
"S02","2025-01-01T17:05:00Z","soil_moisture",23.5726412743711,"%"
"S02","2025-01-01T17:10:00Z","soil_moisture",51.1009745287447,"%"
"S02","2025-01-01T17:15:00Z","soil_moisture",22.1600367768487,"%"
"S02","2025-01-01T17:20:00Z","soil_moisture",24.3678183754171,"%"
"S02","2025-01-01T17:25:00Z","soil_moisture",52.9573351601031,"%"
"S02","2025-01-01T17:30:00Z","soil_moisture",28.0097982941747,"%"
"S02","2025-01-01T17:35:00Z","soil_moisture",11.8283981522785,"%"
"S02","2025-01-01T17:40:00Z","soil_moisture",26.2304048031376,"%"
"S02","2025-01-01T17:45:00Z","soil_moisture",24.7281037030107,"%"
"S02","2025-01-01T17:50:00Z","soil_moisture",34.4902354284376,"%"
"S02","2025-01-01T17:55:00Z","soil_moisture",36.6349106519138,"%"
"S02","2025-01-01T18:00:00Z","soil_moisture",24.4656117773232,"%"
"S02","2025-01-01T18:05:00Z","soil_moisture",33.1899809247931,"%"
"S02","2025-01-01T18:10:00Z","soil_moisture",40.7765304355622,"%"
"S02","2025-01-01T18:15:00Z","soil_moisture",19.2546536264031,"%"
"S02","2025-01-01T18:20:00Z","soil_moisture",50.0226402350923,"%"
"S02","2025-01-01T18:25:00Z","soil_moisture",48.9950411588886,"%"
"S02","2025-01-01T18:30:00Z","soil_moisture",46.1740663464991,"%"
"S02","2025-01-01T18:35:00Z","soil_moisture",23.7849236502651,"%"
"S02","2025-01-01T18:40:00Z","soil_moisture",42.9687189559256,"%"
"S02","2025-01-01T18:45:00Z","soil_moisture",26.8364184566449,"%"
"S02","2025-01-01T18:50:00Z","soil_moisture",14.9897926862786,"%"
"S02","2025-01-01T18:55:00Z","soil_moisture",34.5721251309675,"%"
"S02","2025-01-01T19:00:00Z","soil_moisture",46.4451256838904,"%"
"S02","2025-01-01T19:05:00Z","soil_moisture",65.6044607604226,"%"
"S02","2025-01-01T19:10:00Z","soil_moisture",60.1223743904155,"%"
"S02","2025-01-01T19:15:00Z","soil_moisture",30.7831087808456,"%"
"S02","2025-01-01T19:20:00Z","soil_moisture",37.5763640155524,"%"
"S02","2025-01-01T19:25:00Z","soil_moisture",28.5979684334624,"%"
"S02","2025-01-01T19:30:00Z","soil_moisture",23.0282529345392,"%"
"S02","2025-01-01T19:35:00Z","soil_moisture",32.6573485036311,"%"
"S02","2025-01-01T19:40:00Z","soil_moisture",16.5550316988449,"%"
"S02","2025-01-01T19:45:00Z","soil_moisture",34.7024749066077,"%"
"S02","2025-01-01T19:50:00Z","soil_moisture",48.935822318617,"%"
"S02","2025-01-01T19:55:00Z","soil_moisture",54.1127070935378,"%"
"S02","2025-01-01T20:00:00Z","soil_moisture",61.8137508714366,"%"
"S02","2025-01-01T20:05:00Z","soil_moisture",60.7403540124819,"%"
"S02","2025-01-01T20:10:00Z","soil_moisture",39.7091674284332,"%"
"S02","2025-01-01T20:15:00Z","soil_moisture",22.8597645543952,"%"
"S02","2025-01-01T20:20:00Z","soil_moisture",40.0877957877282,"%"
"S02","2025-01-01T20:25:00Z","soil_moisture",60.2424626125783,"%"
"S02","2025-01-01T20:30:00Z","soil_moisture",49.4271483354381,"%"
"S02","2025-01-01T20:35:00Z","soil_moisture",24.4175730495474,"%"
"S02","2025-01-01T20:40:00Z","soil_moisture",8.50080337323131,"%"
"S02","2025-01-01T20:45:00Z","soil_moisture",21.5313736558543,"%"
"S02","2025-01-01T20:50:00Z","soil_moisture",19.1418737706919,"%"
"S02","2025-01-01T20:55:00Z","soil_moisture",27.2791384717444,"%"
"S02","2025-01-01T21:00:00Z","soil_moisture",21.4148825797385,"%"
"S02","2025-01-01T21:05:00Z","soil_moisture",21.9780857573102,"%"
"S02","2025-01-01T21:10:00Z","soil_moisture",56.3317195686975,"%"
"S02","2025-01-01T21:15:00Z","soil_moisture",28.4549778736621,"%"
"S02","2025-01-01T21:20:00Z","soil_moisture",27.2570000351907,"%"
"S02","2025-01-01T21:25:00Z","soil_moisture",20.8417344006213,"%"
"S02","2025-01-01T21:30:00Z","soil_moisture",15.1859555513384,"%"
"S02","2025-01-01T21:35:00Z","soil_moisture",16.4345650837708,"%"
"S02","2025-01-01T21:40:00Z","soil_moisture",7.76319995644789,"%"
"S02","2025-01-01T21:45:00Z","soil_moisture",7.66382296743633,"%"
"S02","2025-01-01T21:50:00Z","soil_moisture",6.09442576765002,"%"
"S02","2025-01-01T21:55:00Z","soil_moisture",24.7520734398876,"%"
"S02","2025-01-01T22:00:00Z","soil_moisture",41.2538169101841,"%"
"S02","2025-01-01T22:05:00Z","soil_moisture",60.285295355357,"%"
"S02","2025-01-01T22:10:00Z","soil_moisture",46.9515934751464,"%"
"S02","2025-01-01T22:15:00Z","soil_moisture",36.3785834051524,"%"
"S02","2025-01-01T22:20:00Z","soil_moisture",12.9001236342589,"%"
"S02","2025-01-01T22:25:00Z","soil_moisture",18.9306512330274,"%"
"S02","2025-01-01T22:30:00Z","soil_moisture",16.4951175126848,"%"
"S02","2025-01-01T22:35:00Z","soil_moisture",15.907838535603,"%"
"S02","2025-01-01T22:40:00Z","soil_moisture",14.0664407232428,"%"
"S02","2025-01-01T22:45:00Z","soil_moisture",31.6294257872928,"%"
"S02","2025-01-01T22:50:00Z","soil_moisture",23.2917461341639,"%"
"S02","2025-01-01T22:55:00Z","soil_moisture",21.5358274305822,"%"
"S02","2025-01-01T23:00:00Z","soil_moisture",25.1192623316314,"%"
"S02","2025-01-01T23:05:00Z","soil_moisture",38.0674308722145,"%"
"S02","2025-01-01T23:10:00Z","soil_moisture",57.2202338361793,"%"
"S02","2025-01-01T23:15:00Z","soil_moisture",7.19362968918008,"%"
"S02","2025-01-01T23:20:00Z","soil_moisture",23.3520062351149,"%"
"S02","2025-01-01T23:25:00Z","soil_moisture",20.2800603050827,"%"
"S02","2025-01-01T23:30:00Z","soil_moisture",8.27379781353329,"%"
"S02","2025-01-01T23:35:00Z","soil_moisture",10.6933494680786,"%"
"S02","2025-01-01T23:40:00Z","soil_moisture",20.6286930524231,"%"
"S02","2025-01-01T23:45:00Z","soil_moisture",22.1611895065088,"%"
"S02","2025-01-01T23:50:00Z","soil_moisture",22.3749711417714,"%"
"S02","2025-01-01T23:55:00Z","soil_moisture",18.5783691742126,"%"
"S02","2025-01-02T00:00:00Z","soil_moisture",15.5671182456772,"%"
"S02","2025-01-02T00:05:00Z","soil_moisture",12.6983640232115,"%"
"S02","2025-01-02T00:10:00Z","soil_moisture",15.9912725916726,"%"
"S02","2025-01-02T00:15:00Z","soil_moisture",35.3161815822425,"%"
"S02","2025-01-02T00:20:00Z","soil_moisture",7.55236131478691,"%"
"S02","2025-01-02T00:25:00Z","soil_moisture",4.33126213488522,"%"
"S02","2025-01-02T00:30:00Z","soil_moisture",13.5071359587185,"%"
"S02","2025-01-02T00:35:00Z","soil_moisture",10.3700444321472,"%"
"S02","2025-01-02T00:40:00Z","soil_moisture",14.6894382430225,"%"
"S02","2025-01-02T00:45:00Z","soil_moisture",11.1116853720265,"%"
"S02","2025-01-02T00:50:00Z","soil_moisture",7.82190737181073,"%"
"S02","2025-01-02T00:55:00Z","soil_moisture",15.308458943464,"%"
"S02","2025-01-02T01:00:00Z","soil_moisture",8.80003523046872,"%"
"S02","2025-01-02T01:05:00Z","soil_moisture",11.8216621936084,"%"
"S02","2025-01-02T01:10:00Z","soil_moisture",23.5747138284597,"%"
"S02","2025-01-02T01:15:00Z","soil_moisture",3.79615556736696,"%"
"S02","2025-01-02T01:20:00Z","soil_moisture",11.9739836002689,"%"
"S02","2025-01-02T01:25:00Z","soil_moisture",6.42835015350464,"%"
"S02","2025-01-02T01:30:00Z","soil_moisture",20.3411782114942,"%"
"S02","2025-01-02T01:35:00Z","soil_moisture",15.8938449508858,"%"
"S02","2025-01-02T01:40:00Z","soil_moisture",33.2620910311594,"%"
"S02","2025-01-02T01:45:00Z","soil_moisture",56.245508065306,"%"
"S02","2025-01-02T01:50:00Z","soil_moisture",12.6243665134269,"%"
"S02","2025-01-02T01:55:00Z","soil_moisture",13.0617531625023,"%"
"S02","2025-01-02T02:00:00Z","soil_moisture",8.22103955313187,"%"
"S02","2025-01-02T02:05:00Z","soil_moisture",16.1190273755586,"%"
"S02","2025-01-02T02:10:00Z","soil_moisture",17.2322283609647,"%"
"S02","2025-01-02T02:15:00Z","soil_moisture",31.9516848728309,"%"
"S02","2025-01-02T02:20:00Z","soil_moisture",23.3889870798544,"%"
"S02","2025-01-02T02:25:00Z","soil_moisture",46.4350956822298,"%"
"S02","2025-01-02T02:30:00Z","soil_moisture",16.8817397114105,"%"
"S02","2025-01-02T02:35:00Z","soil_moisture",43.7472374810378,"%"
"S02","2025-01-02T02:40:00Z","soil_moisture",14.623377797601,"%"
"S02","2025-01-02T02:45:00Z","soil_moisture",12.5857638975083,"%"
"S02","2025-01-02T02:50:00Z","soil_moisture",34.9379138303867,"%"
"S02","2025-01-02T02:55:00Z","soil_moisture",7.20334619618713,"%"
"S02","2025-01-02T03:00:00Z","soil_moisture",7.74994598391161,"%"
"S02","2025-01-02T03:05:00Z","soil_moisture",21.8225547620162,"%"
"S02","2025-01-02T03:10:00Z","soil_moisture",10.8933753153669,"%"
"S02","2025-01-02T03:15:00Z","soil_moisture",1.39078731264928,"%"
"S02","2025-01-02T03:20:00Z","soil_moisture",2.20479828354394,"%"
"S02","2025-01-02T03:25:00Z","soil_moisture",2.76221247576953,"%"
"S02","2025-01-02T03:30:00Z","soil_moisture",4.20984108125503,"%"
"S02","2025-01-02T03:35:00Z","soil_moisture",1.41433205942574,"%"
"S02","2025-01-02T03:40:00Z","soil_moisture",16.6560877964987,"%"
"S02","2025-01-02T03:45:00Z","soil_moisture",14.2604819163132,"%"
"S02","2025-01-02T03:50:00Z","soil_moisture",15.578017889,"%"
"S02","2025-01-02T03:55:00Z","soil_moisture",28.4390254070685,"%"
"S02","2025-01-02T04:00:00Z","soil_moisture",17.0133728763198,"%"
"S02","2025-01-02T04:05:00Z","soil_moisture",41.9063675876208,"%"
"S02","2025-01-02T04:10:00Z","soil_moisture",18.1248079268975,"%"
"S02","2025-01-02T04:15:00Z","soil_moisture",35.3525808321966,"%"
"S02","2025-01-02T04:20:00Z","soil_moisture",38.0539410093082,"%"
"S02","2025-01-02T04:25:00Z","soil_moisture",42.7374399069645,"%"
"S02","2025-01-02T04:30:00Z","soil_moisture",30.8743322335075,"%"
"S02","2025-01-02T04:35:00Z","soil_moisture",40.4813782537341,"%"
"S02","2025-01-02T04:40:00Z","soil_moisture",45.4801940791432,"%"
"S02","2025-01-02T04:45:00Z","soil_moisture",23.0026019960823,"%"
"S02","2025-01-02T04:50:00Z","soil_moisture",42.7880758192987,"%"
"S02","2025-01-02T04:55:00Z","soil_moisture",42.6548588186191,"%"
"S02","2025-01-02T05:00:00Z","soil_moisture",43.2068821968908,"%"
"S02","2025-01-02T05:05:00Z","soil_moisture",55.4320632156513,"%"
"S02","2025-01-02T05:10:00Z","soil_moisture",44.8302773460936,"%"
"S02","2025-01-02T05:15:00Z","soil_moisture",23.385003435729,"%"
"S02","2025-01-02T05:20:00Z","soil_moisture",16.1831163562808,"%"
"S02","2025-01-02T05:25:00Z","soil_moisture",26.9123147344108,"%"
"S02","2025-01-02T05:30:00Z","soil_moisture",17.2567079184433,"%"
"S02","2025-01-02T05:35:00Z","soil_moisture",31.6705190297028,"%"
"S02","2025-01-02T05:40:00Z","soil_moisture",11.5066387920463,"%"
"S02","2025-01-02T05:45:00Z","soil_moisture",0.451481695072032,"%"
"S02","2025-01-02T05:50:00Z","soil_moisture",1.60498083624457,"%"
"S02","2025-01-02T05:55:00Z","soil_moisture",15.8327982694938,"%"
"S02","2025-01-02T06:00:00Z","soil_moisture",12.4217989470302,"%"
"S02","2025-01-02T06:05:00Z","soil_moisture",62.7041486450092,"%"
"S02","2025-01-02T06:10:00Z","soil_moisture",64.2636141297369,"%"
"S02","2025-01-02T06:15:00Z","soil_moisture",26.8564774641881,"%"
"S02","2025-01-02T06:20:00Z","soil_moisture",44.5841398729513,"%"
"S02","2025-01-02T06:25:00Z","soil_moisture",48.483174286736,"%"
"S02","2025-01-02T06:30:00Z","soil_moisture",78.3872021140401,"%"
"S02","2025-01-02T06:35:00Z","soil_moisture",83.0755175710293,"%"
"S02","2025-01-02T06:40:00Z","soil_moisture",59.234024754005,"%"
"S02","2025-01-02T06:45:00Z","soil_moisture",50.0598065805119,"%"
"S02","2025-01-02T06:50:00Z","soil_moisture",39.2760728626791,"%"
"S02","2025-01-02T06:55:00Z","soil_moisture",18.9751859334113,"%"
"S02","2025-01-02T07:00:00Z","soil_moisture",14.2036210243411,"%"
"S02","2025-01-02T07:05:00Z","soil_moisture",46.9578148925338,"%"
"S02","2025-01-02T07:10:00Z","soil_moisture",34.8483831340643,"%"
"S02","2025-01-02T07:15:00Z","soil_moisture",29.7977320450797,"%"
"S02","2025-01-02T07:20:00Z","soil_moisture",46.5453712646463,"%"
"S02","2025-01-02T07:25:00Z","soil_moisture",33.9362620290536,"%"
"S02","2025-01-02T07:30:00Z","soil_moisture",63.3733501065168,"%"
"S02","2025-01-02T07:35:00Z","soil_moisture",58.4681586809191,"%"
"S02","2025-01-02T07:40:00Z","soil_moisture",25.9578233218636,"%"
"S02","2025-01-02T07:45:00Z","soil_moisture",13.0409399770502,"%"
"S02","2025-01-02T07:50:00Z","soil_moisture",3.31471786395395,"%"
"S02","2025-01-02T07:55:00Z","soil_moisture",10.4480471384054,"%"
"S02","2025-01-02T08:00:00Z","soil_moisture",19.1841792584522,"%"
"S02","2025-01-02T08:05:00Z","soil_moisture",11.7273891380059,"%"
"S02","2025-01-02T08:10:00Z","soil_moisture",20.6212708267301,"%"
"S02","2025-01-02T08:15:00Z","soil_moisture",54.7321995989958,"%"
"S02","2025-01-02T08:20:00Z","soil_moisture",43.2184012414968,"%"
"S02","2025-01-02T08:25:00Z","soil_moisture",54.2584179361223,"%"
"S02","2025-01-02T08:30:00Z","soil_moisture",12.2918538473357,"%"
"S02","2025-01-02T08:35:00Z","soil_moisture",8.72036202008048,"%"
"S02","2025-01-02T08:40:00Z","soil_moisture",18.309940144749,"%"
"S02","2025-01-02T08:45:00Z","soil_moisture",17.4413641216897,"%"
"S02","2025-01-02T08:50:00Z","soil_moisture",48.6902261135229,"%"
"S02","2025-01-02T08:55:00Z","soil_moisture",48.3833031590729,"%"
"S02","2025-01-02T09:00:00Z","soil_moisture",63.4106191824486,"%"
"S02","2025-01-02T09:05:00Z","soil_moisture",45.4106662232751,"%"
"S02","2025-01-02T09:10:00Z","soil_moisture",31.406404824501,"%"
"S02","2025-01-02T09:15:00Z","soil_moisture",46.5650493914083,"%"
"S02","2025-01-02T09:20:00Z","soil_moisture",15.792489316336,"%"
"S02","2025-01-02T09:25:00Z","soil_moisture",20.6027455108857,"%"
"S02","2025-01-02T09:30:00Z","soil_moisture",19.9528004220292,"%"
"S02","2025-01-02T09:35:00Z","soil_moisture",44.9107178652085,"%"
"S02","2025-01-02T09:40:00Z","soil_moisture",26.2539493707012,"%"
"S02","2025-01-02T09:45:00Z","soil_moisture",23.6178035603145,"%"
"S02","2025-01-02T09:50:00Z","soil_moisture",58.4171025151723,"%"
"S02","2025-01-02T09:55:00Z","soil_moisture",26.4650491811008,"%"
"S02","2025-01-02T10:00:00Z","soil_moisture",20.8149510486388,"%"
"S02","2025-01-02T10:05:00Z","soil_moisture",12.7233163133515,"%"
"S02","2025-01-02T10:10:00Z","soil_moisture",20.44246108587,"%"
"S02","2025-01-02T10:15:00Z","soil_moisture",24.2864890812031,"%"
"S02","2025-01-02T10:20:00Z","soil_moisture",26.6775058303799,"%"
"S02","2025-01-02T10:25:00Z","soil_moisture",11.8629534414971,"%"
"S02","2025-01-02T10:30:00Z","soil_moisture",28.8868083329412,"%"
"S02","2025-01-02T10:35:00Z","soil_moisture",14.6029820514414,"%"
"S02","2025-01-02T10:40:00Z","soil_moisture",29.1966449625842,"%"
"S02","2025-01-02T10:45:00Z","soil_moisture",35.8553310009639,"%"
"S02","2025-01-02T10:50:00Z","soil_moisture",46.4365549885632,"%"
"S02","2025-01-02T10:55:00Z","soil_moisture",31.8880393591497,"%"
"S02","2025-01-02T11:00:00Z","soil_moisture",21.8198571824071,"%"
"S02","2025-01-02T11:05:00Z","soil_moisture",31.9883862996329,"%"
"S02","2025-01-02T11:10:00Z","soil_moisture",36.7902391221457,"%"
"S02","2025-01-02T11:15:00Z","soil_moisture",30.7164190425976,"%"
"S02","2025-01-02T11:20:00Z","soil_moisture",12.0918439763487,"%"
"S02","2025-01-02T11:25:00Z","soil_moisture",25.3876453720165,"%"
"S02","2025-01-02T11:30:00Z","soil_moisture",29.7724012349714,"%"
"S02","2025-01-02T11:35:00Z","soil_moisture",60.6374848496486,"%"
"S02","2025-01-02T11:40:00Z","soil_moisture",30.8995075720843,"%"
"S02","2025-01-02T11:45:00Z","soil_moisture",49.081489124556,"%"
"S02","2025-01-02T11:50:00Z","soil_moisture",28.908543663084,"%"
"S02","2025-01-02T11:55:00Z","soil_moisture",19.2769440940585,"%"
"S02","2025-01-02T12:00:00Z","soil_moisture",14.8692152899202,"%"
"S02","2025-01-02T12:05:00Z","soil_moisture",25.975241072946,"%"
"S02","2025-01-02T12:10:00Z","soil_moisture",23.9110564891979,"%"
"S02","2025-01-02T12:15:00Z","soil_moisture",24.9865244088955,"%"
"S02","2025-01-02T12:20:00Z","soil_moisture",3.38958405014765,"%"
"S02","2025-01-02T12:25:00Z","soil_moisture",7.7499962527514,"%"
"S02","2025-01-02T12:30:00Z","soil_moisture",14.7574342371717,"%"
"S02","2025-01-02T12:35:00Z","soil_moisture",12.279713187581,"%"
"S02","2025-01-02T12:40:00Z","soil_moisture",24.5672228578391,"%"
"S02","2025-01-02T12:45:00Z","soil_moisture",45.8167145132559,"%"
"S02","2025-01-02T12:50:00Z","soil_moisture",22.9720925950384,"%"
"S02","2025-01-02T12:55:00Z","soil_moisture",29.4476402879664,"%"
"S02","2025-01-02T13:00:00Z","soil_moisture",13.8083468630061,"%"
"S02","2025-01-02T13:05:00Z","soil_moisture",15.1228337469783,"%"
"S02","2025-01-02T13:10:00Z","soil_moisture",53.7823631128257,"%"
"S02","2025-01-02T13:15:00Z","soil_moisture",27.6256661770292,"%"
"S02","2025-01-02T13:20:00Z","soil_moisture",2.5328953547044,"%"
"S02","2025-01-02T13:25:00Z","soil_moisture",10.4956470805866,"%"
"S02","2025-01-02T13:30:00Z","soil_moisture",42.7966408446115,"%"
"S02","2025-01-02T13:35:00Z","soil_moisture",51.9500486601782,"%"
"S02","2025-01-02T13:40:00Z","soil_moisture",49.7734157768036,"%"
"S02","2025-01-02T13:45:00Z","soil_moisture",33.8056959808608,"%"
"S02","2025-01-02T13:50:00Z","soil_moisture",20.3724965378488,"%"
"S02","2025-01-02T13:55:00Z","soil_moisture",11.8944093105046,"%"
"S02","2025-01-02T14:00:00Z","soil_moisture",7.31520151851571,"%"
"S02","2025-01-02T14:05:00Z","soil_moisture",32.0599599986824,"%"
"S02","2025-01-02T14:10:00Z","soil_moisture",18.5521334078812,"%"
"S02","2025-01-02T14:15:00Z","soil_moisture",23.5033988904491,"%"
"S02","2025-01-02T14:20:00Z","soil_moisture",4.20279823989595,"%"
"S02","2025-01-02T14:25:00Z","soil_moisture",19.1331021828974,"%"
"S02","2025-01-02T14:30:00Z","soil_moisture",11.1837184059036,"%"
"S02","2025-01-02T14:35:00Z","soil_moisture",8.10061736146456,"%"
"S02","2025-01-02T14:40:00Z","soil_moisture",15.0550903662201,"%"
"S02","2025-01-02T14:45:00Z","soil_moisture",27.4351657273588,"%"
"S02","2025-01-02T14:50:00Z","soil_moisture",4.0341904074852,"%"
"S02","2025-01-02T14:55:00Z","soil_moisture",18.8913231221787,"%"
"S02","2025-01-02T15:00:00Z","soil_moisture",14.8261930817915,"%"
"S02","2025-01-02T15:05:00Z","soil_moisture",15.4211010325972,"%"
"S02","2025-01-02T15:10:00Z","soil_moisture",13.8973950197369,"%"
"S02","2025-01-02T15:15:00Z","soil_moisture",21.2857138315313,"%"
"S02","2025-01-02T15:20:00Z","soil_moisture",22.3551579865559,"%"
"S02","2025-01-02T15:25:00Z","soil_moisture",31.9380352592211,"%"
"S02","2025-01-02T15:30:00Z","soil_moisture",30.7394957128228,"%"
"S02","2025-01-02T15:35:00Z","soil_moisture",21.3874368210403,"%"
"S02","2025-01-02T15:40:00Z","soil_moisture",20.7213136908617,"%"
"S02","2025-01-02T15:45:00Z","soil_moisture",40.7756097294608,"%"
"S02","2025-01-02T15:50:00Z","soil_moisture",27.6781410258815,"%"
"S02","2025-01-02T15:55:00Z","soil_moisture",31.9520704790997,"%"
"S02","2025-01-02T16:00:00Z","soil_moisture",37.7055925093326,"%"
"S02","2025-01-02T16:05:00Z","soil_moisture",22.583822130562,"%"
"S02","2025-01-02T16:10:00Z","soil_moisture",28.4652490949982,"%"
"S02","2025-01-02T16:15:00Z","soil_moisture",55.2400444962598,"%"
"S02","2025-01-02T16:20:00Z","soil_moisture",23.0237138597356,"%"
"S02","2025-01-02T16:25:00Z","soil_moisture",31.6951192408712,"%"
"S02","2025-01-02T16:30:00Z","soil_moisture",17.8607384246167,"%"
"S02","2025-01-02T16:35:00Z","soil_moisture",29.1802642883791,"%"
"S02","2025-01-02T16:40:00Z","soil_moisture",20.5361611961353,"%"
"S02","2025-01-02T16:45:00Z","soil_moisture",51.066448763382,"%"
"S02","2025-01-02T16:50:00Z","soil_moisture",26.7380414388572,"%"
"S02","2025-01-02T16:55:00Z","soil_moisture",26.3845425864691,"%"
"S02","2025-01-02T17:00:00Z","soil_moisture",21.3591591453033,"%"
"S02","2025-01-02T17:05:00Z","soil_moisture",20.3418986533621,"%"
"S02","2025-01-02T17:10:00Z","soil_moisture",16.910532408959,"%"
"S02","2025-01-02T17:15:00Z","soil_moisture",35.0972412143292,"%"
"S02","2025-01-02T17:20:00Z","soil_moisture",26.1948027647437,"%"
"S02","2025-01-02T17:25:00Z","soil_moisture",14.326100291208,"%"
"S02","2025-01-02T17:30:00Z","soil_moisture",46.9362796221866,"%"
"S02","2025-01-02T17:35:00Z","soil_moisture",50.1698171915063,"%"
"S02","2025-01-02T17:40:00Z","soil_moisture",62.8537574311385,"%"
"S02","2025-01-02T17:45:00Z","soil_moisture",46.8711891031974,"%"
"S02","2025-01-02T17:50:00Z","soil_moisture",57.424334022153,"%"
"S02","2025-01-02T17:55:00Z","soil_moisture",27.6064257254649,"%"
"S02","2025-01-02T18:00:00Z","soil_moisture",44.010440895966,"%"
"S02","2025-01-02T18:05:00Z","soil_moisture",16.0480834232157,"%"
"S02","2025-01-02T18:10:00Z","soil_moisture",20.0507818909108,"%"
"S02","2025-01-02T18:15:00Z","soil_moisture",37.6227159347061,"%"
"S02","2025-01-02T18:20:00Z","soil_moisture",15.3077052403904,"%"
"S02","2025-01-02T18:25:00Z","soil_moisture",8.21277959650818,"%"
"S02","2025-01-02T18:30:00Z","soil_moisture",23.4673772644381,"%"
"S02","2025-01-02T18:35:00Z","soil_moisture",13.2315075140463,"%"
"S02","2025-01-02T18:40:00Z","soil_moisture",19.9689502759645,"%"
"S02","2025-01-02T18:45:00Z","soil_moisture",46.3565259621023,"%"
"S02","2025-01-02T18:50:00Z","soil_moisture",42.8709644973433,"%"
"S02","2025-01-02T18:55:00Z","soil_moisture",41.2638337483933,"%"
"S02","2025-01-02T19:00:00Z","soil_moisture",50.1733597449492,"%"
"S02","2025-01-02T19:05:00Z","soil_moisture",38.2299668961483,"%"
"S02","2025-01-02T19:10:00Z","soil_moisture",19.149233561297,"%"
"S02","2025-01-02T19:15:00Z","soil_moisture",37.0930121368726,"%"
"S02","2025-01-02T19:20:00Z","soil_moisture",14.6356691347654,"%"
"S02","2025-01-02T19:25:00Z","soil_moisture",6.18368202758339,"%"
"S02","2025-01-02T19:30:00Z","soil_moisture",8.14148097956226,"%"
"S02","2025-01-02T19:35:00Z","soil_moisture",19.319841584378,"%"
"S02","2025-01-02T19:40:00Z","soil_moisture",33.9700058884311,"%"
"S02","2025-01-02T19:45:00Z","soil_moisture",36.5845501933918,"%"
"S02","2025-01-02T19:50:00Z","soil_moisture",5.35075959132525,"%"
"S02","2025-01-02T19:55:00Z","soil_moisture",8.12443510210023,"%"
"S02","2025-01-02T20:00:00Z","soil_moisture",60.8377988312539,"%"
"S02","2025-01-02T20:05:00Z","soil_moisture",43.0851623708048,"%"
"S02","2025-01-02T20:10:00Z","soil_moisture",43.0115502903425,"%"
"S02","2025-01-02T20:15:00Z","soil_moisture",50.2903839024251,"%"
"S02","2025-01-02T20:20:00Z","soil_moisture",27.5797596499682,"%"
"S02","2025-01-02T20:25:00Z","soil_moisture",47.9079556557214,"%"
"S02","2025-01-02T20:30:00Z","soil_moisture",49.011232384016,"%"
"S02","2025-01-02T20:35:00Z","soil_moisture",61.447094980787,"%"
"S02","2025-01-02T20:40:00Z","soil_moisture",39.6277958147491,"%"
"S02","2025-01-02T20:45:00Z","soil_moisture",42.1871050642119,"%"
"S02","2025-01-02T20:50:00Z","soil_moisture",28.5650193941009,"%"
"S02","2025-01-02T20:55:00Z","soil_moisture",43.781964483173,"%"
"S02","2025-01-02T21:00:00Z","soil_moisture",33.3900774220929,"%"
"S02","2025-01-02T21:05:00Z","soil_moisture",16.9944315469109,"%"
"S02","2025-01-02T21:10:00Z","soil_moisture",54.9180401318042,"%"
"S02","2025-01-02T21:15:00Z","soil_moisture",70.7713526753803,"%"
"S02","2025-01-02T21:20:00Z","soil_moisture",75.2826549181876,"%"
"S02","2025-01-02T21:25:00Z","soil_moisture",39.8927402670701,"%"
"S02","2025-01-02T21:30:00Z","soil_moisture",30.7388184546052,"%"
"S02","2025-01-02T21:35:00Z","soil_moisture",52.3747252320201,"%"
"S02","2025-01-02T21:40:00Z","soil_moisture",69.3546726957172,"%"
"S02","2025-01-02T21:45:00Z","soil_moisture",70.3858320690875,"%"
"S02","2025-01-02T21:50:00Z","soil_moisture",59.9505645652667,"%"
"S02","2025-01-02T21:55:00Z","soil_moisture",28.2896248355559,"%"
"S02","2025-01-02T22:00:00Z","soil_moisture",21.6924897655052,"%"
"S02","2025-01-02T22:05:00Z","soil_moisture",28.3868792907651,"%"
"S02","2025-01-02T22:10:00Z","soil_moisture",21.9788084375257,"%"
"S02","2025-01-02T22:15:00Z","soil_moisture",37.6349409024868,"%"
"S02","2025-01-02T22:20:00Z","soil_moisture",36.3517715390516,"%"
"S02","2025-01-02T22:25:00Z","soil_moisture",13.6426390325738,"%"
"S02","2025-01-02T22:30:00Z","soil_moisture",13.6136061607859,"%"
"S02","2025-01-02T22:35:00Z","soil_moisture",15.0030613558925,"%"
"S02","2025-01-02T22:40:00Z","soil_moisture",9.87740448132619,"%"
"S02","2025-01-02T22:45:00Z","soil_moisture",34.4567924847547,"%"
"S02","2025-01-02T22:50:00Z","soil_moisture",13.0597969710013,"%"
"S02","2025-01-02T22:55:00Z","soil_moisture",21.3756420767467,"%"
"S02","2025-01-02T23:00:00Z","soil_moisture",28.3850238772849,"%"
"S02","2025-01-02T23:05:00Z","soil_moisture",9.78101381821113,"%"
"S02","2025-01-02T23:10:00Z","soil_moisture",21.7312734051754,"%"
"S02","2025-01-02T23:15:00Z","soil_moisture",43.4083844851035,"%"
"S02","2025-01-02T23:20:00Z","soil_moisture",49.7404288304165,"%"
"S02","2025-01-02T23:25:00Z","soil_moisture",23.5038698480407,"%"
"S02","2025-01-02T23:30:00Z","soil_moisture",58.7980808093319,"%"
"S02","2025-01-02T23:35:00Z","soil_moisture",35.1549350142432,"%"
"S02","2025-01-02T23:40:00Z","soil_moisture",14.7872769790693,"%"
"S02","2025-01-02T23:45:00Z","soil_moisture",28.4188159985507,"%"
"S02","2025-01-02T23:50:00Z","soil_moisture",12.1446130030111,"%"
"S02","2025-01-02T23:55:00Z","soil_moisture",27.6128641487341,"%"
"S02","2025-01-03T00:00:00Z","soil_moisture",20.778888244159,"%"
"S02","2025-01-03T00:05:00Z","soil_moisture",6.00253774047708,"%"
"S02","2025-01-03T00:10:00Z","soil_moisture",16.1215655498306,"%"
"S02","2025-01-03T00:15:00Z","soil_moisture",18.9286152387539,"%"
"S02","2025-01-03T00:20:00Z","soil_moisture",15.7618560443784,"%"
"S02","2025-01-03T00:25:00Z","soil_moisture",7.62665044671074,"%"
"S02","2025-01-03T00:30:00Z","soil_moisture",11.7344147577778,"%"
"S02","2025-01-03T00:35:00Z","soil_moisture",31.6559384805667,"%"
"S02","2025-01-03T00:40:00Z","soil_moisture",24.1509803830027,"%"
"S02","2025-01-03T00:45:00Z","soil_moisture",28.7823766896625,"%"
"S02","2025-01-03T00:50:00Z","soil_moisture",14.7165722622847,"%"
"S02","2025-01-03T00:55:00Z","soil_moisture",44.5986377887254,"%"
"S02","2025-01-03T01:00:00Z","soil_moisture",4.89555910666394,"%"
"S02","2025-01-03T01:05:00Z","soil_moisture",6.0672784617655,"%"
"S02","2025-01-03T01:10:00Z","soil_moisture",24.3333492033767,"%"
"S02","2025-01-03T01:15:00Z","soil_moisture",2.07685944579438,"%"
"S02","2025-01-03T01:20:00Z","soil_moisture",2.17029414213449,"%"
"S02","2025-01-03T01:25:00Z","soil_moisture",3.31091728873486,"%"
"S02","2025-01-03T01:30:00Z","soil_moisture",7.88685256560953,"%"
"S02","2025-01-03T01:35:00Z","soil_moisture",16.80268206805,"%"
"S02","2025-01-03T01:40:00Z","soil_moisture",18.63611833256,"%"
"S02","2025-01-03T01:45:00Z","soil_moisture",8.89501525518012,"%"
"S02","2025-01-03T01:50:00Z","soil_moisture",9.69357318500401,"%"
"S02","2025-01-03T01:55:00Z","soil_moisture",10.0820597943068,"%"
"S02","2025-01-03T02:00:00Z","soil_moisture",1.40655008727853,"%"
"S02","2025-01-03T02:05:00Z","soil_moisture",6.81104199557927,"%"
"S02","2025-01-03T02:10:00Z","soil_moisture",11.4119087764707,"%"
"S02","2025-01-03T02:15:00Z","soil_moisture",20.1385933860699,"%"
"S02","2025-01-03T02:20:00Z","soil_moisture",38.0153819620643,"%"
"S02","2025-01-03T02:25:00Z","soil_moisture",67.7152868879442,"%"
"S02","2025-01-03T02:30:00Z","soil_moisture",53.1785587025021,"%"
"S02","2025-01-03T02:35:00Z","soil_moisture",62.1359509566828,"%"
"S02","2025-01-03T02:40:00Z","soil_moisture",29.499557382851,"%"
"S02","2025-01-03T02:45:00Z","soil_moisture",33.2418994197576,"%"
"S02","2025-01-03T02:50:00Z","soil_moisture",38.6613054830823,"%"
"S02","2025-01-03T02:55:00Z","soil_moisture",40.9895143929654,"%"
"S02","2025-01-03T03:00:00Z","soil_moisture",52.7536187559582,"%"
"S02","2025-01-03T03:05:00Z","soil_moisture",29.2265479406794,"%"
"S02","2025-01-03T03:10:00Z","soil_moisture",39.4032112089418,"%"
"S02","2025-01-03T03:15:00Z","soil_moisture",32.9181093279857,"%"
"S02","2025-01-03T03:20:00Z","soil_moisture",33.5005614829609,"%"
"S02","2025-01-03T03:25:00Z","soil_moisture",34.930953265276,"%"
"S02","2025-01-03T03:30:00Z","soil_moisture",22.882854355194,"%"
"S02","2025-01-03T03:35:00Z","soil_moisture",36.6008137607833,"%"
"S02","2025-01-03T03:40:00Z","soil_moisture",49.653298333539,"%"
"S02","2025-01-03T03:45:00Z","soil_moisture",33.9155256439805,"%"
"S02","2025-01-03T03:50:00Z","soil_moisture",12.556578130938,"%"
"S02","2025-01-03T03:55:00Z","soil_moisture",9.41627304180378,"%"
"S02","2025-01-03T04:00:00Z","soil_moisture",39.6019826269479,"%"
"S02","2025-01-03T04:05:00Z","soil_moisture",24.8887389189622,"%"
"S02","2025-01-03T04:10:00Z","soil_moisture",50.2349349399801,"%"
"S02","2025-01-03T04:15:00Z","soil_moisture",32.9565722520987,"%"
"S02","2025-01-03T04:20:00Z","soil_moisture",34.9128411950609,"%"
"S02","2025-01-03T04:25:00Z","soil_moisture",27.0903345114693,"%"
"S02","2025-01-03T04:30:00Z","soil_moisture",35.9214566738092,"%"
"S02","2025-01-03T04:35:00Z","soil_moisture",29.4725308069286,"%"
"S02","2025-01-03T04:40:00Z","soil_moisture",23.9915051337375,"%"
"S02","2025-01-03T04:45:00Z","soil_moisture",40.0393969529333,"%"
"S02","2025-01-03T04:50:00Z","soil_moisture",29.4827844904405,"%"
"S02","2025-01-03T04:55:00Z","soil_moisture",30.1553267490866,"%"
"S02","2025-01-03T05:00:00Z","soil_moisture",59.5319497726453,"%"
"S02","2025-01-03T05:05:00Z","soil_moisture",35.2736545463167,"%"
"S02","2025-01-03T05:10:00Z","soil_moisture",50.7267492177813,"%"
"S02","2025-01-03T05:15:00Z","soil_moisture",15.2865557431643,"%"
"S02","2025-01-03T05:20:00Z","soil_moisture",33.7525947156262,"%"
"S02","2025-01-03T05:25:00Z","soil_moisture",24.9124656341663,"%"
"S02","2025-01-03T05:30:00Z","soil_moisture",52.8133745806639,"%"
"S02","2025-01-03T05:35:00Z","soil_moisture",34.5547727180656,"%"
"S02","2025-01-03T05:40:00Z","soil_moisture",46.8902157936538,"%"
"S02","2025-01-03T05:45:00Z","soil_moisture",28.6027272105581,"%"
"S02","2025-01-03T05:50:00Z","soil_moisture",36.6707737743474,"%"
"S02","2025-01-03T05:55:00Z","soil_moisture",40.6717717360201,"%"
"S02","2025-01-03T06:00:00Z","soil_moisture",43.9489347346608,"%"
"S02","2025-01-03T06:05:00Z","soil_moisture",30.9134157029484,"%"
"S02","2025-01-03T06:10:00Z","soil_moisture",26.8024780055777,"%"
"S02","2025-01-03T06:15:00Z","soil_moisture",10.9549007845708,"%"
"S02","2025-01-03T06:20:00Z","soil_moisture",5.51526499706578,"%"
"S02","2025-01-03T06:25:00Z","soil_moisture",10.004110184092,"%"
"S02","2025-01-03T06:30:00Z","soil_moisture",46.8966871666097,"%"
"S02","2025-01-03T06:35:00Z","soil_moisture",37.9949460424129,"%"
"S02","2025-01-03T06:40:00Z","soil_moisture",15.4095768476153,"%"
"S02","2025-01-03T06:45:00Z","soil_moisture",16.1084981979878,"%"
"S02","2025-01-03T06:50:00Z","soil_moisture",16.8880329404735,"%"
"S02","2025-01-03T06:55:00Z","soil_moisture",20.7445774411311,"%"
"S02","2025-01-03T07:00:00Z","soil_moisture",37.980594650882,"%"
"S02","2025-01-03T07:05:00Z","soil_moisture",57.739571554462,"%"
"S02","2025-01-03T07:10:00Z","soil_moisture",54.8763298576919,"%"
"S02","2025-01-03T07:15:00Z","soil_moisture",28.8828994312745,"%"
"S02","2025-01-03T07:20:00Z","soil_moisture",15.1815927702288,"%"
"S02","2025-01-03T07:25:00Z","soil_moisture",29.2708161594494,"%"
"S02","2025-01-03T07:30:00Z","soil_moisture",20.9838382071528,"%"
"S02","2025-01-03T07:35:00Z","soil_moisture",24.8540832041901,"%"
"S02","2025-01-03T07:40:00Z","soil_moisture",13.8605965849382,"%"
"S02","2025-01-03T07:45:00Z","soil_moisture",35.2299191368531,"%"
"S02","2025-01-03T07:50:00Z","soil_moisture",7.04259696771789,"%"
"S02","2025-01-03T07:55:00Z","soil_moisture",19.752007741452,"%"
"S02","2025-01-03T08:00:00Z","soil_moisture",29.051356832062,"%"
"S02","2025-01-03T08:05:00Z","soil_moisture",38.3491322999733,"%"
"S02","2025-01-03T08:10:00Z","soil_moisture",47.8631930276814,"%"
"S02","2025-01-03T08:15:00Z","soil_moisture",46.7930233563156,"%"
"S02","2025-01-03T08:20:00Z","soil_moisture",38.4543911781565,"%"
"S02","2025-01-03T08:25:00Z","soil_moisture",11.2441910369757,"%"
"S02","2025-01-03T08:30:00Z","soil_moisture",11.2729633998967,"%"
"S02","2025-01-03T08:35:00Z","soil_moisture",22.2927243948433,"%"
"S02","2025-01-03T08:40:00Z","soil_moisture",33.1942687547283,"%"
"S02","2025-01-03T08:45:00Z","soil_moisture",27.3878961896419,"%"
"S02","2025-01-03T08:50:00Z","soil_moisture",34.6640768506562,"%"
"S02","2025-01-03T08:55:00Z","soil_moisture",41.9794690988157,"%"
"S02","2025-01-03T09:00:00Z","soil_moisture",57.1100722975293,"%"
"S02","2025-01-03T09:05:00Z","soil_moisture",66.3446670699791,"%"
"S02","2025-01-03T09:10:00Z","soil_moisture",48.5724414180464,"%"
"S02","2025-01-03T09:15:00Z","soil_moisture",15.4473288193281,"%"
"S02","2025-01-03T09:20:00Z","soil_moisture",39.0313408236258,"%"
"S02","2025-01-03T09:25:00Z","soil_moisture",26.1545116342562,"%"
"S02","2025-01-03T09:30:00Z","soil_moisture",49.1667390694461,"%"
"S02","2025-01-03T09:35:00Z","soil_moisture",76.5555178454631,"%"
"S02","2025-01-03T09:40:00Z","soil_moisture",53.9348428413602,"%"
"S02","2025-01-03T09:45:00Z","soil_moisture",27.6787023718952,"%"
"S02","2025-01-03T09:50:00Z","soil_moisture",29.8564576593154,"%"
"S02","2025-01-03T09:55:00Z","soil_moisture",29.0630970042029,"%"
"S02","2025-01-03T10:00:00Z","soil_moisture",32.0076400920893,"%"
"S02","2025-01-03T10:05:00Z","soil_moisture",29.0199175353486,"%"
"S02","2025-01-03T10:10:00Z","soil_moisture",15.3492435938332,"%"
"S02","2025-01-03T10:15:00Z","soil_moisture",38.5563175025838,"%"
"S02","2025-01-03T10:20:00Z","soil_moisture",22.2074330733717,"%"
"S02","2025-01-03T10:25:00Z","soil_moisture",7.6385017900878,"%"
"S02","2025-01-03T10:30:00Z","soil_moisture",9.888303580432,"%"
"S02","2025-01-03T10:35:00Z","soil_moisture",9.24932410318265,"%"
"S02","2025-01-03T10:40:00Z","soil_moisture",24.2661418771937,"%"
"S02","2025-01-03T10:45:00Z","soil_moisture",29.9921127409635,"%"
"S02","2025-01-03T10:50:00Z","soil_moisture",36.0647487007344,"%"
"S02","2025-01-03T10:55:00Z","soil_moisture",50.7344274036927,"%"
"S02","2025-01-03T11:00:00Z","soil_moisture",60.1696561547209,"%"
"S02","2025-01-03T11:05:00Z","soil_moisture",39.7559262634727,"%"
"S02","2025-01-03T11:10:00Z","soil_moisture",52.1888353069416,"%"
"S02","2025-01-03T11:15:00Z","soil_moisture",14.9085446192796,"%"
"S02","2025-01-03T11:20:00Z","soil_moisture",28.4761345919106,"%"
"S02","2025-01-03T11:25:00Z","soil_moisture",27.4346561899844,"%"
"S02","2025-01-03T11:30:00Z","soil_moisture",23.5760892221355,"%"
"S02","2025-01-03T11:35:00Z","soil_moisture",20.1634362137744,"%"
"S02","2025-01-03T11:40:00Z","soil_moisture",27.9731180664195,"%"
"S02","2025-01-03T11:45:00Z","soil_moisture",43.0338342548204,"%"
"S02","2025-01-03T11:50:00Z","soil_moisture",28.955065486936,"%"
"S02","2025-01-03T11:55:00Z","soil_moisture",44.5361999266154,"%"
"S02","2025-01-03T12:00:00Z","soil_moisture",50.0489439555142,"%"
"S02","2025-01-03T12:05:00Z","soil_moisture",18.3750926379066,"%"
"S02","2025-01-03T12:10:00Z","soil_moisture",25.6275418301892,"%"
"S02","2025-01-03T12:15:00Z","soil_moisture",24.4956837783207,"%"
"S02","2025-01-03T12:20:00Z","soil_moisture",45.0051667105803,"%"
"S02","2025-01-03T12:25:00Z","soil_moisture",67.3075709559194,"%"
"S02","2025-01-03T12:30:00Z","soil_moisture",47.7061922051406,"%"
"S02","2025-01-03T12:35:00Z","soil_moisture",71.6677277131941,"%"
"S02","2025-01-03T12:40:00Z","soil_moisture",62.9665256255587,"%"
"S02","2025-01-03T12:45:00Z","soil_moisture",77.1168608013889,"%"
"S02","2025-01-03T12:50:00Z","soil_moisture",62.4295176454974,"%"
"S02","2025-01-03T12:55:00Z","soil_moisture",60.9799605652173,"%"
"S02","2025-01-03T13:00:00Z","soil_moisture",44.5498133607901,"%"
"S02","2025-01-03T13:05:00Z","soil_moisture",38.6969855886233,"%"
"S02","2025-01-03T13:10:00Z","soil_moisture",30.5425893679549,"%"
"S02","2025-01-03T13:15:00Z","soil_moisture",32.960434932097,"%"
"S02","2025-01-03T13:20:00Z","soil_moisture",58.7114505193619,"%"
"S02","2025-01-03T13:25:00Z","soil_moisture",43.8804865587633,"%"
"S02","2025-01-03T13:30:00Z","soil_moisture",53.0212184422417,"%"
"S02","2025-01-03T13:35:00Z","soil_moisture",28.6405382260603,"%"
"S02","2025-01-03T13:40:00Z","soil_moisture",56.9481980796458,"%"
"S02","2025-01-03T13:45:00Z","soil_moisture",26.4459167415194,"%"
"S02","2025-01-03T13:50:00Z","soil_moisture",20.7737952287433,"%"
"S02","2025-01-03T13:55:00Z","soil_moisture",34.9937168723799,"%"
"S02","2025-01-03T14:00:00Z","soil_moisture",22.1212986573106,"%"
"S02","2025-01-03T14:05:00Z","soil_moisture",30.5687274954768,"%"
"S02","2025-01-03T14:10:00Z","soil_moisture",14.9837007290267,"%"
"S02","2025-01-03T14:15:00Z","soil_moisture",53.315265562741,"%"
"S02","2025-01-03T14:20:00Z","soil_moisture",50.6794885721123,"%"
"S02","2025-01-03T14:25:00Z","soil_moisture",38.5011879528799,"%"
"S02","2025-01-03T14:30:00Z","soil_moisture",43.5436112403985,"%"
"S02","2025-01-03T14:35:00Z","soil_moisture",19.9673048001698,"%"
"S02","2025-01-03T14:40:00Z","soil_moisture",50.5597604740806,"%"
"S02","2025-01-03T14:45:00Z","soil_moisture",47.5968608636664,"%"
"S02","2025-01-03T14:50:00Z","soil_moisture",12.8886985288653,"%"
"S02","2025-01-03T14:55:00Z","soil_moisture",9.79991881928273,"%"
"S02","2025-01-03T15:00:00Z","soil_moisture",46.6938201984301,"%"
"S02","2025-01-03T15:05:00Z","soil_moisture",12.2768868848113,"%"
"S02","2025-01-03T15:10:00Z","soil_moisture",17.0264554097035,"%"
"S02","2025-01-03T15:15:00Z","soil_moisture",7.15896748894574,"%"
"S02","2025-01-03T15:20:00Z","soil_moisture",5.12578935114369,"%"
"S02","2025-01-03T15:25:00Z","soil_moisture",11.7890074147427,"%"
"S02","2025-01-03T15:30:00Z","soil_moisture",6.64255111155999,"%"
"S02","2025-01-03T15:35:00Z","soil_moisture",27.0063253487355,"%"
"S02","2025-01-03T15:40:00Z","soil_moisture",4.24080842702387,"%"
"S02","2025-01-03T15:45:00Z","soil_moisture",29.5396007302929,"%"
"S02","2025-01-03T15:50:00Z","soil_moisture",28.8617547045446,"%"
"S02","2025-01-03T15:55:00Z","soil_moisture",12.5573610410056,"%"
"S02","2025-01-03T16:00:00Z","soil_moisture",51.5061189631131,"%"
"S02","2025-01-03T16:05:00Z","soil_moisture",31.8503037292989,"%"
"S02","2025-01-03T16:10:00Z","soil_moisture",12.5207850525495,"%"
"S02","2025-01-03T16:15:00Z","soil_moisture",4.61354290128581,"%"
"S02","2025-01-03T16:20:00Z","soil_moisture",14.5878950609601,"%"
"S02","2025-01-03T16:25:00Z","soil_moisture",14.5587514354484,"%"
"S02","2025-01-03T16:30:00Z","soil_moisture",10.4354630377103,"%"
"S02","2025-01-03T16:35:00Z","soil_moisture",23.2171278813836,"%"
"S02","2025-01-03T16:40:00Z","soil_moisture",10.7000685483164,"%"
"S02","2025-01-03T16:45:00Z","soil_moisture",25.2541839233249,"%"
"S02","2025-01-03T16:50:00Z","soil_moisture",12.0083739724367,"%"
"S02","2025-01-03T16:55:00Z","soil_moisture",31.9881701248165,"%"
"S02","2025-01-03T17:00:00Z","soil_moisture",42.4730036189347,"%"
"S02","2025-01-03T17:05:00Z","soil_moisture",15.0173477171768,"%"
"S02","2025-01-03T17:10:00Z","soil_moisture",30.8431050185484,"%"
"S02","2025-01-03T17:15:00Z","soil_moisture",16.4711237648169,"%"
"S02","2025-01-03T17:20:00Z","soil_moisture",21.9779002948531,"%"
"S02","2025-01-03T17:25:00Z","soil_moisture",19.4294654925017,"%"
"S02","2025-01-03T17:30:00Z","soil_moisture",17.0265383865547,"%"
"S02","2025-01-03T17:35:00Z","soil_moisture",13.8239032432157,"%"
"S02","2025-01-03T17:40:00Z","soil_moisture",3.87697569613229,"%"
"S02","2025-01-03T17:45:00Z","soil_moisture",0.27861210513787,"%"
"S02","2025-01-03T17:50:00Z","soil_moisture",4.95033387204044,"%"
"S02","2025-01-03T17:55:00Z","soil_moisture",4.65572024778847,"%"
"S02","2025-01-03T18:00:00Z","soil_moisture",18.6325242090915,"%"
"S02","2025-01-03T18:05:00Z","soil_moisture",9.65036188416907,"%"
"S02","2025-01-03T18:10:00Z","soil_moisture",19.7540529671479,"%"
"S02","2025-01-03T18:15:00Z","soil_moisture",10.2874767326325,"%"
"S02","2025-01-03T18:20:00Z","soil_moisture",6.75468620932673,"%"
"S02","2025-01-03T18:25:00Z","soil_moisture",14.0388206886771,"%"
"S02","2025-01-03T18:30:00Z","soil_moisture",3.96468381905945,"%"
"S02","2025-01-03T18:35:00Z","soil_moisture",12.0743584457691,"%"
"S02","2025-01-03T18:40:00Z","soil_moisture",12.8482641934763,"%"
"S02","2025-01-03T18:45:00Z","soil_moisture",16.142439098751,"%"
"S02","2025-01-03T18:50:00Z","soil_moisture",12.5331602476965,"%"
"S02","2025-01-03T18:55:00Z","soil_moisture",6.67990801757374,"%"
"S02","2025-01-03T19:00:00Z","soil_moisture",7.96833803172423,"%"
"S02","2025-01-03T19:05:00Z","soil_moisture",20.9800097742302,"%"
"S02","2025-01-03T19:10:00Z","soil_moisture",20.3860723552242,"%"
"S02","2025-01-03T19:15:00Z","soil_moisture",8.66863744126529,"%"
"S02","2025-01-03T19:20:00Z","soil_moisture",36.8594672302325,"%"
"S02","2025-01-03T19:25:00Z","soil_moisture",46.6366599587368,"%"
"S02","2025-01-03T19:30:00Z","soil_moisture",20.5347125055451,"%"
"S02","2025-01-03T19:35:00Z","soil_moisture",18.5657924885243,"%"
"S02","2025-01-03T19:40:00Z","soil_moisture",21.2606904795143,"%"
"S02","2025-01-03T19:45:00Z","soil_moisture",41.6953917028494,"%"
"S02","2025-01-03T19:50:00Z","soil_moisture",28.1764591801514,"%"
"S02","2025-01-03T19:55:00Z","soil_moisture",15.97232867033,"%"
"S02","2025-01-03T20:00:00Z","soil_moisture",48.4740421286188,"%"
"S02","2025-01-03T20:05:00Z","soil_moisture",47.5179322240012,"%"
"S02","2025-01-03T20:10:00Z","soil_moisture",56.8416806100422,"%"
"S02","2025-01-03T20:15:00Z","soil_moisture",32.1848505647459,"%"
"S02","2025-01-03T20:20:00Z","soil_moisture",62.6213349893433,"%"
"S02","2025-01-03T20:25:00Z","soil_moisture",32.3848110066591,"%"
"S02","2025-01-03T20:30:00Z","soil_moisture",31.7592083835392,"%"
"S02","2025-01-03T20:35:00Z","soil_moisture",47.6166304352073,"%"
"S02","2025-01-03T20:40:00Z","soil_moisture",29.5748539625606,"%"
"S02","2025-01-03T20:45:00Z","soil_moisture",39.9415933304989,"%"
"S02","2025-01-03T20:50:00Z","soil_moisture",23.714191032701,"%"
"S02","2025-01-03T20:55:00Z","soil_moisture",27.5089709428061,"%"
"S02","2025-01-03T21:00:00Z","soil_moisture",26.1823338780263,"%"
"S02","2025-01-03T21:05:00Z","soil_moisture",19.2201580591979,"%"
"S02","2025-01-03T21:10:00Z","soil_moisture",14.8991352674907,"%"
"S02","2025-01-03T21:15:00Z","soil_moisture",31.9928203678945,"%"
"S02","2025-01-03T21:20:00Z","soil_moisture",22.967367631516,"%"
"S02","2025-01-03T21:25:00Z","soil_moisture",31.9649613577676,"%"
"S02","2025-01-03T21:30:00Z","soil_moisture",26.9131568416105,"%"
"S02","2025-01-03T21:35:00Z","soil_moisture",22.8435204160855,"%"
"S02","2025-01-03T21:40:00Z","soil_moisture",40.3391720433543,"%"
"S02","2025-01-03T21:45:00Z","soil_moisture",50.7917374512172,"%"
"S02","2025-01-03T21:50:00Z","soil_moisture",27.8738270699918,"%"
"S02","2025-01-03T21:55:00Z","soil_moisture",12.8747607491053,"%"
"S02","2025-01-03T22:00:00Z","soil_moisture",29.4671727858475,"%"
"S02","2025-01-03T22:05:00Z","soil_moisture",30.2291113088596,"%"
"S02","2025-01-03T22:10:00Z","soil_moisture",45.4675928657276,"%"
"S02","2025-01-03T22:15:00Z","soil_moisture",46.0769810939281,"%"
"S02","2025-01-03T22:20:00Z","soil_moisture",56.8576450893111,"%"
"S02","2025-01-03T22:25:00Z","soil_moisture",57.4265902657815,"%"
"S02","2025-01-03T22:30:00Z","soil_moisture",65.6934355363527,"%"
"S02","2025-01-03T22:35:00Z","soil_moisture",53.479759178211,"%"
"S02","2025-01-03T22:40:00Z","soil_moisture",68.1715197296804,"%"
"S02","2025-01-03T22:45:00Z","soil_moisture",52.5993038869709,"%"
"S02","2025-01-03T22:50:00Z","soil_moisture",75.6731842748566,"%"
"S02","2025-01-03T22:55:00Z","soil_moisture",48.2063037293183,"%"
"S03","2024-12-31T23:00:00Z","rainfall_intensity",0.202686875819719,"mm/h"
"S03","2024-12-31T23:05:00Z","rainfall_intensity",0,"mm/h"
"S03","2024-12-31T23:10:00Z","rainfall_intensity",0,"mm/h"
"S03","2024-12-31T23:15:00Z","rainfall_intensity",0.381747126742252,"mm/h"
"S03","2024-12-31T23:20:00Z","rainfall_intensity",0.129991299171016,"mm/h"
"S03","2024-12-31T23:25:00Z","rainfall_intensity",0,"mm/h"
"S03","2024-12-31T23:30:00Z","rainfall_intensity",0,"mm/h"
"S03","2024-12-31T23:35:00Z","rainfall_intensity",0.0129454274375008,"mm/h"
"S03","2024-12-31T23:40:00Z","rainfall_intensity",0.18829136724265,"mm/h"
"S03","2024-12-31T23:45:00Z","rainfall_intensity",1.73330110189276,"mm/h"
"S03","2024-12-31T23:50:00Z","rainfall_intensity",0.999947369617767,"mm/h"
"S03","2024-12-31T23:55:00Z","rainfall_intensity",0,"mm/h"
"S03","2025-01-01T00:00:00Z","rainfall_intensity",0,"mm/h"
"S03","2025-01-01T00:05:00Z","rainfall_intensity",0.104336245850949,"mm/h"
"S03","2025-01-01T00:10:00Z","rainfall_intensity",1.50873098085383,"mm/h"
"S03","2025-01-01T00:15:00Z","rainfall_intensity",0.68265380969099,"mm/h"
"S03","2025-01-01T00:20:00Z","rainfall_intensity",0.0683535620842777,"mm/h"
"S03","2025-01-01T00:25:00Z","rainfall_intensity",0,"mm/h"
"S03","2025-01-01T00:30:00Z","rainfall_intensity",0,"mm/h"
"S03","2025-01-01T00:35:00Z","rainfall_intensity",0,"mm/h"
"S03","2025-01-01T00:40:00Z","rainfall_intensity",0,"mm/h"
"S03","2025-01-01T00:45:00Z","rainfall_intensity",0,"mm/h"
"S03","2025-01-01T00:50:00Z","rainfall_intensity",0.34830577350342,"mm/h"
"S03","2025-01-01T00:55:00Z","rainfall_intensity",0,"mm/h"
"S03","2025-01-01T01:00:00Z","rainfall_intensity",0,"mm/h"
"S03","2025-01-01T01:05:00Z","rainfall_intensity",0.146639835668275,"mm/h"
"S03","2025-01-01T01:10:00Z","rainfall_intensity",0,"mm/h"
"S03","2025-01-01T01:15:00Z","rainfall_intensity",1.21521082468622,"mm/h"
"S03","2025-01-01T01:20:00Z","rainfall_intensity",0,"mm/h"
"S03","2025-01-01T01:25:00Z","rainfall_intensity",0.414651066149307,"mm/h"
"S03","2025-01-01T01:30:00Z","rainfall_intensity",0,"mm/h"
"S03","2025-01-01T01:35:00Z","rainfall_intensity",0,"mm/h"
"S03","2025-01-01T01:40:00Z","rainfall_intensity",0,"mm/h"
"S03","2025-01-01T01:45:00Z","rainfall_intensity",0,"mm/h"
"S03","2025-01-01T01:50:00Z","rainfall_intensity",0,"mm/h"
"S03","2025-01-01T01:55:00Z","rainfall_intensity",0,"mm/h"
"S03","2025-01-01T02:00:00Z","rainfall_intensity",0,"mm/h"
"S03","2025-01-01T02:05:00Z","rainfall_intensity",0,"mm/h"
"S03","2025-01-01T02:10:00Z","rainfall_intensity",0,"mm/h"
"S03","2025-01-01T02:15:00Z","rainfall_intensity",0,"mm/h"
"S03","2025-01-01T02:20:00Z","rainfall_intensity",0.70458324946167,"mm/h"
"S03","2025-01-01T02:25:00Z","rainfall_intensity",1.22710127670029,"mm/h"
"S03","2025-01-01T02:30:00Z","rainfall_intensity",0.668143384380906,"mm/h"
"S03","2025-01-01T02:35:00Z","rainfall_intensity",0.0229985934120947,"mm/h"
"S03","2025-01-01T02:40:00Z","rainfall_intensity",0,"mm/h"
"S03","2025-01-01T02:45:00Z","rainfall_intensity",0,"mm/h"
"S03","2025-01-01T02:50:00Z","rainfall_intensity",0,"mm/h"
"S03","2025-01-01T02:55:00Z","rainfall_intensity",0,"mm/h"
"S03","2025-01-01T03:00:00Z","rainfall_intensity",0,"mm/h"
"S03","2025-01-01T03:05:00Z","rainfall_intensity",0,"mm/h"
"S03","2025-01-01T03:10:00Z","rainfall_intensity",0,"mm/h"
"S03","2025-01-01T03:15:00Z","rainfall_intensity",0.0524962163319654,"mm/h"
"S03","2025-01-01T03:20:00Z","rainfall_intensity",1.16368424955943,"mm/h"
"S03","2025-01-01T03:25:00Z","rainfall_intensity",0.864380633058222,"mm/h"
"S03","2025-01-01T03:30:00Z","rainfall_intensity",2.11721619387773,"mm/h"
"S03","2025-01-01T03:35:00Z","rainfall_intensity",2.32084517370967,"mm/h"
"S03","2025-01-01T03:40:00Z","rainfall_intensity",0.591898484087708,"mm/h"
"S03","2025-01-01T03:45:00Z","rainfall_intensity",2.01697675377257,"mm/h"
"S03","2025-01-01T03:50:00Z","rainfall_intensity",1.20988866139727,"mm/h"
"S03","2025-01-01T03:55:00Z","rainfall_intensity",0.371340212522089,"mm/h"
"S03","2025-01-01T04:00:00Z","rainfall_intensity",0,"mm/h"
"S03","2025-01-01T04:05:00Z","rainfall_intensity",0.315999419459076,"mm/h"
"S03","2025-01-01T04:10:00Z","rainfall_intensity",0,"mm/h"
"S03","2025-01-01T04:15:00Z","rainfall_intensity",0,"mm/h"
"S03","2025-01-01T04:20:00Z","rainfall_intensity",0,"mm/h"
"S03","2025-01-01T04:25:00Z","rainfall_intensity",0,"mm/h"
"S03","2025-01-01T04:30:00Z","rainfall_intensity",0,"mm/h"
"S03","2025-01-01T04:35:00Z","rainfall_intensity",0,"mm/h"
"S03","2025-01-01T04:40:00Z","rainfall_intensity",0,"mm/h"
"S03","2025-01-01T04:45:00Z","rainfall_intensity",0,"mm/h"
"S03","2025-01-01T04:50:00Z","rainfall_intensity",0,"mm/h"
"S03","2025-01-01T04:55:00Z","rainfall_intensity",0,"mm/h"
"S03","2025-01-01T05:00:00Z","rainfall_intensity",0,"mm/h"
"S03","2025-01-01T05:05:00Z","rainfall_intensity",0.561230290034705,"mm/h"
"S03","2025-01-01T05:10:00Z","rainfall_intensity",0.775315135052171,"mm/h"
"S03","2025-01-01T05:15:00Z","rainfall_intensity",2.66869724926905,"mm/h"
"S03","2025-01-01T05:20:00Z","rainfall_intensity",1.82896858619524,"mm/h"
"S03","2025-01-01T05:25:00Z","rainfall_intensity",3.10850537604724,"mm/h"
"S03","2025-01-01T05:30:00Z","rainfall_intensity",1.14982483438454,"mm/h"
"S03","2025-01-01T05:35:00Z","rainfall_intensity",4.19809321986993,"mm/h"
"S03","2025-01-01T05:40:00Z","rainfall_intensity",0.52811019424266,"mm/h"
"S03","2025-01-01T05:45:00Z","rainfall_intensity",0,"mm/h"
"S03","2025-01-01T05:50:00Z","rainfall_intensity",0,"mm/h"
"S03","2025-01-01T05:55:00Z","rainfall_intensity",0,"mm/h"
"S03","2025-01-01T06:00:00Z","rainfall_intensity",0,"mm/h"
"S03","2025-01-01T06:05:00Z","rainfall_intensity",0,"mm/h"
"S03","2025-01-01T06:10:00Z","rainfall_intensity",0,"mm/h"
"S03","2025-01-01T06:15:00Z","rainfall_intensity",0.064154531773644,"mm/h"
"S03","2025-01-01T06:20:00Z","rainfall_intensity",0,"mm/h"
"S03","2025-01-01T06:25:00Z","rainfall_intensity",2.65729953390777,"mm/h"
"S03","2025-01-01T06:30:00Z","rainfall_intensity",6.83885511561418,"mm/h"
"S03","2025-01-01T06:35:00Z","rainfall_intensity",2.65192422791079,"mm/h"
"S03","2025-01-01T06:40:00Z","rainfall_intensity",0.500463419630211,"mm/h"
"S03","2025-01-01T06:45:00Z","rainfall_intensity",1.04812552933356,"mm/h"
"S03","2025-01-01T06:50:00Z","rainfall_intensity",1.53498520141635,"mm/h"
"S03","2025-01-01T06:55:00Z","rainfall_intensity",0,"mm/h"
"S03","2025-01-01T07:00:00Z","rainfall_intensity",0,"mm/h"
"S03","2025-01-01T07:05:00Z","rainfall_intensity",0,"mm/h"
"S03","2025-01-01T07:10:00Z","rainfall_intensity",0,"mm/h"
"S03","2025-01-01T07:15:00Z","rainfall_intensity",0,"mm/h"
"S03","2025-01-01T07:20:00Z","rainfall_intensity",0,"mm/h"
"S03","2025-01-01T07:25:00Z","rainfall_intensity",0,"mm/h"
"S03","2025-01-01T07:30:00Z","rainfall_intensity",0,"mm/h"
"S03","2025-01-01T07:35:00Z","rainfall_intensity",0,"mm/h"
"S03","2025-01-01T07:40:00Z","rainfall_intensity",0,"mm/h"
"S03","2025-01-01T07:45:00Z","rainfall_intensity",0,"mm/h"
"S03","2025-01-01T07:50:00Z","rainfall_intensity",0,"mm/h"
"S03","2025-01-01T07:55:00Z","rainfall_intensity",0,"mm/h"
"S03","2025-01-01T08:00:00Z","rainfall_intensity",0,"mm/h"
"S03","2025-01-01T08:05:00Z","rainfall_intensity",0,"mm/h"
"S03","2025-01-01T08:10:00Z","rainfall_intensity",0,"mm/h"
"S03","2025-01-01T08:15:00Z","rainfall_intensity",0.750129330921814,"mm/h"
"S03","2025-01-01T08:20:00Z","rainfall_intensity",3.48232275691766,"mm/h"
"S03","2025-01-01T08:25:00Z","rainfall_intensity",5.8884472197907,"mm/h"
"S03","2025-01-01T08:30:00Z","rainfall_intensity",0.851553056370879,"mm/h"
"S03","2025-01-01T08:35:00Z","rainfall_intensity",0.352939786211242,"mm/h"
"S03","2025-01-01T08:40:00Z","rainfall_intensity",0.0125881330692874,"mm/h"
"S03","2025-01-01T08:45:00Z","rainfall_intensity",0,"mm/h"
"S03","2025-01-01T08:50:00Z","rainfall_intensity",0.96284408367674,"mm/h"
"S03","2025-01-01T08:55:00Z","rainfall_intensity",2.11435856068104,"mm/h"
"S03","2025-01-01T09:00:00Z","rainfall_intensity",1.35293585746715,"mm/h"
"S03","2025-01-01T09:05:00Z","rainfall_intensity",0.748016540919021,"mm/h"
"S03","2025-01-01T09:10:00Z","rainfall_intensity",0.183418108113224,"mm/h"
"S03","2025-01-01T09:15:00Z","rainfall_intensity",0,"mm/h"
"S03","2025-01-01T09:20:00Z","rainfall_intensity",0,"mm/h"
"S03","2025-01-01T09:25:00Z","rainfall_intensity",0,"mm/h"
"S03","2025-01-01T09:30:00Z","rainfall_intensity",0,"mm/h"
"S03","2025-01-01T09:35:00Z","rainfall_intensity",0,"mm/h"
"S03","2025-01-01T09:40:00Z","rainfall_intensity",0,"mm/h"
"S03","2025-01-01T09:45:00Z","rainfall_intensity",0,"mm/h"
"S03","2025-01-01T09:50:00Z","rainfall_intensity",0,"mm/h"
"S03","2025-01-01T09:55:00Z","rainfall_intensity",0,"mm/h"
"S03","2025-01-01T10:00:00Z","rainfall_intensity",0,"mm/h"
"S03","2025-01-01T10:05:00Z","rainfall_intensity",0,"mm/h"
"S03","2025-01-01T10:10:00Z","rainfall_intensity",0,"mm/h"
"S03","2025-01-01T10:15:00Z","rainfall_intensity",0,"mm/h"
"S03","2025-01-01T10:20:00Z","rainfall_intensity",0,"mm/h"
"S03","2025-01-01T10:25:00Z","rainfall_intensity",0,"mm/h"
"S03","2025-01-01T10:30:00Z","rainfall_intensity",0,"mm/h"
"S03","2025-01-01T10:35:00Z","rainfall_intensity",0,"mm/h"
"S03","2025-01-01T10:40:00Z","rainfall_intensity",0,"mm/h"
"S03","2025-01-01T10:45:00Z","rainfall_intensity",0,"mm/h"
"S03","2025-01-01T10:50:00Z","rainfall_intensity",0,"mm/h"
"S03","2025-01-01T10:55:00Z","rainfall_intensity",1.05451500119801,"mm/h"
"S03","2025-01-01T11:00:00Z","rainfall_intensity",1.82210642009896,"mm/h"
"S03","2025-01-01T11:05:00Z","rainfall_intensity",0,"mm/h"
"S03","2025-01-01T11:10:00Z","rainfall_intensity",0,"mm/h"
"S03","2025-01-01T11:15:00Z","rainfall_intensity",0,"mm/h"
"S03","2025-01-01T11:20:00Z","rainfall_intensity",0,"mm/h"
"S03","2025-01-01T11:25:00Z","rainfall_intensity",0,"mm/h"
"S03","2025-01-01T11:30:00Z","rainfall_intensity",0,"mm/h"
"S03","2025-01-01T11:35:00Z","rainfall_intensity",0,"mm/h"
"S03","2025-01-01T11:40:00Z","rainfall_intensity",0,"mm/h"
"S03","2025-01-01T11:45:00Z","rainfall_intensity",0,"mm/h"
"S03","2025-01-01T11:50:00Z","rainfall_intensity",0,"mm/h"
"S03","2025-01-01T11:55:00Z","rainfall_intensity",0,"mm/h"
"S03","2025-01-01T12:00:00Z","rainfall_intensity",0,"mm/h"
"S03","2025-01-01T12:05:00Z","rainfall_intensity",0,"mm/h"
"S03","2025-01-01T12:10:00Z","rainfall_intensity",0,"mm/h"
"S03","2025-01-01T12:15:00Z","rainfall_intensity",0,"mm/h"
"S03","2025-01-01T12:20:00Z","rainfall_intensity",0,"mm/h"
"S03","2025-01-01T12:25:00Z","rainfall_intensity",0.125411198170022,"mm/h"
"S03","2025-01-01T12:30:00Z","rainfall_intensity",0.548288812437054,"mm/h"
"S03","2025-01-01T12:35:00Z","rainfall_intensity",0,"mm/h"
"S03","2025-01-01T12:40:00Z","rainfall_intensity",2.30893444679117,"mm/h"
"S03","2025-01-01T12:45:00Z","rainfall_intensity",1.11911905839179,"mm/h"
"S03","2025-01-01T12:50:00Z","rainfall_intensity",0,"mm/h"
"S03","2025-01-01T12:55:00Z","rainfall_intensity",0,"mm/h"
"S03","2025-01-01T13:00:00Z","rainfall_intensity",0,"mm/h"
"S03","2025-01-01T13:05:00Z","rainfall_intensity",0,"mm/h"
"S03","2025-01-01T13:10:00Z","rainfall_intensity",0.764895040670739,"mm/h"
"S03","2025-01-01T13:15:00Z","rainfall_intensity",0,"mm/h"
"S03","2025-01-01T13:20:00Z","rainfall_intensity",0,"mm/h"
"S03","2025-01-01T13:25:00Z","rainfall_intensity",0,"mm/h"
"S03","2025-01-01T13:30:00Z","rainfall_intensity",0.280041866885482,"mm/h"
"S03","2025-01-01T13:35:00Z","rainfall_intensity",0,"mm/h"
"S03","2025-01-01T13:40:00Z","rainfall_intensity",0,"mm/h"
"S03","2025-01-01T13:45:00Z","rainfall_intensity",3.56836535004306,"mm/h"
"S03","2025-01-01T13:50:00Z","rainfall_intensity",0.0193786025387128,"mm/h"
"S03","2025-01-01T13:55:00Z","rainfall_intensity",0,"mm/h"
"S03","2025-01-01T14:00:00Z","rainfall_intensity",0.247065382233706,"mm/h"
"S03","2025-01-01T14:05:00Z","rainfall_intensity",0,"mm/h"
"S03","2025-01-01T14:10:00Z","rainfall_intensity",0,"mm/h"
"S03","2025-01-01T14:15:00Z","rainfall_intensity",1.13191347990869,"mm/h"
"S03","2025-01-01T14:20:00Z","rainfall_intensity",0,"mm/h"
"S03","2025-01-01T14:25:00Z","rainfall_intensity",1.85661408163158,"mm/h"
"S03","2025-01-01T14:30:00Z","rainfall_intensity",3.79188647690018,"mm/h"
"S03","2025-01-01T14:35:00Z","rainfall_intensity",0.251618257911967,"mm/h"
"S03","2025-01-01T14:40:00Z","rainfall_intensity",0.396786712073064,"mm/h"
"S03","2025-01-01T14:45:00Z","rainfall_intensity",0.337360318151402,"mm/h"
"S03","2025-01-01T14:50:00Z","rainfall_intensity",9.5962339727584,"mm/h"
"S03","2025-01-01T14:55:00Z","rainfall_intensity",5.24009192923339,"mm/h"
"S03","2025-01-01T15:00:00Z","rainfall_intensity",1.69170636468807,"mm/h"
"S03","2025-01-01T15:05:00Z","rainfall_intensity",0.0700364487403226,"mm/h"
"S03","2025-01-01T15:10:00Z","rainfall_intensity",0,"mm/h"
"S03","2025-01-01T15:15:00Z","rainfall_intensity",0.898968494681814,"mm/h"
"S03","2025-01-01T15:20:00Z","rainfall_intensity",0,"mm/h"
"S03","2025-01-01T15:25:00Z","rainfall_intensity",1.30360841503781,"mm/h"
"S03","2025-01-01T15:30:00Z","rainfall_intensity",3.58238601592481,"mm/h"
"S03","2025-01-01T15:35:00Z","rainfall_intensity",3.1745338252062,"mm/h"
"S03","2025-01-01T15:40:00Z","rainfall_intensity",2.90852524987129,"mm/h"
"S03","2025-01-01T15:45:00Z","rainfall_intensity",4.08744910750111,"mm/h"
"S03","2025-01-01T15:50:00Z","rainfall_intensity",1.09189877966561,"mm/h"
"S03","2025-01-01T15:55:00Z","rainfall_intensity",0.615921418201384,"mm/h"
"S03","2025-01-01T16:00:00Z","rainfall_intensity",4.4036060186738,"mm/h"
"S03","2025-01-01T16:05:00Z","rainfall_intensity",5.85047228045929,"mm/h"
"S03","2025-01-01T16:10:00Z","rainfall_intensity",0,"mm/h"
"S03","2025-01-01T16:15:00Z","rainfall_intensity",2.95349306869768,"mm/h"
"S03","2025-01-01T16:20:00Z","rainfall_intensity",2.22957331982094,"mm/h"
"S03","2025-01-01T16:25:00Z","rainfall_intensity",0,"mm/h"
"S03","2025-01-01T16:30:00Z","rainfall_intensity",2.29388411773643,"mm/h"
"S03","2025-01-01T16:35:00Z","rainfall_intensity",4.35908518413504,"mm/h"
"S03","2025-01-01T16:40:00Z","rainfall_intensity",0.959994186594861,"mm/h"
"S03","2025-01-01T16:45:00Z","rainfall_intensity",0,"mm/h"
"S03","2025-01-01T16:50:00Z","rainfall_intensity",0,"mm/h"
"S03","2025-01-01T16:55:00Z","rainfall_intensity",0,"mm/h"
"S03","2025-01-01T17:00:00Z","rainfall_intensity",1.49306277806143,"mm/h"
"S03","2025-01-01T17:05:00Z","rainfall_intensity",0,"mm/h"
"S03","2025-01-01T17:10:00Z","rainfall_intensity",0.150495697842207,"mm/h"
"S03","2025-01-01T17:15:00Z","rainfall_intensity",0,"mm/h"
"S03","2025-01-01T17:20:00Z","rainfall_intensity",0,"mm/h"
"S03","2025-01-01T17:25:00Z","rainfall_intensity",0,"mm/h"
"S03","2025-01-01T17:30:00Z","rainfall_intensity",0,"mm/h"
"S03","2025-01-01T17:35:00Z","rainfall_intensity",0,"mm/h"
"S03","2025-01-01T17:40:00Z","rainfall_intensity",0,"mm/h"
"S03","2025-01-01T17:45:00Z","rainfall_intensity",0,"mm/h"
"S03","2025-01-01T17:50:00Z","rainfall_intensity",0,"mm/h"
"S03","2025-01-01T17:55:00Z","rainfall_intensity",0,"mm/h"
"S03","2025-01-01T18:00:00Z","rainfall_intensity",0,"mm/h"
"S03","2025-01-01T18:05:00Z","rainfall_intensity",0,"mm/h"
"S03","2025-01-01T18:10:00Z","rainfall_intensity",0,"mm/h"
"S03","2025-01-01T18:15:00Z","rainfall_intensity",0.458769509632596,"mm/h"
"S03","2025-01-01T18:20:00Z","rainfall_intensity",0,"mm/h"
"S03","2025-01-01T18:25:00Z","rainfall_intensity",0,"mm/h"
"S03","2025-01-01T18:30:00Z","rainfall_intensity",0,"mm/h"
"S03","2025-01-01T18:35:00Z","rainfall_intensity",0,"mm/h"
"S03","2025-01-01T18:40:00Z","rainfall_intensity",0,"mm/h"
"S03","2025-01-01T18:45:00Z","rainfall_intensity",0,"mm/h"
"S03","2025-01-01T18:50:00Z","rainfall_intensity",0,"mm/h"
"S03","2025-01-01T18:55:00Z","rainfall_intensity",0,"mm/h"
"S03","2025-01-01T19:00:00Z","rainfall_intensity",0,"mm/h"
"S03","2025-01-01T19:05:00Z","rainfall_intensity",0,"mm/h"
"S03","2025-01-01T19:10:00Z","rainfall_intensity",0,"mm/h"
"S03","2025-01-01T19:15:00Z","rainfall_intensity",0,"mm/h"
"S03","2025-01-01T19:20:00Z","rainfall_intensity",0.0427459688000943,"mm/h"
"S03","2025-01-01T19:25:00Z","rainfall_intensity",0,"mm/h"
"S03","2025-01-01T19:30:00Z","rainfall_intensity",0,"mm/h"
"S03","2025-01-01T19:35:00Z","rainfall_intensity",0,"mm/h"
"S03","2025-01-01T19:40:00Z","rainfall_intensity",0.0942975549776262,"mm/h"
"S03","2025-01-01T19:45:00Z","rainfall_intensity",0,"mm/h"
"S03","2025-01-01T19:50:00Z","rainfall_intensity",0.95139532225012,"mm/h"
"S03","2025-01-01T19:55:00Z","rainfall_intensity",1.27605246199508,"mm/h"
"S03","2025-01-01T20:00:00Z","rainfall_intensity",0,"mm/h"
"S03","2025-01-01T20:05:00Z","rainfall_intensity",0,"mm/h"
"S03","2025-01-01T20:10:00Z","rainfall_intensity",0,"mm/h"
"S03","2025-01-01T20:15:00Z","rainfall_intensity",0,"mm/h"
"S03","2025-01-01T20:20:00Z","rainfall_intensity",2.31728897108083,"mm/h"
"S03","2025-01-01T20:25:00Z","rainfall_intensity",0,"mm/h"
"S03","2025-01-01T20:30:00Z","rainfall_intensity",2.62014712682798,"mm/h"
"S03","2025-01-01T20:35:00Z","rainfall_intensity",1.41791074281851,"mm/h"
"S03","2025-01-01T20:40:00Z","rainfall_intensity",1.97445526784876,"mm/h"
"S03","2025-01-01T20:45:00Z","rainfall_intensity",3.67018447414295,"mm/h"
"S03","2025-01-01T20:50:00Z","rainfall_intensity",1.92782954061251,"mm/h"
"S03","2025-01-01T20:55:00Z","rainfall_intensity",1.56474206413575,"mm/h"
"S03","2025-01-01T21:00:00Z","rainfall_intensity",0,"mm/h"
"S03","2025-01-01T21:05:00Z","rainfall_intensity",0,"mm/h"
"S03","2025-01-01T21:10:00Z","rainfall_intensity",0,"mm/h"
"S03","2025-01-01T21:15:00Z","rainfall_intensity",0.859569937893837,"mm/h"
"S03","2025-01-01T21:20:00Z","rainfall_intensity",2.77160092355637,"mm/h"
"S03","2025-01-01T21:25:00Z","rainfall_intensity",0.546384617073545,"mm/h"
"S03","2025-01-01T21:30:00Z","rainfall_intensity",0.592689664479088,"mm/h"
"S03","2025-01-01T21:35:00Z","rainfall_intensity",0.630783184052633,"mm/h"
"S03","2025-01-01T21:40:00Z","rainfall_intensity",0.0380401390313575,"mm/h"
"S03","2025-01-01T21:45:00Z","rainfall_intensity",0.0126934748343621,"mm/h"
"S03","2025-01-01T21:50:00Z","rainfall_intensity",0.723948623935141,"mm/h"
"S03","2025-01-01T21:55:00Z","rainfall_intensity",1.47719982453718,"mm/h"
"S03","2025-01-01T22:00:00Z","rainfall_intensity",0.962264584406363,"mm/h"
"S03","2025-01-01T22:05:00Z","rainfall_intensity",0,"mm/h"
"S03","2025-01-01T22:10:00Z","rainfall_intensity",0,"mm/h"
"S03","2025-01-01T22:15:00Z","rainfall_intensity",0,"mm/h"
"S03","2025-01-01T22:20:00Z","rainfall_intensity",0,"mm/h"
"S03","2025-01-01T22:25:00Z","rainfall_intensity",0,"mm/h"
"S03","2025-01-01T22:30:00Z","rainfall_intensity",0.34407944747588,"mm/h"
"S03","2025-01-01T22:35:00Z","rainfall_intensity",2.96433033566937,"mm/h"
"S03","2025-01-01T22:40:00Z","rainfall_intensity",4.44161935927438,"mm/h"
"S03","2025-01-01T22:45:00Z","rainfall_intensity",7.29814683852635,"mm/h"
"S03","2025-01-01T22:50:00Z","rainfall_intensity",4.89278442544216,"mm/h"
"S03","2025-01-01T22:55:00Z","rainfall_intensity",1.79004994658277,"mm/h"
"S03","2025-01-01T23:00:00Z","rainfall_intensity",1.55390940611828,"mm/h"
"S03","2025-01-01T23:05:00Z","rainfall_intensity",3.42713715613073,"mm/h"
"S03","2025-01-01T23:10:00Z","rainfall_intensity",7.37689898334572,"mm/h"
"S03","2025-01-01T23:15:00Z","rainfall_intensity",4.64341429703806,"mm/h"
"S03","2025-01-01T23:20:00Z","rainfall_intensity",1.89576799107791,"mm/h"
"S03","2025-01-01T23:25:00Z","rainfall_intensity",2.42171862828901,"mm/h"
"S03","2025-01-01T23:30:00Z","rainfall_intensity",0.553806481999465,"mm/h"
"S03","2025-01-01T23:35:00Z","rainfall_intensity",5.09110966804179,"mm/h"
"S03","2025-01-01T23:40:00Z","rainfall_intensity",2.12428554016926,"mm/h"
"S03","2025-01-01T23:45:00Z","rainfall_intensity",7.43230960287793,"mm/h"
"S03","2025-01-01T23:50:00Z","rainfall_intensity",1.92318103683977,"mm/h"
"S03","2025-01-01T23:55:00Z","rainfall_intensity",1.1803256006133,"mm/h"
"S03","2025-01-02T00:00:00Z","rainfall_intensity",1.05559597671543,"mm/h"
"S03","2025-01-02T00:05:00Z","rainfall_intensity",0.467557127799388,"mm/h"
"S03","2025-01-02T00:10:00Z","rainfall_intensity",0.304912024178001,"mm/h"
"S03","2025-01-02T00:15:00Z","rainfall_intensity",0,"mm/h"
"S03","2025-01-02T00:20:00Z","rainfall_intensity",0,"mm/h"
"S03","2025-01-02T00:25:00Z","rainfall_intensity",0,"mm/h"
"S03","2025-01-02T00:30:00Z","rainfall_intensity",1.84015377566313,"mm/h"
"S03","2025-01-02T00:35:00Z","rainfall_intensity",0.213131511946054,"mm/h"
"S03","2025-01-02T00:40:00Z","rainfall_intensity",1.00322693628215,"mm/h"
"S03","2025-01-02T00:45:00Z","rainfall_intensity",0.00251927550668105,"mm/h"
"S03","2025-01-02T00:50:00Z","rainfall_intensity",1.79406907582182,"mm/h"
"S03","2025-01-02T00:55:00Z","rainfall_intensity",0,"mm/h"
"S03","2025-01-02T01:00:00Z","rainfall_intensity",0,"mm/h"
"S03","2025-01-02T01:05:00Z","rainfall_intensity",0,"mm/h"
"S03","2025-01-02T01:10:00Z","rainfall_intensity",0,"mm/h"
"S03","2025-01-02T01:15:00Z","rainfall_intensity",0,"mm/h"
"S03","2025-01-02T01:20:00Z","rainfall_intensity",0,"mm/h"
"S03","2025-01-02T01:25:00Z","rainfall_intensity",0,"mm/h"
"S03","2025-01-02T01:30:00Z","rainfall_intensity",0,"mm/h"
"S03","2025-01-02T01:35:00Z","rainfall_intensity",0,"mm/h"
"S03","2025-01-02T01:40:00Z","rainfall_intensity",0.132596725348195,"mm/h"
"S03","2025-01-02T01:45:00Z","rainfall_intensity",0,"mm/h"
"S03","2025-01-02T01:50:00Z","rainfall_intensity",0.41757319670093,"mm/h"
"S03","2025-01-02T01:55:00Z","rainfall_intensity",0.0529538081568877,"mm/h"
"S03","2025-01-02T02:00:00Z","rainfall_intensity",0,"mm/h"
"S03","2025-01-02T02:05:00Z","rainfall_intensity",0,"mm/h"
"S03","2025-01-02T02:10:00Z","rainfall_intensity",1.46154786822486,"mm/h"
"S03","2025-01-02T02:15:00Z","rainfall_intensity",0,"mm/h"
"S03","2025-01-02T02:20:00Z","rainfall_intensity",0.00633619593751506,"mm/h"
"S03","2025-01-02T02:25:00Z","rainfall_intensity",0.279941213487321,"mm/h"
"S03","2025-01-02T02:30:00Z","rainfall_intensity",0,"mm/h"
"S03","2025-01-02T02:35:00Z","rainfall_intensity",0.360530606999501,"mm/h"
"S03","2025-01-02T02:40:00Z","rainfall_intensity",1.00709753128194,"mm/h"
"S03","2025-01-02T02:45:00Z","rainfall_intensity",0,"mm/h"
"S03","2025-01-02T02:50:00Z","rainfall_intensity",0.416333805880654,"mm/h"
"S03","2025-01-02T02:55:00Z","rainfall_intensity",1.74199461619091,"mm/h"
"S03","2025-01-02T03:00:00Z","rainfall_intensity",1.33072589020478,"mm/h"
"S03","2025-01-02T03:05:00Z","rainfall_intensity",0.645105952624177,"mm/h"
"S03","2025-01-02T03:10:00Z","rainfall_intensity",1.06232796943524,"mm/h"
"S03","2025-01-02T03:15:00Z","rainfall_intensity",0,"mm/h"
"S03","2025-01-02T03:20:00Z","rainfall_intensity",0,"mm/h"
"S03","2025-01-02T03:25:00Z","rainfall_intensity",0,"mm/h"
"S03","2025-01-02T03:30:00Z","rainfall_intensity",0,"mm/h"
"S03","2025-01-02T03:35:00Z","rainfall_intensity",0,"mm/h"
"S03","2025-01-02T03:40:00Z","rainfall_intensity",0,"mm/h"
"S03","2025-01-02T03:45:00Z","rainfall_intensity",0,"mm/h"
"S03","2025-01-02T03:50:00Z","rainfall_intensity",0,"mm/h"
"S03","2025-01-02T03:55:00Z","rainfall_intensity",0.29024046847028,"mm/h"
"S03","2025-01-02T04:00:00Z","rainfall_intensity",0,"mm/h"
"S03","2025-01-02T04:05:00Z","rainfall_intensity",0,"mm/h"
"S03","2025-01-02T04:10:00Z","rainfall_intensity",0,"mm/h"
"S03","2025-01-02T04:15:00Z","rainfall_intensity",0,"mm/h"
"S03","2025-01-02T04:20:00Z","rainfall_intensity",0,"mm/h"
"S03","2025-01-02T04:25:00Z","rainfall_intensity",0,"mm/h"
"S03","2025-01-02T04:30:00Z","rainfall_intensity",0,"mm/h"
"S03","2025-01-02T04:35:00Z","rainfall_intensity",0,"mm/h"
"S03","2025-01-02T04:40:00Z","rainfall_intensity",0,"mm/h"
"S03","2025-01-02T04:45:00Z","rainfall_intensity",0,"mm/h"
"S03","2025-01-02T04:50:00Z","rainfall_intensity",0,"mm/h"
"S03","2025-01-02T04:55:00Z","rainfall_intensity",1.03237039838943,"mm/h"
"S03","2025-01-02T05:00:00Z","rainfall_intensity",1.63819897957775,"mm/h"
"S03","2025-01-02T05:05:00Z","rainfall_intensity",1.88099140612909,"mm/h"
"S03","2025-01-02T05:10:00Z","rainfall_intensity",0,"mm/h"
"S03","2025-01-02T05:15:00Z","rainfall_intensity",0,"mm/h"
"S03","2025-01-02T05:20:00Z","rainfall_intensity",0,"mm/h"
"S03","2025-01-02T05:25:00Z","rainfall_intensity",0,"mm/h"
"S03","2025-01-02T05:30:00Z","rainfall_intensity",0.248952608560986,"mm/h"
"S03","2025-01-02T05:35:00Z","rainfall_intensity",0,"mm/h"
"S03","2025-01-02T05:40:00Z","rainfall_intensity",0.0262757474823923,"mm/h"
"S03","2025-01-02T05:45:00Z","rainfall_intensity",1.78383101529183,"mm/h"
"S03","2025-01-02T05:50:00Z","rainfall_intensity",1.22129389103179,"mm/h"
"S03","2025-01-02T05:55:00Z","rainfall_intensity",0,"mm/h"
"S03","2025-01-02T06:00:00Z","rainfall_intensity",0,"mm/h"
"S03","2025-01-02T06:05:00Z","rainfall_intensity",0.480690985845953,"mm/h"
"S03","2025-01-02T06:10:00Z","rainfall_intensity",0,"mm/h"
"S03","2025-01-02T06:15:00Z","rainfall_intensity",0,"mm/h"
"S03","2025-01-02T06:20:00Z","rainfall_intensity",1.20297163679919,"mm/h"
"S03","2025-01-02T06:25:00Z","rainfall_intensity",5.19844077540436,"mm/h"
"S03","2025-01-02T06:30:00Z","rainfall_intensity",2.29662565991586,"mm/h"
"S03","2025-01-02T06:35:00Z","rainfall_intensity",7.36627385044553,"mm/h"
"S03","2025-01-02T06:40:00Z","rainfall_intensity",1.67913066373558,"mm/h"
"S03","2025-01-02T06:45:00Z","rainfall_intensity",0.436324019317193,"mm/h"
"S03","2025-01-02T06:50:00Z","rainfall_intensity",0.527149917294143,"mm/h"
"S03","2025-01-02T06:55:00Z","rainfall_intensity",0,"mm/h"
"S03","2025-01-02T07:00:00Z","rainfall_intensity",1.26362569879663,"mm/h"
"S03","2025-01-02T07:05:00Z","rainfall_intensity",0.866998626289475,"mm/h"
"S03","2025-01-02T07:10:00Z","rainfall_intensity",0,"mm/h"
"S03","2025-01-02T07:15:00Z","rainfall_intensity",0,"mm/h"
"S03","2025-01-02T07:20:00Z","rainfall_intensity",0,"mm/h"
"S03","2025-01-02T07:25:00Z","rainfall_intensity",0,"mm/h"
"S03","2025-01-02T07:30:00Z","rainfall_intensity",0,"mm/h"
"S03","2025-01-02T07:35:00Z","rainfall_intensity",0.104102537017979,"mm/h"
"S03","2025-01-02T07:40:00Z","rainfall_intensity",0.881297025807504,"mm/h"
"S03","2025-01-02T07:45:00Z","rainfall_intensity",0.258027220856977,"mm/h"
"S03","2025-01-02T07:50:00Z","rainfall_intensity",0,"mm/h"
"S03","2025-01-02T07:55:00Z","rainfall_intensity",0,"mm/h"
"S03","2025-01-02T08:00:00Z","rainfall_intensity",0,"mm/h"
"S03","2025-01-02T08:05:00Z","rainfall_intensity",0,"mm/h"
"S03","2025-01-02T08:10:00Z","rainfall_intensity",0,"mm/h"
"S03","2025-01-02T08:15:00Z","rainfall_intensity",0,"mm/h"
"S03","2025-01-02T08:20:00Z","rainfall_intensity",0.345247546178332,"mm/h"
"S03","2025-01-02T08:25:00Z","rainfall_intensity",0,"mm/h"
"S03","2025-01-02T08:30:00Z","rainfall_intensity",0,"mm/h"
"S03","2025-01-02T08:35:00Z","rainfall_intensity",1.01127617630316,"mm/h"
"S03","2025-01-02T08:40:00Z","rainfall_intensity",0.256203997751905,"mm/h"
"S03","2025-01-02T08:45:00Z","rainfall_intensity",0.80246707756135,"mm/h"
"S03","2025-01-02T08:50:00Z","rainfall_intensity",0.182571437960848,"mm/h"
"S03","2025-01-02T08:55:00Z","rainfall_intensity",1.82789166163932,"mm/h"
"S03","2025-01-02T09:00:00Z","rainfall_intensity",5.74756164183529,"mm/h"
"S03","2025-01-02T09:05:00Z","rainfall_intensity",2.56155655746167,"mm/h"
"S03","2025-01-02T09:10:00Z","rainfall_intensity",0.464421125774832,"mm/h"
"S03","2025-01-02T09:15:00Z","rainfall_intensity",4.28734491966546,"mm/h"
"S03","2025-01-02T09:20:00Z","rainfall_intensity",0.284943725562491,"mm/h"
"S03","2025-01-02T09:25:00Z","rainfall_intensity",0,"mm/h"
"S03","2025-01-02T09:30:00Z","rainfall_intensity",0,"mm/h"
"S03","2025-01-02T09:35:00Z","rainfall_intensity",0,"mm/h"
"S03","2025-01-02T09:40:00Z","rainfall_intensity",0,"mm/h"
"S03","2025-01-02T09:45:00Z","rainfall_intensity",0,"mm/h"
"S03","2025-01-02T09:50:00Z","rainfall_intensity",0,"mm/h"
"S03","2025-01-02T09:55:00Z","rainfall_intensity",0,"mm/h"
"S03","2025-01-02T10:00:00Z","rainfall_intensity",0,"mm/h"
"S03","2025-01-02T10:05:00Z","rainfall_intensity",0,"mm/h"
"S03","2025-01-02T10:10:00Z","rainfall_intensity",0,"mm/h"
"S03","2025-01-02T10:15:00Z","rainfall_intensity",0,"mm/h"
"S03","2025-01-02T10:20:00Z","rainfall_intensity",0,"mm/h"
"S03","2025-01-02T10:25:00Z","rainfall_intensity",0,"mm/h"
"S03","2025-01-02T10:30:00Z","rainfall_intensity",0,"mm/h"
"S03","2025-01-02T10:35:00Z","rainfall_intensity",0,"mm/h"
"S03","2025-01-02T10:40:00Z","rainfall_intensity",0.683579621295403,"mm/h"
"S03","2025-01-02T10:45:00Z","rainfall_intensity",0.79179328320029,"mm/h"
"S03","2025-01-02T10:50:00Z","rainfall_intensity",0,"mm/h"
"S03","2025-01-02T10:55:00Z","rainfall_intensity",0,"mm/h"
"S03","2025-01-02T11:00:00Z","rainfall_intensity",0,"mm/h"
"S03","2025-01-02T11:05:00Z","rainfall_intensity",0,"mm/h"
"S03","2025-01-02T11:10:00Z","rainfall_intensity",0.0673243709256475,"mm/h"
"S03","2025-01-02T11:15:00Z","rainfall_intensity",0.201484735250116,"mm/h"
"S03","2025-01-02T11:20:00Z","rainfall_intensity",0,"mm/h"
"S03","2025-01-02T11:25:00Z","rainfall_intensity",0.409950442220945,"mm/h"
"S03","2025-01-02T11:30:00Z","rainfall_intensity",0,"mm/h"
"S03","2025-01-02T11:35:00Z","rainfall_intensity",0,"mm/h"
"S03","2025-01-02T11:40:00Z","rainfall_intensity",0,"mm/h"
"S03","2025-01-02T11:45:00Z","rainfall_intensity",0,"mm/h"
"S03","2025-01-02T11:50:00Z","rainfall_intensity",0,"mm/h"
"S03","2025-01-02T11:55:00Z","rainfall_intensity",0,"mm/h"
"S03","2025-01-02T12:00:00Z","rainfall_intensity",0.553822608289305,"mm/h"
"S03","2025-01-02T12:05:00Z","rainfall_intensity",0,"mm/h"
"S03","2025-01-02T12:10:00Z","rainfall_intensity",0,"mm/h"
"S03","2025-01-02T12:15:00Z","rainfall_intensity",0.277312817692222,"mm/h"
"S03","2025-01-02T12:20:00Z","rainfall_intensity",0,"mm/h"
"S03","2025-01-02T12:25:00Z","rainfall_intensity",0,"mm/h"
"S03","2025-01-02T12:30:00Z","rainfall_intensity",0.160104812662499,"mm/h"
"S03","2025-01-02T12:35:00Z","rainfall_intensity",0,"mm/h"
"S03","2025-01-02T12:40:00Z","rainfall_intensity",0,"mm/h"
"S03","2025-01-02T12:45:00Z","rainfall_intensity",0,"mm/h"
"S03","2025-01-02T12:50:00Z","rainfall_intensity",0,"mm/h"
"S03","2025-01-02T12:55:00Z","rainfall_intensity",0,"mm/h"
"S03","2025-01-02T13:00:00Z","rainfall_intensity",0,"mm/h"
"S03","2025-01-02T13:05:00Z","rainfall_intensity",0,"mm/h"
"S03","2025-01-02T13:10:00Z","rainfall_intensity",0.16697308862734,"mm/h"
"S03","2025-01-02T13:15:00Z","rainfall_intensity",0.410224416672013,"mm/h"
"S03","2025-01-02T13:20:00Z","rainfall_intensity",0,"mm/h"
"S03","2025-01-02T13:25:00Z","rainfall_intensity",1.1076572632752,"mm/h"
"S03","2025-01-02T13:30:00Z","rainfall_intensity",0,"mm/h"
"S03","2025-01-02T13:35:00Z","rainfall_intensity",0,"mm/h"
"S03","2025-01-02T13:40:00Z","rainfall_intensity",0,"mm/h"
"S03","2025-01-02T13:45:00Z","rainfall_intensity",0,"mm/h"
"S03","2025-01-02T13:50:00Z","rainfall_intensity",0.152491695958309,"mm/h"
"S03","2025-01-02T13:55:00Z","rainfall_intensity",0,"mm/h"
"S03","2025-01-02T14:00:00Z","rainfall_intensity",0,"mm/h"
"S03","2025-01-02T14:05:00Z","rainfall_intensity",0,"mm/h"
"S03","2025-01-02T14:10:00Z","rainfall_intensity",0,"mm/h"
"S03","2025-01-02T14:15:00Z","rainfall_intensity",0,"mm/h"
"S03","2025-01-02T14:20:00Z","rainfall_intensity",0,"mm/h"
"S03","2025-01-02T14:25:00Z","rainfall_intensity",0,"mm/h"
"S03","2025-01-02T14:30:00Z","rainfall_intensity",0,"mm/h"
"S03","2025-01-02T14:35:00Z","rainfall_intensity",0,"mm/h"
"S03","2025-01-02T14:40:00Z","rainfall_intensity",0.235589762233903,"mm/h"
"S03","2025-01-02T14:45:00Z","rainfall_intensity",0.849688322065953,"mm/h"
"S03","2025-01-02T14:50:00Z","rainfall_intensity",0.445823997964706,"mm/h"
"S03","2025-01-02T14:55:00Z","rainfall_intensity",0,"mm/h"
"S03","2025-01-02T15:00:00Z","rainfall_intensity",0,"mm/h"
"S03","2025-01-02T15:05:00Z","rainfall_intensity",0,"mm/h"
"S03","2025-01-02T15:10:00Z","rainfall_intensity",0.468723009660431,"mm/h"
"S03","2025-01-02T15:15:00Z","rainfall_intensity",0,"mm/h"
"S03","2025-01-02T15:20:00Z","rainfall_intensity",1.11530894665706,"mm/h"
"S03","2025-01-02T15:25:00Z","rainfall_intensity",2.21793899660355,"mm/h"
"S03","2025-01-02T15:30:00Z","rainfall_intensity",0,"mm/h"
"S03","2025-01-02T15:35:00Z","rainfall_intensity",0.34393481843644,"mm/h"
"S03","2025-01-02T15:40:00Z","rainfall_intensity",0.0165292500891308,"mm/h"
"S03","2025-01-02T15:45:00Z","rainfall_intensity",0.204690516509162,"mm/h"
"S03","2025-01-02T15:50:00Z","rainfall_intensity",0,"mm/h"
"S03","2025-01-02T15:55:00Z","rainfall_intensity",0,"mm/h"
"S03","2025-01-02T16:00:00Z","rainfall_intensity",0.10014950261761,"mm/h"
"S03","2025-01-02T16:05:00Z","rainfall_intensity",0,"mm/h"
"S03","2025-01-02T16:10:00Z","rainfall_intensity",0.244147008540651,"mm/h"
"S03","2025-01-02T16:15:00Z","rainfall_intensity",0,"mm/h"
"S03","2025-01-02T16:20:00Z","rainfall_intensity",0,"mm/h"
"S03","2025-01-02T16:25:00Z","rainfall_intensity",0,"mm/h"
"S03","2025-01-02T16:30:00Z","rainfall_intensity",0,"mm/h"
"S03","2025-01-02T16:35:00Z","rainfall_intensity",0,"mm/h"
"S03","2025-01-02T16:40:00Z","rainfall_intensity",0,"mm/h"
"S03","2025-01-02T16:45:00Z","rainfall_intensity",0,"mm/h"
"S03","2025-01-02T16:50:00Z","rainfall_intensity",0.445662538142316,"mm/h"
"S03","2025-01-02T16:55:00Z","rainfall_intensity",0,"mm/h"
"S03","2025-01-02T17:00:00Z","rainfall_intensity",0,"mm/h"
"S03","2025-01-02T17:05:00Z","rainfall_intensity",0,"mm/h"
"S03","2025-01-02T17:10:00Z","rainfall_intensity",2.13020498522136,"mm/h"
"S03","2025-01-02T17:15:00Z","rainfall_intensity",3.5202922800902,"mm/h"
"S03","2025-01-02T17:20:00Z","rainfall_intensity",0.744914843886218,"mm/h"
"S03","2025-01-02T17:25:00Z","rainfall_intensity",0,"mm/h"
"S03","2025-01-02T17:30:00Z","rainfall_intensity",0,"mm/h"
"S03","2025-01-02T17:35:00Z","rainfall_intensity",0.180633410958045,"mm/h"
"S03","2025-01-02T17:40:00Z","rainfall_intensity",0.22808275248516,"mm/h"
"S03","2025-01-02T17:45:00Z","rainfall_intensity",0,"mm/h"
"S03","2025-01-02T17:50:00Z","rainfall_intensity",1.57818688790049,"mm/h"
"S03","2025-01-02T17:55:00Z","rainfall_intensity",0,"mm/h"
"S03","2025-01-02T18:00:00Z","rainfall_intensity",0,"mm/h"
"S03","2025-01-02T18:05:00Z","rainfall_intensity",0.601822576125814,"mm/h"
"S03","2025-01-02T18:10:00Z","rainfall_intensity",0.766691191738869,"mm/h"
"S03","2025-01-02T18:15:00Z","rainfall_intensity",0.386538583764122,"mm/h"
"S03","2025-01-02T18:20:00Z","rainfall_intensity",0,"mm/h"
"S03","2025-01-02T18:25:00Z","rainfall_intensity",0,"mm/h"
"S03","2025-01-02T18:30:00Z","rainfall_intensity",0,"mm/h"
"S03","2025-01-02T18:35:00Z","rainfall_intensity",0,"mm/h"
"S03","2025-01-02T18:40:00Z","rainfall_intensity",0.0942891312386154,"mm/h"
"S03","2025-01-02T18:45:00Z","rainfall_intensity",1.03296715222694,"mm/h"
"S03","2025-01-02T18:50:00Z","rainfall_intensity",0,"mm/h"
"S03","2025-01-02T18:55:00Z","rainfall_intensity",0,"mm/h"
"S03","2025-01-02T19:00:00Z","rainfall_intensity",0,"mm/h"
"S03","2025-01-02T19:05:00Z","rainfall_intensity",0.572131781031411,"mm/h"
"S03","2025-01-02T19:10:00Z","rainfall_intensity",0,"mm/h"
"S03","2025-01-02T19:15:00Z","rainfall_intensity",0,"mm/h"
"S03","2025-01-02T19:20:00Z","rainfall_intensity",0,"mm/h"
"S03","2025-01-02T19:25:00Z","rainfall_intensity",0,"mm/h"
"S03","2025-01-02T19:30:00Z","rainfall_intensity",0,"mm/h"
"S03","2025-01-02T19:35:00Z","rainfall_intensity",0,"mm/h"
"S03","2025-01-02T19:40:00Z","rainfall_intensity",0,"mm/h"
"S03","2025-01-02T19:45:00Z","rainfall_intensity",0,"mm/h"
"S03","2025-01-02T19:50:00Z","rainfall_intensity",0,"mm/h"
"S03","2025-01-02T19:55:00Z","rainfall_intensity",0,"mm/h"
"S03","2025-01-02T20:00:00Z","rainfall_intensity",0,"mm/h"
"S03","2025-01-02T20:05:00Z","rainfall_intensity",0.160774620804443,"mm/h"
"S03","2025-01-02T20:10:00Z","rainfall_intensity",0.0847593009433199,"mm/h"
"S03","2025-01-02T20:15:00Z","rainfall_intensity",0,"mm/h"
"S03","2025-01-02T20:20:00Z","rainfall_intensity",0,"mm/h"
"S03","2025-01-02T20:25:00Z","rainfall_intensity",0,"mm/h"
"S03","2025-01-02T20:30:00Z","rainfall_intensity",0,"mm/h"
"S03","2025-01-02T20:35:00Z","rainfall_intensity",0,"mm/h"
"S03","2025-01-02T20:40:00Z","rainfall_intensity",0,"mm/h"
"S03","2025-01-02T20:45:00Z","rainfall_intensity",1.39639112691162,"mm/h"
"S03","2025-01-02T20:50:00Z","rainfall_intensity",0,"mm/h"
"S03","2025-01-02T20:55:00Z","rainfall_intensity",0,"mm/h"
"S03","2025-01-02T21:00:00Z","rainfall_intensity",0,"mm/h"
"S03","2025-01-02T21:05:00Z","rainfall_intensity",0,"mm/h"
"S03","2025-01-02T21:10:00Z","rainfall_intensity",0,"mm/h"
"S03","2025-01-02T21:15:00Z","rainfall_intensity",0,"mm/h"
"S03","2025-01-02T21:20:00Z","rainfall_intensity",0,"mm/h"
"S03","2025-01-02T21:25:00Z","rainfall_intensity",0,"mm/h"
"S03","2025-01-02T21:30:00Z","rainfall_intensity",0.0608703609770661,"mm/h"
"S03","2025-01-02T21:35:00Z","rainfall_intensity",0.294838019028219,"mm/h"
"S03","2025-01-02T21:40:00Z","rainfall_intensity",0,"mm/h"
"S03","2025-01-02T21:45:00Z","rainfall_intensity",0,"mm/h"
"S03","2025-01-02T21:50:00Z","rainfall_intensity",0,"mm/h"
"S03","2025-01-02T21:55:00Z","rainfall_intensity",0,"mm/h"
"S03","2025-01-02T22:00:00Z","rainfall_intensity",0,"mm/h"
"S03","2025-01-02T22:05:00Z","rainfall_intensity",0,"mm/h"
"S03","2025-01-02T22:10:00Z","rainfall_intensity",0,"mm/h"
"S03","2025-01-02T22:15:00Z","rainfall_intensity",0,"mm/h"
"S03","2025-01-02T22:20:00Z","rainfall_intensity",0,"mm/h"
"S03","2025-01-02T22:25:00Z","rainfall_intensity",0,"mm/h"
"S03","2025-01-02T22:30:00Z","rainfall_intensity",0,"mm/h"
"S03","2025-01-02T22:35:00Z","rainfall_intensity",0,"mm/h"
"S03","2025-01-02T22:40:00Z","rainfall_intensity",0,"mm/h"
"S03","2025-01-02T22:45:00Z","rainfall_intensity",0,"mm/h"
"S03","2025-01-02T22:50:00Z","rainfall_intensity",0,"mm/h"
"S03","2025-01-02T22:55:00Z","rainfall_intensity",0,"mm/h"
"S03","2025-01-02T23:00:00Z","rainfall_intensity",0,"mm/h"
"S03","2025-01-02T23:05:00Z","rainfall_intensity",0,"mm/h"
"S03","2025-01-02T23:10:00Z","rainfall_intensity",0,"mm/h"
"S03","2025-01-02T23:15:00Z","rainfall_intensity",0,"mm/h"
"S03","2025-01-02T23:20:00Z","rainfall_intensity",0,"mm/h"
"S03","2025-01-02T23:25:00Z","rainfall_intensity",0,"mm/h"
"S03","2025-01-02T23:30:00Z","rainfall_intensity",0,"mm/h"
"S03","2025-01-02T23:35:00Z","rainfall_intensity",0,"mm/h"
"S03","2025-01-02T23:40:00Z","rainfall_intensity",0,"mm/h"
"S03","2025-01-02T23:45:00Z","rainfall_intensity",0,"mm/h"
"S03","2025-01-02T23:50:00Z","rainfall_intensity",0,"mm/h"
"S03","2025-01-02T23:55:00Z","rainfall_intensity",0,"mm/h"
"S03","2025-01-03T00:00:00Z","rainfall_intensity",0,"mm/h"
"S03","2025-01-03T00:05:00Z","rainfall_intensity",0,"mm/h"
"S03","2025-01-03T00:10:00Z","rainfall_intensity",0,"mm/h"
"S03","2025-01-03T00:15:00Z","rainfall_intensity",0,"mm/h"
"S03","2025-01-03T00:20:00Z","rainfall_intensity",0,"mm/h"
"S03","2025-01-03T00:25:00Z","rainfall_intensity",0,"mm/h"
"S03","2025-01-03T00:30:00Z","rainfall_intensity",0,"mm/h"
"S03","2025-01-03T00:35:00Z","rainfall_intensity",0.734923590701178,"mm/h"
"S03","2025-01-03T00:40:00Z","rainfall_intensity",0.793010553116141,"mm/h"
"S03","2025-01-03T00:45:00Z","rainfall_intensity",0,"mm/h"
"S03","2025-01-03T00:50:00Z","rainfall_intensity",1.27154482854251,"mm/h"
"S03","2025-01-03T00:55:00Z","rainfall_intensity",0.900880476170344,"mm/h"
"S03","2025-01-03T01:00:00Z","rainfall_intensity",0.374669625610983,"mm/h"
"S03","2025-01-03T01:05:00Z","rainfall_intensity",0.485595120771177,"mm/h"
"S03","2025-01-03T01:10:00Z","rainfall_intensity",0,"mm/h"
"S03","2025-01-03T01:15:00Z","rainfall_intensity",0.94937658551593,"mm/h"
"S03","2025-01-03T01:20:00Z","rainfall_intensity",0.327378291661202,"mm/h"
"S03","2025-01-03T01:25:00Z","rainfall_intensity",2.48710091613125,"mm/h"
"S03","2025-01-03T01:30:00Z","rainfall_intensity",4.24898671733299,"mm/h"
"S03","2025-01-03T01:35:00Z","rainfall_intensity",9.79066277051843,"mm/h"
"S03","2025-01-03T01:40:00Z","rainfall_intensity",1.86288852725411,"mm/h"
"S03","2025-01-03T01:45:00Z","rainfall_intensity",2.19942451821133,"mm/h"
"S03","2025-01-03T01:50:00Z","rainfall_intensity",0,"mm/h"
"S03","2025-01-03T01:55:00Z","rainfall_intensity",0,"mm/h"
"S03","2025-01-03T02:00:00Z","rainfall_intensity",0,"mm/h"
"S03","2025-01-03T02:05:00Z","rainfall_intensity",0,"mm/h"
"S03","2025-01-03T02:10:00Z","rainfall_intensity",0,"mm/h"
"S03","2025-01-03T02:15:00Z","rainfall_intensity",0,"mm/h"
"S03","2025-01-03T02:20:00Z","rainfall_intensity",0,"mm/h"
"S03","2025-01-03T02:25:00Z","rainfall_intensity",0,"mm/h"
"S03","2025-01-03T02:30:00Z","rainfall_intensity",0,"mm/h"
"S03","2025-01-03T02:35:00Z","rainfall_intensity",0,"mm/h"
"S03","2025-01-03T02:40:00Z","rainfall_intensity",0,"mm/h"
"S03","2025-01-03T02:45:00Z","rainfall_intensity",0,"mm/h"
"S03","2025-01-03T02:50:00Z","rainfall_intensity",0,"mm/h"
"S03","2025-01-03T02:55:00Z","rainfall_intensity",0.296502895149708,"mm/h"
"S03","2025-01-03T03:00:00Z","rainfall_intensity",0,"mm/h"
"S03","2025-01-03T03:05:00Z","rainfall_intensity",0.99599714909823,"mm/h"
"S03","2025-01-03T03:10:00Z","rainfall_intensity",0,"mm/h"
"S03","2025-01-03T03:15:00Z","rainfall_intensity",0.233097295711213,"mm/h"
"S03","2025-01-03T03:20:00Z","rainfall_intensity",0,"mm/h"
"S03","2025-01-03T03:25:00Z","rainfall_intensity",0.74653214954083,"mm/h"
"S03","2025-01-03T03:30:00Z","rainfall_intensity",1.014039627198,"mm/h"
"S03","2025-01-03T03:35:00Z","rainfall_intensity",0.00258201704888872,"mm/h"
"S03","2025-01-03T03:40:00Z","rainfall_intensity",5.64799042158215,"mm/h"
"S03","2025-01-03T03:45:00Z","rainfall_intensity",2.15954010825502,"mm/h"
"S03","2025-01-03T03:50:00Z","rainfall_intensity",1.30736880144917,"mm/h"
"S03","2025-01-03T03:55:00Z","rainfall_intensity",0.347598582486929,"mm/h"
"S03","2025-01-03T04:00:00Z","rainfall_intensity",0,"mm/h"
"S03","2025-01-03T04:05:00Z","rainfall_intensity",1.04246288939826,"mm/h"
"S03","2025-01-03T04:10:00Z","rainfall_intensity",0,"mm/h"
"S03","2025-01-03T04:15:00Z","rainfall_intensity",0,"mm/h"
"S03","2025-01-03T04:20:00Z","rainfall_intensity",0,"mm/h"
"S03","2025-01-03T04:25:00Z","rainfall_intensity",0,"mm/h"
"S03","2025-01-03T04:30:00Z","rainfall_intensity",0,"mm/h"
"S03","2025-01-03T04:35:00Z","rainfall_intensity",0,"mm/h"
"S03","2025-01-03T04:40:00Z","rainfall_intensity",0,"mm/h"
"S03","2025-01-03T04:45:00Z","rainfall_intensity",0.0981111651479562,"mm/h"
"S03","2025-01-03T04:50:00Z","rainfall_intensity",0.807116593776066,"mm/h"
"S03","2025-01-03T04:55:00Z","rainfall_intensity",4.61232786451255,"mm/h"
"S03","2025-01-03T05:00:00Z","rainfall_intensity",0.752541683866841,"mm/h"
"S03","2025-01-03T05:05:00Z","rainfall_intensity",0.0830493110257862,"mm/h"
"S03","2025-01-03T05:10:00Z","rainfall_intensity",0,"mm/h"
"S03","2025-01-03T05:15:00Z","rainfall_intensity",0,"mm/h"
"S03","2025-01-03T05:20:00Z","rainfall_intensity",0.423370187291507,"mm/h"
"S03","2025-01-03T05:25:00Z","rainfall_intensity",0.914121860407391,"mm/h"
"S03","2025-01-03T05:30:00Z","rainfall_intensity",0,"mm/h"
"S03","2025-01-03T05:35:00Z","rainfall_intensity",0,"mm/h"
"S03","2025-01-03T05:40:00Z","rainfall_intensity",0,"mm/h"
"S03","2025-01-03T05:45:00Z","rainfall_intensity",0.00825018828116234,"mm/h"
"S03","2025-01-03T05:50:00Z","rainfall_intensity",0,"mm/h"
"S03","2025-01-03T05:55:00Z","rainfall_intensity",0,"mm/h"
"S03","2025-01-03T06:00:00Z","rainfall_intensity",0.34755931303597,"mm/h"
"S03","2025-01-03T06:05:00Z","rainfall_intensity",0.0399754931869162,"mm/h"
"S03","2025-01-03T06:10:00Z","rainfall_intensity",0.283967276969462,"mm/h"
"S03","2025-01-03T06:15:00Z","rainfall_intensity",0,"mm/h"
"S03","2025-01-03T06:20:00Z","rainfall_intensity",0,"mm/h"
"S03","2025-01-03T06:25:00Z","rainfall_intensity",0.00848714058041292,"mm/h"
"S03","2025-01-03T06:30:00Z","rainfall_intensity",0,"mm/h"
"S03","2025-01-03T06:35:00Z","rainfall_intensity",0,"mm/h"
"S03","2025-01-03T06:40:00Z","rainfall_intensity",0,"mm/h"
"S03","2025-01-03T06:45:00Z","rainfall_intensity",0,"mm/h"
"S03","2025-01-03T06:50:00Z","rainfall_intensity",0,"mm/h"
"S03","2025-01-03T06:55:00Z","rainfall_intensity",0,"mm/h"
"S03","2025-01-03T07:00:00Z","rainfall_intensity",0,"mm/h"
"S03","2025-01-03T07:05:00Z","rainfall_intensity",0.00363668374323778,"mm/h"
"S03","2025-01-03T07:10:00Z","rainfall_intensity",0.00185976055002108,"mm/h"
"S03","2025-01-03T07:15:00Z","rainfall_intensity",0,"mm/h"
"S03","2025-01-03T07:20:00Z","rainfall_intensity",0,"mm/h"
"S03","2025-01-03T07:25:00Z","rainfall_intensity",0,"mm/h"
"S03","2025-01-03T07:30:00Z","rainfall_intensity",2.3448467401313,"mm/h"
"S03","2025-01-03T07:35:00Z","rainfall_intensity",0.290051574777006,"mm/h"
"S03","2025-01-03T07:40:00Z","rainfall_intensity",0,"mm/h"
"S03","2025-01-03T07:45:00Z","rainfall_intensity",0,"mm/h"
"S03","2025-01-03T07:50:00Z","rainfall_intensity",0,"mm/h"
"S03","2025-01-03T07:55:00Z","rainfall_intensity",0,"mm/h"
"S03","2025-01-03T08:00:00Z","rainfall_intensity",0,"mm/h"
"S03","2025-01-03T08:05:00Z","rainfall_intensity",0,"mm/h"
"S03","2025-01-03T08:10:00Z","rainfall_intensity",0,"mm/h"
"S03","2025-01-03T08:15:00Z","rainfall_intensity",0,"mm/h"
"S03","2025-01-03T08:20:00Z","rainfall_intensity",0,"mm/h"
"S03","2025-01-03T08:25:00Z","rainfall_intensity",0,"mm/h"
"S03","2025-01-03T08:30:00Z","rainfall_intensity",0,"mm/h"
"S03","2025-01-03T08:35:00Z","rainfall_intensity",3.65901363312739,"mm/h"
"S03","2025-01-03T08:40:00Z","rainfall_intensity",3.71366320539906,"mm/h"
"S03","2025-01-03T08:45:00Z","rainfall_intensity",0.151083316545442,"mm/h"
"S03","2025-01-03T08:50:00Z","rainfall_intensity",0,"mm/h"
"S03","2025-01-03T08:55:00Z","rainfall_intensity",0.951911172816908,"mm/h"
"S03","2025-01-03T09:00:00Z","rainfall_intensity",0,"mm/h"
"S03","2025-01-03T09:05:00Z","rainfall_intensity",0,"mm/h"
"S03","2025-01-03T09:10:00Z","rainfall_intensity",0,"mm/h"
"S03","2025-01-03T09:15:00Z","rainfall_intensity",0,"mm/h"
"S03","2025-01-03T09:20:00Z","rainfall_intensity",0,"mm/h"
"S03","2025-01-03T09:25:00Z","rainfall_intensity",0,"mm/h"
"S03","2025-01-03T09:30:00Z","rainfall_intensity",0,"mm/h"
"S03","2025-01-03T09:35:00Z","rainfall_intensity",0,"mm/h"
"S03","2025-01-03T09:40:00Z","rainfall_intensity",0,"mm/h"
"S03","2025-01-03T09:45:00Z","rainfall_intensity",0,"mm/h"
"S03","2025-01-03T09:50:00Z","rainfall_intensity",0,"mm/h"
"S03","2025-01-03T09:55:00Z","rainfall_intensity",0,"mm/h"
"S03","2025-01-03T10:00:00Z","rainfall_intensity",0,"mm/h"
"S03","2025-01-03T10:05:00Z","rainfall_intensity",0,"mm/h"
"S03","2025-01-03T10:10:00Z","rainfall_intensity",0,"mm/h"
"S03","2025-01-03T10:15:00Z","rainfall_intensity",0,"mm/h"
"S03","2025-01-03T10:20:00Z","rainfall_intensity",0,"mm/h"
"S03","2025-01-03T10:25:00Z","rainfall_intensity",0,"mm/h"
"S03","2025-01-03T10:30:00Z","rainfall_intensity",0,"mm/h"
"S03","2025-01-03T10:35:00Z","rainfall_intensity",0.262448088123987,"mm/h"
"S03","2025-01-03T10:40:00Z","rainfall_intensity",0,"mm/h"
"S03","2025-01-03T10:45:00Z","rainfall_intensity",0.103442935050764,"mm/h"
"S03","2025-01-03T10:50:00Z","rainfall_intensity",0.405497837421938,"mm/h"
"S03","2025-01-03T10:55:00Z","rainfall_intensity",3.52701986062153,"mm/h"
"S03","2025-01-03T11:00:00Z","rainfall_intensity",4.22953973656766,"mm/h"
"S03","2025-01-03T11:05:00Z","rainfall_intensity",0.793109889601433,"mm/h"
"S03","2025-01-03T11:10:00Z","rainfall_intensity",0.659292265896375,"mm/h"
"S03","2025-01-03T11:15:00Z","rainfall_intensity",1.5651988878226,"mm/h"
"S03","2025-01-03T11:20:00Z","rainfall_intensity",1.30505959865952,"mm/h"
"S03","2025-01-03T11:25:00Z","rainfall_intensity",2.23753821363442,"mm/h"
"S03","2025-01-03T11:30:00Z","rainfall_intensity",0,"mm/h"
"S03","2025-01-03T11:35:00Z","rainfall_intensity",0,"mm/h"
"S03","2025-01-03T11:40:00Z","rainfall_intensity",0,"mm/h"
"S03","2025-01-03T11:45:00Z","rainfall_intensity",0.310731724173257,"mm/h"
"S03","2025-01-03T11:50:00Z","rainfall_intensity",1.17137726606577,"mm/h"
"S03","2025-01-03T11:55:00Z","rainfall_intensity",0,"mm/h"
"S03","2025-01-03T12:00:00Z","rainfall_intensity",0,"mm/h"
"S03","2025-01-03T12:05:00Z","rainfall_intensity",0,"mm/h"
"S03","2025-01-03T12:10:00Z","rainfall_intensity",0.0936319131204453,"mm/h"
"S03","2025-01-03T12:15:00Z","rainfall_intensity",0.752711732233826,"mm/h"
"S03","2025-01-03T12:20:00Z","rainfall_intensity",0,"mm/h"
"S03","2025-01-03T12:25:00Z","rainfall_intensity",0,"mm/h"
"S03","2025-01-03T12:30:00Z","rainfall_intensity",0,"mm/h"
"S03","2025-01-03T12:35:00Z","rainfall_intensity",0.181842718467755,"mm/h"
"S03","2025-01-03T12:40:00Z","rainfall_intensity",0,"mm/h"
"S03","2025-01-03T12:45:00Z","rainfall_intensity",0,"mm/h"
"S03","2025-01-03T12:50:00Z","rainfall_intensity",0,"mm/h"
"S03","2025-01-03T12:55:00Z","rainfall_intensity",0,"mm/h"
"S03","2025-01-03T13:00:00Z","rainfall_intensity",0,"mm/h"
"S03","2025-01-03T13:05:00Z","rainfall_intensity",0,"mm/h"
"S03","2025-01-03T13:10:00Z","rainfall_intensity",0,"mm/h"
"S03","2025-01-03T13:15:00Z","rainfall_intensity",0,"mm/h"
"S03","2025-01-03T13:20:00Z","rainfall_intensity",0,"mm/h"
"S03","2025-01-03T13:25:00Z","rainfall_intensity",0,"mm/h"
"S03","2025-01-03T13:30:00Z","rainfall_intensity",0,"mm/h"
"S03","2025-01-03T13:35:00Z","rainfall_intensity",0,"mm/h"
"S03","2025-01-03T13:40:00Z","rainfall_intensity",0,"mm/h"
"S03","2025-01-03T13:45:00Z","rainfall_intensity",0,"mm/h"
"S03","2025-01-03T13:50:00Z","rainfall_intensity",0,"mm/h"
"S03","2025-01-03T13:55:00Z","rainfall_intensity",0,"mm/h"
"S03","2025-01-03T14:00:00Z","rainfall_intensity",0,"mm/h"
"S03","2025-01-03T14:05:00Z","rainfall_intensity",0,"mm/h"
"S03","2025-01-03T14:10:00Z","rainfall_intensity",0,"mm/h"
"S03","2025-01-03T14:15:00Z","rainfall_intensity",0,"mm/h"
"S03","2025-01-03T14:20:00Z","rainfall_intensity",0,"mm/h"
"S03","2025-01-03T14:25:00Z","rainfall_intensity",0,"mm/h"
"S03","2025-01-03T14:30:00Z","rainfall_intensity",0,"mm/h"
"S03","2025-01-03T14:35:00Z","rainfall_intensity",0,"mm/h"
"S03","2025-01-03T14:40:00Z","rainfall_intensity",0,"mm/h"
"S03","2025-01-03T14:45:00Z","rainfall_intensity",0,"mm/h"
"S03","2025-01-03T14:50:00Z","rainfall_intensity",0.308007815707097,"mm/h"
"S03","2025-01-03T14:55:00Z","rainfall_intensity",0,"mm/h"
"S03","2025-01-03T15:00:00Z","rainfall_intensity",0,"mm/h"
"S03","2025-01-03T15:05:00Z","rainfall_intensity",0.0901813551977232,"mm/h"
"S03","2025-01-03T15:10:00Z","rainfall_intensity",0,"mm/h"
"S03","2025-01-03T15:15:00Z","rainfall_intensity",0.263034563185155,"mm/h"
"S03","2025-01-03T15:20:00Z","rainfall_intensity",0,"mm/h"
"S03","2025-01-03T15:25:00Z","rainfall_intensity",0,"mm/h"
"S03","2025-01-03T15:30:00Z","rainfall_intensity",0,"mm/h"
"S03","2025-01-03T15:35:00Z","rainfall_intensity",0,"mm/h"
"S03","2025-01-03T15:40:00Z","rainfall_intensity",0,"mm/h"
"S03","2025-01-03T15:45:00Z","rainfall_intensity",0,"mm/h"
"S03","2025-01-03T15:50:00Z","rainfall_intensity",0,"mm/h"
"S03","2025-01-03T15:55:00Z","rainfall_intensity",0,"mm/h"
"S03","2025-01-03T16:00:00Z","rainfall_intensity",0,"mm/h"
"S03","2025-01-03T16:05:00Z","rainfall_intensity",0,"mm/h"
"S03","2025-01-03T16:10:00Z","rainfall_intensity",0,"mm/h"
"S03","2025-01-03T16:15:00Z","rainfall_intensity",0,"mm/h"
"S03","2025-01-03T16:20:00Z","rainfall_intensity",0,"mm/h"
"S03","2025-01-03T16:25:00Z","rainfall_intensity",0.16844210074251,"mm/h"
"S03","2025-01-03T16:30:00Z","rainfall_intensity",0,"mm/h"
"S03","2025-01-03T16:35:00Z","rainfall_intensity",0.324621666003932,"mm/h"
"S03","2025-01-03T16:40:00Z","rainfall_intensity",0,"mm/h"
"S03","2025-01-03T16:45:00Z","rainfall_intensity",0,"mm/h"
"S03","2025-01-03T16:50:00Z","rainfall_intensity",0,"mm/h"
"S03","2025-01-03T16:55:00Z","rainfall_intensity",0.365160037276915,"mm/h"
"S03","2025-01-03T17:00:00Z","rainfall_intensity",0,"mm/h"
"S03","2025-01-03T17:05:00Z","rainfall_intensity",0,"mm/h"
"S03","2025-01-03T17:10:00Z","rainfall_intensity",0,"mm/h"
"S03","2025-01-03T17:15:00Z","rainfall_intensity",0,"mm/h"
"S03","2025-01-03T17:20:00Z","rainfall_intensity",0,"mm/h"
"S03","2025-01-03T17:25:00Z","rainfall_intensity",0,"mm/h"
"S03","2025-01-03T17:30:00Z","rainfall_intensity",0.317733971654012,"mm/h"
"S03","2025-01-03T17:35:00Z","rainfall_intensity",0,"mm/h"
"S03","2025-01-03T17:40:00Z","rainfall_intensity",0,"mm/h"
"S03","2025-01-03T17:45:00Z","rainfall_intensity",0,"mm/h"
"S03","2025-01-03T17:50:00Z","rainfall_intensity",0,"mm/h"
"S03","2025-01-03T17:55:00Z","rainfall_intensity",0,"mm/h"
"S03","2025-01-03T18:00:00Z","rainfall_intensity",0,"mm/h"
"S03","2025-01-03T18:05:00Z","rainfall_intensity",0,"mm/h"
"S03","2025-01-03T18:10:00Z","rainfall_intensity",0.125475982453445,"mm/h"
"S03","2025-01-03T18:15:00Z","rainfall_intensity",0.65133292856417,"mm/h"
"S03","2025-01-03T18:20:00Z","rainfall_intensity",2.57339237701493,"mm/h"
"S03","2025-01-03T18:25:00Z","rainfall_intensity",0.259108714973317,"mm/h"
"S03","2025-01-03T18:30:00Z","rainfall_intensity",0,"mm/h"
"S03","2025-01-03T18:35:00Z","rainfall_intensity",0.210617688985098,"mm/h"
"S03","2025-01-03T18:40:00Z","rainfall_intensity",1.41755396526192,"mm/h"
"S03","2025-01-03T18:45:00Z","rainfall_intensity",0.354169672177324,"mm/h"
"S03","2025-01-03T18:50:00Z","rainfall_intensity",0,"mm/h"
"S03","2025-01-03T18:55:00Z","rainfall_intensity",0,"mm/h"
"S03","2025-01-03T19:00:00Z","rainfall_intensity",0,"mm/h"
"S03","2025-01-03T19:05:00Z","rainfall_intensity",0.445211452919569,"mm/h"
"S03","2025-01-03T19:10:00Z","rainfall_intensity",0,"mm/h"
"S03","2025-01-03T19:15:00Z","rainfall_intensity",0.170986283875291,"mm/h"
"S03","2025-01-03T19:20:00Z","rainfall_intensity",1.80754995237606,"mm/h"
"S03","2025-01-03T19:25:00Z","rainfall_intensity",3.25440775081544,"mm/h"
"S03","2025-01-03T19:30:00Z","rainfall_intensity",3.47208034760662,"mm/h"
"S03","2025-01-03T19:35:00Z","rainfall_intensity",0,"mm/h"
"S03","2025-01-03T19:40:00Z","rainfall_intensity",0,"mm/h"
"S03","2025-01-03T19:45:00Z","rainfall_intensity",0.811980117878797,"mm/h"
"S03","2025-01-03T19:50:00Z","rainfall_intensity",0.357381474031444,"mm/h"
"S03","2025-01-03T19:55:00Z","rainfall_intensity",1.03292185099185,"mm/h"
"S03","2025-01-03T20:00:00Z","rainfall_intensity",1.14880876785827,"mm/h"
"S03","2025-01-03T20:05:00Z","rainfall_intensity",1.04504162958859,"mm/h"
"S03","2025-01-03T20:10:00Z","rainfall_intensity",0.620429452980319,"mm/h"
"S03","2025-01-03T20:15:00Z","rainfall_intensity",0.725689335368517,"mm/h"
"S03","2025-01-03T20:20:00Z","rainfall_intensity",0,"mm/h"
"S03","2025-01-03T20:25:00Z","rainfall_intensity",0,"mm/h"
"S03","2025-01-03T20:30:00Z","rainfall_intensity",0,"mm/h"
"S03","2025-01-03T20:35:00Z","rainfall_intensity",1.70656110003276,"mm/h"
"S03","2025-01-03T20:40:00Z","rainfall_intensity",0,"mm/h"
"S03","2025-01-03T20:45:00Z","rainfall_intensity",0,"mm/h"
"S03","2025-01-03T20:50:00Z","rainfall_intensity",0,"mm/h"
"S03","2025-01-03T20:55:00Z","rainfall_intensity",0,"mm/h"
"S03","2025-01-03T21:00:00Z","rainfall_intensity",0,"mm/h"
"S03","2025-01-03T21:05:00Z","rainfall_intensity",0,"mm/h"
"S03","2025-01-03T21:10:00Z","rainfall_intensity",0,"mm/h"
"S03","2025-01-03T21:15:00Z","rainfall_intensity",0,"mm/h"
"S03","2025-01-03T21:20:00Z","rainfall_intensity",0.0384665633955231,"mm/h"
"S03","2025-01-03T21:25:00Z","rainfall_intensity",0,"mm/h"
"S03","2025-01-03T21:30:00Z","rainfall_intensity",0,"mm/h"
"S03","2025-01-03T21:35:00Z","rainfall_intensity",0.631792180919876,"mm/h"
"S03","2025-01-03T21:40:00Z","rainfall_intensity",1.53010620144954,"mm/h"
"S03","2025-01-03T21:45:00Z","rainfall_intensity",0,"mm/h"
"S03","2025-01-03T21:50:00Z","rainfall_intensity",0,"mm/h"
"S03","2025-01-03T21:55:00Z","rainfall_intensity",0,"mm/h"
"S03","2025-01-03T22:00:00Z","rainfall_intensity",0,"mm/h"
"S03","2025-01-03T22:05:00Z","rainfall_intensity",0,"mm/h"
"S03","2025-01-03T22:10:00Z","rainfall_intensity",0,"mm/h"
"S03","2025-01-03T22:15:00Z","rainfall_intensity",0,"mm/h"
"S03","2025-01-03T22:20:00Z","rainfall_intensity",0.962681206055844,"mm/h"
"S03","2025-01-03T22:25:00Z","rainfall_intensity",1.12435527109734,"mm/h"
"S03","2025-01-03T22:30:00Z","rainfall_intensity",0,"mm/h"
"S03","2025-01-03T22:35:00Z","rainfall_intensity",0.119685612370457,"mm/h"
"S03","2025-01-03T22:40:00Z","rainfall_intensity",0.514161341150152,"mm/h"
"S03","2025-01-03T22:45:00Z","rainfall_intensity",0,"mm/h"
"S03","2025-01-03T22:50:00Z","rainfall_intensity",0,"mm/h"
"S03","2025-01-03T22:55:00Z","rainfall_intensity",0.373428768922616,"mm/h"
"S03","2024-12-31T23:00:00Z","water_level",1.31451805833468,"m"
"S03","2024-12-31T23:05:00Z","water_level",0.62672487530498,"m"
"S03","2024-12-31T23:10:00Z","water_level",1.35268843123589,"m"
"S03","2024-12-31T23:15:00Z","water_level",2.0951750363155,"m"
"S03","2024-12-31T23:20:00Z","water_level",0.898291263772672,"m"
"S03","2024-12-31T23:25:00Z","water_level",0.782222490979141,"m"
"S03","2024-12-31T23:30:00Z","water_level",1.31804088116204,"m"
"S03","2024-12-31T23:35:00Z","water_level",0.651231339979114,"m"
"S03","2024-12-31T23:40:00Z","water_level",1.29329044482594,"m"
"S03","2024-12-31T23:45:00Z","water_level",2.40396318574368,"m"
"S03","2024-12-31T23:50:00Z","water_level",1.88696346290105,"m"
"S03","2024-12-31T23:55:00Z","water_level",1.47829486079302,"m"
"S03","2025-01-01T00:00:00Z","water_level",3.57119785300033,"m"
"S03","2025-01-01T00:05:00Z","water_level",2.05877041628523,"m"
"S03","2025-01-01T00:10:00Z","water_level",4,"m"
"S03","2025-01-01T00:15:00Z","water_level",0.954506947364714,"m"
"S03","2025-01-01T00:20:00Z","water_level",1.80129539419043,"m"
"S03","2025-01-01T00:25:00Z","water_level",0.617939463820699,"m"
"S03","2025-01-01T00:30:00Z","water_level",1.37681669236218,"m"
"S03","2025-01-01T00:35:00Z","water_level",2.20234146212053,"m"
"S03","2025-01-01T00:40:00Z","water_level",0.387394509419552,"m"
"S03","2025-01-01T00:45:00Z","water_level",0.500060768059025,"m"
"S03","2025-01-01T00:50:00Z","water_level",0.613562685335581,"m"
"S03","2025-01-01T00:55:00Z","water_level",0.177137914076754,"m"
"S03","2025-01-01T01:00:00Z","water_level",1.91581132982869,"m"
"S03","2025-01-01T01:05:00Z","water_level",1.56925497770674,"m"
"S03","2025-01-01T01:10:00Z","water_level",0.433054161704538,"m"
"S03","2025-01-01T01:15:00Z","water_level",0.478397892734122,"m"
"S03","2025-01-01T01:20:00Z","water_level",0.185819593156906,"m"
"S03","2025-01-01T01:25:00Z","water_level",0.193470067667734,"m"
"S03","2025-01-01T01:30:00Z","water_level",1.00795668168069,"m"
"S03","2025-01-01T01:35:00Z","water_level",0.458679065941865,"m"
"S03","2025-01-01T01:40:00Z","water_level",0.505462275841655,"m"
"S03","2025-01-01T01:45:00Z","water_level",0.323174885105022,"m"
"S03","2025-01-01T01:50:00Z","water_level",0.241601617546481,"m"
"S03","2025-01-01T01:55:00Z","water_level",0.246547048247544,"m"
"S03","2025-01-01T02:00:00Z","water_level",0.590798554888245,"m"
"S03","2025-01-01T02:05:00Z","water_level",0.673255007703911,"m"
"S03","2025-01-01T02:10:00Z","water_level",0.0729142115545044,"m"
"S03","2025-01-01T02:15:00Z","water_level",0.193008468824591,"m"
"S03","2025-01-01T02:20:00Z","water_level",0.287122274160838,"m"
"S03","2025-01-01T02:25:00Z","water_level",0.640518789421028,"m"
"S03","2025-01-01T02:30:00Z","water_level",1.41404015333963,"m"
"S03","2025-01-01T02:35:00Z","water_level",1.27582283632239,"m"
"S03","2025-01-01T02:40:00Z","water_level",1.4258848729716,"m"
"S03","2025-01-01T02:45:00Z","water_level",0.689032431868742,"m"
"S03","2025-01-01T02:50:00Z","water_level",0.22680659592276,"m"
"S03","2025-01-01T02:55:00Z","water_level",0.238268022358412,"m"
"S03","2025-01-01T03:00:00Z","water_level",0.574296078037483,"m"
"S03","2025-01-01T03:05:00Z","water_level",0.263598424458872,"m"
"S03","2025-01-01T03:10:00Z","water_level",0.562248629585672,"m"
"S03","2025-01-01T03:15:00Z","water_level",0.371170196583028,"m"
"S03","2025-01-01T03:20:00Z","water_level",0.985184528794829,"m"
"S03","2025-01-01T03:25:00Z","water_level",0.931855120105898,"m"
"S03","2025-01-01T03:30:00Z","water_level",0.311261756390508,"m"
"S03","2025-01-01T03:35:00Z","water_level",0.414693885930481,"m"
"S03","2025-01-01T03:40:00Z","water_level",0.151293456992109,"m"
"S03","2025-01-01T03:45:00Z","water_level",0.216043116707416,"m"
"S03","2025-01-01T03:50:00Z","water_level",0.315630740627975,"m"
"S03","2025-01-01T03:55:00Z","water_level",1.1638625151252,"m"
"S03","2025-01-01T04:00:00Z","water_level",0.849970944413663,"m"
"S03","2025-01-01T04:05:00Z","water_level",0.15514566272102,"m"
"S03","2025-01-01T04:10:00Z","water_level",0.27505123380431,"m"
"S03","2025-01-01T04:15:00Z","water_level",0.166121460708174,"m"
"S03","2025-01-01T04:20:00Z","water_level",0.311403128876075,"m"
"S03","2025-01-01T04:25:00Z","water_level",0.0223491355969437,"m"
"S03","2025-01-01T04:30:00Z","water_level",0.65883170230071,"m"
"S03","2025-01-01T04:35:00Z","water_level",0.593548502157104,"m"
"S03","2025-01-01T04:40:00Z","water_level",0.588262578515041,"m"
"S03","2025-01-01T04:45:00Z","water_level",1.23939640643128,"m"
"S03","2025-01-01T04:50:00Z","water_level",0.441431855745151,"m"
"S03","2025-01-01T04:55:00Z","water_level",0.545499143319993,"m"
"S03","2025-01-01T05:00:00Z","water_level",0.77484864953851,"m"
"S03","2025-01-01T05:05:00Z","water_level",0.183729134522857,"m"
"S03","2025-01-01T05:10:00Z","water_level",0.135443402198417,"m"
"S03","2025-01-01T05:15:00Z","water_level",0.111255681280067,"m"
"S03","2025-01-01T05:20:00Z","water_level",0.282963488183457,"m"
"S03","2025-01-01T05:25:00Z","water_level",0.0969126059171727,"m"
"S03","2025-01-01T05:30:00Z","water_level",0.72444405443526,"m"
"S03","2025-01-01T05:35:00Z","water_level",0.918068475399604,"m"
"S03","2025-01-01T05:40:00Z","water_level",0.886443519819504,"m"
"S03","2025-01-01T05:45:00Z","water_level",0.433702059716826,"m"
"S03","2025-01-01T05:50:00Z","water_level",0.698651088239466,"m"
"S03","2025-01-01T05:55:00Z","water_level",0.593641847309407,"m"
"S03","2025-01-01T06:00:00Z","water_level",0.52627698987751,"m"
"S03","2025-01-01T06:05:00Z","water_level",0.723387871703962,"m"
"S03","2025-01-01T06:10:00Z","water_level",1.22895254491308,"m"
"S03","2025-01-01T06:15:00Z","water_level",0.119035213553706,"m"
"S03","2025-01-01T06:20:00Z","water_level",0.474029561839251,"m"
"S03","2025-01-01T06:25:00Z","water_level",0.259546149092256,"m"
"S03","2025-01-01T06:30:00Z","water_level",0.166759939099812,"m"
"S03","2025-01-01T06:35:00Z","water_level",0.218510766279593,"m"
"S03","2025-01-01T06:40:00Z","water_level",0.582290374234248,"m"
"S03","2025-01-01T06:45:00Z","water_level",0.369060807815893,"m"
"S03","2025-01-01T06:50:00Z","water_level",0.403510769999243,"m"
"S03","2025-01-01T06:55:00Z","water_level",0.120283051548721,"m"
"S03","2025-01-01T07:00:00Z","water_level",0.602192136843933,"m"
"S03","2025-01-01T07:05:00Z","water_level",0.0649779191846901,"m"
"S03","2025-01-01T07:10:00Z","water_level",0.397296817641239,"m"
"S03","2025-01-01T07:15:00Z","water_level",0.12063176276872,"m"
"S03","2025-01-01T07:20:00Z","water_level",0.202171658102018,"m"
"S03","2025-01-01T07:25:00Z","water_level",0.235713790482788,"m"
"S03","2025-01-01T07:30:00Z","water_level",0.421795765876334,"m"
"S03","2025-01-01T07:35:00Z","water_level",0.0504132286802598,"m"
"S03","2025-01-01T07:40:00Z","water_level",0.365288917046289,"m"
"S03","2025-01-01T07:45:00Z","water_level",0.155857864091456,"m"
"S03","2025-01-01T07:50:00Z","water_level",0.0729871843294433,"m"
"S03","2025-01-01T07:55:00Z","water_level",0.0886425448253249,"m"
"S03","2025-01-01T08:00:00Z","water_level",0.0965888019992603,"m"
"S03","2025-01-01T08:05:00Z","water_level",0.0684161246820482,"m"
"S03","2025-01-01T08:10:00Z","water_level",0.136717125146312,"m"
"S03","2025-01-01T08:15:00Z","water_level",0.57064843282442,"m"
"S03","2025-01-01T08:20:00Z","water_level",0.749953761652338,"m"
"S03","2025-01-01T08:25:00Z","water_level",0.230207499075326,"m"
"S03","2025-01-01T08:30:00Z","water_level",0.505988741485183,"m"
"S03","2025-01-01T08:35:00Z","water_level",0.206248346857664,"m"
"S03","2025-01-01T08:40:00Z","water_level",0.0276066455690509,"m"
"S03","2025-01-01T08:45:00Z","water_level",0.208744499743959,"m"
"S03","2025-01-01T08:50:00Z","water_level",0.0269083489621983,"m"
"S03","2025-01-01T08:55:00Z","water_level",0.0702772789480383,"m"
"S03","2025-01-01T09:00:00Z","water_level",0.0455912387221058,"m"
"S03","2025-01-01T09:05:00Z","water_level",0.0487296224894593,"m"
"S03","2025-01-01T09:10:00Z","water_level",0.187477474806794,"m"
"S03","2025-01-01T09:15:00Z","water_level",0.323907890325971,"m"
"S03","2025-01-01T09:20:00Z","water_level",1.29710284818432,"m"
"S03","2025-01-01T09:25:00Z","water_level",0.104779672190715,"m"
"S03","2025-01-01T09:30:00Z","water_level",0.439434485624718,"m"
"S03","2025-01-01T09:35:00Z","water_level",0.85428356385656,"m"
"S03","2025-01-01T09:40:00Z","water_level",1.27514988074914,"m"
"S03","2025-01-01T09:45:00Z","water_level",1.55567547406983,"m"
"S03","2025-01-01T09:50:00Z","water_level",0.0686403635960585,"m"
"S03","2025-01-01T09:55:00Z","water_level",0.244124878989655,"m"
"S03","2025-01-01T10:00:00Z","water_level",0.372766402514713,"m"
"S03","2025-01-01T10:05:00Z","water_level",0.473977113377532,"m"
"S03","2025-01-01T10:10:00Z","water_level",0.565982730722797,"m"
"S03","2025-01-01T10:15:00Z","water_level",1.25259884263399,"m"
"S03","2025-01-01T10:20:00Z","water_level",0.378044135275165,"m"
"S03","2025-01-01T10:25:00Z","water_level",0.800506984240825,"m"
"S03","2025-01-01T10:30:00Z","water_level",0.349632768879481,"m"
"S03","2025-01-01T10:35:00Z","water_level",0.463321356108634,"m"
"S03","2025-01-01T10:40:00Z","water_level",0.554984214389043,"m"
"S03","2025-01-01T10:45:00Z","water_level",0.310983131694038,"m"
"S03","2025-01-01T10:50:00Z","water_level",0.43603444019777,"m"
"S03","2025-01-01T10:55:00Z","water_level",1.28248442659549,"m"
"S03","2025-01-01T11:00:00Z","water_level",0.862455866389538,"m"
"S03","2025-01-01T11:05:00Z","water_level",1.40121306473132,"m"
"S03","2025-01-01T11:10:00Z","water_level",1.19220666669403,"m"
"S03","2025-01-01T11:15:00Z","water_level",1.55213733657311,"m"
"S03","2025-01-01T11:20:00Z","water_level",1.49256914382417,"m"
"S03","2025-01-01T11:25:00Z","water_level",1.79878653559022,"m"
"S03","2025-01-01T11:30:00Z","water_level",1.92251759372064,"m"
"S03","2025-01-01T11:35:00Z","water_level",0.439197650742929,"m"
"S03","2025-01-01T11:40:00Z","water_level",0.368608036160268,"m"
"S03","2025-01-01T11:45:00Z","water_level",1.5892020425022,"m"
"S03","2025-01-01T11:50:00Z","water_level",0.858745951009491,"m"
"S03","2025-01-01T11:55:00Z","water_level",0.271827531019463,"m"
"S03","2025-01-01T12:00:00Z","water_level",0.953072930912782,"m"
"S03","2025-01-01T12:05:00Z","water_level",1.01335895585371,"m"
"S03","2025-01-01T12:10:00Z","water_level",0.719383110694457,"m"
"S03","2025-01-01T12:15:00Z","water_level",0.570169300312613,"m"
"S03","2025-01-01T12:20:00Z","water_level",0.392746386526082,"m"
"S03","2025-01-01T12:25:00Z","water_level",1.31956601407017,"m"
"S03","2025-01-01T12:30:00Z","water_level",0.538260976844195,"m"
"S03","2025-01-01T12:35:00Z","water_level",0.49689149386439,"m"
"S03","2025-01-01T12:40:00Z","water_level",1.27279075858013,"m"
"S03","2025-01-01T12:45:00Z","water_level",1.59069991770321,"m"
"S03","2025-01-01T12:50:00Z","water_level",0.983749018756112,"m"
"S03","2025-01-01T12:55:00Z","water_level",0.853653709220446,"m"
"S03","2025-01-01T13:00:00Z","water_level",0.168054681041734,"m"
"S03","2025-01-01T13:05:00Z","water_level",1.08552850672493,"m"
"S03","2025-01-01T13:10:00Z","water_level",2.04081933512107,"m"
"S03","2025-01-01T13:15:00Z","water_level",1.71344800553419,"m"
"S03","2025-01-01T13:20:00Z","water_level",0.538700675833551,"m"
"S03","2025-01-01T13:25:00Z","water_level",0.853505112109192,"m"
"S03","2025-01-01T13:30:00Z","water_level",0.628038666792938,"m"
"S03","2025-01-01T13:35:00Z","water_level",0.692675687872844,"m"
"S03","2025-01-01T13:40:00Z","water_level",0.355849286979545,"m"
"S03","2025-01-01T13:45:00Z","water_level",0.756901077807953,"m"
"S03","2025-01-01T13:50:00Z","water_level",0.663096647655054,"m"
"S03","2025-01-01T13:55:00Z","water_level",0.922155840456655,"m"
"S03","2025-01-01T14:00:00Z","water_level",1.42837283037789,"m"
"S03","2025-01-01T14:05:00Z","water_level",1.20232653367373,"m"
"S03","2025-01-01T14:10:00Z","water_level",0.201832763031685,"m"
"S03","2025-01-01T14:15:00Z","water_level",0.640541284181386,"m"
"S03","2025-01-01T14:20:00Z","water_level",0.419142498644054,"m"
"S03","2025-01-01T14:25:00Z","water_level",1.44602847390852,"m"
"S03","2025-01-01T14:30:00Z","water_level",0.327123470192549,"m"
"S03","2025-01-01T14:35:00Z","water_level",0.428755340697134,"m"
"S03","2025-01-01T14:40:00Z","water_level",0.576363933822995,"m"
"S03","2025-01-01T14:45:00Z","water_level",0.416694559189298,"m"
"S03","2025-01-01T14:50:00Z","water_level",0.64045751207947,"m"
"S03","2025-01-01T14:55:00Z","water_level",0.191991052288779,"m"
"S03","2025-01-01T15:00:00Z","water_level",0.120547874448112,"m"
"S03","2025-01-01T15:05:00Z","water_level",0.350729710586374,"m"
"S03","2025-01-01T15:10:00Z","water_level",0.056113162568689,"m"
"S03","2025-01-01T15:15:00Z","water_level",0.218955571270745,"m"
"S03","2025-01-01T15:20:00Z","water_level",0.753147653059253,"m"
"S03","2025-01-01T15:25:00Z","water_level",0.192826171406378,"m"
"S03","2025-01-01T15:30:00Z","water_level",0.105018469037081,"m"
"S03","2025-01-01T15:35:00Z","water_level",0.271051968684446,"m"
"S03","2025-01-01T15:40:00Z","water_level",0.225304029746887,"m"
"S03","2025-01-01T15:45:00Z","water_level",0.839304256023994,"m"
"S03","2025-01-01T15:50:00Z","water_level",0.0984493329518243,"m"
"S03","2025-01-01T15:55:00Z","water_level",0.22246541756417,"m"
"S03","2025-01-01T16:00:00Z","water_level",0.482046244124755,"m"
"S03","2025-01-01T16:05:00Z","water_level",0.429360733451428,"m"
"S03","2025-01-01T16:10:00Z","water_level",1.24454750524181,"m"
"S03","2025-01-01T16:15:00Z","water_level",1.93959965832733,"m"
"S03","2025-01-01T16:20:00Z","water_level",1.29427806163452,"m"
"S03","2025-01-01T16:25:00Z","water_level",0.597209830276404,"m"
"S03","2025-01-01T16:30:00Z","water_level",0.597717637701379,"m"
"S03","2025-01-01T16:35:00Z","water_level",0.277944536203058,"m"
"S03","2025-01-01T16:40:00Z","water_level",0.378397642130819,"m"
"S03","2025-01-01T16:45:00Z","water_level",0.308368435610597,"m"
"S03","2025-01-01T16:50:00Z","water_level",0.209584094828072,"m"
"S03","2025-01-01T16:55:00Z","water_level",0.289829888193271,"m"
"S03","2025-01-01T17:00:00Z","water_level",0.413634547435969,"m"
"S03","2025-01-01T17:05:00Z","water_level",0.166986162157339,"m"
"S03","2025-01-01T17:10:00Z","water_level",0.0964950549415889,"m"
"S03","2025-01-01T17:15:00Z","water_level",0.064441175264958,"m"
"S03","2025-01-01T17:20:00Z","water_level",0.0213185633681407,"m"
"S03","2025-01-01T17:25:00Z","water_level",0.582620614605494,"m"
"S03","2025-01-01T17:30:00Z","water_level",0.476682579615042,"m"
"S03","2025-01-01T17:35:00Z","water_level",0.599228524634914,"m"
"S03","2025-01-01T17:40:00Z","water_level",0.267677774629691,"m"
"S03","2025-01-01T17:45:00Z","water_level",0.105397083644295,"m"
"S03","2025-01-01T17:50:00Z","water_level",0.218665622211998,"m"
"S03","2025-01-01T17:55:00Z","water_level",0.149230923905208,"m"
"S03","2025-01-01T18:00:00Z","water_level",0.259951609190898,"m"
"S03","2025-01-01T18:05:00Z","water_level",0.755022092082569,"m"
"S03","2025-01-01T18:10:00Z","water_level",0.523457908063043,"m"
"S03","2025-01-01T18:15:00Z","water_level",0.426135302700013,"m"
"S03","2025-01-01T18:20:00Z","water_level",0.0421237089151398,"m"
"S03","2025-01-01T18:25:00Z","water_level",0.0335372500595696,"m"
"S03","2025-01-01T18:30:00Z","water_level",0.0827256777759748,"m"
"S03","2025-01-01T18:35:00Z","water_level",0.0684303566712743,"m"
"S03","2025-01-01T18:40:00Z","water_level",0.123097974342793,"m"
"S03","2025-01-01T18:45:00Z","water_level",0.21456487361613,"m"
"S03","2025-01-01T18:50:00Z","water_level",0.370431602949573,"m"
"S03","2025-01-01T18:55:00Z","water_level",0.411587930966432,"m"
"S03","2025-01-01T19:00:00Z","water_level",1.23195176335904,"m"
"S03","2025-01-01T19:05:00Z","water_level",0.10915401412053,"m"
"S03","2025-01-01T19:10:00Z","water_level",0.459877089844527,"m"
"S03","2025-01-01T19:15:00Z","water_level",0.111675968509927,"m"
"S03","2025-01-01T19:20:00Z","water_level",0.0939731222083477,"m"
"S03","2025-01-01T19:25:00Z","water_level",0.259894327405574,"m"
"S03","2025-01-01T19:30:00Z","water_level",0.861459000172523,"m"
"S03","2025-01-01T19:35:00Z","water_level",1.36377659494484,"m"
"S03","2025-01-01T19:40:00Z","water_level",2.47896590942432,"m"
"S03","2025-01-01T19:45:00Z","water_level",2.27882539854144,"m"
"S03","2025-01-01T19:50:00Z","water_level",0.732719112607762,"m"
"S03","2025-01-01T19:55:00Z","water_level",0.648823030233297,"m"
"S03","2025-01-01T20:00:00Z","water_level",1.06160870880852,"m"
"S03","2025-01-01T20:05:00Z","water_level",0.350914713421711,"m"
"S03","2025-01-01T20:10:00Z","water_level",0.208994512868917,"m"
"S03","2025-01-01T20:15:00Z","water_level",0.294405309586802,"m"
"S03","2025-01-01T20:20:00Z","water_level",0.285809047387051,"m"
"S03","2025-01-01T20:25:00Z","water_level",1.11327780260949,"m"
"S03","2025-01-01T20:30:00Z","water_level",0.45288957219898,"m"
"S03","2025-01-01T20:35:00Z","water_level",0.033153801013737,"m"
"S03","2025-01-01T20:40:00Z","water_level",0.105022532183051,"m"
"S03","2025-01-01T20:45:00Z","water_level",0.345281093342061,"m"
"S03","2025-01-01T20:50:00Z","water_level",0.328106506983487,"m"
"S03","2025-01-01T20:55:00Z","water_level",0.466303335750301,"m"
"S03","2025-01-01T21:00:00Z","water_level",0.416099854708493,"m"
"S03","2025-01-01T21:05:00Z","water_level",1.46712955461223,"m"
"S03","2025-01-01T21:10:00Z","water_level",2.33187232028773,"m"
"S03","2025-01-01T21:15:00Z","water_level",0.502831928814428,"m"
"S03","2025-01-01T21:20:00Z","water_level",0.670214804052221,"m"
"S03","2025-01-01T21:25:00Z","water_level",1.53341762799655,"m"
"S03","2025-01-01T21:30:00Z","water_level",0.712914088856681,"m"
"S03","2025-01-01T21:35:00Z","water_level",0.377711029360327,"m"
"S03","2025-01-01T21:40:00Z","water_level",0.448956281335834,"m"
"S03","2025-01-01T21:45:00Z","water_level",0.828053148732893,"m"
"S03","2025-01-01T21:50:00Z","water_level",2.37150362412433,"m"
"S03","2025-01-01T21:55:00Z","water_level",0.132764346396106,"m"
"S03","2025-01-01T22:00:00Z","water_level",0.475216016223074,"m"
"S03","2025-01-01T22:05:00Z","water_level",0.164735502864819,"m"
"S03","2025-01-01T22:10:00Z","water_level",0.512594448894162,"m"
"S03","2025-01-01T22:15:00Z","water_level",0.544432699236147,"m"
"S03","2025-01-01T22:20:00Z","water_level",0.494416516343438,"m"
"S03","2025-01-01T22:25:00Z","water_level",0.554000352370419,"m"
"S03","2025-01-01T22:30:00Z","water_level",0.296866996748642,"m"
"S03","2025-01-01T22:35:00Z","water_level",0.649209287829327,"m"
"S03","2025-01-01T22:40:00Z","water_level",0.161337588547158,"m"
"S03","2025-01-01T22:45:00Z","water_level",0.240187075096893,"m"
"S03","2025-01-01T22:50:00Z","water_level",0.306571758439172,"m"
"S03","2025-01-01T22:55:00Z","water_level",0.180949317891566,"m"
"S03","2025-01-01T23:00:00Z","water_level",0.0799348967926838,"m"
"S03","2025-01-01T23:05:00Z","water_level",0.301501832546397,"m"
"S03","2025-01-01T23:10:00Z","water_level",0.327527562677799,"m"
"S03","2025-01-01T23:15:00Z","water_level",0.0919570373728175,"m"
"S03","2025-01-01T23:20:00Z","water_level",0.247213292315445,"m"
"S03","2025-01-01T23:25:00Z","water_level",0.809050892788557,"m"
"S03","2025-01-01T23:30:00Z","water_level",1.0088149848709,"m"
"S03","2025-01-01T23:35:00Z","water_level",1.03813871919641,"m"
"S03","2025-01-01T23:40:00Z","water_level",0.199652926493275,"m"
"S03","2025-01-01T23:45:00Z","water_level",0.38912420665463,"m"
"S03","2025-01-01T23:50:00Z","water_level",0.0864255639911175,"m"
"S03","2025-01-01T23:55:00Z","water_level",0.0637660988615792,"m"
"S03","2025-01-02T00:00:00Z","water_level",0.156397863084741,"m"
"S03","2025-01-02T00:05:00Z","water_level",0.16445138603084,"m"
"S03","2025-01-02T00:10:00Z","water_level",0.357227487763415,"m"
"S03","2025-01-02T00:15:00Z","water_level",0.101173717203171,"m"
"S03","2025-01-02T00:20:00Z","water_level",0.429415083799505,"m"
"S03","2025-01-02T00:25:00Z","water_level",0.261561357735152,"m"
"S03","2025-01-02T00:30:00Z","water_level",0.0527493417300663,"m"
"S03","2025-01-02T00:35:00Z","water_level",0.0102347542535901,"m"
"S03","2025-01-02T00:40:00Z","water_level",0.0281390674149228,"m"
"S03","2025-01-02T00:45:00Z","water_level",0.0154384853543356,"m"
"S03","2025-01-02T00:50:00Z","water_level",0.115778587959679,"m"
"S03","2025-01-02T00:55:00Z","water_level",0.201639925103209,"m"
"S03","2025-01-02T01:00:00Z","water_level",0.0331218444424048,"m"
"S03","2025-01-02T01:05:00Z","water_level",0.229648333654207,"m"
"S03","2025-01-02T01:10:00Z","water_level",0.0397016446902489,"m"
"S03","2025-01-02T01:15:00Z","water_level",0.160394332415486,"m"
"S03","2025-01-02T01:20:00Z","water_level",0.418409580775075,"m"
"S03","2025-01-02T01:25:00Z","water_level",0.200627166409311,"m"
"S03","2025-01-02T01:30:00Z","water_level",1.1313951699513,"m"
"S03","2025-01-02T01:35:00Z","water_level",0.29300415191221,"m"
"S03","2025-01-02T01:40:00Z","water_level",0.855411727291685,"m"
"S03","2025-01-02T01:45:00Z","water_level",1.31519780907054,"m"
"S03","2025-01-02T01:50:00Z","water_level",0.164780967009967,"m"
"S03","2025-01-02T01:55:00Z","water_level",0.394423969602801,"m"
"S03","2025-01-02T02:00:00Z","water_level",0.212590371029262,"m"
"S03","2025-01-02T02:05:00Z","water_level",0.0873938576654982,"m"
"S03","2025-01-02T02:10:00Z","water_level",0.438967768013524,"m"
"S03","2025-01-02T02:15:00Z","water_level",0.109935549215309,"m"
"S03","2025-01-02T02:20:00Z","water_level",1.17817512822891,"m"
"S03","2025-01-02T02:25:00Z","water_level",1.21784649986015,"m"
"S03","2025-01-02T02:30:00Z","water_level",1.63420406663702,"m"
"S03","2025-01-02T02:35:00Z","water_level",0.956535645824299,"m"
"S03","2025-01-02T02:40:00Z","water_level",2.34450336328505,"m"
"S03","2025-01-02T02:45:00Z","water_level",1.22943482852839,"m"
"S03","2025-01-02T02:50:00Z","water_level",0.113655806432788,"m"
"S03","2025-01-02T02:55:00Z","water_level",0.2135933696331,"m"
"S03","2025-01-02T03:00:00Z","water_level",0.120246197574764,"m"
"S03","2025-01-02T03:05:00Z","water_level",0.0975431548945565,"m"
"S03","2025-01-02T03:10:00Z","water_level",0.0965029301630261,"m"
"S03","2025-01-02T03:15:00Z","water_level",0.120009235453907,"m"
"S03","2025-01-02T03:20:00Z","water_level",0.128297359211289,"m"
"S03","2025-01-02T03:25:00Z","water_level",0.293828053529982,"m"
"S03","2025-01-02T03:30:00Z","water_level",0.180157261045771,"m"
"S03","2025-01-02T03:35:00Z","water_level",0.138845557203074,"m"
"S03","2025-01-02T03:40:00Z","water_level",0.511052083229683,"m"
"S03","2025-01-02T03:45:00Z","water_level",1.45858949018195,"m"
"S03","2025-01-02T03:50:00Z","water_level",0.680498884027577,"m"
"S03","2025-01-02T03:55:00Z","water_level",0.411289612086881,"m"
"S03","2025-01-02T04:00:00Z","water_level",0.70775886730715,"m"
"S03","2025-01-02T04:05:00Z","water_level",0.18290351608932,"m"
"S03","2025-01-02T04:10:00Z","water_level",0.906635317422256,"m"
"S03","2025-01-02T04:15:00Z","water_level",2.27227369847835,"m"
"S03","2025-01-02T04:20:00Z","water_level",0.675354257859346,"m"
"S03","2025-01-02T04:25:00Z","water_level",0.344690332306936,"m"
"S03","2025-01-02T04:30:00Z","water_level",0.677678770684108,"m"
"S03","2025-01-02T04:35:00Z","water_level",1.11339810877445,"m"
"S03","2025-01-02T04:40:00Z","water_level",0.60470813652961,"m"
"S03","2025-01-02T04:45:00Z","water_level",0.285002716539648,"m"
"S03","2025-01-02T04:50:00Z","water_level",0.0671006118109512,"m"
"S03","2025-01-02T04:55:00Z","water_level",0.495851696565282,"m"
"S03","2025-01-02T05:00:00Z","water_level",0.169357837880218,"m"
"S03","2025-01-02T05:05:00Z","water_level",0.584146465817947,"m"
"S03","2025-01-02T05:10:00Z","water_level",1.01251469690722,"m"
"S03","2025-01-02T05:15:00Z","water_level",1.77120365387811,"m"
"S03","2025-01-02T05:20:00Z","water_level",0.728425888946463,"m"
"S03","2025-01-02T05:25:00Z","water_level",0.845796335210407,"m"
"S03","2025-01-02T05:30:00Z","water_level",0.59912115645987,"m"
"S03","2025-01-02T05:35:00Z","water_level",0.361051374555923,"m"
"S03","2025-01-02T05:40:00Z","water_level",0.550391488503985,"m"
"S03","2025-01-02T05:45:00Z","water_level",1.49082468526637,"m"
"S03","2025-01-02T05:50:00Z","water_level",0.625476684428027,"m"
"S03","2025-01-02T05:55:00Z","water_level",0.360471544947099,"m"
"S03","2025-01-02T06:00:00Z","water_level",0.221331731173742,"m"
"S03","2025-01-02T06:05:00Z","water_level",0.979345302238827,"m"
"S03","2025-01-02T06:10:00Z","water_level",0.770736123808524,"m"
"S03","2025-01-02T06:15:00Z","water_level",1.07759583680653,"m"
"S03","2025-01-02T06:20:00Z","water_level",0.449697330782575,"m"
"S03","2025-01-02T06:25:00Z","water_level",0.275551943370277,"m"
"S03","2025-01-02T06:30:00Z","water_level",0.2752631776172,"m"
"S03","2025-01-02T06:35:00Z","water_level",0.333894091648469,"m"
"S03","2025-01-02T06:40:00Z","water_level",0.283679230356586,"m"
"S03","2025-01-02T06:45:00Z","water_level",0.283572884917362,"m"
"S03","2025-01-02T06:50:00Z","water_level",0.0315309222337428,"m"
"S03","2025-01-02T06:55:00Z","water_level",0.383352236426875,"m"
"S03","2025-01-02T07:00:00Z","water_level",0.289700941247107,"m"
"S03","2025-01-02T07:05:00Z","water_level",0.109416130851613,"m"
"S03","2025-01-02T07:10:00Z","water_level",0.134649560129063,"m"
"S03","2025-01-02T07:15:00Z","water_level",0.0451548422736695,"m"
"S03","2025-01-02T07:20:00Z","water_level",0.308989159100119,"m"
"S03","2025-01-02T07:25:00Z","water_level",1.01385543043531,"m"
"S03","2025-01-02T07:30:00Z","water_level",0.671006397293156,"m"
"S03","2025-01-02T07:35:00Z","water_level",0.577445925344516,"m"
"S03","2025-01-02T07:40:00Z","water_level",0.614907568235946,"m"
"S03","2025-01-02T07:45:00Z","water_level",0.170567659500185,"m"
"S03","2025-01-02T07:50:00Z","water_level",1.30331044922648,"m"
"S03","2025-01-02T07:55:00Z","water_level",0.874094764946906,"m"
"S03","2025-01-02T08:00:00Z","water_level",0.362306047552507,"m"
"S03","2025-01-02T08:05:00Z","water_level",0.462750693830183,"m"
"S03","2025-01-02T08:10:00Z","water_level",0.246215312749712,"m"
"S03","2025-01-02T08:15:00Z","water_level",0.180062130123927,"m"
"S03","2025-01-02T08:20:00Z","water_level",0.258098273703188,"m"
"S03","2025-01-02T08:25:00Z","water_level",0.911702023053397,"m"
"S03","2025-01-02T08:30:00Z","water_level",0.697007035610315,"m"
"S03","2025-01-02T08:35:00Z","water_level",0.652993940279976,"m"
"S03","2025-01-02T08:40:00Z","water_level",0.0446335164516217,"m"
"S03","2025-01-02T08:45:00Z","water_level",0.0362977388955802,"m"
"S03","2025-01-02T08:50:00Z","water_level",0.0447715943829305,"m"
"S03","2025-01-02T08:55:00Z","water_level",0.0463369763716988,"m"
"S03","2025-01-02T09:00:00Z","water_level",0.212238337110104,"m"
"S03","2025-01-02T09:05:00Z","water_level",0.229195371294726,"m"
"S03","2025-01-02T09:10:00Z","water_level",0.828453005563387,"m"
"S03","2025-01-02T09:15:00Z","water_level",0.32319720485909,"m"
"S03","2025-01-02T09:20:00Z","water_level",0.609226634467118,"m"
"S03","2025-01-02T09:25:00Z","water_level",0.856949863951718,"m"
"S03","2025-01-02T09:30:00Z","water_level",0.30567152961928,"m"
"S03","2025-01-02T09:35:00Z","water_level",0.0784701372798822,"m"
"S03","2025-01-02T09:40:00Z","water_level",0.300940919947467,"m"
"S03","2025-01-02T09:45:00Z","water_level",0.233569427559356,"m"
"S03","2025-01-02T09:50:00Z","water_level",0.0189465563628208,"m"
"S03","2025-01-02T09:55:00Z","water_level",0.166412438136588,"m"
"S03","2025-01-02T10:00:00Z","water_level",0.0396569106654645,"m"
"S03","2025-01-02T10:05:00Z","water_level",0.206722421769397,"m"
"S03","2025-01-02T10:10:00Z","water_level",0.186687958699658,"m"
"S03","2025-01-02T10:15:00Z","water_level",0.135677887627632,"m"
"S03","2025-01-02T10:20:00Z","water_level",0.0309148071197408,"m"
"S03","2025-01-02T10:25:00Z","water_level",0.0566303244298062,"m"
"S03","2025-01-02T10:30:00Z","water_level",0.507457421222389,"m"
"S03","2025-01-02T10:35:00Z","water_level",0.539461146430643,"m"
"S03","2025-01-02T10:40:00Z","water_level",1.15012949128604,"m"
"S03","2025-01-02T10:45:00Z","water_level",0.999840629726487,"m"
"S03","2025-01-02T10:50:00Z","water_level",1.36343198458577,"m"
"S03","2025-01-02T10:55:00Z","water_level",1.38838549357654,"m"
"S03","2025-01-02T11:00:00Z","water_level",0.751905675539469,"m"
"S03","2025-01-02T11:05:00Z","water_level",0.379929111569463,"m"
"S03","2025-01-02T11:10:00Z","water_level",0.164903608069965,"m"
"S03","2025-01-02T11:15:00Z","water_level",0.197213649980121,"m"
"S03","2025-01-02T11:20:00Z","water_level",0.187026388903474,"m"
"S03","2025-01-02T11:25:00Z","water_level",0.184422830099413,"m"
"S03","2025-01-02T11:30:00Z","water_level",0.544512291679519,"m"
"S03","2025-01-02T11:35:00Z","water_level",0.500537810394733,"m"
"S03","2025-01-02T11:40:00Z","water_level",1.07782572733943,"m"
"S03","2025-01-02T11:45:00Z","water_level",0.662329385378547,"m"
"S03","2025-01-02T11:50:00Z","water_level",0.923260067575336,"m"
"S03","2025-01-02T11:55:00Z","water_level",0.270646920526638,"m"
"S03","2025-01-02T12:00:00Z","water_level",0.811916159533927,"m"
"S03","2025-01-02T12:05:00Z","water_level",0.417989879202978,"m"
"S03","2025-01-02T12:10:00Z","water_level",0.152334417825506,"m"
"S03","2025-01-02T12:15:00Z","water_level",0.109910760126839,"m"
"S03","2025-01-02T12:20:00Z","water_level",0.0258238447977311,"m"
"S03","2025-01-02T12:25:00Z","water_level",0.139201172613627,"m"
"S03","2025-01-02T12:30:00Z","water_level",0.0121856796930484,"m"
"S03","2025-01-02T12:35:00Z","water_level",0.173231495806407,"m"
"S03","2025-01-02T12:40:00Z","water_level",0.165600892850077,"m"
"S03","2025-01-02T12:45:00Z","water_level",0.224608504949818,"m"
"S03","2025-01-02T12:50:00Z","water_level",0.0664468376200724,"m"
"S03","2025-01-02T12:55:00Z","water_level",0.251005948868149,"m"
"S03","2025-01-02T13:00:00Z","water_level",0.412542266718751,"m"
"S03","2025-01-02T13:05:00Z","water_level",0.15885573793417,"m"
"S03","2025-01-02T13:10:00Z","water_level",0.281889578187184,"m"
"S03","2025-01-02T13:15:00Z","water_level",1.40738256333409,"m"
"S03","2025-01-02T13:20:00Z","water_level",2.00554650492544,"m"
"S03","2025-01-02T13:25:00Z","water_level",2.86992906336839,"m"
"S03","2025-01-02T13:30:00Z","water_level",0.901992109309392,"m"
"S03","2025-01-02T13:35:00Z","water_level",1.36779899447664,"m"
"S03","2025-01-02T13:40:00Z","water_level",0.666480017538448,"m"
"S03","2025-01-02T13:45:00Z","water_level",0.065888735933733,"m"
"S03","2025-01-02T13:50:00Z","water_level",0.816933623429278,"m"
"S03","2025-01-02T13:55:00Z","water_level",0.569040605943359,"m"
"S03","2025-01-02T14:00:00Z","water_level",0.443592494782407,"m"
"S03","2025-01-02T14:05:00Z","water_level",0.678521914693047,"m"
"S03","2025-01-02T14:10:00Z","water_level",1.15724044384583,"m"
"S03","2025-01-02T14:15:00Z","water_level",0.553861106311537,"m"
"S03","2025-01-02T14:20:00Z","water_level",0.408901543361143,"m"
"S03","2025-01-02T14:25:00Z","water_level",0.354573253595246,"m"
"S03","2025-01-02T14:30:00Z","water_level",0.238078755774006,"m"
"S03","2025-01-02T14:35:00Z","water_level",0.357683958415756,"m"
"S03","2025-01-02T14:40:00Z","water_level",0.653706853998473,"m"
"S03","2025-01-02T14:45:00Z","water_level",0.742214440605704,"m"
"S03","2025-01-02T14:50:00Z","water_level",1.53250521991951,"m"
"S03","2025-01-02T14:55:00Z","water_level",0.883805491572534,"m"
"S03","2025-01-02T15:00:00Z","water_level",0.392357800770209,"m"
"S03","2025-01-02T15:05:00Z","water_level",1.46342974557475,"m"
"S03","2025-01-02T15:10:00Z","water_level",0.504937559260967,"m"
"S03","2025-01-02T15:15:00Z","water_level",0.0583496473358109,"m"
"S03","2025-01-02T15:20:00Z","water_level",0.0284622980743821,"m"
"S03","2025-01-02T15:25:00Z","water_level",0.369882314622426,"m"
"S03","2025-01-02T15:30:00Z","water_level",0.297596069651057,"m"
"S03","2025-01-02T15:35:00Z","water_level",0.69121303965634,"m"
"S03","2025-01-02T15:40:00Z","water_level",0.157101106079806,"m"
"S03","2025-01-02T15:45:00Z","water_level",0.276206373453559,"m"
"S03","2025-01-02T15:50:00Z","water_level",0.855316428615238,"m"
"S03","2025-01-02T15:55:00Z","water_level",0.951207313464033,"m"
"S03","2025-01-02T16:00:00Z","water_level",0.431128063195229,"m"
"S03","2025-01-02T16:05:00Z","water_level",0.582899961251416,"m"
"S03","2025-01-02T16:10:00Z","water_level",0.573666477076778,"m"
"S03","2025-01-02T16:15:00Z","water_level",0.649306726767819,"m"
"S03","2025-01-02T16:20:00Z","water_level",0.231696200938524,"m"
"S03","2025-01-02T16:25:00Z","water_level",0.990984138120075,"m"
"S03","2025-01-02T16:30:00Z","water_level",0.470703361293749,"m"
"S03","2025-01-02T16:35:00Z","water_level",0.820346305540332,"m"
"S03","2025-01-02T16:40:00Z","water_level",0.100554697366606,"m"
"S03","2025-01-02T16:45:00Z","water_level",0.566263673221599,"m"
"S03","2025-01-02T16:50:00Z","water_level",0.765737000154656,"m"
"S03","2025-01-02T16:55:00Z","water_level",0.320962147428539,"m"
"S03","2025-01-02T17:00:00Z","water_level",0.271515856326738,"m"
"S03","2025-01-02T17:05:00Z","water_level",0.00734906999388171,"m"
"S03","2025-01-02T17:10:00Z","water_level",0.325071379092836,"m"
"S03","2025-01-02T17:15:00Z","water_level",0.912001203634688,"m"
"S03","2025-01-02T17:20:00Z","water_level",2.14026458787662,"m"
"S03","2025-01-02T17:25:00Z","water_level",0.937221499447212,"m"
"S03","2025-01-02T17:30:00Z","water_level",0.237122817357438,"m"
"S03","2025-01-02T17:35:00Z","water_level",0.184319741903151,"m"
"S03","2025-01-02T17:40:00Z","water_level",0.0732423059833683,"m"
"S03","2025-01-02T17:45:00Z","water_level",0.387760975469619,"m"
"S03","2025-01-02T17:50:00Z","water_level",0.131928843307611,"m"
"S03","2025-01-02T17:55:00Z","water_level",0.901076894480474,"m"
"S03","2025-01-02T18:00:00Z","water_level",0.265144532491993,"m"
"S03","2025-01-02T18:05:00Z","water_level",0.530305842136366,"m"
"S03","2025-01-02T18:10:00Z","water_level",0.288056645690964,"m"
"S03","2025-01-02T18:15:00Z","water_level",0.724650405350277,"m"
"S03","2025-01-02T18:20:00Z","water_level",0.714551237700796,"m"
"S03","2025-01-02T18:25:00Z","water_level",0.0761176560729324,"m"
"S03","2025-01-02T18:30:00Z","water_level",0.473180362462601,"m"
"S03","2025-01-02T18:35:00Z","water_level",0.5457276995186,"m"
"S03","2025-01-02T18:40:00Z","water_level",0.892018019109754,"m"
"S03","2025-01-02T18:45:00Z","water_level",0.938074453257981,"m"
"S03","2025-01-02T18:50:00Z","water_level",0.116864152307595,"m"
"S03","2025-01-02T18:55:00Z","water_level",0.168199765760539,"m"
"S03","2025-01-02T19:00:00Z","water_level",0.310708023311408,"m"
"S03","2025-01-02T19:05:00Z","water_level",0.516195965355161,"m"
"S03","2025-01-02T19:10:00Z","water_level",0.414752608438919,"m"
"S03","2025-01-02T19:15:00Z","water_level",0.0246561329378221,"m"
"S03","2025-01-02T19:20:00Z","water_level",0.32488505044847,"m"
"S03","2025-01-02T19:25:00Z","water_level",0.633585746233708,"m"
"S03","2025-01-02T19:30:00Z","water_level",0.341871137797721,"m"
"S03","2025-01-02T19:35:00Z","water_level",0.0492761118729819,"m"
"S03","2025-01-02T19:40:00Z","water_level",0.80478767431386,"m"
"S03","2025-01-02T19:45:00Z","water_level",0.605967898001024,"m"
"S03","2025-01-02T19:50:00Z","water_level",1.28843507544337,"m"
"S03","2025-01-02T19:55:00Z","water_level",0.0392601072064349,"m"
"S03","2025-01-02T20:00:00Z","water_level",0.140417772713405,"m"
"S03","2025-01-02T20:05:00Z","water_level",0.416770912083942,"m"
"S03","2025-01-02T20:10:00Z","water_level",0.678429784285813,"m"
"S03","2025-01-02T20:15:00Z","water_level",0.6465586917452,"m"
"S03","2025-01-02T20:20:00Z","water_level",0.0237007162637433,"m"
"S03","2025-01-02T20:25:00Z","water_level",0.144309369649633,"m"
"S03","2025-01-02T20:30:00Z","water_level",0.0239841964717514,"m"
"S03","2025-01-02T20:35:00Z","water_level",0.252430779482958,"m"
"S03","2025-01-02T20:40:00Z","water_level",0.0318628585591167,"m"
"S03","2025-01-02T20:45:00Z","water_level",0.695801949476019,"m"
"S03","2025-01-02T20:50:00Z","water_level",0.0507755102863059,"m"
"S03","2025-01-02T20:55:00Z","water_level",0.20236643640239,"m"
"S03","2025-01-02T21:00:00Z","water_level",0.0627392377609406,"m"
"S03","2025-01-02T21:05:00Z","water_level",0.461176420337794,"m"
"S03","2025-01-02T21:10:00Z","water_level",0.824964891303305,"m"
"S03","2025-01-02T21:15:00Z","water_level",0.715784562530738,"m"
"S03","2025-01-02T21:20:00Z","water_level",0.481369888473677,"m"
"S03","2025-01-02T21:25:00Z","water_level",1.10984400473145,"m"
"S03","2025-01-02T21:30:00Z","water_level",2.36979563223002,"m"
"S03","2025-01-02T21:35:00Z","water_level",1.59021879550738,"m"
"S03","2025-01-02T21:40:00Z","water_level",2.27480402938543,"m"
"S03","2025-01-02T21:45:00Z","water_level",1.32009504964857,"m"
"S03","2025-01-02T21:50:00Z","water_level",3.32683488370824,"m"
"S03","2025-01-02T21:55:00Z","water_level",1.90978433810708,"m"
"S03","2025-01-02T22:00:00Z","water_level",1.76130019446409,"m"
"S03","2025-01-02T22:05:00Z","water_level",1.32073942255536,"m"
"S03","2025-01-02T22:10:00Z","water_level",1.7744673190557,"m"
"S03","2025-01-02T22:15:00Z","water_level",1.41635830140786,"m"
"S03","2025-01-02T22:20:00Z","water_level",1.41280258878472,"m"
"S03","2025-01-02T22:25:00Z","water_level",2.22126231256223,"m"
"S03","2025-01-02T22:30:00Z","water_level",2.87006135263029,"m"
"S03","2025-01-02T22:35:00Z","water_level",2.62030839865269,"m"
"S03","2025-01-02T22:40:00Z","water_level",2.32528622846579,"m"
"S03","2025-01-02T22:45:00Z","water_level",1.60776754609379,"m"
"S03","2025-01-02T22:50:00Z","water_level",0.416134984540155,"m"
"S03","2025-01-02T22:55:00Z","water_level",0.672465713401436,"m"
"S03","2025-01-02T23:00:00Z","water_level",0.181806327454636,"m"
"S03","2025-01-02T23:05:00Z","water_level",0.411524315717672,"m"
"S03","2025-01-02T23:10:00Z","water_level",0.355486438641942,"m"
"S03","2025-01-02T23:15:00Z","water_level",0.0402863276924208,"m"
"S03","2025-01-02T23:20:00Z","water_level",0.873155378285037,"m"
"S03","2025-01-02T23:25:00Z","water_level",0.131939587449578,"m"
"S03","2025-01-02T23:30:00Z","water_level",0.306075154714843,"m"
"S03","2025-01-02T23:35:00Z","water_level",0.335938381365988,"m"
"S03","2025-01-02T23:40:00Z","water_level",0.962246561964925,"m"
"S03","2025-01-02T23:45:00Z","water_level",0.851370774175817,"m"
"S03","2025-01-02T23:50:00Z","water_level",0.665133914606733,"m"
"S03","2025-01-02T23:55:00Z","water_level",0.696607640537914,"m"
"S03","2025-01-03T00:00:00Z","water_level",1.91194060218486,"m"
"S03","2025-01-03T00:05:00Z","water_level",1.065442891793,"m"
"S03","2025-01-03T00:10:00Z","water_level",1.14066124703005,"m"
"S03","2025-01-03T00:15:00Z","water_level",1.1712662734399,"m"
"S03","2025-01-03T00:20:00Z","water_level",1.44366871877856,"m"
"S03","2025-01-03T00:25:00Z","water_level",0.62532540176436,"m"
"S03","2025-01-03T00:30:00Z","water_level",1.24613375617742,"m"
"S03","2025-01-03T00:35:00Z","water_level",0.3615793663881,"m"
"S03","2025-01-03T00:40:00Z","water_level",0.15700804432071,"m"
"S03","2025-01-03T00:45:00Z","water_level",0.551230152142254,"m"
"S03","2025-01-03T00:50:00Z","water_level",1.18976203004581,"m"
"S03","2025-01-03T00:55:00Z","water_level",0.73609385346888,"m"
"S03","2025-01-03T01:00:00Z","water_level",0.844849267118262,"m"
"S03","2025-01-03T01:05:00Z","water_level",0.430819963685161,"m"
"S03","2025-01-03T01:10:00Z","water_level",0.611531591708904,"m"
"S03","2025-01-03T01:15:00Z","water_level",0.249133879694636,"m"
"S03","2025-01-03T01:20:00Z","water_level",0.446326102544566,"m"
"S03","2025-01-03T01:25:00Z","water_level",0.399241536848138,"m"
"S03","2025-01-03T01:30:00Z","water_level",0.142984196237279,"m"
"S03","2025-01-03T01:35:00Z","water_level",0.537203047018324,"m"
"S03","2025-01-03T01:40:00Z","water_level",1.08133418595314,"m"
"S03","2025-01-03T01:45:00Z","water_level",0.553599799958522,"m"
"S03","2025-01-03T01:50:00Z","water_level",0.0490628541509245,"m"
"S03","2025-01-03T01:55:00Z","water_level",0,"m"
"S03","2025-01-03T02:00:00Z","water_level",0.342562964672618,"m"
"S03","2025-01-03T02:05:00Z","water_level",0.0571352218605392,"m"
"S03","2025-01-03T02:10:00Z","water_level",0.118141106713262,"m"
"S03","2025-01-03T02:15:00Z","water_level",0.0867564451390019,"m"
"S03","2025-01-03T02:20:00Z","water_level",0.514802703880773,"m"
"S03","2025-01-03T02:25:00Z","water_level",0.218484901455021,"m"
"S03","2025-01-03T02:30:00Z","water_level",1.00579171550492,"m"
"S03","2025-01-03T02:35:00Z","water_level",1.24388309142551,"m"
"S03","2025-01-03T02:40:00Z","water_level",0.714176361892733,"m"
"S03","2025-01-03T02:45:00Z","water_level",0.486596557406634,"m"
"S03","2025-01-03T02:50:00Z","water_level",0.447940038977726,"m"
"S03","2025-01-03T02:55:00Z","water_level",0.181943949753251,"m"
"S03","2025-01-03T03:00:00Z","water_level",0.394839071661521,"m"
"S03","2025-01-03T03:05:00Z","water_level",1.24315221702281,"m"
"S03","2025-01-03T03:10:00Z","water_level",1.33851185027662,"m"
"S03","2025-01-03T03:15:00Z","water_level",0.0841786879299059,"m"
"S03","2025-01-03T03:20:00Z","water_level",0.00773344985639675,"m"
"S03","2025-01-03T03:25:00Z","water_level",0.0173082923251447,"m"
"S03","2025-01-03T03:30:00Z","water_level",0.036185419274461,"m"
"S03","2025-01-03T03:35:00Z","water_level",0.0909131820478501,"m"
"S03","2025-01-03T03:40:00Z","water_level",0.164433732140099,"m"
"S03","2025-01-03T03:45:00Z","water_level",0.460177977377185,"m"
"S03","2025-01-03T03:50:00Z","water_level",0.864047348175276,"m"
"S03","2025-01-03T03:55:00Z","water_level",0.923839934404128,"m"
"S03","2025-01-03T04:00:00Z","water_level",0.245299107815627,"m"
"S03","2025-01-03T04:05:00Z","water_level",0.0171048050559559,"m"
"S03","2025-01-03T04:10:00Z","water_level",0.0366559519748654,"m"
"S03","2025-01-03T04:15:00Z","water_level",0.348033620445639,"m"
"S03","2025-01-03T04:20:00Z","water_level",0.40867829781336,"m"
"S03","2025-01-03T04:25:00Z","water_level",0.0387600049078206,"m"
"S03","2025-01-03T04:30:00Z","water_level",0.0178625644194288,"m"
"S03","2025-01-03T04:35:00Z","water_level",0.0645152613395582,"m"
"S03","2025-01-03T04:40:00Z","water_level",0.162456248984749,"m"
"S03","2025-01-03T04:45:00Z","water_level",0.0982156328053837,"m"
"S03","2025-01-03T04:50:00Z","water_level",0.0606115970952073,"m"
"S03","2025-01-03T04:55:00Z","water_level",0.125734906032778,"m"
"S03","2025-01-03T05:00:00Z","water_level",0.014075268572667,"m"
"S03","2025-01-03T05:05:00Z","water_level",0.0595024307773953,"m"
"S03","2025-01-03T05:10:00Z","water_level",0.0463586524377509,"m"
"S03","2025-01-03T05:15:00Z","water_level",0.0163690330313758,"m"
"S03","2025-01-03T05:20:00Z","water_level",0.400758942691718,"m"
"S03","2025-01-03T05:25:00Z","water_level",0.0769183723696909,"m"
"S03","2025-01-03T05:30:00Z","water_level",0.0781337176981975,"m"
"S03","2025-01-03T05:35:00Z","water_level",0.546997042797312,"m"
"S03","2025-01-03T05:40:00Z","water_level",0.0848468333657282,"m"
"S03","2025-01-03T05:45:00Z","water_level",0.220416002199877,"m"
"S03","2025-01-03T05:50:00Z","water_level",0.123413980637595,"m"
"S03","2025-01-03T05:55:00Z","water_level",0.842894005954227,"m"
"S03","2025-01-03T06:00:00Z","water_level",0.183617837244735,"m"
"S03","2025-01-03T06:05:00Z","water_level",0.0924449453230902,"m"
"S03","2025-01-03T06:10:00Z","water_level",0.32890096811469,"m"
"S03","2025-01-03T06:15:00Z","water_level",0.0196085943816083,"m"
"S03","2025-01-03T06:20:00Z","water_level",0.118139794602037,"m"
"S03","2025-01-03T06:25:00Z","water_level",0.086741444137603,"m"
"S03","2025-01-03T06:30:00Z","water_level",0.187275635928465,"m"
"S03","2025-01-03T06:35:00Z","water_level",0.29320416310444,"m"
"S03","2025-01-03T06:40:00Z","water_level",0.719561571964822,"m"
"S03","2025-01-03T06:45:00Z","water_level",0.39293437451536,"m"
"S03","2025-01-03T06:50:00Z","water_level",1.58581244813441,"m"
"S03","2025-01-03T06:55:00Z","water_level",0.896740876501452,"m"
"S03","2025-01-03T07:00:00Z","water_level",0.18681378703039,"m"
"S03","2025-01-03T07:05:00Z","water_level",0.0379121283701999,"m"
"S03","2025-01-03T07:10:00Z","water_level",0.154151985543727,"m"
"S03","2025-01-03T07:15:00Z","water_level",0.0773018159724026,"m"
"S03","2025-01-03T07:20:00Z","water_level",0.026997631578148,"m"
"S03","2025-01-03T07:25:00Z","water_level",0.866184670736837,"m"
"S03","2025-01-03T07:30:00Z","water_level",0.0686731749224399,"m"
"S03","2025-01-03T07:35:00Z","water_level",0.270289497676334,"m"
"S03","2025-01-03T07:40:00Z","water_level",0.227082684783525,"m"
"S03","2025-01-03T07:45:00Z","water_level",0.768037352244058,"m"
"S03","2025-01-03T07:50:00Z","water_level",0.381240751264117,"m"
"S03","2025-01-03T07:55:00Z","water_level",0.923058724986483,"m"
"S03","2025-01-03T08:00:00Z","water_level",1.81215617170361,"m"
"S03","2025-01-03T08:05:00Z","water_level",0.564963820215119,"m"
"S03","2025-01-03T08:10:00Z","water_level",0.534670589422163,"m"
"S03","2025-01-03T08:15:00Z","water_level",0.787810212961091,"m"
"S03","2025-01-03T08:20:00Z","water_level",1.20600042249657,"m"
"S03","2025-01-03T08:25:00Z","water_level",0.408783428051996,"m"
"S03","2025-01-03T08:30:00Z","water_level",0.0871921710863141,"m"
"S03","2025-01-03T08:35:00Z","water_level",0.185991876588638,"m"
"S03","2025-01-03T08:40:00Z","water_level",0.241672520673146,"m"
"S03","2025-01-03T08:45:00Z","water_level",0.756316433810631,"m"
"S03","2025-01-03T08:50:00Z","water_level",1.01913594335304,"m"
"S03","2025-01-03T08:55:00Z","water_level",0.74202752184239,"m"
"S03","2025-01-03T09:00:00Z","water_level",0.489431806766524,"m"
"S03","2025-01-03T09:05:00Z","water_level",0.776968291654352,"m"
"S03","2025-01-03T09:10:00Z","water_level",0.564423577714214,"m"
"S03","2025-01-03T09:15:00Z","water_level",0.198076343179125,"m"
"S03","2025-01-03T09:20:00Z","water_level",0.227391095451997,"m"
"S03","2025-01-03T09:25:00Z","water_level",0.499709526001178,"m"
"S03","2025-01-03T09:30:00Z","water_level",0.127357081464625,"m"
"S03","2025-01-03T09:35:00Z","water_level",0.0923777771128421,"m"
"S03","2025-01-03T09:40:00Z","water_level",0.0460894307000565,"m"
"S03","2025-01-03T09:45:00Z","water_level",0.0272441325258189,"m"
"S03","2025-01-03T09:50:00Z","water_level",0.193153445304547,"m"
"S03","2025-01-03T09:55:00Z","water_level",0.0372517470654756,"m"
"S03","2025-01-03T10:00:00Z","water_level",0.226681851822839,"m"
"S03","2025-01-03T10:05:00Z","water_level",0.699050421661528,"m"
"S03","2025-01-03T10:10:00Z","water_level",0.132839780652003,"m"
"S03","2025-01-03T10:15:00Z","water_level",0.148214968294123,"m"
"S03","2025-01-03T10:20:00Z","water_level",0.0660795338202089,"m"
"S03","2025-01-03T10:25:00Z","water_level",0.563870951290512,"m"
"S03","2025-01-03T10:30:00Z","water_level",0.328590611324127,"m"
"S03","2025-01-03T10:35:00Z","water_level",0.102890290237767,"m"
"S03","2025-01-03T10:40:00Z","water_level",0.270505340861314,"m"
"S03","2025-01-03T10:45:00Z","water_level",0.0197045679270107,"m"
"S03","2025-01-03T10:50:00Z","water_level",0.609671693622203,"m"
"S03","2025-01-03T10:55:00Z","water_level",0.650064834913156,"m"
"S03","2025-01-03T11:00:00Z","water_level",0.505837317642196,"m"
"S03","2025-01-03T11:05:00Z","water_level",0.339419011666252,"m"
"S03","2025-01-03T11:10:00Z","water_level",0.566809997383765,"m"
"S03","2025-01-03T11:15:00Z","water_level",0.351345797681404,"m"
"S03","2025-01-03T11:20:00Z","water_level",0.396703749737267,"m"
"S03","2025-01-03T11:25:00Z","water_level",0.607072647275328,"m"
"S03","2025-01-03T11:30:00Z","water_level",0.211987973107368,"m"
"S03","2025-01-03T11:35:00Z","water_level",0.188326201186069,"m"
"S03","2025-01-03T11:40:00Z","water_level",0.0592025789710002,"m"
"S03","2025-01-03T11:45:00Z","water_level",0.439992321703405,"m"
"S03","2025-01-03T11:50:00Z","water_level",0.285353538932873,"m"
"S03","2025-01-03T11:55:00Z","water_level",0.0140520510916938,"m"
"S03","2025-01-03T12:00:00Z","water_level",0.0900088342184576,"m"
"S03","2025-01-03T12:05:00Z","water_level",0.0862839633830471,"m"
"S03","2025-01-03T12:10:00Z","water_level",1.2753383151173,"m"
"S03","2025-01-03T12:15:00Z","water_level",0.164733500953492,"m"
"S03","2025-01-03T12:20:00Z","water_level",0.105307074554669,"m"
"S03","2025-01-03T12:25:00Z","water_level",0.416443208484808,"m"
"S03","2025-01-03T12:30:00Z","water_level",0.270654971655647,"m"
"S03","2025-01-03T12:35:00Z","water_level",0.457243285766415,"m"
"S03","2025-01-03T12:40:00Z","water_level",0.185154419585619,"m"
"S03","2025-01-03T12:45:00Z","water_level",0.0649313948409517,"m"
"S03","2025-01-03T12:50:00Z","water_level",0.196067795865997,"m"
"S03","2025-01-03T12:55:00Z","water_level",0.262697836218666,"m"
"S03","2025-01-03T13:00:00Z","water_level",0.0557539311644866,"m"
"S03","2025-01-03T13:05:00Z","water_level",0.491027758579486,"m"
"S03","2025-01-03T13:10:00Z","water_level",0.671954070554625,"m"
"S03","2025-01-03T13:15:00Z","water_level",0.127840640760293,"m"
"S03","2025-01-03T13:20:00Z","water_level",0.152745651043656,"m"
"S03","2025-01-03T13:25:00Z","water_level",0.398295162599673,"m"
"S03","2025-01-03T13:30:00Z","water_level",0.175579181173537,"m"
"S03","2025-01-03T13:35:00Z","water_level",1.21059204408857,"m"
"S03","2025-01-03T13:40:00Z","water_level",1.06863343043876,"m"
"S03","2025-01-03T13:45:00Z","water_level",0.0342097150601138,"m"
"S03","2025-01-03T13:50:00Z","water_level",0.639660146972466,"m"
"S03","2025-01-03T13:55:00Z","water_level",0.302776805275062,"m"
"S03","2025-01-03T14:00:00Z","water_level",0.0172482529495689,"m"
"S03","2025-01-03T14:05:00Z","water_level",0.171147403558308,"m"
"S03","2025-01-03T14:10:00Z","water_level",0.0107557216897327,"m"
"S03","2025-01-03T14:15:00Z","water_level",0.234286495241489,"m"
"S03","2025-01-03T14:20:00Z","water_level",0.170724740949468,"m"
"S03","2025-01-03T14:25:00Z","water_level",0.148345410972336,"m"
"S03","2025-01-03T14:30:00Z","water_level",0.129534613839278,"m"
"S03","2025-01-03T14:35:00Z","water_level",0.630589228217947,"m"
"S03","2025-01-03T14:40:00Z","water_level",0.163408261648071,"m"
"S03","2025-01-03T14:45:00Z","water_level",0.992314546859194,"m"
"S03","2025-01-03T14:50:00Z","water_level",0.647147286037342,"m"
"S03","2025-01-03T14:55:00Z","water_level",0.42731858665057,"m"
"S03","2025-01-03T15:00:00Z","water_level",0.0805342957293054,"m"
"S03","2025-01-03T15:05:00Z","water_level",1.98487197649074,"m"
"S03","2025-01-03T15:10:00Z","water_level",1.18445850620467,"m"
"S03","2025-01-03T15:15:00Z","water_level",0.229951081913371,"m"
"S03","2025-01-03T15:20:00Z","water_level",1.22949197530343,"m"
"S03","2025-01-03T15:25:00Z","water_level",0.785934663545237,"m"
"S03","2025-01-03T15:30:00Z","water_level",0.376331712145688,"m"
"S03","2025-01-03T15:35:00Z","water_level",0.919963664095911,"m"
"S03","2025-01-03T15:40:00Z","water_level",1.23009597114227,"m"
"S03","2025-01-03T15:45:00Z","water_level",0.556026205072799,"m"
"S03","2025-01-03T15:50:00Z","water_level",0.441270218114445,"m"
"S03","2025-01-03T15:55:00Z","water_level",0.588080647783936,"m"
"S03","2025-01-03T16:00:00Z","water_level",1.54738087502827,"m"
"S03","2025-01-03T16:05:00Z","water_level",2.05889501282452,"m"
"S03","2025-01-03T16:10:00Z","water_level",0.443136537324387,"m"
"S03","2025-01-03T16:15:00Z","water_level",0.291143195843277,"m"
"S03","2025-01-03T16:20:00Z","water_level",0.896646498721777,"m"
"S03","2025-01-03T16:25:00Z","water_level",0.608247869516544,"m"
"S03","2025-01-03T16:30:00Z","water_level",0.961939076369435,"m"
"S03","2025-01-03T16:35:00Z","water_level",1.59524910146679,"m"
"S03","2025-01-03T16:40:00Z","water_level",2.04576660367467,"m"
"S03","2025-01-03T16:45:00Z","water_level",3.14682344612808,"m"
"S03","2025-01-03T16:50:00Z","water_level",1.23782941531872,"m"
"S03","2025-01-03T16:55:00Z","water_level",1.70669860564074,"m"
"S03","2025-01-03T17:00:00Z","water_level",2.13548021834611,"m"
"S03","2025-01-03T17:05:00Z","water_level",1.76260182563695,"m"
"S03","2025-01-03T17:10:00Z","water_level",0.595051608589036,"m"
"S03","2025-01-03T17:15:00Z","water_level",1.03531894735232,"m"
"S03","2025-01-03T17:20:00Z","water_level",0.375024419034742,"m"
"S03","2025-01-03T17:25:00Z","water_level",0.0344905394571125,"m"
"S03","2025-01-03T17:30:00Z","water_level",0.109692589736909,"m"
"S03","2025-01-03T17:35:00Z","water_level",0.261261812804261,"m"
"S03","2025-01-03T17:40:00Z","water_level",0.102432184519692,"m"
"S03","2025-01-03T17:45:00Z","water_level",0.0946938522423271,"m"
"S03","2025-01-03T17:50:00Z","water_level",0.548125933307221,"m"
"S03","2025-01-03T17:55:00Z","water_level",0.440546528264538,"m"
"S03","2025-01-03T18:00:00Z","water_level",0.363085467581787,"m"
"S03","2025-01-03T18:05:00Z","water_level",1.0815644932129,"m"
"S03","2025-01-03T18:10:00Z","water_level",2.37968387562689,"m"
"S03","2025-01-03T18:15:00Z","water_level",1.88010594883835,"m"
"S03","2025-01-03T18:20:00Z","water_level",0.962523448558901,"m"
"S03","2025-01-03T18:25:00Z","water_level",0.369391341307895,"m"
"S03","2025-01-03T18:30:00Z","water_level",1.22467949136273,"m"
"S03","2025-01-03T18:35:00Z","water_level",0.868866427678494,"m"
"S03","2025-01-03T18:40:00Z","water_level",0.82054026354352,"m"
"S03","2025-01-03T18:45:00Z","water_level",0.624465719238094,"m"
"S03","2025-01-03T18:50:00Z","water_level",0.416256829773544,"m"
"S03","2025-01-03T18:55:00Z","water_level",0.283864146682616,"m"
"S03","2025-01-03T19:00:00Z","water_level",0.0838591366036207,"m"
"S03","2025-01-03T19:05:00Z","water_level",0.570592126975463,"m"
"S03","2025-01-03T19:10:00Z","water_level",0.27388876491925,"m"
"S03","2025-01-03T19:15:00Z","water_level",0.455947475902806,"m"
"S03","2025-01-03T19:20:00Z","water_level",0.398238815641395,"m"
"S03","2025-01-03T19:25:00Z","water_level",0.518375060140027,"m"
"S03","2025-01-03T19:30:00Z","water_level",0.327339671749263,"m"
"S03","2025-01-03T19:35:00Z","water_level",0.119578246667048,"m"
"S03","2025-01-03T19:40:00Z","water_level",0.385415652254421,"m"
"S03","2025-01-03T19:45:00Z","water_level",0.477724362411451,"m"
"S03","2025-01-03T19:50:00Z","water_level",0.673222259201892,"m"
"S03","2025-01-03T19:55:00Z","water_level",0.669381086969241,"m"
"S03","2025-01-03T20:00:00Z","water_level",0.242331278054893,"m"
"S03","2025-01-03T20:05:00Z","water_level",0.8363404160728,"m"
"S03","2025-01-03T20:10:00Z","water_level",0.349228483855851,"m"
"S03","2025-01-03T20:15:00Z","water_level",0.547933927593792,"m"
"S03","2025-01-03T20:20:00Z","water_level",0.18552621122228,"m"
"S03","2025-01-03T20:25:00Z","water_level",0.412222416561985,"m"
"S03","2025-01-03T20:30:00Z","water_level",0.314732826588986,"m"
"S03","2025-01-03T20:35:00Z","water_level",0.257758318755371,"m"
"S03","2025-01-03T20:40:00Z","water_level",0.202770795556657,"m"
"S03","2025-01-03T20:45:00Z","water_level",0.498796482728767,"m"
"S03","2025-01-03T20:50:00Z","water_level",0.522670855228371,"m"
"S03","2025-01-03T20:55:00Z","water_level",1.22099793029585,"m"
"S03","2025-01-03T21:00:00Z","water_level",1.3475423760596,"m"
"S03","2025-01-03T21:05:00Z","water_level",1.07106048313123,"m"
"S03","2025-01-03T21:10:00Z","water_level",1.55802977373155,"m"
"S03","2025-01-03T21:15:00Z","water_level",1.19312907588768,"m"
"S03","2025-01-03T21:20:00Z","water_level",0.883681857597783,"m"
"S03","2025-01-03T21:25:00Z","water_level",0.38998267497711,"m"
"S03","2025-01-03T21:30:00Z","water_level",1.58034593929761,"m"
"S03","2025-01-03T21:35:00Z","water_level",0.739458199477332,"m"
"S03","2025-01-03T21:40:00Z","water_level",0.210236248251549,"m"
"S03","2025-01-03T21:45:00Z","water_level",0.189235608234666,"m"
"S03","2025-01-03T21:50:00Z","water_level",0.181596977509674,"m"
"S03","2025-01-03T21:55:00Z","water_level",0.0103699184180198,"m"
"S03","2025-01-03T22:00:00Z","water_level",0.17211003463996,"m"
"S03","2025-01-03T22:05:00Z","water_level",0.00474279360770804,"m"
"S03","2025-01-03T22:10:00Z","water_level",0.429073992293809,"m"
"S03","2025-01-03T22:15:00Z","water_level",0.205736022153856,"m"
"S03","2025-01-03T22:20:00Z","water_level",0.11628247787257,"m"
"S03","2025-01-03T22:25:00Z","water_level",0.33885984883465,"m"
"S03","2025-01-03T22:30:00Z","water_level",0.153607224608983,"m"
"S03","2025-01-03T22:35:00Z","water_level",0.0901308957147224,"m"
"S03","2025-01-03T22:40:00Z","water_level",0.117478570754299,"m"
"S03","2025-01-03T22:45:00Z","water_level",0.457329398127364,"m"
"S03","2025-01-03T22:50:00Z","water_level",0.201851250812337,"m"
"S03","2025-01-03T22:55:00Z","water_level",0.484414857998587,"m"
"S03","2024-12-31T23:00:00Z","soil_moisture",40.7572568282454,"%"
"S03","2024-12-31T23:05:00Z","soil_moisture",28.8079815160251,"%"
"S03","2024-12-31T23:10:00Z","soil_moisture",6.21049100813369,"%"
"S03","2024-12-31T23:15:00Z","soil_moisture",18.3308612532671,"%"
"S03","2024-12-31T23:20:00Z","soil_moisture",33.5900136238031,"%"
"S03","2024-12-31T23:25:00Z","soil_moisture",49.7497925444245,"%"
"S03","2024-12-31T23:30:00Z","soil_moisture",49.6649819526907,"%"
"S03","2024-12-31T23:35:00Z","soil_moisture",23.2921946954158,"%"
"S03","2024-12-31T23:40:00Z","soil_moisture",1.71908958967347,"%"
"S03","2024-12-31T23:45:00Z","soil_moisture",31.914433750397,"%"
"S03","2024-12-31T23:50:00Z","soil_moisture",40.6884536265359,"%"
"S03","2024-12-31T23:55:00Z","soil_moisture",9.50034037003038,"%"
"S03","2025-01-01T00:00:00Z","soil_moisture",9.49228706444464,"%"
"S03","2025-01-01T00:05:00Z","soil_moisture",25.221570945652,"%"
"S03","2025-01-01T00:10:00Z","soil_moisture",10.5071686168776,"%"
"S03","2025-01-01T00:15:00Z","soil_moisture",15.477628395317,"%"
"S03","2025-01-01T00:20:00Z","soil_moisture",8.59079675333422,"%"
"S03","2025-01-01T00:25:00Z","soil_moisture",12.2954319173791,"%"
"S03","2025-01-01T00:30:00Z","soil_moisture",5.51663462129559,"%"
"S03","2025-01-01T00:35:00Z","soil_moisture",2.33125996386896,"%"
"S03","2025-01-01T00:40:00Z","soil_moisture",7.34989847889896,"%"
"S03","2025-01-01T00:45:00Z","soil_moisture",25.3728921249484,"%"
"S03","2025-01-01T00:50:00Z","soil_moisture",28.1966922023053,"%"
"S03","2025-01-01T00:55:00Z","soil_moisture",32.469399900231,"%"
"S03","2025-01-01T01:00:00Z","soil_moisture",10.3450443995737,"%"
"S03","2025-01-01T01:05:00Z","soil_moisture",12.6505555796361,"%"
"S03","2025-01-01T01:10:00Z","soil_moisture",0.992996263982281,"%"
"S03","2025-01-01T01:15:00Z","soil_moisture",4.01082528595309,"%"
"S03","2025-01-01T01:20:00Z","soil_moisture",15.4214622309669,"%"
"S03","2025-01-01T01:25:00Z","soil_moisture",35.8032545225004,"%"
"S03","2025-01-01T01:30:00Z","soil_moisture",27.4599237748509,"%"
"S03","2025-01-01T01:35:00Z","soil_moisture",34.7140999196027,"%"
"S03","2025-01-01T01:40:00Z","soil_moisture",16.4845081793772,"%"
"S03","2025-01-01T01:45:00Z","soil_moisture",9.50747518170868,"%"
"S03","2025-01-01T01:50:00Z","soil_moisture",26.6633829824042,"%"
"S03","2025-01-01T01:55:00Z","soil_moisture",20.6674018221757,"%"
"S03","2025-01-01T02:00:00Z","soil_moisture",10.8453482327178,"%"
"S03","2025-01-01T02:05:00Z","soil_moisture",18.0066615169386,"%"
"S03","2025-01-01T02:10:00Z","soil_moisture",16.831780956736,"%"
"S03","2025-01-01T02:15:00Z","soil_moisture",50.9065976088058,"%"
"S03","2025-01-01T02:20:00Z","soil_moisture",36.9541056504353,"%"
"S03","2025-01-01T02:25:00Z","soil_moisture",23.9723993949915,"%"
"S03","2025-01-01T02:30:00Z","soil_moisture",18.6942269950907,"%"
"S03","2025-01-01T02:35:00Z","soil_moisture",23.2175397089737,"%"
"S03","2025-01-01T02:40:00Z","soil_moisture",22.1666395320908,"%"
"S03","2025-01-01T02:45:00Z","soil_moisture",20.2443506897017,"%"
"S03","2025-01-01T02:50:00Z","soil_moisture",37.3556675224369,"%"
"S03","2025-01-01T02:55:00Z","soil_moisture",33.9110765152662,"%"
"S03","2025-01-01T03:00:00Z","soil_moisture",15.3791485435568,"%"
"S03","2025-01-01T03:05:00Z","soil_moisture",15.1671817792449,"%"
"S03","2025-01-01T03:10:00Z","soil_moisture",26.0936366169068,"%"
"S03","2025-01-01T03:15:00Z","soil_moisture",50.4547712924794,"%"
"S03","2025-01-01T03:20:00Z","soil_moisture",61.1954868727086,"%"
"S03","2025-01-01T03:25:00Z","soil_moisture",34.5962662358216,"%"
"S03","2025-01-01T03:30:00Z","soil_moisture",56.3585983469826,"%"
"S03","2025-01-01T03:35:00Z","soil_moisture",34.3376952669974,"%"
"S03","2025-01-01T03:40:00Z","soil_moisture",45.22000854243,"%"
"S03","2025-01-01T03:45:00Z","soil_moisture",19.258073656873,"%"
"S03","2025-01-01T03:50:00Z","soil_moisture",30.2931619220085,"%"
"S03","2025-01-01T03:55:00Z","soil_moisture",16.2756917706494,"%"
"S03","2025-01-01T04:00:00Z","soil_moisture",15.9563207868458,"%"
"S03","2025-01-01T04:05:00Z","soil_moisture",35.892322555586,"%"
"S03","2025-01-01T04:10:00Z","soil_moisture",41.8993876453615,"%"
"S03","2025-01-01T04:15:00Z","soil_moisture",16.3882903137596,"%"
"S03","2025-01-01T04:20:00Z","soil_moisture",39.9615051077529,"%"
"S03","2025-01-01T04:25:00Z","soil_moisture",49.416112942662,"%"
"S03","2025-01-01T04:30:00Z","soil_moisture",47.4479001002794,"%"
"S03","2025-01-01T04:35:00Z","soil_moisture",67.1749809359215,"%"
"S03","2025-01-01T04:40:00Z","soil_moisture",19.1255633190664,"%"
"S03","2025-01-01T04:45:00Z","soil_moisture",34.2275153536289,"%"
"S03","2025-01-01T04:50:00Z","soil_moisture",15.8728094501071,"%"
"S03","2025-01-01T04:55:00Z","soil_moisture",13.9897133094275,"%"
"S03","2025-01-01T05:00:00Z","soil_moisture",7.72117102838745,"%"
"S03","2025-01-01T05:05:00Z","soil_moisture",8.55272312800212,"%"
"S03","2025-01-01T05:10:00Z","soil_moisture",7.06563292935404,"%"
"S03","2025-01-01T05:15:00Z","soil_moisture",22.6466501952536,"%"
"S03","2025-01-01T05:20:00Z","soil_moisture",52.0682545752184,"%"
"S03","2025-01-01T05:25:00Z","soil_moisture",38.61056572024,"%"
"S03","2025-01-01T05:30:00Z","soil_moisture",9.56637465739916,"%"
"S03","2025-01-01T05:35:00Z","soil_moisture",19.008242186415,"%"
"S03","2025-01-01T05:40:00Z","soil_moisture",20.556550637797,"%"
"S03","2025-01-01T05:45:00Z","soil_moisture",21.7663613130698,"%"
"S03","2025-01-01T05:50:00Z","soil_moisture",30.7292073054422,"%"
"S03","2025-01-01T05:55:00Z","soil_moisture",22.055506495418,"%"
"S03","2025-01-01T06:00:00Z","soil_moisture",23.4502149311448,"%"
"S03","2025-01-01T06:05:00Z","soil_moisture",31.7160281300092,"%"
"S03","2025-01-01T06:10:00Z","soil_moisture",13.1889961822485,"%"
"S03","2025-01-01T06:15:00Z","soil_moisture",38.8792505755808,"%"
"S03","2025-01-01T06:20:00Z","soil_moisture",12.6181349806061,"%"
"S03","2025-01-01T06:25:00Z","soil_moisture",9.44904847173032,"%"
"S03","2025-01-01T06:30:00Z","soil_moisture",17.5835356890947,"%"
"S03","2025-01-01T06:35:00Z","soil_moisture",35.3628150182911,"%"
"S03","2025-01-01T06:40:00Z","soil_moisture",18.9331668975456,"%"
"S03","2025-01-01T06:45:00Z","soil_moisture",21.3745189525754,"%"
"S03","2025-01-01T06:50:00Z","soil_moisture",15.3078278796372,"%"
"S03","2025-01-01T06:55:00Z","soil_moisture",56.2167111823083,"%"
"S03","2025-01-01T07:00:00Z","soil_moisture",63.0555892104584,"%"
"S03","2025-01-01T07:05:00Z","soil_moisture",54.4779452574703,"%"
"S03","2025-01-01T07:10:00Z","soil_moisture",46.1034099895406,"%"
"S03","2025-01-01T07:15:00Z","soil_moisture",10.1793210113417,"%"
"S03","2025-01-01T07:20:00Z","soil_moisture",9.7203816839561,"%"
"S03","2025-01-01T07:25:00Z","soil_moisture",23.2473326669674,"%"
"S03","2025-01-01T07:30:00Z","soil_moisture",36.3226687881873,"%"
"S03","2025-01-01T07:35:00Z","soil_moisture",24.2798649955597,"%"
"S03","2025-01-01T07:40:00Z","soil_moisture",31.6269498245463,"%"
"S03","2025-01-01T07:45:00Z","soil_moisture",11.4079487997551,"%"
"S03","2025-01-01T07:50:00Z","soil_moisture",12.2551343889262,"%"
"S03","2025-01-01T07:55:00Z","soil_moisture",21.5904816330561,"%"
"S03","2025-01-01T08:00:00Z","soil_moisture",27.5721114917723,"%"
"S03","2025-01-01T08:05:00Z","soil_moisture",11.471797492845,"%"
"S03","2025-01-01T08:10:00Z","soil_moisture",22.6529362902173,"%"
"S03","2025-01-01T08:15:00Z","soil_moisture",37.9900604720687,"%"
"S03","2025-01-01T08:20:00Z","soil_moisture",25.0303044486671,"%"
"S03","2025-01-01T08:25:00Z","soil_moisture",60.760715004666,"%"
"S03","2025-01-01T08:30:00Z","soil_moisture",37.1239311603017,"%"
"S03","2025-01-01T08:35:00Z","soil_moisture",63.2941936337021,"%"
"S03","2025-01-01T08:40:00Z","soil_moisture",16.9897101591266,"%"
"S03","2025-01-01T08:45:00Z","soil_moisture",9.80040696166838,"%"
"S03","2025-01-01T08:50:00Z","soil_moisture",7.24166863318407,"%"
"S03","2025-01-01T08:55:00Z","soil_moisture",15.4119286518279,"%"
"S03","2025-01-01T09:00:00Z","soil_moisture",17.5145891027615,"%"
"S03","2025-01-01T09:05:00Z","soil_moisture",10.6049184792759,"%"
"S03","2025-01-01T09:10:00Z","soil_moisture",6.00355193790411,"%"
"S03","2025-01-01T09:15:00Z","soil_moisture",8.79524561054525,"%"
"S03","2025-01-01T09:20:00Z","soil_moisture",18.4648507567879,"%"
"S03","2025-01-01T09:25:00Z","soil_moisture",14.1464523828677,"%"
"S03","2025-01-01T09:30:00Z","soil_moisture",34.4937125101408,"%"
"S03","2025-01-01T09:35:00Z","soil_moisture",21.8097996778459,"%"
"S03","2025-01-01T09:40:00Z","soil_moisture",1.64160164550452,"%"
"S03","2025-01-01T09:45:00Z","soil_moisture",3.79834422912988,"%"
"S03","2025-01-01T09:50:00Z","soil_moisture",16.0313149336066,"%"
"S03","2025-01-01T09:55:00Z","soil_moisture",25.5839876017328,"%"
"S03","2025-01-01T10:00:00Z","soil_moisture",22.0731672652235,"%"
"S03","2025-01-01T10:05:00Z","soil_moisture",36.467080046816,"%"
"S03","2025-01-01T10:10:00Z","soil_moisture",26.8728297633953,"%"
"S03","2025-01-01T10:15:00Z","soil_moisture",40.2984404604322,"%"
"S03","2025-01-01T10:20:00Z","soil_moisture",20.6713342474602,"%"
"S03","2025-01-01T10:25:00Z","soil_moisture",14.9735167443028,"%"
"S03","2025-01-01T10:30:00Z","soil_moisture",15.5295439173709,"%"
"S03","2025-01-01T10:35:00Z","soil_moisture",10.9386416973214,"%"
"S03","2025-01-01T10:40:00Z","soil_moisture",14.5250343147528,"%"
"S03","2025-01-01T10:45:00Z","soil_moisture",50.5539495825362,"%"
"S03","2025-01-01T10:50:00Z","soil_moisture",30.0995416470344,"%"
"S03","2025-01-01T10:55:00Z","soil_moisture",55.248162445831,"%"
"S03","2025-01-01T11:00:00Z","soil_moisture",47.2069795471769,"%"
"S03","2025-01-01T11:05:00Z","soil_moisture",65.1207322373739,"%"
"S03","2025-01-01T11:10:00Z","soil_moisture",45.8301822622638,"%"
"S03","2025-01-01T11:15:00Z","soil_moisture",48.4092323328406,"%"
"S03","2025-01-01T11:20:00Z","soil_moisture",18.4066961457745,"%"
"S03","2025-01-01T11:25:00Z","soil_moisture",31.3153436884415,"%"
"S03","2025-01-01T11:30:00Z","soil_moisture",11.1694423282121,"%"
"S03","2025-01-01T11:35:00Z","soil_moisture",19.1660588664689,"%"
"S03","2025-01-01T11:40:00Z","soil_moisture",8.96449825231275,"%"
"S03","2025-01-01T11:45:00Z","soil_moisture",7.77244093702565,"%"
"S03","2025-01-01T11:50:00Z","soil_moisture",28.0259038798946,"%"
"S03","2025-01-01T11:55:00Z","soil_moisture",16.5284618946143,"%"
"S03","2025-01-01T12:00:00Z","soil_moisture",10.3266730363361,"%"
"S03","2025-01-01T12:05:00Z","soil_moisture",9.46451738148067,"%"
"S03","2025-01-01T12:10:00Z","soil_moisture",10.8395589163154,"%"
"S03","2025-01-01T12:15:00Z","soil_moisture",8.12751501091799,"%"
"S03","2025-01-01T12:20:00Z","soil_moisture",5.36030377297362,"%"
"S03","2025-01-01T12:25:00Z","soil_moisture",1.57621325162535,"%"
"S03","2025-01-01T12:30:00Z","soil_moisture",5.283234371163,"%"
"S03","2025-01-01T12:35:00Z","soil_moisture",4.19237125413143,"%"
"S03","2025-01-01T12:40:00Z","soil_moisture",3.02528685167333,"%"
"S03","2025-01-01T12:45:00Z","soil_moisture",2.92815900044517,"%"
"S03","2025-01-01T12:50:00Z","soil_moisture",23.1759371531969,"%"
"S03","2025-01-01T12:55:00Z","soil_moisture",30.4916513821357,"%"
"S03","2025-01-01T13:00:00Z","soil_moisture",27.6477826957229,"%"
"S03","2025-01-01T13:05:00Z","soil_moisture",22.2119403393594,"%"
"S03","2025-01-01T13:10:00Z","soil_moisture",38.2969636792778,"%"
"S03","2025-01-01T13:15:00Z","soil_moisture",23.2741182109273,"%"
"S03","2025-01-01T13:20:00Z","soil_moisture",31.7543749190926,"%"
"S03","2025-01-01T13:25:00Z","soil_moisture",18.6550052914651,"%"
"S03","2025-01-01T13:30:00Z","soil_moisture",25.8343513664044,"%"
"S03","2025-01-01T13:35:00Z","soil_moisture",55.7022710680227,"%"
"S03","2025-01-01T13:40:00Z","soil_moisture",54.9713976995274,"%"
"S03","2025-01-01T13:45:00Z","soil_moisture",20.6356891551061,"%"
"S03","2025-01-01T13:50:00Z","soil_moisture",25.2194905827306,"%"
"S03","2025-01-01T13:55:00Z","soil_moisture",27.726187049781,"%"
"S03","2025-01-01T14:00:00Z","soil_moisture",27.0895796504388,"%"
"S03","2025-01-01T14:05:00Z","soil_moisture",18.6371668500658,"%"
"S03","2025-01-01T14:10:00Z","soil_moisture",36.7292788316848,"%"
"S03","2025-01-01T14:15:00Z","soil_moisture",28.866088642474,"%"
"S03","2025-01-01T14:20:00Z","soil_moisture",44.408880218079,"%"
"S03","2025-01-01T14:25:00Z","soil_moisture",12.1454339039191,"%"
"S03","2025-01-01T14:30:00Z","soil_moisture",20.7220740226248,"%"
"S03","2025-01-01T14:35:00Z","soil_moisture",35.7656240632355,"%"
"S03","2025-01-01T14:40:00Z","soil_moisture",23.9536256790379,"%"
"S03","2025-01-01T14:45:00Z","soil_moisture",31.578019530545,"%"
"S03","2025-01-01T14:50:00Z","soil_moisture",52.5919979165029,"%"
"S03","2025-01-01T14:55:00Z","soil_moisture",32.6072561291579,"%"
"S03","2025-01-01T15:00:00Z","soil_moisture",23.1642350701852,"%"
"S03","2025-01-01T15:05:00Z","soil_moisture",26.8517410704697,"%"
"S03","2025-01-01T15:10:00Z","soil_moisture",42.6334253417583,"%"
"S03","2025-01-01T15:15:00Z","soil_moisture",36.8880841477587,"%"
"S03","2025-01-01T15:20:00Z","soil_moisture",35.2686113458364,"%"
"S03","2025-01-01T15:25:00Z","soil_moisture",41.7297985548775,"%"
"S03","2025-01-01T15:30:00Z","soil_moisture",17.6673748405679,"%"
"S03","2025-01-01T15:35:00Z","soil_moisture",29.9657219907559,"%"
"S03","2025-01-01T15:40:00Z","soil_moisture",48.9630480713672,"%"
"S03","2025-01-01T15:45:00Z","soil_moisture",55.4680971531959,"%"
"S03","2025-01-01T15:50:00Z","soil_moisture",21.9088652592534,"%"
"S03","2025-01-01T15:55:00Z","soil_moisture",19.9482423304479,"%"
"S03","2025-01-01T16:00:00Z","soil_moisture",25.546065672433,"%"
"S03","2025-01-01T16:05:00Z","soil_moisture",52.461378911526,"%"
"S03","2025-01-01T16:10:00Z","soil_moisture",46.7916120713789,"%"
"S03","2025-01-01T16:15:00Z","soil_moisture",40.5329039141855,"%"
"S03","2025-01-01T16:20:00Z","soil_moisture",32.8407812776746,"%"
"S03","2025-01-01T16:25:00Z","soil_moisture",42.7525855394308,"%"
"S03","2025-01-01T16:30:00Z","soil_moisture",21.0861986364294,"%"
"S03","2025-01-01T16:35:00Z","soil_moisture",18.9675869417927,"%"
"S03","2025-01-01T16:40:00Z","soil_moisture",18.4286933003569,"%"
"S03","2025-01-01T16:45:00Z","soil_moisture",40.6658682318276,"%"
"S03","2025-01-01T16:50:00Z","soil_moisture",27.9761248111632,"%"
"S03","2025-01-01T16:55:00Z","soil_moisture",37.5640381235652,"%"
"S03","2025-01-01T17:00:00Z","soil_moisture",37.8121136033126,"%"
"S03","2025-01-01T17:05:00Z","soil_moisture",4.80589996900366,"%"
"S03","2025-01-01T17:10:00Z","soil_moisture",17.9202478181316,"%"
"S03","2025-01-01T17:15:00Z","soil_moisture",41.9719148939226,"%"
"S03","2025-01-01T17:20:00Z","soil_moisture",28.7910085690273,"%"
"S03","2025-01-01T17:25:00Z","soil_moisture",35.661952881531,"%"
"S03","2025-01-01T17:30:00Z","soil_moisture",30.5087032132469,"%"
"S03","2025-01-01T17:35:00Z","soil_moisture",32.9986719828429,"%"
"S03","2025-01-01T17:40:00Z","soil_moisture",37.2670733530623,"%"
"S03","2025-01-01T17:45:00Z","soil_moisture",38.3935293059356,"%"
"S03","2025-01-01T17:50:00Z","soil_moisture",9.38786159259069,"%"
"S03","2025-01-01T17:55:00Z","soil_moisture",39.5542283786364,"%"
"S03","2025-01-01T18:00:00Z","soil_moisture",52.412068564147,"%"
"S03","2025-01-01T18:05:00Z","soil_moisture",35.6543456266391,"%"
"S03","2025-01-01T18:10:00Z","soil_moisture",22.8109920336225,"%"
"S03","2025-01-01T18:15:00Z","soil_moisture",37.8468425176197,"%"
"S03","2025-01-01T18:20:00Z","soil_moisture",50.3887037025043,"%"
"S03","2025-01-01T18:25:00Z","soil_moisture",19.0663816853126,"%"
"S03","2025-01-01T18:30:00Z","soil_moisture",3.66101777032059,"%"
"S03","2025-01-01T18:35:00Z","soil_moisture",8.95296701203064,"%"
"S03","2025-01-01T18:40:00Z","soil_moisture",12.9801206634863,"%"
"S03","2025-01-01T18:45:00Z","soil_moisture",12.4415844867661,"%"
"S03","2025-01-01T18:50:00Z","soil_moisture",12.2977113240844,"%"
"S03","2025-01-01T18:55:00Z","soil_moisture",7.08684304324185,"%"
"S03","2025-01-01T19:00:00Z","soil_moisture",7.96824548771399,"%"
"S03","2025-01-01T19:05:00Z","soil_moisture",27.3367376855309,"%"
"S03","2025-01-01T19:10:00Z","soil_moisture",40.5939198989056,"%"
"S03","2025-01-01T19:15:00Z","soil_moisture",36.2160782520628,"%"
"S03","2025-01-01T19:20:00Z","soil_moisture",22.3112605809317,"%"
"S03","2025-01-01T19:25:00Z","soil_moisture",37.6849830528669,"%"
"S03","2025-01-01T19:30:00Z","soil_moisture",32.7830369290507,"%"
"S03","2025-01-01T19:35:00Z","soil_moisture",33.3203736620788,"%"
"S03","2025-01-01T19:40:00Z","soil_moisture",47.3327171627691,"%"
"S03","2025-01-01T19:45:00Z","soil_moisture",29.6272578738173,"%"
"S03","2025-01-01T19:50:00Z","soil_moisture",40.6143637348882,"%"
"S03","2025-01-01T19:55:00Z","soil_moisture",12.4287225073833,"%"
"S03","2025-01-01T20:00:00Z","soil_moisture",23.2078963529388,"%"
"S03","2025-01-01T20:05:00Z","soil_moisture",26.1343604042175,"%"
"S03","2025-01-01T20:10:00Z","soil_moisture",10.0466345301833,"%"
"S03","2025-01-01T20:15:00Z","soil_moisture",5.63765208339142,"%"
"S03","2025-01-01T20:20:00Z","soil_moisture",9.46361662853115,"%"
"S03","2025-01-01T20:25:00Z","soil_moisture",3.55362967251655,"%"
"S03","2025-01-01T20:30:00Z","soil_moisture",25.183389900067,"%"
"S03","2025-01-01T20:35:00Z","soil_moisture",23.8484856240577,"%"
"S03","2025-01-01T20:40:00Z","soil_moisture",44.691167092454,"%"
"S03","2025-01-01T20:45:00Z","soil_moisture",25.2109502445238,"%"
"S03","2025-01-01T20:50:00Z","soil_moisture",26.9850787348376,"%"
"S03","2025-01-01T20:55:00Z","soil_moisture",27.3544112630283,"%"
"S03","2025-01-01T21:00:00Z","soil_moisture",10.3422495883656,"%"
"S03","2025-01-01T21:05:00Z","soil_moisture",29.9420777350704,"%"
"S03","2025-01-01T21:10:00Z","soil_moisture",36.3901020233437,"%"
"S03","2025-01-01T21:15:00Z","soil_moisture",54.5568676398916,"%"
"S03","2025-01-01T21:20:00Z","soil_moisture",74.4475200833285,"%"
"S03","2025-01-01T21:25:00Z","soil_moisture",52.7604542566709,"%"
"S03","2025-01-01T21:30:00Z","soil_moisture",41.7603346634181,"%"
"S03","2025-01-01T21:35:00Z","soil_moisture",74.6725022980868,"%"
"S03","2025-01-01T21:40:00Z","soil_moisture",33.0946592901957,"%"
"S03","2025-01-01T21:45:00Z","soil_moisture",28.4304398134223,"%"
"S03","2025-01-01T21:50:00Z","soil_moisture",21.4287894666271,"%"
"S03","2025-01-01T21:55:00Z","soil_moisture",18.5969705700404,"%"
"S03","2025-01-01T22:00:00Z","soil_moisture",23.1201362461619,"%"
"S03","2025-01-01T22:05:00Z","soil_moisture",40.3095005035666,"%"
"S03","2025-01-01T22:10:00Z","soil_moisture",50.5732633964674,"%"
"S03","2025-01-01T22:15:00Z","soil_moisture",65.1010003984621,"%"
"S03","2025-01-01T22:20:00Z","soil_moisture",74.9164926030001,"%"
"S03","2025-01-01T22:25:00Z","soil_moisture",30.4769277478275,"%"
"S03","2025-01-01T22:30:00Z","soil_moisture",6.11459832962478,"%"
"S03","2025-01-01T22:35:00Z","soil_moisture",43.1748194186703,"%"
"S03","2025-01-01T22:40:00Z","soil_moisture",45.350615714955,"%"
"S03","2025-01-01T22:45:00Z","soil_moisture",48.8918272285076,"%"
"S03","2025-01-01T22:50:00Z","soil_moisture",62.5680365881999,"%"
"S03","2025-01-01T22:55:00Z","soil_moisture",66.6300851696626,"%"
"S03","2025-01-01T23:00:00Z","soil_moisture",41.7684374169091,"%"
"S03","2025-01-01T23:05:00Z","soil_moisture",48.2533222981643,"%"
"S03","2025-01-01T23:10:00Z","soil_moisture",29.1072564993109,"%"
"S03","2025-01-01T23:15:00Z","soil_moisture",34.8215890021395,"%"
"S03","2025-01-01T23:20:00Z","soil_moisture",18.4231676329925,"%"
"S03","2025-01-01T23:25:00Z","soil_moisture",16.332937663763,"%"
"S03","2025-01-01T23:30:00Z","soil_moisture",9.13165598337888,"%"
"S03","2025-01-01T23:35:00Z","soil_moisture",32.6383786632194,"%"
"S03","2025-01-01T23:40:00Z","soil_moisture",22.2470019554903,"%"
"S03","2025-01-01T23:45:00Z","soil_moisture",37.078331314418,"%"
"S03","2025-01-01T23:50:00Z","soil_moisture",53.4417060063674,"%"
"S03","2025-01-01T23:55:00Z","soil_moisture",30.0449038871714,"%"
"S03","2025-01-02T00:00:00Z","soil_moisture",23.6839713490016,"%"
"S03","2025-01-02T00:05:00Z","soil_moisture",17.0685914278367,"%"
"S03","2025-01-02T00:10:00Z","soil_moisture",4.0376409786039,"%"
"S03","2025-01-02T00:15:00Z","soil_moisture",27.2493375773391,"%"
"S03","2025-01-02T00:20:00Z","soil_moisture",41.0403565395387,"%"
"S03","2025-01-02T00:25:00Z","soil_moisture",40.0916798339005,"%"
"S03","2025-01-02T00:30:00Z","soil_moisture",8.83460536245128,"%"
"S03","2025-01-02T00:35:00Z","soil_moisture",14.0998330331821,"%"
"S03","2025-01-02T00:40:00Z","soil_moisture",27.1117071059173,"%"
"S03","2025-01-02T00:45:00Z","soil_moisture",22.5752013707145,"%"
"S03","2025-01-02T00:50:00Z","soil_moisture",9.437051263013,"%"
"S03","2025-01-02T00:55:00Z","soil_moisture",17.310989876177,"%"
"S03","2025-01-02T01:00:00Z","soil_moisture",10.2270836336405,"%"
"S03","2025-01-02T01:05:00Z","soil_moisture",19.1820096464722,"%"
"S03","2025-01-02T01:10:00Z","soil_moisture",19.5484141860416,"%"
"S03","2025-01-02T01:15:00Z","soil_moisture",12.7600497451045,"%"
"S03","2025-01-02T01:20:00Z","soil_moisture",16.3149357585381,"%"
"S03","2025-01-02T01:25:00Z","soil_moisture",43.533518872613,"%"
"S03","2025-01-02T01:30:00Z","soil_moisture",27.6569179681621,"%"
"S03","2025-01-02T01:35:00Z","soil_moisture",41.1213565332252,"%"
"S03","2025-01-02T01:40:00Z","soil_moisture",60.0023853194806,"%"
"S03","2025-01-02T01:45:00Z","soil_moisture",22.5441125053178,"%"
"S03","2025-01-02T01:50:00Z","soil_moisture",11.4358111939633,"%"
"S03","2025-01-02T01:55:00Z","soil_moisture",19.0105009753046,"%"
"S03","2025-01-02T02:00:00Z","soil_moisture",30.4973723534166,"%"
"S03","2025-01-02T02:05:00Z","soil_moisture",50.9373530056038,"%"
"S03","2025-01-02T02:10:00Z","soil_moisture",40.6944896915258,"%"
"S03","2025-01-02T02:15:00Z","soil_moisture",39.1062532059978,"%"
"S03","2025-01-02T02:20:00Z","soil_moisture",9.39130962798184,"%"
"S03","2025-01-02T02:25:00Z","soil_moisture",7.61948597104556,"%"
"S03","2025-01-02T02:30:00Z","soil_moisture",0.716168249611483,"%"
"S03","2025-01-02T02:35:00Z","soil_moisture",1.86822853807551,"%"
"S03","2025-01-02T02:40:00Z","soil_moisture",3.32755153157874,"%"
"S03","2025-01-02T02:45:00Z","soil_moisture",33.0969873130725,"%"
"S03","2025-01-02T02:50:00Z","soil_moisture",50.0021463820643,"%"
"S03","2025-01-02T02:55:00Z","soil_moisture",37.5765371977169,"%"
"S03","2025-01-02T03:00:00Z","soil_moisture",24.4275014401632,"%"
"S03","2025-01-02T03:05:00Z","soil_moisture",30.5864511896714,"%"
"S03","2025-01-02T03:10:00Z","soil_moisture",21.2524299955954,"%"
"S03","2025-01-02T03:15:00Z","soil_moisture",13.4545898962247,"%"
"S03","2025-01-02T03:20:00Z","soil_moisture",14.3551879359424,"%"
"S03","2025-01-02T03:25:00Z","soil_moisture",20.0884249818022,"%"
"S03","2025-01-02T03:30:00Z","soil_moisture",18.1059780091722,"%"
"S03","2025-01-02T03:35:00Z","soil_moisture",23.7657044943763,"%"
"S03","2025-01-02T03:40:00Z","soil_moisture",21.6385529638884,"%"
"S03","2025-01-02T03:45:00Z","soil_moisture",1.48316071327791,"%"
"S03","2025-01-02T03:50:00Z","soil_moisture",1.93435044830616,"%"
"S03","2025-01-02T03:55:00Z","soil_moisture",13.102755312267,"%"
"S03","2025-01-02T04:00:00Z","soil_moisture",16.1556181918544,"%"
"S03","2025-01-02T04:05:00Z","soil_moisture",33.3048669568156,"%"
"S03","2025-01-02T04:10:00Z","soil_moisture",14.3119831628344,"%"
"S03","2025-01-02T04:15:00Z","soil_moisture",19.4797326869212,"%"
"S03","2025-01-02T04:20:00Z","soil_moisture",15.1133899562243,"%"
"S03","2025-01-02T04:25:00Z","soil_moisture",19.6050890012986,"%"
"S03","2025-01-02T04:30:00Z","soil_moisture",1.54622853445862,"%"
"S03","2025-01-02T04:35:00Z","soil_moisture",12.7873103339417,"%"
"S03","2025-01-02T04:40:00Z","soil_moisture",16.2898572280021,"%"
"S03","2025-01-02T04:45:00Z","soil_moisture",28.872235014144,"%"
"S03","2025-01-02T04:50:00Z","soil_moisture",7.01941875639757,"%"
"S03","2025-01-02T04:55:00Z","soil_moisture",26.001040357298,"%"
"S03","2025-01-02T05:00:00Z","soil_moisture",7.77490581486141,"%"
"S03","2025-01-02T05:05:00Z","soil_moisture",14.5318073550893,"%"
"S03","2025-01-02T05:10:00Z","soil_moisture",20.67409203157,"%"
"S03","2025-01-02T05:15:00Z","soil_moisture",14.0081547689203,"%"
"S03","2025-01-02T05:20:00Z","soil_moisture",1.56249376015322,"%"
"S03","2025-01-02T05:25:00Z","soil_moisture",3.06127011312682,"%"
"S03","2025-01-02T05:30:00Z","soil_moisture",34.621503973354,"%"
"S03","2025-01-02T05:35:00Z","soil_moisture",20.5885705601427,"%"
"S03","2025-01-02T05:40:00Z","soil_moisture",19.1016394488995,"%"
"S03","2025-01-02T05:45:00Z","soil_moisture",17.5040871314764,"%"
"S03","2025-01-02T05:50:00Z","soil_moisture",19.4761167044161,"%"
"S03","2025-01-02T05:55:00Z","soil_moisture",7.67211820821944,"%"
"S03","2025-01-02T06:00:00Z","soil_moisture",22.220287321722,"%"
"S03","2025-01-02T06:05:00Z","soil_moisture",12.3808744077823,"%"
"S03","2025-01-02T06:10:00Z","soil_moisture",6.25850424228392,"%"
"S03","2025-01-02T06:15:00Z","soil_moisture",6.31649207092021,"%"
"S03","2025-01-02T06:20:00Z","soil_moisture",4.549299634727,"%"
"S03","2025-01-02T06:25:00Z","soil_moisture",21.490475572945,"%"
"S03","2025-01-02T06:30:00Z","soil_moisture",8.55750451610762,"%"
"S03","2025-01-02T06:35:00Z","soil_moisture",12.7655673195818,"%"
"S03","2025-01-02T06:40:00Z","soil_moisture",9.42647139019612,"%"
"S03","2025-01-02T06:45:00Z","soil_moisture",9.84029156728763,"%"
"S03","2025-01-02T06:50:00Z","soil_moisture",27.7646292135034,"%"
"S03","2025-01-02T06:55:00Z","soil_moisture",10.401770695614,"%"
"S03","2025-01-02T07:00:00Z","soil_moisture",4.01731719433573,"%"
"S03","2025-01-02T07:05:00Z","soil_moisture",28.5443385725832,"%"
"S03","2025-01-02T07:10:00Z","soil_moisture",20.0431208775809,"%"
"S03","2025-01-02T07:15:00Z","soil_moisture",8.10276736184047,"%"
"S03","2025-01-02T07:20:00Z","soil_moisture",7.20322619529488,"%"
"S03","2025-01-02T07:25:00Z","soil_moisture",20.1058536491643,"%"
"S03","2025-01-02T07:30:00Z","soil_moisture",5.29230914556139,"%"
"S03","2025-01-02T07:35:00Z","soil_moisture",11.1211642324306,"%"
"S03","2025-01-02T07:40:00Z","soil_moisture",14.7933748426241,"%"
"S03","2025-01-02T07:45:00Z","soil_moisture",8.0372634867854,"%"
"S03","2025-01-02T07:50:00Z","soil_moisture",5.08558518226998,"%"
"S03","2025-01-02T07:55:00Z","soil_moisture",0.465636772478596,"%"
"S03","2025-01-02T08:00:00Z","soil_moisture",18.1895906832888,"%"
"S03","2025-01-02T08:05:00Z","soil_moisture",8.23832954780521,"%"
"S03","2025-01-02T08:10:00Z","soil_moisture",15.3571091978844,"%"
"S03","2025-01-02T08:15:00Z","soil_moisture",14.6309116569672,"%"
"S03","2025-01-02T08:20:00Z","soil_moisture",32.6893247186422,"%"
"S03","2025-01-02T08:25:00Z","soil_moisture",38.7934678723445,"%"
"S03","2025-01-02T08:30:00Z","soil_moisture",3.4200075340292,"%"
"S03","2025-01-02T08:35:00Z","soil_moisture",18.0963788645865,"%"
"S03","2025-01-02T08:40:00Z","soil_moisture",21.8999026654986,"%"
"S03","2025-01-02T08:45:00Z","soil_moisture",47.3065305655085,"%"
"S03","2025-01-02T08:50:00Z","soil_moisture",57.6724394256294,"%"
"S03","2025-01-02T08:55:00Z","soil_moisture",47.7937220286864,"%"
"S03","2025-01-02T09:00:00Z","soil_moisture",73.7285584002989,"%"
"S03","2025-01-02T09:05:00Z","soil_moisture",41.8100603226437,"%"
"S03","2025-01-02T09:10:00Z","soil_moisture",32.0324249890778,"%"
"S03","2025-01-02T09:15:00Z","soil_moisture",31.7460186932279,"%"
"S03","2025-01-02T09:20:00Z","soil_moisture",45.8740122102857,"%"
"S03","2025-01-02T09:25:00Z","soil_moisture",54.21291958081,"%"
"S03","2025-01-02T09:30:00Z","soil_moisture",54.5877246375044,"%"
"S03","2025-01-02T09:35:00Z","soil_moisture",25.8971831350357,"%"
"S03","2025-01-02T09:40:00Z","soil_moisture",51.0654631524633,"%"
"S03","2025-01-02T09:45:00Z","soil_moisture",43.5512638783077,"%"
"S03","2025-01-02T09:50:00Z","soil_moisture",40.3559139317307,"%"
"S03","2025-01-02T09:55:00Z","soil_moisture",34.0982129573688,"%"
"S03","2025-01-02T10:00:00Z","soil_moisture",28.0021544107468,"%"
"S03","2025-01-02T10:05:00Z","soil_moisture",6.48278015967674,"%"
"S03","2025-01-02T10:10:00Z","soil_moisture",9.03850244595684,"%"
"S03","2025-01-02T10:15:00Z","soil_moisture",23.5302174354146,"%"
"S03","2025-01-02T10:20:00Z","soil_moisture",8.83076074496759,"%"
"S03","2025-01-02T10:25:00Z","soil_moisture",14.8401513021567,"%"
"S03","2025-01-02T10:30:00Z","soil_moisture",26.4848551955779,"%"
"S03","2025-01-02T10:35:00Z","soil_moisture",41.7791780635776,"%"
"S03","2025-01-02T10:40:00Z","soil_moisture",43.4637713141756,"%"
"S03","2025-01-02T10:45:00Z","soil_moisture",43.3253135467233,"%"
"S03","2025-01-02T10:50:00Z","soil_moisture",33.0039910188784,"%"
"S03","2025-01-02T10:55:00Z","soil_moisture",46.6006797487297,"%"
"S03","2025-01-02T11:00:00Z","soil_moisture",28.9038212403485,"%"
"S03","2025-01-02T11:05:00Z","soil_moisture",26.9324543363835,"%"
"S03","2025-01-02T11:10:00Z","soil_moisture",37.3960111947129,"%"
"S03","2025-01-02T11:15:00Z","soil_moisture",47.2933142757133,"%"
"S03","2025-01-02T11:20:00Z","soil_moisture",37.7850287909881,"%"
"S03","2025-01-02T11:25:00Z","soil_moisture",24.9760308800174,"%"
"S03","2025-01-02T11:30:00Z","soil_moisture",36.8661350350117,"%"
"S03","2025-01-02T11:35:00Z","soil_moisture",27.0176479364666,"%"
"S03","2025-01-02T11:40:00Z","soil_moisture",34.1588216393861,"%"
"S03","2025-01-02T11:45:00Z","soil_moisture",50.7129815718194,"%"
"S03","2025-01-02T11:50:00Z","soil_moisture",40.8475485830825,"%"
"S03","2025-01-02T11:55:00Z","soil_moisture",26.2412764388421,"%"
"S03","2025-01-02T12:00:00Z","soil_moisture",27.3614065356117,"%"
"S03","2025-01-02T12:05:00Z","soil_moisture",22.3889353388152,"%"
"S03","2025-01-02T12:10:00Z","soil_moisture",37.8162572180849,"%"
"S03","2025-01-02T12:15:00Z","soil_moisture",30.7760362250702,"%"
"S03","2025-01-02T12:20:00Z","soil_moisture",25.8483179798917,"%"
"S03","2025-01-02T12:25:00Z","soil_moisture",34.0561303933041,"%"
"S03","2025-01-02T12:30:00Z","soil_moisture",27.6748602442933,"%"
"S03","2025-01-02T12:35:00Z","soil_moisture",37.718419181316,"%"
"S03","2025-01-02T12:40:00Z","soil_moisture",32.7476181410787,"%"
"S03","2025-01-02T12:45:00Z","soil_moisture",33.1890067534633,"%"
"S03","2025-01-02T12:50:00Z","soil_moisture",11.0121765332853,"%"
"S03","2025-01-02T12:55:00Z","soil_moisture",23.3197154894724,"%"
"S03","2025-01-02T13:00:00Z","soil_moisture",25.0769686378547,"%"
"S03","2025-01-02T13:05:00Z","soil_moisture",36.9961397444992,"%"
"S03","2025-01-02T13:10:00Z","soil_moisture",67.4699438547519,"%"
"S03","2025-01-02T13:15:00Z","soil_moisture",34.9694997903808,"%"
"S03","2025-01-02T13:20:00Z","soil_moisture",6.86476236442223,"%"
"S03","2025-01-02T13:25:00Z","soil_moisture",13.8737052743,"%"
"S03","2025-01-02T13:30:00Z","soil_moisture",20.0895395963053,"%"
"S03","2025-01-02T13:35:00Z","soil_moisture",14.67591556347,"%"
"S03","2025-01-02T13:40:00Z","soil_moisture",29.9604398258117,"%"
"S03","2025-01-02T13:45:00Z","soil_moisture",20.051578849183,"%"
"S03","2025-01-02T13:50:00Z","soil_moisture",25.6790680603066,"%"
"S03","2025-01-02T13:55:00Z","soil_moisture",6.38084151296815,"%"
"S03","2025-01-02T14:00:00Z","soil_moisture",35.821362861119,"%"
"S03","2025-01-02T14:05:00Z","soil_moisture",42.0019025290955,"%"
"S03","2025-01-02T14:10:00Z","soil_moisture",22.0436683247474,"%"
"S03","2025-01-02T14:15:00Z","soil_moisture",31.4219032788714,"%"
"S03","2025-01-02T14:20:00Z","soil_moisture",26.0511379588457,"%"
"S03","2025-01-02T14:25:00Z","soil_moisture",18.2270873748059,"%"
"S03","2025-01-02T14:30:00Z","soil_moisture",34.6969541781112,"%"
"S03","2025-01-02T14:35:00Z","soil_moisture",48.6565823357404,"%"
"S03","2025-01-02T14:40:00Z","soil_moisture",17.4145374074265,"%"
"S03","2025-01-02T14:45:00Z","soil_moisture",24.2709026818632,"%"
"S03","2025-01-02T14:50:00Z","soil_moisture",24.3788398335315,"%"
"S03","2025-01-02T14:55:00Z","soil_moisture",45.8237946211677,"%"
"S03","2025-01-02T15:00:00Z","soil_moisture",8.88098400194409,"%"
"S03","2025-01-02T15:05:00Z","soil_moisture",16.7765888079162,"%"
"S03","2025-01-02T15:10:00Z","soil_moisture",27.2121564851161,"%"
"S03","2025-01-02T15:15:00Z","soil_moisture",40.4767526445082,"%"
"S03","2025-01-02T15:20:00Z","soil_moisture",37.0509688696146,"%"
"S03","2025-01-02T15:25:00Z","soil_moisture",15.3387123340401,"%"
"S03","2025-01-02T15:30:00Z","soil_moisture",19.9785605381685,"%"
"S03","2025-01-02T15:35:00Z","soil_moisture",15.1119204225155,"%"
"S03","2025-01-02T15:40:00Z","soil_moisture",11.8644237115798,"%"
"S03","2025-01-02T15:45:00Z","soil_moisture",2.56444932447827,"%"
"S03","2025-01-02T15:50:00Z","soil_moisture",18.8753915267169,"%"
"S03","2025-01-02T15:55:00Z","soil_moisture",19.6221756928538,"%"
"S03","2025-01-02T16:00:00Z","soil_moisture",17.6377479672009,"%"
"S03","2025-01-02T16:05:00Z","soil_moisture",11.5793899403255,"%"
"S03","2025-01-02T16:10:00Z","soil_moisture",19.0891002012684,"%"
"S03","2025-01-02T16:15:00Z","soil_moisture",39.7397366066569,"%"
"S03","2025-01-02T16:20:00Z","soil_moisture",4.74917637725727,"%"
"S03","2025-01-02T16:25:00Z","soil_moisture",32.4055444515868,"%"
"S03","2025-01-02T16:30:00Z","soil_moisture",48.3022846929643,"%"
"S03","2025-01-02T16:35:00Z","soil_moisture",17.693505856843,"%"
"S03","2025-01-02T16:40:00Z","soil_moisture",20.9379884430998,"%"
"S03","2025-01-02T16:45:00Z","soil_moisture",34.3090623183411,"%"
"S03","2025-01-02T16:50:00Z","soil_moisture",41.3051151091679,"%"
"S03","2025-01-02T16:55:00Z","soil_moisture",37.602271093649,"%"
"S03","2025-01-02T17:00:00Z","soil_moisture",35.1743941289844,"%"
"S03","2025-01-02T17:05:00Z","soil_moisture",34.180322127808,"%"
"S03","2025-01-02T17:10:00Z","soil_moisture",17.1951766498819,"%"
"S03","2025-01-02T17:15:00Z","soil_moisture",39.1939995543646,"%"
"S03","2025-01-02T17:20:00Z","soil_moisture",43.9411986174471,"%"
"S03","2025-01-02T17:25:00Z","soil_moisture",24.1627246353203,"%"
"S03","2025-01-02T17:30:00Z","soil_moisture",17.5284114177738,"%"
"S03","2025-01-02T17:35:00Z","soil_moisture",34.6787865605683,"%"
"S03","2025-01-02T17:40:00Z","soil_moisture",21.6269169771913,"%"
"S03","2025-01-02T17:45:00Z","soil_moisture",40.7358842603144,"%"
"S03","2025-01-02T17:50:00Z","soil_moisture",28.9838409924395,"%"
"S03","2025-01-02T17:55:00Z","soil_moisture",52.1277936169759,"%"
"S03","2025-01-02T18:00:00Z","soil_moisture",60.2933648015743,"%"
"S03","2025-01-02T18:05:00Z","soil_moisture",17.423887521146,"%"
"S03","2025-01-02T18:10:00Z","soil_moisture",21.2353467021448,"%"
"S03","2025-01-02T18:15:00Z","soil_moisture",56.4666370435942,"%"
"S03","2025-01-02T18:20:00Z","soil_moisture",61.8034333023861,"%"
"S03","2025-01-02T18:25:00Z","soil_moisture",26.7023368610796,"%"
"S03","2025-01-02T18:30:00Z","soil_moisture",28.4785047315229,"%"
"S03","2025-01-02T18:35:00Z","soil_moisture",38.2178924187439,"%"
"S03","2025-01-02T18:40:00Z","soil_moisture",24.5675958144497,"%"
"S03","2025-01-02T18:45:00Z","soil_moisture",36.5740470065173,"%"
"S03","2025-01-02T18:50:00Z","soil_moisture",13.7075307263653,"%"
"S03","2025-01-02T18:55:00Z","soil_moisture",11.2821908003143,"%"
"S03","2025-01-02T19:00:00Z","soil_moisture",9.09691887172609,"%"
"S03","2025-01-02T19:05:00Z","soil_moisture",31.131381181798,"%"
"S03","2025-01-02T19:10:00Z","soil_moisture",16.3173057888975,"%"
"S03","2025-01-02T19:15:00Z","soil_moisture",28.5130751266758,"%"
"S03","2025-01-02T19:20:00Z","soil_moisture",13.1305178678048,"%"
"S03","2025-01-02T19:25:00Z","soil_moisture",17.6903777533153,"%"
"S03","2025-01-02T19:30:00Z","soil_moisture",27.6824516306795,"%"
"S03","2025-01-02T19:35:00Z","soil_moisture",15.0719822654157,"%"
"S03","2025-01-02T19:40:00Z","soil_moisture",53.7006669597171,"%"
"S03","2025-01-02T19:45:00Z","soil_moisture",36.1589576323929,"%"
"S03","2025-01-02T19:50:00Z","soil_moisture",50.04190796929,"%"
"S03","2025-01-02T19:55:00Z","soil_moisture",50.149365883704,"%"
"S03","2025-01-02T20:00:00Z","soil_moisture",61.1185795306816,"%"
"S03","2025-01-02T20:05:00Z","soil_moisture",32.9863872795114,"%"
"S03","2025-01-02T20:10:00Z","soil_moisture",38.2696307076358,"%"
"S03","2025-01-02T20:15:00Z","soil_moisture",31.6082954228238,"%"
"S03","2025-01-02T20:20:00Z","soil_moisture",25.6095154072511,"%"
"S03","2025-01-02T20:25:00Z","soil_moisture",14.4651508658518,"%"
"S03","2025-01-02T20:30:00Z","soil_moisture",8.20641562517071,"%"
"S03","2025-01-02T20:35:00Z","soil_moisture",9.99500578420369,"%"
"S03","2025-01-02T20:40:00Z","soil_moisture",17.4487192255212,"%"
"S03","2025-01-02T20:45:00Z","soil_moisture",30.5650627413713,"%"
"S03","2025-01-02T20:50:00Z","soil_moisture",18.3657566559988,"%"
"S03","2025-01-02T20:55:00Z","soil_moisture",19.2211960989112,"%"
"S03","2025-01-02T21:00:00Z","soil_moisture",43.4549179455482,"%"
"S03","2025-01-02T21:05:00Z","soil_moisture",59.778455999561,"%"
"S03","2025-01-02T21:10:00Z","soil_moisture",44.8579225144071,"%"
"S03","2025-01-02T21:15:00Z","soil_moisture",53.2273922114558,"%"
"S03","2025-01-02T21:20:00Z","soil_moisture",54.1300409137023,"%"
"S03","2025-01-02T21:25:00Z","soil_moisture",56.0117646462256,"%"
"S03","2025-01-02T21:30:00Z","soil_moisture",55.0412894262277,"%"
"S03","2025-01-02T21:35:00Z","soil_moisture",80.0257577310054,"%"
"S03","2025-01-02T21:40:00Z","soil_moisture",43.6496983192741,"%"
"S03","2025-01-02T21:45:00Z","soil_moisture",46.1525094173725,"%"
"S03","2025-01-02T21:50:00Z","soil_moisture",27.6649456318143,"%"
"S03","2025-01-02T21:55:00Z","soil_moisture",14.7429781707335,"%"
"S03","2025-01-02T22:00:00Z","soil_moisture",12.9028243302317,"%"
"S03","2025-01-02T22:05:00Z","soil_moisture",31.1970484633483,"%"
"S03","2025-01-02T22:10:00Z","soil_moisture",20.6804115722552,"%"
"S03","2025-01-02T22:15:00Z","soil_moisture",22.3538620666458,"%"
"S03","2025-01-02T22:20:00Z","soil_moisture",8.45209928939103,"%"
"S03","2025-01-02T22:25:00Z","soil_moisture",11.6793482722974,"%"
"S03","2025-01-02T22:30:00Z","soil_moisture",5.85468989932034,"%"
"S03","2025-01-02T22:35:00Z","soil_moisture",8.32819776976213,"%"
"S03","2025-01-02T22:40:00Z","soil_moisture",7.2073045201819,"%"
"S03","2025-01-02T22:45:00Z","soil_moisture",29.5978166828102,"%"
"S03","2025-01-02T22:50:00Z","soil_moisture",17.9222826000551,"%"
"S03","2025-01-02T22:55:00Z","soil_moisture",25.9330665249077,"%"
"S03","2025-01-02T23:00:00Z","soil_moisture",27.3255266982211,"%"
"S03","2025-01-02T23:05:00Z","soil_moisture",24.5026535073215,"%"
"S03","2025-01-02T23:10:00Z","soil_moisture",45.924625282658,"%"
"S03","2025-01-02T23:15:00Z","soil_moisture",52.2106101821544,"%"
"S03","2025-01-02T23:20:00Z","soil_moisture",57.5546491479815,"%"
"S03","2025-01-02T23:25:00Z","soil_moisture",21.2314436240649,"%"
"S03","2025-01-02T23:30:00Z","soil_moisture",14.2867153169478,"%"
"S03","2025-01-02T23:35:00Z","soil_moisture",13.0414191097586,"%"
"S03","2025-01-02T23:40:00Z","soil_moisture",23.245645105746,"%"
"S03","2025-01-02T23:45:00Z","soil_moisture",23.3442416752211,"%"
"S03","2025-01-02T23:50:00Z","soil_moisture",10.3555726654898,"%"
"S03","2025-01-02T23:55:00Z","soil_moisture",12.9616686373076,"%"
"S03","2025-01-03T00:00:00Z","soil_moisture",11.2642839995222,"%"
"S03","2025-01-03T00:05:00Z","soil_moisture",15.6155784151388,"%"
"S03","2025-01-03T00:10:00Z","soil_moisture",52.6161733543601,"%"
"S03","2025-01-03T00:15:00Z","soil_moisture",47.8805666188354,"%"
"S03","2025-01-03T00:20:00Z","soil_moisture",52.1510215059214,"%"
"S03","2025-01-03T00:25:00Z","soil_moisture",25.2878719327091,"%"
"S03","2025-01-03T00:30:00Z","soil_moisture",19.3862862374784,"%"
"S03","2025-01-03T00:35:00Z","soil_moisture",25.969365643292,"%"
"S03","2025-01-03T00:40:00Z","soil_moisture",25.9346972974649,"%"
"S03","2025-01-03T00:45:00Z","soil_moisture",31.4369583015357,"%"
"S03","2025-01-03T00:50:00Z","soil_moisture",39.9241380665888,"%"
"S03","2025-01-03T00:55:00Z","soil_moisture",37.3250218295122,"%"
"S03","2025-01-03T01:00:00Z","soil_moisture",30.5825450184668,"%"
"S03","2025-01-03T01:05:00Z","soil_moisture",74.8197463695214,"%"
"S03","2025-01-03T01:10:00Z","soil_moisture",33.0600279322623,"%"
"S03","2025-01-03T01:15:00Z","soil_moisture",20.603988040203,"%"
"S03","2025-01-03T01:20:00Z","soil_moisture",27.9686059758497,"%"
"S03","2025-01-03T01:25:00Z","soil_moisture",41.0223111425386,"%"
"S03","2025-01-03T01:30:00Z","soil_moisture",30.7586767471489,"%"
"S03","2025-01-03T01:35:00Z","soil_moisture",37.8306087422857,"%"
"S03","2025-01-03T01:40:00Z","soil_moisture",20.4233108350696,"%"
"S03","2025-01-03T01:45:00Z","soil_moisture",44.5628117613123,"%"
"S03","2025-01-03T01:50:00Z","soil_moisture",40.6429676465707,"%"
"S03","2025-01-03T01:55:00Z","soil_moisture",37.9172661881696,"%"
"S03","2025-01-03T02:00:00Z","soil_moisture",37.3502703559308,"%"
"S03","2025-01-03T02:05:00Z","soil_moisture",47.2732160771626,"%"
"S03","2025-01-03T02:10:00Z","soil_moisture",53.3880290641965,"%"
"S03","2025-01-03T02:15:00Z","soil_moisture",55.1224025722612,"%"
"S03","2025-01-03T02:20:00Z","soil_moisture",52.0985540232769,"%"
"S03","2025-01-03T02:25:00Z","soil_moisture",55.3176980376262,"%"
"S03","2025-01-03T02:30:00Z","soil_moisture",34.1320633355165,"%"
"S03","2025-01-03T02:35:00Z","soil_moisture",49.8016876808112,"%"
"S03","2025-01-03T02:40:00Z","soil_moisture",69.2591521674454,"%"
"S03","2025-01-03T02:45:00Z","soil_moisture",37.4245770108678,"%"
"S03","2025-01-03T02:50:00Z","soil_moisture",26.0349088783518,"%"
"S03","2025-01-03T02:55:00Z","soil_moisture",36.4501770373852,"%"
"S03","2025-01-03T03:00:00Z","soil_moisture",71.3101616583673,"%"
"S03","2025-01-03T03:05:00Z","soil_moisture",40.7986394717203,"%"
"S03","2025-01-03T03:10:00Z","soil_moisture",10.2026590628723,"%"
"S03","2025-01-03T03:15:00Z","soil_moisture",52.6112257127453,"%"
"S03","2025-01-03T03:20:00Z","soil_moisture",21.8532698355079,"%"
"S03","2025-01-03T03:25:00Z","soil_moisture",29.817308896556,"%"
"S03","2025-01-03T03:30:00Z","soil_moisture",14.9169485107758,"%"
"S03","2025-01-03T03:35:00Z","soil_moisture",38.9903488631951,"%"
"S03","2025-01-03T03:40:00Z","soil_moisture",51.9583653194024,"%"
"S03","2025-01-03T03:45:00Z","soil_moisture",17.4604314443337,"%"
"S03","2025-01-03T03:50:00Z","soil_moisture",17.0905796199507,"%"
"S03","2025-01-03T03:55:00Z","soil_moisture",4.83158308802349,"%"
"S03","2025-01-03T04:00:00Z","soil_moisture",10.8097734060084,"%"
"S03","2025-01-03T04:05:00Z","soil_moisture",28.611872049184,"%"
"S03","2025-01-03T04:10:00Z","soil_moisture",16.239921104755,"%"
"S03","2025-01-03T04:15:00Z","soil_moisture",26.6409528700176,"%"
"S03","2025-01-03T04:20:00Z","soil_moisture",19.4956285532096,"%"
"S03","2025-01-03T04:25:00Z","soil_moisture",29.1561864251018,"%"
"S03","2025-01-03T04:30:00Z","soil_moisture",33.9491068557926,"%"
"S03","2025-01-03T04:35:00Z","soil_moisture",24.7692239945063,"%"
"S03","2025-01-03T04:40:00Z","soil_moisture",4.26784767252381,"%"
"S03","2025-01-03T04:45:00Z","soil_moisture",12.507268652657,"%"
"S03","2025-01-03T04:50:00Z","soil_moisture",36.2610977270622,"%"
"S03","2025-01-03T04:55:00Z","soil_moisture",40.5627748375172,"%"
"S03","2025-01-03T05:00:00Z","soil_moisture",25.2795730035707,"%"
"S03","2025-01-03T05:05:00Z","soil_moisture",14.9090210317533,"%"
"S03","2025-01-03T05:10:00Z","soil_moisture",20.9176729795813,"%"
"S03","2025-01-03T05:15:00Z","soil_moisture",30.5494848215364,"%"
"S03","2025-01-03T05:20:00Z","soil_moisture",36.9683275939379,"%"
"S03","2025-01-03T05:25:00Z","soil_moisture",40.5908542026423,"%"
"S03","2025-01-03T05:30:00Z","soil_moisture",29.5584640225496,"%"
"S03","2025-01-03T05:35:00Z","soil_moisture",31.4931216206813,"%"
"S03","2025-01-03T05:40:00Z","soil_moisture",31.4413810850639,"%"
"S03","2025-01-03T05:45:00Z","soil_moisture",34.7671125948234,"%"
"S03","2025-01-03T05:50:00Z","soil_moisture",24.0431204164767,"%"
"S03","2025-01-03T05:55:00Z","soil_moisture",4.89730936309795,"%"
"S03","2025-01-03T06:00:00Z","soil_moisture",38.8675864527086,"%"
"S03","2025-01-03T06:05:00Z","soil_moisture",21.0114599219223,"%"
"S03","2025-01-03T06:10:00Z","soil_moisture",36.9205723960393,"%"
"S03","2025-01-03T06:15:00Z","soil_moisture",12.1760367388415,"%"
"S03","2025-01-03T06:20:00Z","soil_moisture",6.25111421140187,"%"
"S03","2025-01-03T06:25:00Z","soil_moisture",2.75979164052787,"%"
"S03","2025-01-03T06:30:00Z","soil_moisture",38.6411125954188,"%"
"S03","2025-01-03T06:35:00Z","soil_moisture",31.0144380687347,"%"
"S03","2025-01-03T06:40:00Z","soil_moisture",31.1829358881329,"%"
"S03","2025-01-03T06:45:00Z","soil_moisture",7.49522721756925,"%"
"S03","2025-01-03T06:50:00Z","soil_moisture",12.7317084195286,"%"
"S03","2025-01-03T06:55:00Z","soil_moisture",6.11876423741982,"%"
"S03","2025-01-03T07:00:00Z","soil_moisture",13.0349469844574,"%"
"S03","2025-01-03T07:05:00Z","soil_moisture",31.5490287441379,"%"
"S03","2025-01-03T07:10:00Z","soil_moisture",11.0873297895677,"%"
"S03","2025-01-03T07:15:00Z","soil_moisture",11.4428011573952,"%"
"S03","2025-01-03T07:20:00Z","soil_moisture",31.5987553838885,"%"
"S03","2025-01-03T07:25:00Z","soil_moisture",6.91996287871327,"%"
"S03","2025-01-03T07:30:00Z","soil_moisture",25.4663082241273,"%"
"S03","2025-01-03T07:35:00Z","soil_moisture",53.5835042247896,"%"
"S03","2025-01-03T07:40:00Z","soil_moisture",29.5001003326252,"%"
"S03","2025-01-03T07:45:00Z","soil_moisture",45.6121421861205,"%"
"S03","2025-01-03T07:50:00Z","soil_moisture",17.010141008414,"%"
"S03","2025-01-03T07:55:00Z","soil_moisture",35.4863313261846,"%"
"S03","2025-01-03T08:00:00Z","soil_moisture",16.8871700855831,"%"
"S03","2025-01-03T08:05:00Z","soil_moisture",3.54529650314831,"%"
"S03","2025-01-03T08:10:00Z","soil_moisture",14.1590732543694,"%"
"S03","2025-01-03T08:15:00Z","soil_moisture",13.2861085765552,"%"
"S03","2025-01-03T08:20:00Z","soil_moisture",15.7270115056408,"%"
"S03","2025-01-03T08:25:00Z","soil_moisture",21.0085701176029,"%"
"S03","2025-01-03T08:30:00Z","soil_moisture",43.0344646608442,"%"
"S03","2025-01-03T08:35:00Z","soil_moisture",27.3172869061182,"%"
"S03","2025-01-03T08:40:00Z","soil_moisture",46.6565627934891,"%"
"S03","2025-01-03T08:45:00Z","soil_moisture",21.4518250158367,"%"
"S03","2025-01-03T08:50:00Z","soil_moisture",24.7583487176802,"%"
"S03","2025-01-03T08:55:00Z","soil_moisture",29.4979605352719,"%"
"S03","2025-01-03T09:00:00Z","soil_moisture",21.293646661768,"%"
"S03","2025-01-03T09:05:00Z","soil_moisture",42.6598766607482,"%"
"S03","2025-01-03T09:10:00Z","soil_moisture",37.8213411143024,"%"
"S03","2025-01-03T09:15:00Z","soil_moisture",50.022474761372,"%"
"S03","2025-01-03T09:20:00Z","soil_moisture",18.6091504464834,"%"
"S03","2025-01-03T09:25:00Z","soil_moisture",6.49470462591924,"%"
"S03","2025-01-03T09:30:00Z","soil_moisture",10.739387559382,"%"
"S03","2025-01-03T09:35:00Z","soil_moisture",17.679207536151,"%"
"S03","2025-01-03T09:40:00Z","soil_moisture",27.6799766301419,"%"
"S03","2025-01-03T09:45:00Z","soil_moisture",21.098505002801,"%"
"S03","2025-01-03T09:50:00Z","soil_moisture",29.9039541622479,"%"
"S03","2025-01-03T09:55:00Z","soil_moisture",39.7356042611273,"%"
"S03","2025-01-03T10:00:00Z","soil_moisture",32.9229959668688,"%"
"S03","2025-01-03T10:05:00Z","soil_moisture",33.4013429939029,"%"
"S03","2025-01-03T10:10:00Z","soil_moisture",35.5374765315367,"%"
"S03","2025-01-03T10:15:00Z","soil_moisture",39.0659702826649,"%"
"S03","2025-01-03T10:20:00Z","soil_moisture",53.0367786684175,"%"
"S03","2025-01-03T10:25:00Z","soil_moisture",26.7575759602205,"%"
"S03","2025-01-03T10:30:00Z","soil_moisture",23.5318591732582,"%"
"S03","2025-01-03T10:35:00Z","soil_moisture",7.59965980963228,"%"
"S03","2025-01-03T10:40:00Z","soil_moisture",5.12038324010317,"%"
"S03","2025-01-03T10:45:00Z","soil_moisture",8.64453389189047,"%"
"S03","2025-01-03T10:50:00Z","soil_moisture",2.6416152701898,"%"
"S03","2025-01-03T10:55:00Z","soil_moisture",22.8784976354531,"%"
"S03","2025-01-03T11:00:00Z","soil_moisture",15.9333238031271,"%"
"S03","2025-01-03T11:05:00Z","soil_moisture",8.74608166817035,"%"
"S03","2025-01-03T11:10:00Z","soil_moisture",43.3753293845068,"%"
"S03","2025-01-03T11:15:00Z","soil_moisture",18.6921049117121,"%"
"S03","2025-01-03T11:20:00Z","soil_moisture",41.5305085863032,"%"
"S03","2025-01-03T11:25:00Z","soil_moisture",54.0103626166538,"%"
"S03","2025-01-03T11:30:00Z","soil_moisture",33.3972298548509,"%"
"S03","2025-01-03T11:35:00Z","soil_moisture",39.2239475415753,"%"
"S03","2025-01-03T11:40:00Z","soil_moisture",62.6260822229773,"%"
"S03","2025-01-03T11:45:00Z","soil_moisture",49.6338352171197,"%"
"S03","2025-01-03T11:50:00Z","soil_moisture",26.7870054350529,"%"
"S03","2025-01-03T11:55:00Z","soil_moisture",42.0640228631643,"%"
"S03","2025-01-03T12:00:00Z","soil_moisture",43.2181288254053,"%"
"S03","2025-01-03T12:05:00Z","soil_moisture",17.4882732160609,"%"
"S03","2025-01-03T12:10:00Z","soil_moisture",8.25696657478035,"%"
"S03","2025-01-03T12:15:00Z","soil_moisture",58.6808769813476,"%"
"S03","2025-01-03T12:20:00Z","soil_moisture",23.1985089570176,"%"
"S03","2025-01-03T12:25:00Z","soil_moisture",35.3961297332893,"%"
"S03","2025-01-03T12:30:00Z","soil_moisture",54.2084692887926,"%"
"S03","2025-01-03T12:35:00Z","soil_moisture",30.0956947171162,"%"
"S03","2025-01-03T12:40:00Z","soil_moisture",25.5064782775818,"%"
"S03","2025-01-03T12:45:00Z","soil_moisture",31.7941515721957,"%"
"S03","2025-01-03T12:50:00Z","soil_moisture",36.2659982943817,"%"
"S03","2025-01-03T12:55:00Z","soil_moisture",27.1769871759964,"%"
"S03","2025-01-03T13:00:00Z","soil_moisture",11.0444715311479,"%"
"S03","2025-01-03T13:05:00Z","soil_moisture",3.94250223279195,"%"
"S03","2025-01-03T13:10:00Z","soil_moisture",41.4261573963638,"%"
"S03","2025-01-03T13:15:00Z","soil_moisture",18.0657524622642,"%"
"S03","2025-01-03T13:20:00Z","soil_moisture",16.7835143880865,"%"
"S03","2025-01-03T13:25:00Z","soil_moisture",45.681306948236,"%"
"S03","2025-01-03T13:30:00Z","soil_moisture",45.6626371488759,"%"
"S03","2025-01-03T13:35:00Z","soil_moisture",41.6735259625207,"%"
"S03","2025-01-03T13:40:00Z","soil_moisture",31.8786249997331,"%"
"S03","2025-01-03T13:45:00Z","soil_moisture",33.8921534862063,"%"
"S03","2025-01-03T13:50:00Z","soil_moisture",29.6728359507699,"%"
"S03","2025-01-03T13:55:00Z","soil_moisture",24.6207152909402,"%"
"S03","2025-01-03T14:00:00Z","soil_moisture",18.1701923795071,"%"
"S03","2025-01-03T14:05:00Z","soil_moisture",38.3434104184438,"%"
"S03","2025-01-03T14:10:00Z","soil_moisture",64.3302915317265,"%"
"S03","2025-01-03T14:15:00Z","soil_moisture",49.0854802943067,"%"
"S03","2025-01-03T14:20:00Z","soil_moisture",42.7817189923709,"%"
"S03","2025-01-03T14:25:00Z","soil_moisture",38.4811986321813,"%"
"S03","2025-01-03T14:30:00Z","soil_moisture",62.5299964166905,"%"
"S03","2025-01-03T14:35:00Z","soil_moisture",57.3371281356147,"%"
"S03","2025-01-03T14:40:00Z","soil_moisture",35.3371588332922,"%"
"S03","2025-01-03T14:45:00Z","soil_moisture",53.059602408196,"%"
"S03","2025-01-03T14:50:00Z","soil_moisture",46.3068036684026,"%"
"S03","2025-01-03T14:55:00Z","soil_moisture",23.9103715580885,"%"
"S03","2025-01-03T15:00:00Z","soil_moisture",56.7914173870322,"%"
"S03","2025-01-03T15:05:00Z","soil_moisture",51.4843159979461,"%"
"S03","2025-01-03T15:10:00Z","soil_moisture",42.2199250548544,"%"
"S03","2025-01-03T15:15:00Z","soil_moisture",32.333218257351,"%"
"S03","2025-01-03T15:20:00Z","soil_moisture",26.3706676032684,"%"
"S03","2025-01-03T15:25:00Z","soil_moisture",18.0605027083313,"%"
"S03","2025-01-03T15:30:00Z","soil_moisture",36.6942171696031,"%"
"S03","2025-01-03T15:35:00Z","soil_moisture",15.0798303651045,"%"
"S03","2025-01-03T15:40:00Z","soil_moisture",18.2954343304729,"%"
"S03","2025-01-03T15:45:00Z","soil_moisture",0.943809653499681,"%"
"S03","2025-01-03T15:50:00Z","soil_moisture",9.41933300907467,"%"
"S03","2025-01-03T15:55:00Z","soil_moisture",11.462201596107,"%"
"S03","2025-01-03T16:00:00Z","soil_moisture",11.2695717883237,"%"
"S03","2025-01-03T16:05:00Z","soil_moisture",21.8573506046905,"%"
"S03","2025-01-03T16:10:00Z","soil_moisture",18.9358181940678,"%"
"S03","2025-01-03T16:15:00Z","soil_moisture",8.3699365347905,"%"
"S03","2025-01-03T16:20:00Z","soil_moisture",12.4353024518755,"%"
"S03","2025-01-03T16:25:00Z","soil_moisture",29.4382217811443,"%"
"S03","2025-01-03T16:30:00Z","soil_moisture",20.0413178731022,"%"
"S03","2025-01-03T16:35:00Z","soil_moisture",50.6869552423773,"%"
"S03","2025-01-03T16:40:00Z","soil_moisture",51.4625938360239,"%"
"S03","2025-01-03T16:45:00Z","soil_moisture",45.2329312204228,"%"
"S03","2025-01-03T16:50:00Z","soil_moisture",23.2056296238162,"%"
"S03","2025-01-03T16:55:00Z","soil_moisture",43.2946319062454,"%"
"S03","2025-01-03T17:00:00Z","soil_moisture",15.6295793051614,"%"
"S03","2025-01-03T17:05:00Z","soil_moisture",26.7355457744581,"%"
"S03","2025-01-03T17:10:00Z","soil_moisture",37.0823683293075,"%"
"S03","2025-01-03T17:15:00Z","soil_moisture",49.6121286924579,"%"
"S03","2025-01-03T17:20:00Z","soil_moisture",29.3690602001549,"%"
"S03","2025-01-03T17:25:00Z","soil_moisture",17.8486795947614,"%"
"S03","2025-01-03T17:30:00Z","soil_moisture",29.6276951178421,"%"
"S03","2025-01-03T17:35:00Z","soil_moisture",6.95967553146579,"%"
"S03","2025-01-03T17:40:00Z","soil_moisture",29.7766937021958,"%"
"S03","2025-01-03T17:45:00Z","soil_moisture",6.44998008017108,"%"
"S03","2025-01-03T17:50:00Z","soil_moisture",47.7026622627427,"%"
"S03","2025-01-03T17:55:00Z","soil_moisture",5.67048230229932,"%"
"S03","2025-01-03T18:00:00Z","soil_moisture",20.0261374036234,"%"
"S03","2025-01-03T18:05:00Z","soil_moisture",22.1682530819726,"%"
"S03","2025-01-03T18:10:00Z","soil_moisture",37.0384023199163,"%"
"S03","2025-01-03T18:15:00Z","soil_moisture",25.2401228888406,"%"
"S03","2025-01-03T18:20:00Z","soil_moisture",17.9457273574746,"%"
"S03","2025-01-03T18:25:00Z","soil_moisture",8.05716580600233,"%"
"S03","2025-01-03T18:30:00Z","soil_moisture",32.9206938036873,"%"
"S03","2025-01-03T18:35:00Z","soil_moisture",31.3117237410564,"%"
"S03","2025-01-03T18:40:00Z","soil_moisture",25.2915215923604,"%"
"S03","2025-01-03T18:45:00Z","soil_moisture",53.2492324670565,"%"
"S03","2025-01-03T18:50:00Z","soil_moisture",30.8197170690844,"%"
"S03","2025-01-03T18:55:00Z","soil_moisture",20.1882487238139,"%"
"S03","2025-01-03T19:00:00Z","soil_moisture",38.9478582018772,"%"
"S03","2025-01-03T19:05:00Z","soil_moisture",21.2716587204643,"%"
"S03","2025-01-03T19:10:00Z","soil_moisture",49.1712710476644,"%"
"S03","2025-01-03T19:15:00Z","soil_moisture",60.0889038603156,"%"
"S03","2025-01-03T19:20:00Z","soil_moisture",60.4941423296491,"%"
"S03","2025-01-03T19:25:00Z","soil_moisture",52.5120481856486,"%"
"S03","2025-01-03T19:30:00Z","soil_moisture",35.4887612919666,"%"
"S03","2025-01-03T19:35:00Z","soil_moisture",25.3425879222799,"%"
"S03","2025-01-03T19:40:00Z","soil_moisture",3.18286269392698,"%"
"S03","2025-01-03T19:45:00Z","soil_moisture",20.1159590976898,"%"
"S03","2025-01-03T19:50:00Z","soil_moisture",37.9866984634578,"%"
"S03","2025-01-03T19:55:00Z","soil_moisture",14.5369704045513,"%"
"S03","2025-01-03T20:00:00Z","soil_moisture",41.0713252614979,"%"
"S03","2025-01-03T20:05:00Z","soil_moisture",51.2515676860414,"%"
"S03","2025-01-03T20:10:00Z","soil_moisture",5.17714575330015,"%"
"S03","2025-01-03T20:15:00Z","soil_moisture",3.99962933839192,"%"
"S03","2025-01-03T20:20:00Z","soil_moisture",27.6685750786539,"%"
"S03","2025-01-03T20:25:00Z","soil_moisture",30.0579786093347,"%"
"S03","2025-01-03T20:30:00Z","soil_moisture",21.1344574293949,"%"
"S03","2025-01-03T20:35:00Z","soil_moisture",29.151438488485,"%"
"S03","2025-01-03T20:40:00Z","soil_moisture",29.9640520230222,"%"
"S03","2025-01-03T20:45:00Z","soil_moisture",5.28476926130755,"%"
"S03","2025-01-03T20:50:00Z","soil_moisture",25.0060698727983,"%"
"S03","2025-01-03T20:55:00Z","soil_moisture",41.1712026802961,"%"
"S03","2025-01-03T21:00:00Z","soil_moisture",9.95117010096681,"%"
"S03","2025-01-03T21:05:00Z","soil_moisture",27.6394986029442,"%"
"S03","2025-01-03T21:10:00Z","soil_moisture",38.5191151056821,"%"
"S03","2025-01-03T21:15:00Z","soil_moisture",66.3531005080054,"%"
"S03","2025-01-03T21:20:00Z","soil_moisture",63.9297617321058,"%"
"S03","2025-01-03T21:25:00Z","soil_moisture",56.1337102663248,"%"
"S03","2025-01-03T21:30:00Z","soil_moisture",18.4751273526982,"%"
"S03","2025-01-03T21:35:00Z","soil_moisture",50.2986773131092,"%"
"S03","2025-01-03T21:40:00Z","soil_moisture",31.3369500111375,"%"
"S03","2025-01-03T21:45:00Z","soil_moisture",37.7998905663162,"%"
"S03","2025-01-03T21:50:00Z","soil_moisture",17.5748687645387,"%"
"S03","2025-01-03T21:55:00Z","soil_moisture",28.3101357968926,"%"
"S03","2025-01-03T22:00:00Z","soil_moisture",42.4063855988404,"%"
"S03","2025-01-03T22:05:00Z","soil_moisture",63.7061898815209,"%"
"S03","2025-01-03T22:10:00Z","soil_moisture",45.9055950999151,"%"
"S03","2025-01-03T22:15:00Z","soil_moisture",38.7669708783073,"%"
"S03","2025-01-03T22:20:00Z","soil_moisture",60.5921811879958,"%"
"S03","2025-01-03T22:25:00Z","soil_moisture",37.4661876984082,"%"
"S03","2025-01-03T22:30:00Z","soil_moisture",42.8041023399392,"%"
"S03","2025-01-03T22:35:00Z","soil_moisture",30.9738987743014,"%"
"S03","2025-01-03T22:40:00Z","soil_moisture",13.5618317549578,"%"
"S03","2025-01-03T22:45:00Z","soil_moisture",17.3601804919254,"%"
"S03","2025-01-03T22:50:00Z","soil_moisture",7.64007110488781,"%"
"S03","2025-01-03T22:55:00Z","soil_moisture",14.9276490184263,"%"
"S04","2024-12-31T23:00:00Z","rainfall_intensity",0,"mm/h"
"S04","2024-12-31T23:05:00Z","rainfall_intensity",0.211792492817945,"mm/h"
"S04","2024-12-31T23:10:00Z","rainfall_intensity",0,"mm/h"
"S04","2024-12-31T23:15:00Z","rainfall_intensity",0,"mm/h"
"S04","2024-12-31T23:20:00Z","rainfall_intensity",0,"mm/h"
"S04","2024-12-31T23:25:00Z","rainfall_intensity",0,"mm/h"
"S04","2024-12-31T23:30:00Z","rainfall_intensity",0,"mm/h"
"S04","2024-12-31T23:35:00Z","rainfall_intensity",0,"mm/h"
"S04","2024-12-31T23:40:00Z","rainfall_intensity",0,"mm/h"
"S04","2024-12-31T23:45:00Z","rainfall_intensity",0,"mm/h"
"S04","2024-12-31T23:50:00Z","rainfall_intensity",0,"mm/h"
"S04","2024-12-31T23:55:00Z","rainfall_intensity",1.02284409311489,"mm/h"
"S04","2025-01-01T00:00:00Z","rainfall_intensity",0.00961650465297135,"mm/h"
"S04","2025-01-01T00:05:00Z","rainfall_intensity",0.888673231677305,"mm/h"
"S04","2025-01-01T00:10:00Z","rainfall_intensity",0,"mm/h"
"S04","2025-01-01T00:15:00Z","rainfall_intensity",0,"mm/h"
"S04","2025-01-01T00:20:00Z","rainfall_intensity",0,"mm/h"
"S04","2025-01-01T00:25:00Z","rainfall_intensity",0,"mm/h"
"S04","2025-01-01T00:30:00Z","rainfall_intensity",0,"mm/h"
"S04","2025-01-01T00:35:00Z","rainfall_intensity",0,"mm/h"
"S04","2025-01-01T00:40:00Z","rainfall_intensity",0,"mm/h"
"S04","2025-01-01T00:45:00Z","rainfall_intensity",0,"mm/h"
"S04","2025-01-01T00:50:00Z","rainfall_intensity",0,"mm/h"
"S04","2025-01-01T00:55:00Z","rainfall_intensity",0.144298991852118,"mm/h"
"S04","2025-01-01T01:00:00Z","rainfall_intensity",0.426339761901459,"mm/h"
"S04","2025-01-01T01:05:00Z","rainfall_intensity",0.674980106810358,"mm/h"
"S04","2025-01-01T01:10:00Z","rainfall_intensity",2.16098863185313,"mm/h"
"S04","2025-01-01T01:15:00Z","rainfall_intensity",0.456724491927389,"mm/h"
"S04","2025-01-01T01:20:00Z","rainfall_intensity",2.02702985827894,"mm/h"
"S04","2025-01-01T01:25:00Z","rainfall_intensity",0.962992859568747,"mm/h"
"S04","2025-01-01T01:30:00Z","rainfall_intensity",0,"mm/h"
"S04","2025-01-01T01:35:00Z","rainfall_intensity",0,"mm/h"
"S04","2025-01-01T01:40:00Z","rainfall_intensity",0.642988615129149,"mm/h"
"S04","2025-01-01T01:45:00Z","rainfall_intensity",0.0361233493995146,"mm/h"
"S04","2025-01-01T01:50:00Z","rainfall_intensity",0,"mm/h"
"S04","2025-01-01T01:55:00Z","rainfall_intensity",0,"mm/h"
"S04","2025-01-01T02:00:00Z","rainfall_intensity",0,"mm/h"
"S04","2025-01-01T02:05:00Z","rainfall_intensity",0,"mm/h"
"S04","2025-01-01T02:10:00Z","rainfall_intensity",0,"mm/h"
"S04","2025-01-01T02:15:00Z","rainfall_intensity",1.19462180778726,"mm/h"
"S04","2025-01-01T02:20:00Z","rainfall_intensity",0.226197461388625,"mm/h"
"S04","2025-01-01T02:25:00Z","rainfall_intensity",0,"mm/h"
"S04","2025-01-01T02:30:00Z","rainfall_intensity",0,"mm/h"
"S04","2025-01-01T02:35:00Z","rainfall_intensity",0,"mm/h"
"S04","2025-01-01T02:40:00Z","rainfall_intensity",0,"mm/h"
"S04","2025-01-01T02:45:00Z","rainfall_intensity",0,"mm/h"
"S04","2025-01-01T02:50:00Z","rainfall_intensity",0,"mm/h"
"S04","2025-01-01T02:55:00Z","rainfall_intensity",0,"mm/h"
"S04","2025-01-01T03:00:00Z","rainfall_intensity",0,"mm/h"
"S04","2025-01-01T03:05:00Z","rainfall_intensity",0,"mm/h"
"S04","2025-01-01T03:10:00Z","rainfall_intensity",0,"mm/h"
"S04","2025-01-01T03:15:00Z","rainfall_intensity",1.06428391661337,"mm/h"
"S04","2025-01-01T03:20:00Z","rainfall_intensity",0.458087947283098,"mm/h"
"S04","2025-01-01T03:25:00Z","rainfall_intensity",1.97338070418681,"mm/h"
"S04","2025-01-01T03:30:00Z","rainfall_intensity",0.308192735923352,"mm/h"
"S04","2025-01-01T03:35:00Z","rainfall_intensity",0.0519448071483777,"mm/h"
"S04","2025-01-01T03:40:00Z","rainfall_intensity",0,"mm/h"
"S04","2025-01-01T03:45:00Z","rainfall_intensity",0,"mm/h"
"S04","2025-01-01T03:50:00Z","rainfall_intensity",0,"mm/h"
"S04","2025-01-01T03:55:00Z","rainfall_intensity",0,"mm/h"
"S04","2025-01-01T04:00:00Z","rainfall_intensity",0,"mm/h"
"S04","2025-01-01T04:05:00Z","rainfall_intensity",0,"mm/h"
"S04","2025-01-01T04:10:00Z","rainfall_intensity",0,"mm/h"
"S04","2025-01-01T04:15:00Z","rainfall_intensity",0,"mm/h"
"S04","2025-01-01T04:20:00Z","rainfall_intensity",0,"mm/h"
"S04","2025-01-01T04:25:00Z","rainfall_intensity",0,"mm/h"
"S04","2025-01-01T04:30:00Z","rainfall_intensity",0,"mm/h"
"S04","2025-01-01T04:35:00Z","rainfall_intensity",0,"mm/h"
"S04","2025-01-01T04:40:00Z","rainfall_intensity",0.0329852889074897,"mm/h"
"S04","2025-01-01T04:45:00Z","rainfall_intensity",1.27545103421866,"mm/h"
"S04","2025-01-01T04:50:00Z","rainfall_intensity",0.227647308375221,"mm/h"
"S04","2025-01-01T04:55:00Z","rainfall_intensity",0,"mm/h"
"S04","2025-01-01T05:00:00Z","rainfall_intensity",0,"mm/h"
"S04","2025-01-01T05:05:00Z","rainfall_intensity",0,"mm/h"
"S04","2025-01-01T05:10:00Z","rainfall_intensity",5.36321138739866,"mm/h"
"S04","2025-01-01T05:15:00Z","rainfall_intensity",6.73121496062363,"mm/h"
"S04","2025-01-01T05:20:00Z","rainfall_intensity",7.57248711336478,"mm/h"
"S04","2025-01-01T05:25:00Z","rainfall_intensity",11.0910494567339,"mm/h"
"S04","2025-01-01T05:30:00Z","rainfall_intensity",5.24622277992145,"mm/h"
"S04","2025-01-01T05:35:00Z","rainfall_intensity",5.91565509185144,"mm/h"
"S04","2025-01-01T05:40:00Z","rainfall_intensity",2.62675059511384,"mm/h"
"S04","2025-01-01T05:45:00Z","rainfall_intensity",3.84359450125211,"mm/h"
"S04","2025-01-01T05:50:00Z","rainfall_intensity",3.76127026985096,"mm/h"
"S04","2025-01-01T05:55:00Z","rainfall_intensity",4.21764891996338,"mm/h"
"S04","2025-01-01T06:00:00Z","rainfall_intensity",3.2662896804231,"mm/h"
"S04","2025-01-01T06:05:00Z","rainfall_intensity",2.68853493427761,"mm/h"
"S04","2025-01-01T06:10:00Z","rainfall_intensity",0.535235602113125,"mm/h"
"S04","2025-01-01T06:15:00Z","rainfall_intensity",6.29167866181515,"mm/h"
"S04","2025-01-01T06:20:00Z","rainfall_intensity",6.03904348273228,"mm/h"
"S04","2025-01-01T06:25:00Z","rainfall_intensity",2.84732909361482,"mm/h"
"S04","2025-01-01T06:30:00Z","rainfall_intensity",9.37253275855245,"mm/h"
"S04","2025-01-01T06:35:00Z","rainfall_intensity",4.18305254899188,"mm/h"
"S04","2025-01-01T06:40:00Z","rainfall_intensity",3.80107787685389,"mm/h"
"S04","2025-01-01T06:45:00Z","rainfall_intensity",2.11994217484137,"mm/h"
"S04","2025-01-01T06:50:00Z","rainfall_intensity",6.57836704534196,"mm/h"
"S04","2025-01-01T06:55:00Z","rainfall_intensity",14.4875384297699,"mm/h"
"S04","2025-01-01T07:00:00Z","rainfall_intensity",10.1771526254314,"mm/h"
"S04","2025-01-01T07:05:00Z","rainfall_intensity",1.28738435158874,"mm/h"
"S04","2025-01-01T07:10:00Z","rainfall_intensity",1.6748157309038,"mm/h"
"S04","2025-01-01T07:15:00Z","rainfall_intensity",2.73400736631624,"mm/h"
"S04","2025-01-01T07:20:00Z","rainfall_intensity",1.59314109710631,"mm/h"
"S04","2025-01-01T07:25:00Z","rainfall_intensity",1.60843978643439,"mm/h"
"S04","2025-01-01T07:30:00Z","rainfall_intensity",1.36864258117628,"mm/h"
"S04","2025-01-01T07:35:00Z","rainfall_intensity",0,"mm/h"
"S04","2025-01-01T07:40:00Z","rainfall_intensity",1.01739989656507,"mm/h"
"S04","2025-01-01T07:45:00Z","rainfall_intensity",1.62084354500752,"mm/h"
"S04","2025-01-01T07:50:00Z","rainfall_intensity",0.646468660838967,"mm/h"
"S04","2025-01-01T07:55:00Z","rainfall_intensity",0,"mm/h"
"S04","2025-01-01T08:00:00Z","rainfall_intensity",0,"mm/h"
"S04","2025-01-01T08:05:00Z","rainfall_intensity",0,"mm/h"
"S04","2025-01-01T08:10:00Z","rainfall_intensity",0,"mm/h"
"S04","2025-01-01T08:15:00Z","rainfall_intensity",0,"mm/h"
"S04","2025-01-01T08:20:00Z","rainfall_intensity",0,"mm/h"
"S04","2025-01-01T08:25:00Z","rainfall_intensity",0,"mm/h"
"S04","2025-01-01T08:30:00Z","rainfall_intensity",0.3697475498426,"mm/h"
"S04","2025-01-01T08:35:00Z","rainfall_intensity",0.370752865462313,"mm/h"
"S04","2025-01-01T08:40:00Z","rainfall_intensity",0.12218117557481,"mm/h"
"S04","2025-01-01T08:45:00Z","rainfall_intensity",0.382680068964905,"mm/h"
"S04","2025-01-01T08:50:00Z","rainfall_intensity",0,"mm/h"
"S04","2025-01-01T08:55:00Z","rainfall_intensity",0,"mm/h"
"S04","2025-01-01T09:00:00Z","rainfall_intensity",0,"mm/h"
"S04","2025-01-01T09:05:00Z","rainfall_intensity",0,"mm/h"
"S04","2025-01-01T09:10:00Z","rainfall_intensity",0,"mm/h"
"S04","2025-01-01T09:15:00Z","rainfall_intensity",0,"mm/h"
"S04","2025-01-01T09:20:00Z","rainfall_intensity",0,"mm/h"
"S04","2025-01-01T09:25:00Z","rainfall_intensity",0,"mm/h"
"S04","2025-01-01T09:30:00Z","rainfall_intensity",0,"mm/h"
"S04","2025-01-01T09:35:00Z","rainfall_intensity",0.852165521259068,"mm/h"
"S04","2025-01-01T09:40:00Z","rainfall_intensity",2.19706917152211,"mm/h"
"S04","2025-01-01T09:45:00Z","rainfall_intensity",0,"mm/h"
"S04","2025-01-01T09:50:00Z","rainfall_intensity",0,"mm/h"
"S04","2025-01-01T09:55:00Z","rainfall_intensity",0,"mm/h"
"S04","2025-01-01T10:00:00Z","rainfall_intensity",0,"mm/h"
"S04","2025-01-01T10:05:00Z","rainfall_intensity",1.44248240111012,"mm/h"
"S04","2025-01-01T10:10:00Z","rainfall_intensity",0.82205418259315,"mm/h"
"S04","2025-01-01T10:15:00Z","rainfall_intensity",1.13477496400288,"mm/h"
"S04","2025-01-01T10:20:00Z","rainfall_intensity",0,"mm/h"
"S04","2025-01-01T10:25:00Z","rainfall_intensity",1.95944166354777,"mm/h"
"S04","2025-01-01T10:30:00Z","rainfall_intensity",0,"mm/h"
"S04","2025-01-01T10:35:00Z","rainfall_intensity",0,"mm/h"
"S04","2025-01-01T10:40:00Z","rainfall_intensity",0,"mm/h"
"S04","2025-01-01T10:45:00Z","rainfall_intensity",0,"mm/h"
"S04","2025-01-01T10:50:00Z","rainfall_intensity",0,"mm/h"
"S04","2025-01-01T10:55:00Z","rainfall_intensity",0,"mm/h"
"S04","2025-01-01T11:00:00Z","rainfall_intensity",0,"mm/h"
"S04","2025-01-01T11:05:00Z","rainfall_intensity",0,"mm/h"
"S04","2025-01-01T11:10:00Z","rainfall_intensity",0,"mm/h"
"S04","2025-01-01T11:15:00Z","rainfall_intensity",0,"mm/h"
"S04","2025-01-01T11:20:00Z","rainfall_intensity",0.124677399204554,"mm/h"
"S04","2025-01-01T11:25:00Z","rainfall_intensity",0.874784318621525,"mm/h"
"S04","2025-01-01T11:30:00Z","rainfall_intensity",0,"mm/h"
"S04","2025-01-01T11:35:00Z","rainfall_intensity",0,"mm/h"
"S04","2025-01-01T11:40:00Z","rainfall_intensity",1.16376574585489,"mm/h"
"S04","2025-01-01T11:45:00Z","rainfall_intensity",0.347492331892449,"mm/h"
"S04","2025-01-01T11:50:00Z","rainfall_intensity",0,"mm/h"
"S04","2025-01-01T11:55:00Z","rainfall_intensity",0,"mm/h"
"S04","2025-01-01T12:00:00Z","rainfall_intensity",0,"mm/h"
"S04","2025-01-01T12:05:00Z","rainfall_intensity",0,"mm/h"
"S04","2025-01-01T12:10:00Z","rainfall_intensity",0,"mm/h"
"S04","2025-01-01T12:15:00Z","rainfall_intensity",0,"mm/h"
"S04","2025-01-01T12:20:00Z","rainfall_intensity",0,"mm/h"
"S04","2025-01-01T12:25:00Z","rainfall_intensity",0,"mm/h"
"S04","2025-01-01T12:30:00Z","rainfall_intensity",0,"mm/h"
"S04","2025-01-01T12:35:00Z","rainfall_intensity",0,"mm/h"
"S04","2025-01-01T12:40:00Z","rainfall_intensity",0,"mm/h"
"S04","2025-01-01T12:45:00Z","rainfall_intensity",0,"mm/h"
"S04","2025-01-01T12:50:00Z","rainfall_intensity",2.05427559714093,"mm/h"
"S04","2025-01-01T12:55:00Z","rainfall_intensity",1.07132895852488,"mm/h"
"S04","2025-01-01T13:00:00Z","rainfall_intensity",0.124364470917999,"mm/h"
"S04","2025-01-01T13:05:00Z","rainfall_intensity",0,"mm/h"
"S04","2025-01-01T13:10:00Z","rainfall_intensity",0,"mm/h"
"S04","2025-01-01T13:15:00Z","rainfall_intensity",0,"mm/h"
"S04","2025-01-01T13:20:00Z","rainfall_intensity",0,"mm/h"
"S04","2025-01-01T13:25:00Z","rainfall_intensity",0,"mm/h"
"S04","2025-01-01T13:30:00Z","rainfall_intensity",0,"mm/h"
"S04","2025-01-01T13:35:00Z","rainfall_intensity",0.918914874466505,"mm/h"
"S04","2025-01-01T13:40:00Z","rainfall_intensity",0.998877542446338,"mm/h"
"S04","2025-01-01T13:45:00Z","rainfall_intensity",3.40702108483636,"mm/h"
"S04","2025-01-01T13:50:00Z","rainfall_intensity",0.948909109776933,"mm/h"
"S04","2025-01-01T13:55:00Z","rainfall_intensity",0.0483907490170769,"mm/h"
"S04","2025-01-01T14:00:00Z","rainfall_intensity",4.92502570414968,"mm/h"
"S04","2025-01-01T14:05:00Z","rainfall_intensity",0.0248360304073221,"mm/h"
"S04","2025-01-01T14:10:00Z","rainfall_intensity",0,"mm/h"
"S04","2025-01-01T14:15:00Z","rainfall_intensity",0,"mm/h"
"S04","2025-01-01T14:20:00Z","rainfall_intensity",0,"mm/h"
"S04","2025-01-01T14:25:00Z","rainfall_intensity",0,"mm/h"
"S04","2025-01-01T14:30:00Z","rainfall_intensity",0,"mm/h"
"S04","2025-01-01T14:35:00Z","rainfall_intensity",0,"mm/h"
"S04","2025-01-01T14:40:00Z","rainfall_intensity",0,"mm/h"
"S04","2025-01-01T14:45:00Z","rainfall_intensity",0,"mm/h"
"S04","2025-01-01T14:50:00Z","rainfall_intensity",0,"mm/h"
"S04","2025-01-01T14:55:00Z","rainfall_intensity",0,"mm/h"
"S04","2025-01-01T15:00:00Z","rainfall_intensity",0,"mm/h"
"S04","2025-01-01T15:05:00Z","rainfall_intensity",0,"mm/h"
"S04","2025-01-01T15:10:00Z","rainfall_intensity",0,"mm/h"
"S04","2025-01-01T15:15:00Z","rainfall_intensity",0.400521052272992,"mm/h"
"S04","2025-01-01T15:20:00Z","rainfall_intensity",0,"mm/h"
"S04","2025-01-01T15:25:00Z","rainfall_intensity",0.0177395194392613,"mm/h"
"S04","2025-01-01T15:30:00Z","rainfall_intensity",0,"mm/h"
"S04","2025-01-01T15:35:00Z","rainfall_intensity",0,"mm/h"
"S04","2025-01-01T15:40:00Z","rainfall_intensity",0,"mm/h"
"S04","2025-01-01T15:45:00Z","rainfall_intensity",0,"mm/h"
"S04","2025-01-01T15:50:00Z","rainfall_intensity",0,"mm/h"
"S04","2025-01-01T15:55:00Z","rainfall_intensity",0,"mm/h"
"S04","2025-01-01T16:00:00Z","rainfall_intensity",0,"mm/h"
"S04","2025-01-01T16:05:00Z","rainfall_intensity",0,"mm/h"
"S04","2025-01-01T16:10:00Z","rainfall_intensity",0,"mm/h"
"S04","2025-01-01T16:15:00Z","rainfall_intensity",0,"mm/h"
"S04","2025-01-01T16:20:00Z","rainfall_intensity",0,"mm/h"
"S04","2025-01-01T16:25:00Z","rainfall_intensity",0,"mm/h"
"S04","2025-01-01T16:30:00Z","rainfall_intensity",0,"mm/h"
"S04","2025-01-01T16:35:00Z","rainfall_intensity",0,"mm/h"
"S04","2025-01-01T16:40:00Z","rainfall_intensity",0,"mm/h"
"S04","2025-01-01T16:45:00Z","rainfall_intensity",0,"mm/h"
"S04","2025-01-01T16:50:00Z","rainfall_intensity",0.254177259956234,"mm/h"
"S04","2025-01-01T16:55:00Z","rainfall_intensity",0,"mm/h"
"S04","2025-01-01T17:00:00Z","rainfall_intensity",0,"mm/h"
"S04","2025-01-01T17:05:00Z","rainfall_intensity",0,"mm/h"
"S04","2025-01-01T17:10:00Z","rainfall_intensity",0,"mm/h"
"S04","2025-01-01T17:15:00Z","rainfall_intensity",0,"mm/h"
"S04","2025-01-01T17:20:00Z","rainfall_intensity",0,"mm/h"
"S04","2025-01-01T17:25:00Z","rainfall_intensity",0,"mm/h"
"S04","2025-01-01T17:30:00Z","rainfall_intensity",0,"mm/h"
"S04","2025-01-01T17:35:00Z","rainfall_intensity",0,"mm/h"
"S04","2025-01-01T17:40:00Z","rainfall_intensity",0,"mm/h"
"S04","2025-01-01T17:45:00Z","rainfall_intensity",0,"mm/h"
"S04","2025-01-01T17:50:00Z","rainfall_intensity",0,"mm/h"
"S04","2025-01-01T17:55:00Z","rainfall_intensity",0,"mm/h"
"S04","2025-01-01T18:00:00Z","rainfall_intensity",0,"mm/h"
"S04","2025-01-01T18:05:00Z","rainfall_intensity",0,"mm/h"
"S04","2025-01-01T18:10:00Z","rainfall_intensity",0,"mm/h"
"S04","2025-01-01T18:15:00Z","rainfall_intensity",0,"mm/h"
"S04","2025-01-01T18:20:00Z","rainfall_intensity",0,"mm/h"
"S04","2025-01-01T18:25:00Z","rainfall_intensity",0,"mm/h"
"S04","2025-01-01T18:30:00Z","rainfall_intensity",0,"mm/h"
"S04","2025-01-01T18:35:00Z","rainfall_intensity",0,"mm/h"
"S04","2025-01-01T18:40:00Z","rainfall_intensity",0,"mm/h"
"S04","2025-01-01T18:45:00Z","rainfall_intensity",0,"mm/h"
"S04","2025-01-01T18:50:00Z","rainfall_intensity",0,"mm/h"
"S04","2025-01-01T18:55:00Z","rainfall_intensity",0,"mm/h"
"S04","2025-01-01T19:00:00Z","rainfall_intensity",0,"mm/h"
"S04","2025-01-01T19:05:00Z","rainfall_intensity",0,"mm/h"
"S04","2025-01-01T19:10:00Z","rainfall_intensity",0,"mm/h"
"S04","2025-01-01T19:15:00Z","rainfall_intensity",0,"mm/h"
"S04","2025-01-01T19:20:00Z","rainfall_intensity",0,"mm/h"
"S04","2025-01-01T19:25:00Z","rainfall_intensity",0,"mm/h"
"S04","2025-01-01T19:30:00Z","rainfall_intensity",0,"mm/h"
"S04","2025-01-01T19:35:00Z","rainfall_intensity",0,"mm/h"
"S04","2025-01-01T19:40:00Z","rainfall_intensity",0,"mm/h"
"S04","2025-01-01T19:45:00Z","rainfall_intensity",0.0805336032287835,"mm/h"
"S04","2025-01-01T19:50:00Z","rainfall_intensity",0.483661086071789,"mm/h"
"S04","2025-01-01T19:55:00Z","rainfall_intensity",0.308971896636794,"mm/h"
"S04","2025-01-01T20:00:00Z","rainfall_intensity",0,"mm/h"
"S04","2025-01-01T20:05:00Z","rainfall_intensity",0.320236709309057,"mm/h"
"S04","2025-01-01T20:10:00Z","rainfall_intensity",1.97470015582613,"mm/h"
"S04","2025-01-01T20:15:00Z","rainfall_intensity",0,"mm/h"
"S04","2025-01-01T20:20:00Z","rainfall_intensity",0,"mm/h"
"S04","2025-01-01T20:25:00Z","rainfall_intensity",0,"mm/h"
"S04","2025-01-01T20:30:00Z","rainfall_intensity",0.275672857936217,"mm/h"
"S04","2025-01-01T20:35:00Z","rainfall_intensity",4.67410760909139,"mm/h"
"S04","2025-01-01T20:40:00Z","rainfall_intensity",1.0063977411438,"mm/h"
"S04","2025-01-01T20:45:00Z","rainfall_intensity",1.08559208881133,"mm/h"
"S04","2025-01-01T20:50:00Z","rainfall_intensity",0.51941546691025,"mm/h"
"S04","2025-01-01T20:55:00Z","rainfall_intensity",0.112457607427808,"mm/h"
"S04","2025-01-01T21:00:00Z","rainfall_intensity",1.20931927092091,"mm/h"
"S04","2025-01-01T21:05:00Z","rainfall_intensity",0,"mm/h"
"S04","2025-01-01T21:10:00Z","rainfall_intensity",0,"mm/h"
"S04","2025-01-01T21:15:00Z","rainfall_intensity",0,"mm/h"
"S04","2025-01-01T21:20:00Z","rainfall_intensity",0.104467674131352,"mm/h"
"S04","2025-01-01T21:25:00Z","rainfall_intensity",0,"mm/h"
"S04","2025-01-01T21:30:00Z","rainfall_intensity",0,"mm/h"
"S04","2025-01-01T21:35:00Z","rainfall_intensity",0,"mm/h"
"S04","2025-01-01T21:40:00Z","rainfall_intensity",0,"mm/h"
"S04","2025-01-01T21:45:00Z","rainfall_intensity",0,"mm/h"
"S04","2025-01-01T21:50:00Z","rainfall_intensity",0,"mm/h"
"S04","2025-01-01T21:55:00Z","rainfall_intensity",0,"mm/h"
"S04","2025-01-01T22:00:00Z","rainfall_intensity",0,"mm/h"
"S04","2025-01-01T22:05:00Z","rainfall_intensity",0,"mm/h"
"S04","2025-01-01T22:10:00Z","rainfall_intensity",0,"mm/h"
"S04","2025-01-01T22:15:00Z","rainfall_intensity",0,"mm/h"
"S04","2025-01-01T22:20:00Z","rainfall_intensity",0,"mm/h"
"S04","2025-01-01T22:25:00Z","rainfall_intensity",0.323363282831981,"mm/h"
"S04","2025-01-01T22:30:00Z","rainfall_intensity",0,"mm/h"
"S04","2025-01-01T22:35:00Z","rainfall_intensity",0,"mm/h"
"S04","2025-01-01T22:40:00Z","rainfall_intensity",0,"mm/h"
"S04","2025-01-01T22:45:00Z","rainfall_intensity",0,"mm/h"
"S04","2025-01-01T22:50:00Z","rainfall_intensity",0,"mm/h"
"S04","2025-01-01T22:55:00Z","rainfall_intensity",0,"mm/h"
"S04","2025-01-01T23:00:00Z","rainfall_intensity",0,"mm/h"
"S04","2025-01-01T23:05:00Z","rainfall_intensity",0,"mm/h"
"S04","2025-01-01T23:10:00Z","rainfall_intensity",0,"mm/h"
"S04","2025-01-01T23:15:00Z","rainfall_intensity",0.0509231657902225,"mm/h"
"S04","2025-01-01T23:20:00Z","rainfall_intensity",0,"mm/h"
"S04","2025-01-01T23:25:00Z","rainfall_intensity",0.310523839043066,"mm/h"
"S04","2025-01-01T23:30:00Z","rainfall_intensity",0,"mm/h"
"S04","2025-01-01T23:35:00Z","rainfall_intensity",0,"mm/h"
"S04","2025-01-01T23:40:00Z","rainfall_intensity",0,"mm/h"
"S04","2025-01-01T23:45:00Z","rainfall_intensity",0.160580264808706,"mm/h"
"S04","2025-01-01T23:50:00Z","rainfall_intensity",3.30725555973455,"mm/h"
"S04","2025-01-01T23:55:00Z","rainfall_intensity",4.57978059015251,"mm/h"
"S04","2025-01-02T00:00:00Z","rainfall_intensity",0.303892721811285,"mm/h"
"S04","2025-01-02T00:05:00Z","rainfall_intensity",0.00443793687975167,"mm/h"
"S04","2025-01-02T00:10:00Z","rainfall_intensity",2.7452273273548,"mm/h"
"S04","2025-01-02T00:15:00Z","rainfall_intensity",0,"mm/h"
"S04","2025-01-02T00:20:00Z","rainfall_intensity",0.0137845019540034,"mm/h"
"S04","2025-01-02T00:25:00Z","rainfall_intensity",0,"mm/h"
"S04","2025-01-02T00:30:00Z","rainfall_intensity",0,"mm/h"
"S04","2025-01-02T00:35:00Z","rainfall_intensity",0.413492272081926,"mm/h"
"S04","2025-01-02T00:40:00Z","rainfall_intensity",0,"mm/h"
"S04","2025-01-02T00:45:00Z","rainfall_intensity",0,"mm/h"
"S04","2025-01-02T00:50:00Z","rainfall_intensity",0,"mm/h"
"S04","2025-01-02T00:55:00Z","rainfall_intensity",0,"mm/h"
"S04","2025-01-02T01:00:00Z","rainfall_intensity",0,"mm/h"
"S04","2025-01-02T01:05:00Z","rainfall_intensity",0,"mm/h"
"S04","2025-01-02T01:10:00Z","rainfall_intensity",1.48583695984749,"mm/h"
"S04","2025-01-02T01:15:00Z","rainfall_intensity",0,"mm/h"
"S04","2025-01-02T01:20:00Z","rainfall_intensity",0.024513168033331,"mm/h"
"S04","2025-01-02T01:25:00Z","rainfall_intensity",0,"mm/h"
"S04","2025-01-02T01:30:00Z","rainfall_intensity",2.05524084043978,"mm/h"
"S04","2025-01-02T01:35:00Z","rainfall_intensity",0.19943588181687,"mm/h"
"S04","2025-01-02T01:40:00Z","rainfall_intensity",0,"mm/h"
"S04","2025-01-02T01:45:00Z","rainfall_intensity",0,"mm/h"
"S04","2025-01-02T01:50:00Z","rainfall_intensity",0.0607836604558973,"mm/h"
"S04","2025-01-02T01:55:00Z","rainfall_intensity",1.06105472175393,"mm/h"
"S04","2025-01-02T02:00:00Z","rainfall_intensity",0.0665943008104245,"mm/h"
"S04","2025-01-02T02:05:00Z","rainfall_intensity",0,"mm/h"
"S04","2025-01-02T02:10:00Z","rainfall_intensity",0,"mm/h"
"S04","2025-01-02T02:15:00Z","rainfall_intensity",0.459522926876436,"mm/h"
"S04","2025-01-02T02:20:00Z","rainfall_intensity",0,"mm/h"
"S04","2025-01-02T02:25:00Z","rainfall_intensity",0.370760452144149,"mm/h"
"S04","2025-01-02T02:30:00Z","rainfall_intensity",3.42984222280586,"mm/h"
"S04","2025-01-02T02:35:00Z","rainfall_intensity",3.99513578669077,"mm/h"
"S04","2025-01-02T02:40:00Z","rainfall_intensity",3.14877087272061,"mm/h"
"S04","2025-01-02T02:45:00Z","rainfall_intensity",0.417438806506721,"mm/h"
"S04","2025-01-02T02:50:00Z","rainfall_intensity",2.83668676549218,"mm/h"
"S04","2025-01-02T02:55:00Z","rainfall_intensity",2.06434120269961,"mm/h"
"S04","2025-01-02T03:00:00Z","rainfall_intensity",0,"mm/h"
"S04","2025-01-02T03:05:00Z","rainfall_intensity",0,"mm/h"
"S04","2025-01-02T03:10:00Z","rainfall_intensity",1.66720967440349,"mm/h"
"S04","2025-01-02T03:15:00Z","rainfall_intensity",0.343191191930113,"mm/h"
"S04","2025-01-02T03:20:00Z","rainfall_intensity",0.415441306791359,"mm/h"
"S04","2025-01-02T03:25:00Z","rainfall_intensity",1.29441951217055,"mm/h"
"S04","2025-01-02T03:30:00Z","rainfall_intensity",2.99591944082526,"mm/h"
"S04","2025-01-02T03:35:00Z","rainfall_intensity",2.66914239423088,"mm/h"
"S04","2025-01-02T03:40:00Z","rainfall_intensity",1.9779213924829,"mm/h"
"S04","2025-01-02T03:45:00Z","rainfall_intensity",0.695644780082284,"mm/h"
"S04","2025-01-02T03:50:00Z","rainfall_intensity",0,"mm/h"
"S04","2025-01-02T03:55:00Z","rainfall_intensity",0,"mm/h"
"S04","2025-01-02T04:00:00Z","rainfall_intensity",0,"mm/h"
"S04","2025-01-02T04:05:00Z","rainfall_intensity",0,"mm/h"
"S04","2025-01-02T04:10:00Z","rainfall_intensity",0,"mm/h"
"S04","2025-01-02T04:15:00Z","rainfall_intensity",0,"mm/h"
"S04","2025-01-02T04:20:00Z","rainfall_intensity",0,"mm/h"
"S04","2025-01-02T04:25:00Z","rainfall_intensity",0.103000844288294,"mm/h"
"S04","2025-01-02T04:30:00Z","rainfall_intensity",0,"mm/h"
"S04","2025-01-02T04:35:00Z","rainfall_intensity",0,"mm/h"
"S04","2025-01-02T04:40:00Z","rainfall_intensity",0,"mm/h"
"S04","2025-01-02T04:45:00Z","rainfall_intensity",0,"mm/h"
"S04","2025-01-02T04:50:00Z","rainfall_intensity",0.263965330937853,"mm/h"
"S04","2025-01-02T04:55:00Z","rainfall_intensity",0,"mm/h"
"S04","2025-01-02T05:00:00Z","rainfall_intensity",0,"mm/h"
"S04","2025-01-02T05:05:00Z","rainfall_intensity",0,"mm/h"
"S04","2025-01-02T05:10:00Z","rainfall_intensity",0,"mm/h"
"S04","2025-01-02T05:15:00Z","rainfall_intensity",0,"mm/h"
"S04","2025-01-02T05:20:00Z","rainfall_intensity",0,"mm/h"
"S04","2025-01-02T05:25:00Z","rainfall_intensity",0,"mm/h"
"S04","2025-01-02T05:30:00Z","rainfall_intensity",0,"mm/h"
"S04","2025-01-02T05:35:00Z","rainfall_intensity",0,"mm/h"
"S04","2025-01-02T05:40:00Z","rainfall_intensity",0,"mm/h"
"S04","2025-01-02T05:45:00Z","rainfall_intensity",0.702169192042901,"mm/h"
"S04","2025-01-02T05:50:00Z","rainfall_intensity",0.900505855585663,"mm/h"
"S04","2025-01-02T05:55:00Z","rainfall_intensity",0.754616830282172,"mm/h"
"S04","2025-01-02T06:00:00Z","rainfall_intensity",0,"mm/h"
"S04","2025-01-02T06:05:00Z","rainfall_intensity",0.124733411360157,"mm/h"
"S04","2025-01-02T06:10:00Z","rainfall_intensity",1.72046452988237,"mm/h"
"S04","2025-01-02T06:15:00Z","rainfall_intensity",0,"mm/h"
"S04","2025-01-02T06:20:00Z","rainfall_intensity",0,"mm/h"
"S04","2025-01-02T06:25:00Z","rainfall_intensity",0.0033614455149125,"mm/h"
"S04","2025-01-02T06:30:00Z","rainfall_intensity",0,"mm/h"
"S04","2025-01-02T06:35:00Z","rainfall_intensity",1.27202865753603,"mm/h"
"S04","2025-01-02T06:40:00Z","rainfall_intensity",0,"mm/h"
"S04","2025-01-02T06:45:00Z","rainfall_intensity",0,"mm/h"
"S04","2025-01-02T06:50:00Z","rainfall_intensity",0,"mm/h"
"S04","2025-01-02T06:55:00Z","rainfall_intensity",0,"mm/h"
"S04","2025-01-02T07:00:00Z","rainfall_intensity",0,"mm/h"
"S04","2025-01-02T07:05:00Z","rainfall_intensity",0,"mm/h"
"S04","2025-01-02T07:10:00Z","rainfall_intensity",0,"mm/h"
"S04","2025-01-02T07:15:00Z","rainfall_intensity",0,"mm/h"
"S04","2025-01-02T07:20:00Z","rainfall_intensity",0.416209800884354,"mm/h"
"S04","2025-01-02T07:25:00Z","rainfall_intensity",0.396843860305125,"mm/h"
"S04","2025-01-02T07:30:00Z","rainfall_intensity",0,"mm/h"
"S04","2025-01-02T07:35:00Z","rainfall_intensity",0,"mm/h"
"S04","2025-01-02T07:40:00Z","rainfall_intensity",0.0297322358899644,"mm/h"
"S04","2025-01-02T07:45:00Z","rainfall_intensity",1.17033647576082,"mm/h"
"S04","2025-01-02T07:50:00Z","rainfall_intensity",2.33005441414249,"mm/h"
"S04","2025-01-02T07:55:00Z","rainfall_intensity",0.268432487368781,"mm/h"
"S04","2025-01-02T08:00:00Z","rainfall_intensity",1.34791949905531,"mm/h"
"S04","2025-01-02T08:05:00Z","rainfall_intensity",2.11805145957297,"mm/h"
"S04","2025-01-02T08:10:00Z","rainfall_intensity",1.51219550656663,"mm/h"
"S04","2025-01-02T08:15:00Z","rainfall_intensity",0.232221598070128,"mm/h"
"S04","2025-01-02T08:20:00Z","rainfall_intensity",3.1235105734649,"mm/h"
"S04","2025-01-02T08:25:00Z","rainfall_intensity",2.89343468544177,"mm/h"
"S04","2025-01-02T08:30:00Z","rainfall_intensity",0.182074567134644,"mm/h"
"S04","2025-01-02T08:35:00Z","rainfall_intensity",0.112359065899353,"mm/h"
"S04","2025-01-02T08:40:00Z","rainfall_intensity",0,"mm/h"
"S04","2025-01-02T08:45:00Z","rainfall_intensity",0,"mm/h"
"S04","2025-01-02T08:50:00Z","rainfall_intensity",0,"mm/h"
"S04","2025-01-02T08:55:00Z","rainfall_intensity",0,"mm/h"
"S04","2025-01-02T09:00:00Z","rainfall_intensity",0,"mm/h"
"S04","2025-01-02T09:05:00Z","rainfall_intensity",0,"mm/h"
"S04","2025-01-02T09:10:00Z","rainfall_intensity",0,"mm/h"
"S04","2025-01-02T09:15:00Z","rainfall_intensity",0,"mm/h"
"S04","2025-01-02T09:20:00Z","rainfall_intensity",0,"mm/h"
"S04","2025-01-02T09:25:00Z","rainfall_intensity",0,"mm/h"
"S04","2025-01-02T09:30:00Z","rainfall_intensity",0,"mm/h"
"S04","2025-01-02T09:35:00Z","rainfall_intensity",0,"mm/h"
"S04","2025-01-02T09:40:00Z","rainfall_intensity",0,"mm/h"
"S04","2025-01-02T09:45:00Z","rainfall_intensity",0,"mm/h"
"S04","2025-01-02T09:50:00Z","rainfall_intensity",0,"mm/h"
"S04","2025-01-02T09:55:00Z","rainfall_intensity",0,"mm/h"
"S04","2025-01-02T10:00:00Z","rainfall_intensity",0,"mm/h"
"S04","2025-01-02T10:05:00Z","rainfall_intensity",0.209135904101863,"mm/h"
"S04","2025-01-02T10:10:00Z","rainfall_intensity",1.59795764726335,"mm/h"
"S04","2025-01-02T10:15:00Z","rainfall_intensity",0.985886876400148,"mm/h"
"S04","2025-01-02T10:20:00Z","rainfall_intensity",0.238287601904963,"mm/h"
"S04","2025-01-02T10:25:00Z","rainfall_intensity",0.518666934218109,"mm/h"
"S04","2025-01-02T10:30:00Z","rainfall_intensity",0.682652046977552,"mm/h"
"S04","2025-01-02T10:35:00Z","rainfall_intensity",4.23877250412358,"mm/h"
"S04","2025-01-02T10:40:00Z","rainfall_intensity",0.784528277485743,"mm/h"
"S04","2025-01-02T10:45:00Z","rainfall_intensity",0.0825420997430509,"mm/h"
"S04","2025-01-02T10:50:00Z","rainfall_intensity",0,"mm/h"
"S04","2025-01-02T10:55:00Z","rainfall_intensity",0,"mm/h"
"S04","2025-01-02T11:00:00Z","rainfall_intensity",0,"mm/h"
"S04","2025-01-02T11:05:00Z","rainfall_intensity",0,"mm/h"
"S04","2025-01-02T11:10:00Z","rainfall_intensity",0,"mm/h"
"S04","2025-01-02T11:15:00Z","rainfall_intensity",0,"mm/h"
"S04","2025-01-02T11:20:00Z","rainfall_intensity",1.24416038386058,"mm/h"
"S04","2025-01-02T11:25:00Z","rainfall_intensity",0.0573452155378941,"mm/h"
"S04","2025-01-02T11:30:00Z","rainfall_intensity",0.0477851987843628,"mm/h"
"S04","2025-01-02T11:35:00Z","rainfall_intensity",0,"mm/h"
"S04","2025-01-02T11:40:00Z","rainfall_intensity",0.0108486764867737,"mm/h"
"S04","2025-01-02T11:45:00Z","rainfall_intensity",0.389373786034363,"mm/h"
"S04","2025-01-02T11:50:00Z","rainfall_intensity",1.62979052240098,"mm/h"
"S04","2025-01-02T11:55:00Z","rainfall_intensity",0.464867123497607,"mm/h"
"S04","2025-01-02T12:00:00Z","rainfall_intensity",0,"mm/h"
"S04","2025-01-02T12:05:00Z","rainfall_intensity",0,"mm/h"
"S04","2025-01-02T12:10:00Z","rainfall_intensity",0,"mm/h"
"S04","2025-01-02T12:15:00Z","rainfall_intensity",0,"mm/h"
"S04","2025-01-02T12:20:00Z","rainfall_intensity",0,"mm/h"
"S04","2025-01-02T12:25:00Z","rainfall_intensity",0,"mm/h"
"S04","2025-01-02T12:30:00Z","rainfall_intensity",0,"mm/h"
"S04","2025-01-02T12:35:00Z","rainfall_intensity",1.40087594192653,"mm/h"
"S04","2025-01-02T12:40:00Z","rainfall_intensity",0.0172263969216174,"mm/h"
"S04","2025-01-02T12:45:00Z","rainfall_intensity",0,"mm/h"
"S04","2025-01-02T12:50:00Z","rainfall_intensity",1.66457984461866,"mm/h"
"S04","2025-01-02T12:55:00Z","rainfall_intensity",0,"mm/h"
"S04","2025-01-02T13:00:00Z","rainfall_intensity",0,"mm/h"
"S04","2025-01-02T13:05:00Z","rainfall_intensity",0.117398673545923,"mm/h"
"S04","2025-01-02T13:10:00Z","rainfall_intensity",0.516645064278902,"mm/h"
"S04","2025-01-02T13:15:00Z","rainfall_intensity",0,"mm/h"
"S04","2025-01-02T13:20:00Z","rainfall_intensity",1.34830644608713,"mm/h"
"S04","2025-01-02T13:25:00Z","rainfall_intensity",0,"mm/h"
"S04","2025-01-02T13:30:00Z","rainfall_intensity",0,"mm/h"
"S04","2025-01-02T13:35:00Z","rainfall_intensity",0,"mm/h"
"S04","2025-01-02T13:40:00Z","rainfall_intensity",0,"mm/h"
"S04","2025-01-02T13:45:00Z","rainfall_intensity",0,"mm/h"
"S04","2025-01-02T13:50:00Z","rainfall_intensity",0,"mm/h"
"S04","2025-01-02T13:55:00Z","rainfall_intensity",0,"mm/h"
"S04","2025-01-02T14:00:00Z","rainfall_intensity",0,"mm/h"
"S04","2025-01-02T14:05:00Z","rainfall_intensity",0,"mm/h"
"S04","2025-01-02T14:10:00Z","rainfall_intensity",0,"mm/h"
"S04","2025-01-02T14:15:00Z","rainfall_intensity",0,"mm/h"
"S04","2025-01-02T14:20:00Z","rainfall_intensity",0,"mm/h"
"S04","2025-01-02T14:25:00Z","rainfall_intensity",0.519757171034634,"mm/h"
"S04","2025-01-02T14:30:00Z","rainfall_intensity",2.27107123971597,"mm/h"
"S04","2025-01-02T14:35:00Z","rainfall_intensity",0.85085112773487,"mm/h"
"S04","2025-01-02T14:40:00Z","rainfall_intensity",0.131819919651115,"mm/h"
"S04","2025-01-02T14:45:00Z","rainfall_intensity",0,"mm/h"
"S04","2025-01-02T14:50:00Z","rainfall_intensity",0.573978626724924,"mm/h"
"S04","2025-01-02T14:55:00Z","rainfall_intensity",0,"mm/h"
"S04","2025-01-02T15:00:00Z","rainfall_intensity",0,"mm/h"
"S04","2025-01-02T15:05:00Z","rainfall_intensity",0,"mm/h"
"S04","2025-01-02T15:10:00Z","rainfall_intensity",0,"mm/h"
"S04","2025-01-02T15:15:00Z","rainfall_intensity",0,"mm/h"
"S04","2025-01-02T15:20:00Z","rainfall_intensity",0,"mm/h"
"S04","2025-01-02T15:25:00Z","rainfall_intensity",0,"mm/h"
"S04","2025-01-02T15:30:00Z","rainfall_intensity",0,"mm/h"
"S04","2025-01-02T15:35:00Z","rainfall_intensity",0,"mm/h"
"S04","2025-01-02T15:40:00Z","rainfall_intensity",0,"mm/h"
"S04","2025-01-02T15:45:00Z","rainfall_intensity",0,"mm/h"
"S04","2025-01-02T15:50:00Z","rainfall_intensity",0,"mm/h"
"S04","2025-01-02T15:55:00Z","rainfall_intensity",0,"mm/h"
"S04","2025-01-02T16:00:00Z","rainfall_intensity",0.547768250710592,"mm/h"
"S04","2025-01-02T16:05:00Z","rainfall_intensity",0,"mm/h"
"S04","2025-01-02T16:10:00Z","rainfall_intensity",0,"mm/h"
"S04","2025-01-02T16:15:00Z","rainfall_intensity",0,"mm/h"
"S04","2025-01-02T16:20:00Z","rainfall_intensity",0,"mm/h"
"S04","2025-01-02T16:25:00Z","rainfall_intensity",0,"mm/h"
"S04","2025-01-02T16:30:00Z","rainfall_intensity",0,"mm/h"
"S04","2025-01-02T16:35:00Z","rainfall_intensity",0,"mm/h"
"S04","2025-01-02T16:40:00Z","rainfall_intensity",0,"mm/h"
"S04","2025-01-02T16:45:00Z","rainfall_intensity",0,"mm/h"
"S04","2025-01-02T16:50:00Z","rainfall_intensity",0,"mm/h"
"S04","2025-01-02T16:55:00Z","rainfall_intensity",0,"mm/h"
"S04","2025-01-02T17:00:00Z","rainfall_intensity",0,"mm/h"
"S04","2025-01-02T17:05:00Z","rainfall_intensity",0,"mm/h"
"S04","2025-01-02T17:10:00Z","rainfall_intensity",0,"mm/h"
"S04","2025-01-02T17:15:00Z","rainfall_intensity",0,"mm/h"
"S04","2025-01-02T17:20:00Z","rainfall_intensity",0,"mm/h"
"S04","2025-01-02T17:25:00Z","rainfall_intensity",0,"mm/h"
"S04","2025-01-02T17:30:00Z","rainfall_intensity",0,"mm/h"
"S04","2025-01-02T17:35:00Z","rainfall_intensity",0,"mm/h"
"S04","2025-01-02T17:40:00Z","rainfall_intensity",0,"mm/h"
"S04","2025-01-02T17:45:00Z","rainfall_intensity",0,"mm/h"
"S04","2025-01-02T17:50:00Z","rainfall_intensity",0,"mm/h"
"S04","2025-01-02T17:55:00Z","rainfall_intensity",0,"mm/h"
"S04","2025-01-02T18:00:00Z","rainfall_intensity",0,"mm/h"
"S04","2025-01-02T18:05:00Z","rainfall_intensity",0,"mm/h"
"S04","2025-01-02T18:10:00Z","rainfall_intensity",0.0160100281225473,"mm/h"
"S04","2025-01-02T18:15:00Z","rainfall_intensity",0.371249630314638,"mm/h"
"S04","2025-01-02T18:20:00Z","rainfall_intensity",0,"mm/h"
"S04","2025-01-02T18:25:00Z","rainfall_intensity",2.59764703329474,"mm/h"
"S04","2025-01-02T18:30:00Z","rainfall_intensity",1.75018819118235,"mm/h"
"S04","2025-01-02T18:35:00Z","rainfall_intensity",1.86157659413226,"mm/h"
"S04","2025-01-02T18:40:00Z","rainfall_intensity",0.542529285822747,"mm/h"
"S04","2025-01-02T18:45:00Z","rainfall_intensity",0.119019686008882,"mm/h"
"S04","2025-01-02T18:50:00Z","rainfall_intensity",0.715489537485253,"mm/h"
"S04","2025-01-02T18:55:00Z","rainfall_intensity",1.53742779229266,"mm/h"
"S04","2025-01-02T19:00:00Z","rainfall_intensity",0,"mm/h"
"S04","2025-01-02T19:05:00Z","rainfall_intensity",0,"mm/h"
"S04","2025-01-02T19:10:00Z","rainfall_intensity",0,"mm/h"
"S04","2025-01-02T19:15:00Z","rainfall_intensity",0,"mm/h"
"S04","2025-01-02T19:20:00Z","rainfall_intensity",0,"mm/h"
"S04","2025-01-02T19:25:00Z","rainfall_intensity",0.0259136332388174,"mm/h"
"S04","2025-01-02T19:30:00Z","rainfall_intensity",0,"mm/h"
"S04","2025-01-02T19:35:00Z","rainfall_intensity",0,"mm/h"
"S04","2025-01-02T19:40:00Z","rainfall_intensity",0,"mm/h"
"S04","2025-01-02T19:45:00Z","rainfall_intensity",0,"mm/h"
"S04","2025-01-02T19:50:00Z","rainfall_intensity",2.3137409583157,"mm/h"
"S04","2025-01-02T19:55:00Z","rainfall_intensity",0,"mm/h"
"S04","2025-01-02T20:00:00Z","rainfall_intensity",0,"mm/h"
"S04","2025-01-02T20:05:00Z","rainfall_intensity",0,"mm/h"
"S04","2025-01-02T20:10:00Z","rainfall_intensity",0,"mm/h"
"S04","2025-01-02T20:15:00Z","rainfall_intensity",0,"mm/h"
"S04","2025-01-02T20:20:00Z","rainfall_intensity",0,"mm/h"
"S04","2025-01-02T20:25:00Z","rainfall_intensity",0,"mm/h"
"S04","2025-01-02T20:30:00Z","rainfall_intensity",0,"mm/h"
"S04","2025-01-02T20:35:00Z","rainfall_intensity",0,"mm/h"
"S04","2025-01-02T20:40:00Z","rainfall_intensity",0,"mm/h"
"S04","2025-01-02T20:45:00Z","rainfall_intensity",0,"mm/h"
"S04","2025-01-02T20:50:00Z","rainfall_intensity",0,"mm/h"
"S04","2025-01-02T20:55:00Z","rainfall_intensity",0,"mm/h"
"S04","2025-01-02T21:00:00Z","rainfall_intensity",0,"mm/h"
"S04","2025-01-02T21:05:00Z","rainfall_intensity",0,"mm/h"
"S04","2025-01-02T21:10:00Z","rainfall_intensity",0,"mm/h"
"S04","2025-01-02T21:15:00Z","rainfall_intensity",0,"mm/h"
"S04","2025-01-02T21:20:00Z","rainfall_intensity",0,"mm/h"
"S04","2025-01-02T21:25:00Z","rainfall_intensity",0,"mm/h"
"S04","2025-01-02T21:30:00Z","rainfall_intensity",0,"mm/h"
"S04","2025-01-02T21:35:00Z","rainfall_intensity",0,"mm/h"
"S04","2025-01-02T21:40:00Z","rainfall_intensity",0,"mm/h"
"S04","2025-01-02T21:45:00Z","rainfall_intensity",0,"mm/h"
"S04","2025-01-02T21:50:00Z","rainfall_intensity",0,"mm/h"
"S04","2025-01-02T21:55:00Z","rainfall_intensity",0,"mm/h"
"S04","2025-01-02T22:00:00Z","rainfall_intensity",0.0247638792651243,"mm/h"
"S04","2025-01-02T22:05:00Z","rainfall_intensity",0,"mm/h"
"S04","2025-01-02T22:10:00Z","rainfall_intensity",0.338315574581448,"mm/h"
"S04","2025-01-02T22:15:00Z","rainfall_intensity",0,"mm/h"
"S04","2025-01-02T22:20:00Z","rainfall_intensity",0.0671059717330226,"mm/h"
"S04","2025-01-02T22:25:00Z","rainfall_intensity",0.795522993671521,"mm/h"
"S04","2025-01-02T22:30:00Z","rainfall_intensity",0,"mm/h"
"S04","2025-01-02T22:35:00Z","rainfall_intensity",0,"mm/h"
"S04","2025-01-02T22:40:00Z","rainfall_intensity",0,"mm/h"
"S04","2025-01-02T22:45:00Z","rainfall_intensity",0,"mm/h"
"S04","2025-01-02T22:50:00Z","rainfall_intensity",0,"mm/h"
"S04","2025-01-02T22:55:00Z","rainfall_intensity",0,"mm/h"
"S04","2025-01-02T23:00:00Z","rainfall_intensity",0,"mm/h"
"S04","2025-01-02T23:05:00Z","rainfall_intensity",0,"mm/h"
"S04","2025-01-02T23:10:00Z","rainfall_intensity",0,"mm/h"
"S04","2025-01-02T23:15:00Z","rainfall_intensity",0,"mm/h"
"S04","2025-01-02T23:20:00Z","rainfall_intensity",0,"mm/h"
"S04","2025-01-02T23:25:00Z","rainfall_intensity",0,"mm/h"
"S04","2025-01-02T23:30:00Z","rainfall_intensity",0,"mm/h"
"S04","2025-01-02T23:35:00Z","rainfall_intensity",0,"mm/h"
"S04","2025-01-02T23:40:00Z","rainfall_intensity",0,"mm/h"
"S04","2025-01-02T23:45:00Z","rainfall_intensity",0,"mm/h"
"S04","2025-01-02T23:50:00Z","rainfall_intensity",0,"mm/h"
"S04","2025-01-02T23:55:00Z","rainfall_intensity",0,"mm/h"
"S04","2025-01-03T00:00:00Z","rainfall_intensity",0,"mm/h"
"S04","2025-01-03T00:05:00Z","rainfall_intensity",0,"mm/h"
"S04","2025-01-03T00:10:00Z","rainfall_intensity",0,"mm/h"
"S04","2025-01-03T00:15:00Z","rainfall_intensity",0.368085333330752,"mm/h"
"S04","2025-01-03T00:20:00Z","rainfall_intensity",0,"mm/h"
"S04","2025-01-03T00:25:00Z","rainfall_intensity",0,"mm/h"
"S04","2025-01-03T00:30:00Z","rainfall_intensity",0,"mm/h"
"S04","2025-01-03T00:35:00Z","rainfall_intensity",0,"mm/h"
"S04","2025-01-03T00:40:00Z","rainfall_intensity",0,"mm/h"
"S04","2025-01-03T00:45:00Z","rainfall_intensity",0,"mm/h"
"S04","2025-01-03T00:50:00Z","rainfall_intensity",0,"mm/h"
"S04","2025-01-03T00:55:00Z","rainfall_intensity",0,"mm/h"
"S04","2025-01-03T01:00:00Z","rainfall_intensity",0,"mm/h"
"S04","2025-01-03T01:05:00Z","rainfall_intensity",0,"mm/h"
"S04","2025-01-03T01:10:00Z","rainfall_intensity",0,"mm/h"
"S04","2025-01-03T01:15:00Z","rainfall_intensity",0,"mm/h"
"S04","2025-01-03T01:20:00Z","rainfall_intensity",0,"mm/h"
"S04","2025-01-03T01:25:00Z","rainfall_intensity",0,"mm/h"
"S04","2025-01-03T01:30:00Z","rainfall_intensity",0,"mm/h"
"S04","2025-01-03T01:35:00Z","rainfall_intensity",0,"mm/h"
"S04","2025-01-03T01:40:00Z","rainfall_intensity",0,"mm/h"
"S04","2025-01-03T01:45:00Z","rainfall_intensity",0,"mm/h"
"S04","2025-01-03T01:50:00Z","rainfall_intensity",0,"mm/h"
"S04","2025-01-03T01:55:00Z","rainfall_intensity",0,"mm/h"
"S04","2025-01-03T02:00:00Z","rainfall_intensity",0,"mm/h"
"S04","2025-01-03T02:05:00Z","rainfall_intensity",0,"mm/h"
"S04","2025-01-03T02:10:00Z","rainfall_intensity",0,"mm/h"
"S04","2025-01-03T02:15:00Z","rainfall_intensity",0,"mm/h"
"S04","2025-01-03T02:20:00Z","rainfall_intensity",0,"mm/h"
"S04","2025-01-03T02:25:00Z","rainfall_intensity",0,"mm/h"
"S04","2025-01-03T02:30:00Z","rainfall_intensity",0,"mm/h"
"S04","2025-01-03T02:35:00Z","rainfall_intensity",0,"mm/h"
"S04","2025-01-03T02:40:00Z","rainfall_intensity",0,"mm/h"
"S04","2025-01-03T02:45:00Z","rainfall_intensity",0,"mm/h"
"S04","2025-01-03T02:50:00Z","rainfall_intensity",0,"mm/h"
"S04","2025-01-03T02:55:00Z","rainfall_intensity",0,"mm/h"
"S04","2025-01-03T03:00:00Z","rainfall_intensity",0,"mm/h"
"S04","2025-01-03T03:05:00Z","rainfall_intensity",0,"mm/h"
"S04","2025-01-03T03:10:00Z","rainfall_intensity",0,"mm/h"
"S04","2025-01-03T03:15:00Z","rainfall_intensity",0,"mm/h"
"S04","2025-01-03T03:20:00Z","rainfall_intensity",0,"mm/h"
"S04","2025-01-03T03:25:00Z","rainfall_intensity",0,"mm/h"
"S04","2025-01-03T03:30:00Z","rainfall_intensity",0,"mm/h"
"S04","2025-01-03T03:35:00Z","rainfall_intensity",0,"mm/h"
"S04","2025-01-03T03:40:00Z","rainfall_intensity",0,"mm/h"
"S04","2025-01-03T03:45:00Z","rainfall_intensity",0,"mm/h"
"S04","2025-01-03T03:50:00Z","rainfall_intensity",0,"mm/h"
"S04","2025-01-03T03:55:00Z","rainfall_intensity",0,"mm/h"
"S04","2025-01-03T04:00:00Z","rainfall_intensity",0,"mm/h"
"S04","2025-01-03T04:05:00Z","rainfall_intensity",0,"mm/h"
"S04","2025-01-03T04:10:00Z","rainfall_intensity",0,"mm/h"
"S04","2025-01-03T04:15:00Z","rainfall_intensity",0,"mm/h"
"S04","2025-01-03T04:20:00Z","rainfall_intensity",0,"mm/h"
"S04","2025-01-03T04:25:00Z","rainfall_intensity",0,"mm/h"
"S04","2025-01-03T04:30:00Z","rainfall_intensity",0,"mm/h"
"S04","2025-01-03T04:35:00Z","rainfall_intensity",0,"mm/h"
"S04","2025-01-03T04:40:00Z","rainfall_intensity",0,"mm/h"
"S04","2025-01-03T04:45:00Z","rainfall_intensity",0,"mm/h"
"S04","2025-01-03T04:50:00Z","rainfall_intensity",0,"mm/h"
"S04","2025-01-03T04:55:00Z","rainfall_intensity",0,"mm/h"
"S04","2025-01-03T05:00:00Z","rainfall_intensity",0,"mm/h"
"S04","2025-01-03T05:05:00Z","rainfall_intensity",0,"mm/h"
"S04","2025-01-03T05:10:00Z","rainfall_intensity",0,"mm/h"
"S04","2025-01-03T05:15:00Z","rainfall_intensity",0,"mm/h"
"S04","2025-01-03T05:20:00Z","rainfall_intensity",0,"mm/h"
"S04","2025-01-03T05:25:00Z","rainfall_intensity",0,"mm/h"
"S04","2025-01-03T05:30:00Z","rainfall_intensity",0,"mm/h"
"S04","2025-01-03T05:35:00Z","rainfall_intensity",0,"mm/h"
"S04","2025-01-03T05:40:00Z","rainfall_intensity",0,"mm/h"
"S04","2025-01-03T05:45:00Z","rainfall_intensity",0.147299360052505,"mm/h"
"S04","2025-01-03T05:50:00Z","rainfall_intensity",0,"mm/h"
"S04","2025-01-03T05:55:00Z","rainfall_intensity",0.737313158060841,"mm/h"
"S04","2025-01-03T06:00:00Z","rainfall_intensity",0,"mm/h"
"S04","2025-01-03T06:05:00Z","rainfall_intensity",0.165479318418143,"mm/h"
"S04","2025-01-03T06:10:00Z","rainfall_intensity",0,"mm/h"
"S04","2025-01-03T06:15:00Z","rainfall_intensity",0,"mm/h"
"S04","2025-01-03T06:20:00Z","rainfall_intensity",0.162945906022945,"mm/h"
"S04","2025-01-03T06:25:00Z","rainfall_intensity",0.320630649964728,"mm/h"
"S04","2025-01-03T06:30:00Z","rainfall_intensity",0,"mm/h"
"S04","2025-01-03T06:35:00Z","rainfall_intensity",0,"mm/h"
"S04","2025-01-03T06:40:00Z","rainfall_intensity",0,"mm/h"
"S04","2025-01-03T06:45:00Z","rainfall_intensity",0,"mm/h"
"S04","2025-01-03T06:50:00Z","rainfall_intensity",0,"mm/h"
"S04","2025-01-03T06:55:00Z","rainfall_intensity",0,"mm/h"
"S04","2025-01-03T07:00:00Z","rainfall_intensity",0,"mm/h"
"S04","2025-01-03T07:05:00Z","rainfall_intensity",0,"mm/h"
"S04","2025-01-03T07:10:00Z","rainfall_intensity",0,"mm/h"
"S04","2025-01-03T07:15:00Z","rainfall_intensity",0,"mm/h"
"S04","2025-01-03T07:20:00Z","rainfall_intensity",0,"mm/h"
"S04","2025-01-03T07:25:00Z","rainfall_intensity",0,"mm/h"
"S04","2025-01-03T07:30:00Z","rainfall_intensity",0,"mm/h"
"S04","2025-01-03T07:35:00Z","rainfall_intensity",0,"mm/h"
"S04","2025-01-03T07:40:00Z","rainfall_intensity",0,"mm/h"
"S04","2025-01-03T07:45:00Z","rainfall_intensity",0,"mm/h"
"S04","2025-01-03T07:50:00Z","rainfall_intensity",0,"mm/h"
"S04","2025-01-03T07:55:00Z","rainfall_intensity",0,"mm/h"
"S04","2025-01-03T08:00:00Z","rainfall_intensity",0,"mm/h"
"S04","2025-01-03T08:05:00Z","rainfall_intensity",0,"mm/h"
"S04","2025-01-03T08:10:00Z","rainfall_intensity",0,"mm/h"
"S04","2025-01-03T08:15:00Z","rainfall_intensity",0,"mm/h"
"S04","2025-01-03T08:20:00Z","rainfall_intensity",0.799853020153968,"mm/h"
"S04","2025-01-03T08:25:00Z","rainfall_intensity",0,"mm/h"
"S04","2025-01-03T08:30:00Z","rainfall_intensity",0,"mm/h"
"S04","2025-01-03T08:35:00Z","rainfall_intensity",0.0900278679030805,"mm/h"
"S04","2025-01-03T08:40:00Z","rainfall_intensity",0,"mm/h"
"S04","2025-01-03T08:45:00Z","rainfall_intensity",0,"mm/h"
"S04","2025-01-03T08:50:00Z","rainfall_intensity",0,"mm/h"
"S04","2025-01-03T08:55:00Z","rainfall_intensity",0,"mm/h"
"S04","2025-01-03T09:00:00Z","rainfall_intensity",0,"mm/h"
"S04","2025-01-03T09:05:00Z","rainfall_intensity",0,"mm/h"
"S04","2025-01-03T09:10:00Z","rainfall_intensity",0,"mm/h"
"S04","2025-01-03T09:15:00Z","rainfall_intensity",0,"mm/h"
"S04","2025-01-03T09:20:00Z","rainfall_intensity",0,"mm/h"
"S04","2025-01-03T09:25:00Z","rainfall_intensity",0,"mm/h"
"S04","2025-01-03T09:30:00Z","rainfall_intensity",0,"mm/h"
"S04","2025-01-03T09:35:00Z","rainfall_intensity",0,"mm/h"
"S04","2025-01-03T09:40:00Z","rainfall_intensity",0,"mm/h"
"S04","2025-01-03T09:45:00Z","rainfall_intensity",0,"mm/h"
"S04","2025-01-03T09:50:00Z","rainfall_intensity",0.52321216980932,"mm/h"
"S04","2025-01-03T09:55:00Z","rainfall_intensity",0.526388431889121,"mm/h"
"S04","2025-01-03T10:00:00Z","rainfall_intensity",0.0531187749808938,"mm/h"
"S04","2025-01-03T10:05:00Z","rainfall_intensity",0,"mm/h"
"S04","2025-01-03T10:10:00Z","rainfall_intensity",0,"mm/h"
"S04","2025-01-03T10:15:00Z","rainfall_intensity",0,"mm/h"
"S04","2025-01-03T10:20:00Z","rainfall_intensity",0,"mm/h"
"S04","2025-01-03T10:25:00Z","rainfall_intensity",0,"mm/h"
"S04","2025-01-03T10:30:00Z","rainfall_intensity",0,"mm/h"
"S04","2025-01-03T10:35:00Z","rainfall_intensity",0,"mm/h"
"S04","2025-01-03T10:40:00Z","rainfall_intensity",0,"mm/h"
"S04","2025-01-03T10:45:00Z","rainfall_intensity",0,"mm/h"
"S04","2025-01-03T10:50:00Z","rainfall_intensity",0,"mm/h"
"S04","2025-01-03T10:55:00Z","rainfall_intensity",0,"mm/h"
"S04","2025-01-03T11:00:00Z","rainfall_intensity",0,"mm/h"
"S04","2025-01-03T11:05:00Z","rainfall_intensity",0.196228004531214,"mm/h"
"S04","2025-01-03T11:10:00Z","rainfall_intensity",0,"mm/h"
"S04","2025-01-03T11:15:00Z","rainfall_intensity",0,"mm/h"
"S04","2025-01-03T11:20:00Z","rainfall_intensity",0,"mm/h"
"S04","2025-01-03T11:25:00Z","rainfall_intensity",0.00887040318459702,"mm/h"
"S04","2025-01-03T11:30:00Z","rainfall_intensity",0.251523425414478,"mm/h"
"S04","2025-01-03T11:35:00Z","rainfall_intensity",0.596186051429451,"mm/h"
"S04","2025-01-03T11:40:00Z","rainfall_intensity",0.00389500259534745,"mm/h"
"S04","2025-01-03T11:45:00Z","rainfall_intensity",0,"mm/h"
"S04","2025-01-03T11:50:00Z","rainfall_intensity",0,"mm/h"
"S04","2025-01-03T11:55:00Z","rainfall_intensity",0.065795553153487,"mm/h"
"S04","2025-01-03T12:00:00Z","rainfall_intensity",0,"mm/h"
"S04","2025-01-03T12:05:00Z","rainfall_intensity",0.177538406269692,"mm/h"
"S04","2025-01-03T12:10:00Z","rainfall_intensity",1.42304566892588,"mm/h"
"S04","2025-01-03T12:15:00Z","rainfall_intensity",0.430756829072108,"mm/h"
"S04","2025-01-03T12:20:00Z","rainfall_intensity",0,"mm/h"
"S04","2025-01-03T12:25:00Z","rainfall_intensity",1.42126549537031,"mm/h"
"S04","2025-01-03T12:30:00Z","rainfall_intensity",0,"mm/h"
"S04","2025-01-03T12:35:00Z","rainfall_intensity",0,"mm/h"
"S04","2025-01-03T12:40:00Z","rainfall_intensity",1.5794821897045,"mm/h"
"S04","2025-01-03T12:45:00Z","rainfall_intensity",4.21410582957133,"mm/h"
"S04","2025-01-03T12:50:00Z","rainfall_intensity",10.7331207504087,"mm/h"
"S04","2025-01-03T12:55:00Z","rainfall_intensity",9.33505044373786,"mm/h"
"S04","2025-01-03T13:00:00Z","rainfall_intensity",4.72311858094487,"mm/h"
"S04","2025-01-03T13:05:00Z","rainfall_intensity",0.531387901639443,"mm/h"
"S04","2025-01-03T13:10:00Z","rainfall_intensity",0.678787119781996,"mm/h"
"S04","2025-01-03T13:15:00Z","rainfall_intensity",2.53023885748184,"mm/h"
"S04","2025-01-03T13:20:00Z","rainfall_intensity",6.40125852926522,"mm/h"
"S04","2025-01-03T13:25:00Z","rainfall_intensity",6.08069655485074,"mm/h"
"S04","2025-01-03T13:30:00Z","rainfall_intensity",2.41728853791889,"mm/h"
"S04","2025-01-03T13:35:00Z","rainfall_intensity",2.65126311260942,"mm/h"
"S04","2025-01-03T13:40:00Z","rainfall_intensity",0,"mm/h"
"S04","2025-01-03T13:45:00Z","rainfall_intensity",0.505752014804517,"mm/h"
"S04","2025-01-03T13:50:00Z","rainfall_intensity",3.49376872690333,"mm/h"
"S04","2025-01-03T13:55:00Z","rainfall_intensity",0.373306290903237,"mm/h"
"S04","2025-01-03T14:00:00Z","rainfall_intensity",0.426043652239441,"mm/h"
"S04","2025-01-03T14:05:00Z","rainfall_intensity",0.0545616102822369,"mm/h"
"S04","2025-01-03T14:10:00Z","rainfall_intensity",0.150021249275223,"mm/h"
"S04","2025-01-03T14:15:00Z","rainfall_intensity",0,"mm/h"
"S04","2025-01-03T14:20:00Z","rainfall_intensity",0.161458432013687,"mm/h"
"S04","2025-01-03T14:25:00Z","rainfall_intensity",2.75840929899805,"mm/h"
"S04","2025-01-03T14:30:00Z","rainfall_intensity",1.64684247556245,"mm/h"
"S04","2025-01-03T14:35:00Z","rainfall_intensity",0,"mm/h"
"S04","2025-01-03T14:40:00Z","rainfall_intensity",0.370151613081615,"mm/h"
"S04","2025-01-03T14:45:00Z","rainfall_intensity",0,"mm/h"
"S04","2025-01-03T14:50:00Z","rainfall_intensity",0,"mm/h"
"S04","2025-01-03T14:55:00Z","rainfall_intensity",0.6322145153788,"mm/h"
"S04","2025-01-03T15:00:00Z","rainfall_intensity",0.795776280090091,"mm/h"
"S04","2025-01-03T15:05:00Z","rainfall_intensity",4.45486247113842,"mm/h"
"S04","2025-01-03T15:10:00Z","rainfall_intensity",1.22630820046012,"mm/h"
"S04","2025-01-03T15:15:00Z","rainfall_intensity",3.80843991231108,"mm/h"
"S04","2025-01-03T15:20:00Z","rainfall_intensity",7.43901632196817,"mm/h"
"S04","2025-01-03T15:25:00Z","rainfall_intensity",5.26288926522199,"mm/h"
"S04","2025-01-03T15:30:00Z","rainfall_intensity",1.85875851026371,"mm/h"
"S04","2025-01-03T15:35:00Z","rainfall_intensity",1.81430621916514,"mm/h"
"S04","2025-01-03T15:40:00Z","rainfall_intensity",0.852337149641563,"mm/h"
"S04","2025-01-03T15:45:00Z","rainfall_intensity",0,"mm/h"
"S04","2025-01-03T15:50:00Z","rainfall_intensity",0,"mm/h"
"S04","2025-01-03T15:55:00Z","rainfall_intensity",0.046883348214901,"mm/h"
"S04","2025-01-03T16:00:00Z","rainfall_intensity",0,"mm/h"
"S04","2025-01-03T16:05:00Z","rainfall_intensity",0,"mm/h"
"S04","2025-01-03T16:10:00Z","rainfall_intensity",0.722646645914832,"mm/h"
"S04","2025-01-03T16:15:00Z","rainfall_intensity",0,"mm/h"
"S04","2025-01-03T16:20:00Z","rainfall_intensity",0,"mm/h"
"S04","2025-01-03T16:25:00Z","rainfall_intensity",0,"mm/h"
"S04","2025-01-03T16:30:00Z","rainfall_intensity",0,"mm/h"
"S04","2025-01-03T16:35:00Z","rainfall_intensity",0,"mm/h"
"S04","2025-01-03T16:40:00Z","rainfall_intensity",0,"mm/h"
"S04","2025-01-03T16:45:00Z","rainfall_intensity",0,"mm/h"
"S04","2025-01-03T16:50:00Z","rainfall_intensity",1.52194944549236,"mm/h"
"S04","2025-01-03T16:55:00Z","rainfall_intensity",0,"mm/h"
"S04","2025-01-03T17:00:00Z","rainfall_intensity",0,"mm/h"
"S04","2025-01-03T17:05:00Z","rainfall_intensity",0,"mm/h"
"S04","2025-01-03T17:10:00Z","rainfall_intensity",0,"mm/h"
"S04","2025-01-03T17:15:00Z","rainfall_intensity",0.964022955427434,"mm/h"
"S04","2025-01-03T17:20:00Z","rainfall_intensity",0.489715566082664,"mm/h"
"S04","2025-01-03T17:25:00Z","rainfall_intensity",0,"mm/h"
"S04","2025-01-03T17:30:00Z","rainfall_intensity",0,"mm/h"
"S04","2025-01-03T17:35:00Z","rainfall_intensity",0,"mm/h"
"S04","2025-01-03T17:40:00Z","rainfall_intensity",0,"mm/h"
"S04","2025-01-03T17:45:00Z","rainfall_intensity",0,"mm/h"
"S04","2025-01-03T17:50:00Z","rainfall_intensity",0,"mm/h"
"S04","2025-01-03T17:55:00Z","rainfall_intensity",0,"mm/h"
"S04","2025-01-03T18:00:00Z","rainfall_intensity",0,"mm/h"
"S04","2025-01-03T18:05:00Z","rainfall_intensity",0,"mm/h"
"S04","2025-01-03T18:10:00Z","rainfall_intensity",0,"mm/h"
"S04","2025-01-03T18:15:00Z","rainfall_intensity",0,"mm/h"
"S04","2025-01-03T18:20:00Z","rainfall_intensity",0,"mm/h"
"S04","2025-01-03T18:25:00Z","rainfall_intensity",0,"mm/h"
"S04","2025-01-03T18:30:00Z","rainfall_intensity",0,"mm/h"
"S04","2025-01-03T18:35:00Z","rainfall_intensity",0,"mm/h"
"S04","2025-01-03T18:40:00Z","rainfall_intensity",0,"mm/h"
"S04","2025-01-03T18:45:00Z","rainfall_intensity",0,"mm/h"
"S04","2025-01-03T18:50:00Z","rainfall_intensity",0,"mm/h"
"S04","2025-01-03T18:55:00Z","rainfall_intensity",0,"mm/h"
"S04","2025-01-03T19:00:00Z","rainfall_intensity",0,"mm/h"
"S04","2025-01-03T19:05:00Z","rainfall_intensity",0,"mm/h"
"S04","2025-01-03T19:10:00Z","rainfall_intensity",0,"mm/h"
"S04","2025-01-03T19:15:00Z","rainfall_intensity",0,"mm/h"
"S04","2025-01-03T19:20:00Z","rainfall_intensity",0,"mm/h"
"S04","2025-01-03T19:25:00Z","rainfall_intensity",0,"mm/h"
"S04","2025-01-03T19:30:00Z","rainfall_intensity",0,"mm/h"
"S04","2025-01-03T19:35:00Z","rainfall_intensity",0,"mm/h"
"S04","2025-01-03T19:40:00Z","rainfall_intensity",0,"mm/h"
"S04","2025-01-03T19:45:00Z","rainfall_intensity",0,"mm/h"
"S04","2025-01-03T19:50:00Z","rainfall_intensity",0,"mm/h"
"S04","2025-01-03T19:55:00Z","rainfall_intensity",0,"mm/h"
"S04","2025-01-03T20:00:00Z","rainfall_intensity",0,"mm/h"
"S04","2025-01-03T20:05:00Z","rainfall_intensity",0,"mm/h"
"S04","2025-01-03T20:10:00Z","rainfall_intensity",0.0745515206554794,"mm/h"
"S04","2025-01-03T20:15:00Z","rainfall_intensity",0.0540721119305763,"mm/h"
"S04","2025-01-03T20:20:00Z","rainfall_intensity",0,"mm/h"
"S04","2025-01-03T20:25:00Z","rainfall_intensity",1.71934975270416,"mm/h"
"S04","2025-01-03T20:30:00Z","rainfall_intensity",0.139890629913285,"mm/h"
"S04","2025-01-03T20:35:00Z","rainfall_intensity",0,"mm/h"
"S04","2025-01-03T20:40:00Z","rainfall_intensity",0,"mm/h"
"S04","2025-01-03T20:45:00Z","rainfall_intensity",0,"mm/h"
"S04","2025-01-03T20:50:00Z","rainfall_intensity",0,"mm/h"
"S04","2025-01-03T20:55:00Z","rainfall_intensity",0,"mm/h"
"S04","2025-01-03T21:00:00Z","rainfall_intensity",0,"mm/h"
"S04","2025-01-03T21:05:00Z","rainfall_intensity",0,"mm/h"
"S04","2025-01-03T21:10:00Z","rainfall_intensity",0,"mm/h"
"S04","2025-01-03T21:15:00Z","rainfall_intensity",0,"mm/h"
"S04","2025-01-03T21:20:00Z","rainfall_intensity",0,"mm/h"
"S04","2025-01-03T21:25:00Z","rainfall_intensity",0.104705562384974,"mm/h"
"S04","2025-01-03T21:30:00Z","rainfall_intensity",0,"mm/h"
"S04","2025-01-03T21:35:00Z","rainfall_intensity",0,"mm/h"
"S04","2025-01-03T21:40:00Z","rainfall_intensity",0,"mm/h"
"S04","2025-01-03T21:45:00Z","rainfall_intensity",0,"mm/h"
"S04","2025-01-03T21:50:00Z","rainfall_intensity",0,"mm/h"
"S04","2025-01-03T21:55:00Z","rainfall_intensity",0,"mm/h"
"S04","2025-01-03T22:00:00Z","rainfall_intensity",0,"mm/h"
"S04","2025-01-03T22:05:00Z","rainfall_intensity",0,"mm/h"
"S04","2025-01-03T22:10:00Z","rainfall_intensity",0,"mm/h"
"S04","2025-01-03T22:15:00Z","rainfall_intensity",0,"mm/h"
"S04","2025-01-03T22:20:00Z","rainfall_intensity",0,"mm/h"
"S04","2025-01-03T22:25:00Z","rainfall_intensity",0,"mm/h"
"S04","2025-01-03T22:30:00Z","rainfall_intensity",0,"mm/h"
"S04","2025-01-03T22:35:00Z","rainfall_intensity",0,"mm/h"
"S04","2025-01-03T22:40:00Z","rainfall_intensity",0,"mm/h"
"S04","2025-01-03T22:45:00Z","rainfall_intensity",0,"mm/h"
"S04","2025-01-03T22:50:00Z","rainfall_intensity",0.0986908547874992,"mm/h"
"S04","2025-01-03T22:55:00Z","rainfall_intensity",0,"mm/h"
"S04","2024-12-31T23:00:00Z","water_level",0.846134418949651,"m"
"S04","2024-12-31T23:05:00Z","water_level",0.483743761057703,"m"
"S04","2024-12-31T23:10:00Z","water_level",0.557718321402705,"m"
"S04","2024-12-31T23:15:00Z","water_level",0.339092980517776,"m"
"S04","2024-12-31T23:20:00Z","water_level",0.0492845479862614,"m"
"S04","2024-12-31T23:25:00Z","water_level",0.0332332969868537,"m"
"S04","2024-12-31T23:30:00Z","water_level",0.523137533052321,"m"
"S04","2024-12-31T23:35:00Z","water_level",0.371498550526194,"m"
"S04","2024-12-31T23:40:00Z","water_level",0.0453058768620348,"m"
"S04","2024-12-31T23:45:00Z","water_level",0.0640637724023791,"m"
"S04","2024-12-31T23:50:00Z","water_level",0.00889507173560677,"m"
"S04","2024-12-31T23:55:00Z","water_level",0.0197362766415471,"m"
"S04","2025-01-01T00:00:00Z","water_level",0.149462348641832,"m"
"S04","2025-01-01T00:05:00Z","water_level",0.518550320854982,"m"
"S04","2025-01-01T00:10:00Z","water_level",0.151430064503555,"m"
"S04","2025-01-01T00:15:00Z","water_level",0.467842081341274,"m"
"S04","2025-01-01T00:20:00Z","water_level",0.307172594656857,"m"
"S04","2025-01-01T00:25:00Z","water_level",0.698076153133699,"m"
"S04","2025-01-01T00:30:00Z","water_level",0.70689088666555,"m"
"S04","2025-01-01T00:35:00Z","water_level",0.0905453344741024,"m"
"S04","2025-01-01T00:40:00Z","water_level",1.67523590438603,"m"
"S04","2025-01-01T00:45:00Z","water_level",1.9698809246791,"m"
"S04","2025-01-01T00:50:00Z","water_level",0.412082431875422,"m"
"S04","2025-01-01T00:55:00Z","water_level",0.124673683065528,"m"
"S04","2025-01-01T01:00:00Z","water_level",0.116471835836671,"m"
"S04","2025-01-01T01:05:00Z","water_level",0.292097658198639,"m"
"S04","2025-01-01T01:10:00Z","water_level",0.101989941606395,"m"
"S04","2025-01-01T01:15:00Z","water_level",0.046756825173769,"m"
"S04","2025-01-01T01:20:00Z","water_level",0.113591053554534,"m"
"S04","2025-01-01T01:25:00Z","water_level",0.437734978091007,"m"
"S04","2025-01-01T01:30:00Z","water_level",0.494053387185113,"m"
"S04","2025-01-01T01:35:00Z","water_level",0.15564735540521,"m"
"S04","2025-01-01T01:40:00Z","water_level",0.196151434990318,"m"
"S04","2025-01-01T01:45:00Z","water_level",0.152007163690267,"m"
"S04","2025-01-01T01:50:00Z","water_level",0.0843023033796166,"m"
"S04","2025-01-01T01:55:00Z","water_level",0.0205228625150615,"m"
"S04","2025-01-01T02:00:00Z","water_level",0.0632636641435173,"m"
"S04","2025-01-01T02:05:00Z","water_level",0.13162046017313,"m"
"S04","2025-01-01T02:10:00Z","water_level",0.43193223633928,"m"
"S04","2025-01-01T02:15:00Z","water_level",0.104527833750558,"m"
"S04","2025-01-01T02:20:00Z","water_level",0.247590815532834,"m"
"S04","2025-01-01T02:25:00Z","water_level",0.437896644979431,"m"
"S04","2025-01-01T02:30:00Z","water_level",0.477249769424719,"m"
"S04","2025-01-01T02:35:00Z","water_level",0.290729528133572,"m"
"S04","2025-01-01T02:40:00Z","water_level",0.0904725965111284,"m"
"S04","2025-01-01T02:45:00Z","water_level",0.43321720617739,"m"
"S04","2025-01-01T02:50:00Z","water_level",0.214694151826184,"m"
"S04","2025-01-01T02:55:00Z","water_level",0.311454648930259,"m"
"S04","2025-01-01T03:00:00Z","water_level",0.577098948421662,"m"
"S04","2025-01-01T03:05:00Z","water_level",0.157969212022842,"m"
"S04","2025-01-01T03:10:00Z","water_level",0.229091089838213,"m"
"S04","2025-01-01T03:15:00Z","water_level",1.64305730855965,"m"
"S04","2025-01-01T03:20:00Z","water_level",1.99522069899636,"m"
"S04","2025-01-01T03:25:00Z","water_level",0.756757001016925,"m"
"S04","2025-01-01T03:30:00Z","water_level",1.07885825711074,"m"
"S04","2025-01-01T03:35:00Z","water_level",0.806670639032001,"m"
"S04","2025-01-01T03:40:00Z","water_level",0.152580091703277,"m"
"S04","2025-01-01T03:45:00Z","water_level",0.0890072178059125,"m"
"S04","2025-01-01T03:50:00Z","water_level",0.0513424744980542,"m"
"S04","2025-01-01T03:55:00Z","water_level",0.344051889204823,"m"
"S04","2025-01-01T04:00:00Z","water_level",0.163203838512655,"m"
"S04","2025-01-01T04:05:00Z","water_level",0.287118369760255,"m"
"S04","2025-01-01T04:10:00Z","water_level",1.95111072668974,"m"
"S04","2025-01-01T04:15:00Z","water_level",0.994259796918858,"m"
"S04","2025-01-01T04:20:00Z","water_level",3.08740507900299,"m"
"S04","2025-01-01T04:25:00Z","water_level",0.557093435809027,"m"
"S04","2025-01-01T04:30:00Z","water_level",0.265323395865813,"m"
"S04","2025-01-01T04:35:00Z","water_level",1.40523581186182,"m"
"S04","2025-01-01T04:40:00Z","water_level",2.1663556827651,"m"
"S04","2025-01-01T04:45:00Z","water_level",2.84028883841827,"m"
"S04","2025-01-01T04:50:00Z","water_level",1.37685522447927,"m"
"S04","2025-01-01T04:55:00Z","water_level",0.708237245307633,"m"
"S04","2025-01-01T05:00:00Z","water_level",1.31568128039297,"m"
"S04","2025-01-01T05:05:00Z","water_level",2.8892642738682,"m"
"S04","2025-01-01T05:10:00Z","water_level",1.19126478855455,"m"
"S04","2025-01-01T05:15:00Z","water_level",0.3774246767671,"m"
"S04","2025-01-01T05:20:00Z","water_level",0.246929926493839,"m"
"S04","2025-01-01T05:25:00Z","water_level",0.722039069441742,"m"
"S04","2025-01-01T05:30:00Z","water_level",0.302894926242754,"m"
"S04","2025-01-01T05:35:00Z","water_level",1.04402801156811,"m"
"S04","2025-01-01T05:40:00Z","water_level",0.219469385859028,"m"
"S04","2025-01-01T05:45:00Z","water_level",0.0789162545182884,"m"
"S04","2025-01-01T05:50:00Z","water_level",0.0796546573624367,"m"
"S04","2025-01-01T05:55:00Z","water_level",0.0845008322400779,"m"
"S04","2025-01-01T06:00:00Z","water_level",0.0741536848386782,"m"
"S04","2025-01-01T06:05:00Z","water_level",0.365093481687174,"m"
"S04","2025-01-01T06:10:00Z","water_level",1.15269245352444,"m"
"S04","2025-01-01T06:15:00Z","water_level",0.282373048480932,"m"
"S04","2025-01-01T06:20:00Z","water_level",0.602829106255127,"m"
"S04","2025-01-01T06:25:00Z","water_level",0.362994262921848,"m"
"S04","2025-01-01T06:30:00Z","water_level",0.742522888543908,"m"
"S04","2025-01-01T06:35:00Z","water_level",0.353647738672199,"m"
"S04","2025-01-01T06:40:00Z","water_level",0.335754808099259,"m"
"S04","2025-01-01T06:45:00Z","water_level",0.321225631744923,"m"
"S04","2025-01-01T06:50:00Z","water_level",0.734584071666866,"m"
"S04","2025-01-01T06:55:00Z","water_level",0.700293150695174,"m"
"S04","2025-01-01T07:00:00Z","water_level",0.379788041610346,"m"
"S04","2025-01-01T07:05:00Z","water_level",0.299294821993145,"m"
"S04","2025-01-01T07:10:00Z","water_level",0.647081046606405,"m"
"S04","2025-01-01T07:15:00Z","water_level",1.02255290979295,"m"
"S04","2025-01-01T07:20:00Z","water_level",0.984766817201576,"m"
"S04","2025-01-01T07:25:00Z","water_level",0.483132836253842,"m"
"S04","2025-01-01T07:30:00Z","water_level",0.186467877236474,"m"
"S04","2025-01-01T07:35:00Z","water_level",0.59480795698463,"m"
"S04","2025-01-01T07:40:00Z","water_level",0.887010692191686,"m"
"S04","2025-01-01T07:45:00Z","water_level",0.238049643866694,"m"
"S04","2025-01-01T07:50:00Z","water_level",0.199166726715412,"m"
"S04","2025-01-01T07:55:00Z","water_level",0.17509093342839,"m"
"S04","2025-01-01T08:00:00Z","water_level",0.223160339547043,"m"
"S04","2025-01-01T08:05:00Z","water_level",0.424280721045806,"m"
"S04","2025-01-01T08:10:00Z","water_level",0.461554773410771,"m"
"S04","2025-01-01T08:15:00Z","water_level",0.15629010890869,"m"
"S04","2025-01-01T08:20:00Z","water_level",0.41372254874922,"m"
"S04","2025-01-01T08:25:00Z","water_level",1.31283017417022,"m"
"S04","2025-01-01T08:30:00Z","water_level",1.1796859903424,"m"
"S04","2025-01-01T08:35:00Z","water_level",0.864193996023486,"m"
"S04","2025-01-01T08:40:00Z","water_level",3.32659272073076,"m"
"S04","2025-01-01T08:45:00Z","water_level",1.16450714134473,"m"
"S04","2025-01-01T08:50:00Z","water_level",1.14439648943473,"m"
"S04","2025-01-01T08:55:00Z","water_level",0.414230254969998,"m"
"S04","2025-01-01T09:00:00Z","water_level",0.306292289886498,"m"
"S04","2025-01-01T09:05:00Z","water_level",0.497015661278232,"m"
"S04","2025-01-01T09:10:00Z","water_level",1.44354572089523,"m"
"S04","2025-01-01T09:15:00Z","water_level",0.31490957945451,"m"
"S04","2025-01-01T09:20:00Z","water_level",0.845906027286637,"m"
"S04","2025-01-01T09:25:00Z","water_level",0.457900896695943,"m"
"S04","2025-01-01T09:30:00Z","water_level",0.188687633332818,"m"
"S04","2025-01-01T09:35:00Z","water_level",0.0632630208161367,"m"
"S04","2025-01-01T09:40:00Z","water_level",0.100671697509432,"m"
"S04","2025-01-01T09:45:00Z","water_level",0.223494653004073,"m"
"S04","2025-01-01T09:50:00Z","water_level",0.325509012517615,"m"
"S04","2025-01-01T09:55:00Z","water_level",0.856475944523696,"m"
"S04","2025-01-01T10:00:00Z","water_level",0.437282375417878,"m"
"S04","2025-01-01T10:05:00Z","water_level",0.361478805295575,"m"
"S04","2025-01-01T10:10:00Z","water_level",0.304744691946979,"m"
"S04","2025-01-01T10:15:00Z","water_level",0.187932265151984,"m"
"S04","2025-01-01T10:20:00Z","water_level",1.2518378347459,"m"
"S04","2025-01-01T10:25:00Z","water_level",0.519455748947543,"m"
"S04","2025-01-01T10:30:00Z","water_level",1.08401119171117,"m"
"S04","2025-01-01T10:35:00Z","water_level",1.10774817737206,"m"
"S04","2025-01-01T10:40:00Z","water_level",0.334721342618743,"m"
"S04","2025-01-01T10:45:00Z","water_level",0.38970141152677,"m"
"S04","2025-01-01T10:50:00Z","water_level",0.248544290867901,"m"
"S04","2025-01-01T10:55:00Z","water_level",0.169446318658827,"m"
"S04","2025-01-01T11:00:00Z","water_level",0.144475593660755,"m"
"S04","2025-01-01T11:05:00Z","water_level",0.645612176257488,"m"
"S04","2025-01-01T11:10:00Z","water_level",0.180774394548682,"m"
"S04","2025-01-01T11:15:00Z","water_level",0.365338117264396,"m"
"S04","2025-01-01T11:20:00Z","water_level",0.134938109484858,"m"
"S04","2025-01-01T11:25:00Z","water_level",0.0597639255971647,"m"
"S04","2025-01-01T11:30:00Z","water_level",0.289999372997896,"m"
"S04","2025-01-01T11:35:00Z","water_level",0.376065819095256,"m"
"S04","2025-01-01T11:40:00Z","water_level",0.251712887096709,"m"
"S04","2025-01-01T11:45:00Z","water_level",1.1719326483289,"m"
"S04","2025-01-01T11:50:00Z","water_level",1.14778582625852,"m"
"S04","2025-01-01T11:55:00Z","water_level",0.478855495316398,"m"
"S04","2025-01-01T12:00:00Z","water_level",0.202125386089001,"m"
"S04","2025-01-01T12:05:00Z","water_level",0.217732365882924,"m"
"S04","2025-01-01T12:10:00Z","water_level",0.433723820680433,"m"
"S04","2025-01-01T12:15:00Z","water_level",0.312521356773581,"m"
"S04","2025-01-01T12:20:00Z","water_level",0.396064517272231,"m"
"S04","2025-01-01T12:25:00Z","water_level",0.132738560492565,"m"
"S04","2025-01-01T12:30:00Z","water_level",0.000925752464629826,"m"
"S04","2025-01-01T12:35:00Z","water_level",0.971864308677289,"m"
"S04","2025-01-01T12:40:00Z","water_level",0.0192251216144282,"m"
"S04","2025-01-01T12:45:00Z","water_level",0.0559752970807455,"m"
"S04","2025-01-01T12:50:00Z","water_level",0.0775986651373694,"m"
"S04","2025-01-01T12:55:00Z","water_level",0.0443839914375703,"m"
"S04","2025-01-01T13:00:00Z","water_level",0.0173307577738204,"m"
"S04","2025-01-01T13:05:00Z","water_level",1.00578563664788,"m"
"S04","2025-01-01T13:10:00Z","water_level",0.399164392015201,"m"
"S04","2025-01-01T13:15:00Z","water_level",1.38002350717696,"m"
"S04","2025-01-01T13:20:00Z","water_level",1.16963736931706,"m"
"S04","2025-01-01T13:25:00Z","water_level",0.848310855051909,"m"
"S04","2025-01-01T13:30:00Z","water_level",0.359561489551961,"m"
"S04","2025-01-01T13:35:00Z","water_level",0.161711109007485,"m"
"S04","2025-01-01T13:40:00Z","water_level",0.572575535104462,"m"
"S04","2025-01-01T13:45:00Z","water_level",0.101543078771992,"m"
"S04","2025-01-01T13:50:00Z","water_level",0.14367628318376,"m"
"S04","2025-01-01T13:55:00Z","water_level",0.090120265364259,"m"
"S04","2025-01-01T14:00:00Z","water_level",0.11963018661098,"m"
"S04","2025-01-01T14:05:00Z","water_level",0.0139441600085186,"m"
"S04","2025-01-01T14:10:00Z","water_level",0.00417523121039974,"m"
"S04","2025-01-01T14:15:00Z","water_level",0.118161514647773,"m"
"S04","2025-01-01T14:20:00Z","water_level",0.407664163463865,"m"
"S04","2025-01-01T14:25:00Z","water_level",0.0449049125813512,"m"
"S04","2025-01-01T14:30:00Z","water_level",0.0980232425782971,"m"
"S04","2025-01-01T14:35:00Z","water_level",0.307586487158095,"m"
"S04","2025-01-01T14:40:00Z","water_level",0.192890730652134,"m"
"S04","2025-01-01T14:45:00Z","water_level",0.0997758678690448,"m"
"S04","2025-01-01T14:50:00Z","water_level",0.184975502556478,"m"
"S04","2025-01-01T14:55:00Z","water_level",1.05218381668792,"m"
"S04","2025-01-01T15:00:00Z","water_level",1.8944103616767,"m"
"S04","2025-01-01T15:05:00Z","water_level",0.789956117833501,"m"
"S04","2025-01-01T15:10:00Z","water_level",0.437896457801715,"m"
"S04","2025-01-01T15:15:00Z","water_level",0.450895810148979,"m"
"S04","2025-01-01T15:20:00Z","water_level",1.29654563552815,"m"
"S04","2025-01-01T15:25:00Z","water_level",1.76256375381136,"m"
"S04","2025-01-01T15:30:00Z","water_level",0.900791781668436,"m"
"S04","2025-01-01T15:35:00Z","water_level",2.02259228228662,"m"
"S04","2025-01-01T15:40:00Z","water_level",1.46311540578351,"m"
"S04","2025-01-01T15:45:00Z","water_level",3.17010890743925,"m"
"S04","2025-01-01T15:50:00Z","water_level",0.806714696810724,"m"
"S04","2025-01-01T15:55:00Z","water_level",0.799519127229787,"m"
"S04","2025-01-01T16:00:00Z","water_level",1.30752652189814,"m"
"S04","2025-01-01T16:05:00Z","water_level",0.514834907027119,"m"
"S04","2025-01-01T16:10:00Z","water_level",0.211666193242032,"m"
"S04","2025-01-01T16:15:00Z","water_level",0.384017950760483,"m"
"S04","2025-01-01T16:20:00Z","water_level",0.873898637696444,"m"
"S04","2025-01-01T16:25:00Z","water_level",1.20210382402929,"m"
"S04","2025-01-01T16:30:00Z","water_level",0.25892022319106,"m"
"S04","2025-01-01T16:35:00Z","water_level",0.45784342425649,"m"
"S04","2025-01-01T16:40:00Z","water_level",0.111202931550117,"m"
"S04","2025-01-01T16:45:00Z","water_level",0.0569314469868009,"m"
"S04","2025-01-01T16:50:00Z","water_level",0.216298918417644,"m"
"S04","2025-01-01T16:55:00Z","water_level",0.136895226395294,"m"
"S04","2025-01-01T17:00:00Z","water_level",0.934628177766251,"m"
"S04","2025-01-01T17:05:00Z","water_level",0.418345730742393,"m"
"S04","2025-01-01T17:10:00Z","water_level",0.516345570266188,"m"
"S04","2025-01-01T17:15:00Z","water_level",0.460279605807483,"m"
"S04","2025-01-01T17:20:00Z","water_level",0.0575251502729547,"m"
"S04","2025-01-01T17:25:00Z","water_level",0.227584005181136,"m"
"S04","2025-01-01T17:30:00Z","water_level",1.23018834595619,"m"
"S04","2025-01-01T17:35:00Z","water_level",0.239858320377139,"m"
"S04","2025-01-01T17:40:00Z","water_level",0.240027879517221,"m"
"S04","2025-01-01T17:45:00Z","water_level",0.194070801572642,"m"
"S04","2025-01-01T17:50:00Z","water_level",0.280162326067352,"m"
"S04","2025-01-01T17:55:00Z","water_level",0.0027052733344178,"m"
"S04","2025-01-01T18:00:00Z","water_level",0.0939192558834099,"m"
"S04","2025-01-01T18:05:00Z","water_level",0.463638857306298,"m"
"S04","2025-01-01T18:10:00Z","water_level",0.449496617614344,"m"
"S04","2025-01-01T18:15:00Z","water_level",1.04702766277303,"m"
"S04","2025-01-01T18:20:00Z","water_level",0.215395832349686,"m"
"S04","2025-01-01T18:25:00Z","water_level",0.464841658696557,"m"
"S04","2025-01-01T18:30:00Z","water_level",0.103311469458436,"m"
"S04","2025-01-01T18:35:00Z","water_level",0.0980760132665666,"m"
"S04","2025-01-01T18:40:00Z","water_level",0.0167291792245506,"m"
"S04","2025-01-01T18:45:00Z","water_level",0.767491516676338,"m"
"S04","2025-01-01T18:50:00Z","water_level",0.538048769914574,"m"
"S04","2025-01-01T18:55:00Z","water_level",0.815889784465293,"m"
"S04","2025-01-01T19:00:00Z","water_level",1.32526259377018,"m"
"S04","2025-01-01T19:05:00Z","water_level",1.89291496275907,"m"
"S04","2025-01-01T19:10:00Z","water_level",1.51721215758654,"m"
"S04","2025-01-01T19:15:00Z","water_level",1.229493099086,"m"
"S04","2025-01-01T19:20:00Z","water_level",0.418187451645355,"m"
"S04","2025-01-01T19:25:00Z","water_level",0.710466194098454,"m"
"S04","2025-01-01T19:30:00Z","water_level",1.2384797351935,"m"
"S04","2025-01-01T19:35:00Z","water_level",1.65144563397039,"m"
"S04","2025-01-01T19:40:00Z","water_level",2.19065834770169,"m"
"S04","2025-01-01T19:45:00Z","water_level",0.678960456505572,"m"
"S04","2025-01-01T19:50:00Z","water_level",0.366597051589728,"m"
"S04","2025-01-01T19:55:00Z","water_level",0.241808121854398,"m"
"S04","2025-01-01T20:00:00Z","water_level",0.0979471074098018,"m"
"S04","2025-01-01T20:05:00Z","water_level",3.33776276415657,"m"
"S04","2025-01-01T20:10:00Z","water_level",1.71517972662436,"m"
"S04","2025-01-01T20:15:00Z","water_level",1.7111527795132,"m"
"S04","2025-01-01T20:20:00Z","water_level",0.556620814072281,"m"
"S04","2025-01-01T20:25:00Z","water_level",0.733425547389543,"m"
"S04","2025-01-01T20:30:00Z","water_level",2.240031077628,"m"
"S04","2025-01-01T20:35:00Z","water_level",1.08042422531923,"m"
"S04","2025-01-01T20:40:00Z","water_level",0.783270969507359,"m"
"S04","2025-01-01T20:45:00Z","water_level",0.298501123402888,"m"
"S04","2025-01-01T20:50:00Z","water_level",0.308039519554111,"m"
"S04","2025-01-01T20:55:00Z","water_level",0.00426395045881041,"m"
"S04","2025-01-01T21:00:00Z","water_level",0.762885744048485,"m"
"S04","2025-01-01T21:05:00Z","water_level",0.226264925203925,"m"
"S04","2025-01-01T21:10:00Z","water_level",0.198930129454459,"m"
"S04","2025-01-01T21:15:00Z","water_level",1.07420056164486,"m"
"S04","2025-01-01T21:20:00Z","water_level",0.504781857892565,"m"
"S04","2025-01-01T21:25:00Z","water_level",0.0178669849324931,"m"
"S04","2025-01-01T21:30:00Z","water_level",0.0385316036001935,"m"
"S04","2025-01-01T21:35:00Z","water_level",0.406950957055877,"m"
"S04","2025-01-01T21:40:00Z","water_level",0.157181226807042,"m"
"S04","2025-01-01T21:45:00Z","water_level",0.480884500539413,"m"
"S04","2025-01-01T21:50:00Z","water_level",1.19105281221004,"m"
"S04","2025-01-01T21:55:00Z","water_level",0.434597266875658,"m"
"S04","2025-01-01T22:00:00Z","water_level",0.928573687187923,"m"
"S04","2025-01-01T22:05:00Z","water_level",0.145018738139642,"m"
"S04","2025-01-01T22:10:00Z","water_level",0.12974633384768,"m"
"S04","2025-01-01T22:15:00Z","water_level",0.147908280647749,"m"
"S04","2025-01-01T22:20:00Z","water_level",0.235002285955305,"m"
"S04","2025-01-01T22:25:00Z","water_level",0.206541075724559,"m"
"S04","2025-01-01T22:30:00Z","water_level",0.0533837854005373,"m"
"S04","2025-01-01T22:35:00Z","water_level",0.472023459313262,"m"
"S04","2025-01-01T22:40:00Z","water_level",0.0597207746625678,"m"
"S04","2025-01-01T22:45:00Z","water_level",0.0954791167379779,"m"
"S04","2025-01-01T22:50:00Z","water_level",0.0882408407551454,"m"
"S04","2025-01-01T22:55:00Z","water_level",0.107218585246536,"m"
"S04","2025-01-01T23:00:00Z","water_level",0.223516796649805,"m"
"S04","2025-01-01T23:05:00Z","water_level",0.109784437215818,"m"
"S04","2025-01-01T23:10:00Z","water_level",0.492815844401488,"m"
"S04","2025-01-01T23:15:00Z","water_level",0.353802743077411,"m"
"S04","2025-01-01T23:20:00Z","water_level",0.599167465975648,"m"
"S04","2025-01-01T23:25:00Z","water_level",0.0664775528354145,"m"
"S04","2025-01-01T23:30:00Z","water_level",0.0287756999698734,"m"
"S04","2025-01-01T23:35:00Z","water_level",0.182640338476472,"m"
"S04","2025-01-01T23:40:00Z","water_level",0.104358672639527,"m"
"S04","2025-01-01T23:45:00Z","water_level",0.136705770874874,"m"
"S04","2025-01-01T23:50:00Z","water_level",0.59384479142756,"m"
"S04","2025-01-01T23:55:00Z","water_level",0.293500385979454,"m"
"S04","2025-01-02T00:00:00Z","water_level",0.0643424544531025,"m"
"S04","2025-01-02T00:05:00Z","water_level",0.166598856573887,"m"
"S04","2025-01-02T00:10:00Z","water_level",0.165017413403843,"m"
"S04","2025-01-02T00:15:00Z","water_level",0.252975497327725,"m"
"S04","2025-01-02T00:20:00Z","water_level",0.0356397003020856,"m"
"S04","2025-01-02T00:25:00Z","water_level",0.0786261663161645,"m"
"S04","2025-01-02T00:30:00Z","water_level",0.728540123986743,"m"
"S04","2025-01-02T00:35:00Z","water_level",0.526062298665434,"m"
"S04","2025-01-02T00:40:00Z","water_level",0.365155736141289,"m"
"S04","2025-01-02T00:45:00Z","water_level",0.36295358671574,"m"
"S04","2025-01-02T00:50:00Z","water_level",0.458869733191082,"m"
"S04","2025-01-02T00:55:00Z","water_level",0.896065800279021,"m"
"S04","2025-01-02T01:00:00Z","water_level",0.910583551371069,"m"
"S04","2025-01-02T01:05:00Z","water_level",1.2897260217667,"m"
"S04","2025-01-02T01:10:00Z","water_level",0.417756816608146,"m"
"S04","2025-01-02T01:15:00Z","water_level",0.465582188312904,"m"
"S04","2025-01-02T01:20:00Z","water_level",0.297854737538484,"m"
"S04","2025-01-02T01:25:00Z","water_level",0.236074944596386,"m"
"S04","2025-01-02T01:30:00Z","water_level",0.778672504180396,"m"
"S04","2025-01-02T01:35:00Z","water_level",0.0265842103489185,"m"
"S04","2025-01-02T01:40:00Z","water_level",0.379417297282008,"m"
"S04","2025-01-02T01:45:00Z","water_level",0.430420869300556,"m"
"S04","2025-01-02T01:50:00Z","water_level",0.349222381348057,"m"
"S04","2025-01-02T01:55:00Z","water_level",0.37328588504064,"m"
"S04","2025-01-02T02:00:00Z","water_level",1.16568853408092,"m"
"S04","2025-01-02T02:05:00Z","water_level",0.34345277911534,"m"
"S04","2025-01-02T02:10:00Z","water_level",0.334706795779246,"m"
"S04","2025-01-02T02:15:00Z","water_level",0.219913842895909,"m"
"S04","2025-01-02T02:20:00Z","water_level",0.0729178413745938,"m"
"S04","2025-01-02T02:25:00Z","water_level",0.289784740366749,"m"
"S04","2025-01-02T02:30:00Z","water_level",0.862881722028449,"m"
"S04","2025-01-02T02:35:00Z","water_level",0.517964321329084,"m"
"S04","2025-01-02T02:40:00Z","water_level",0.675523824756493,"m"
"S04","2025-01-02T02:45:00Z","water_level",0.266099338309097,"m"
"S04","2025-01-02T02:50:00Z","water_level",0.325089858308101,"m"
"S04","2025-01-02T02:55:00Z","water_level",0.0764286540641937,"m"
"S04","2025-01-02T03:00:00Z","water_level",0.151388503748382,"m"
"S04","2025-01-02T03:05:00Z","water_level",0.0956382554269266,"m"
"S04","2025-01-02T03:10:00Z","water_level",0.217868242161821,"m"
"S04","2025-01-02T03:15:00Z","water_level",0.281219460353013,"m"
"S04","2025-01-02T03:20:00Z","water_level",0.0865916050751778,"m"
"S04","2025-01-02T03:25:00Z","water_level",0.149879823098812,"m"
"S04","2025-01-02T03:30:00Z","water_level",0.23628511077379,"m"
"S04","2025-01-02T03:35:00Z","water_level",0.576046144031563,"m"
"S04","2025-01-02T03:40:00Z","water_level",0.352684492549199,"m"
"S04","2025-01-02T03:45:00Z","water_level",0.609395851552249,"m"
"S04","2025-01-02T03:50:00Z","water_level",0.70986059823218,"m"
"S04","2025-01-02T03:55:00Z","water_level",0.512330174942693,"m"
"S04","2025-01-02T04:00:00Z","water_level",2.68299905303057,"m"
"S04","2025-01-02T04:05:00Z","water_level",1.0212438445493,"m"
"S04","2025-01-02T04:10:00Z","water_level",0.659806040739547,"m"
"S04","2025-01-02T04:15:00Z","water_level",0.641096304259764,"m"
"S04","2025-01-02T04:20:00Z","water_level",0.391402824823023,"m"
"S04","2025-01-02T04:25:00Z","water_level",0.80657517715465,"m"
"S04","2025-01-02T04:30:00Z","water_level",1.48961162095811,"m"
"S04","2025-01-02T04:35:00Z","water_level",1.28405558032575,"m"
"S04","2025-01-02T04:40:00Z","water_level",1.59568182138455,"m"
"S04","2025-01-02T04:45:00Z","water_level",2.82107206313998,"m"
"S04","2025-01-02T04:50:00Z","water_level",0.101377710595463,"m"
"S04","2025-01-02T04:55:00Z","water_level",0.0858092594592098,"m"
"S04","2025-01-02T05:00:00Z","water_level",0.0541133546686617,"m"
"S04","2025-01-02T05:05:00Z","water_level",0.267763786342963,"m"
"S04","2025-01-02T05:10:00Z","water_level",0.0261713357039967,"m"
"S04","2025-01-02T05:15:00Z","water_level",0.534251465722451,"m"
"S04","2025-01-02T05:20:00Z","water_level",0.417201601013948,"m"
"S04","2025-01-02T05:25:00Z","water_level",0.397649965124911,"m"
"S04","2025-01-02T05:30:00Z","water_level",0.121523022941755,"m"
"S04","2025-01-02T05:35:00Z","water_level",0.199574014145377,"m"
"S04","2025-01-02T05:40:00Z","water_level",0.0331261898560396,"m"
"S04","2025-01-02T05:45:00Z","water_level",0.0820886278960597,"m"
"S04","2025-01-02T05:50:00Z","water_level",0.207121735304769,"m"
"S04","2025-01-02T05:55:00Z","water_level",0.331509863375694,"m"
"S04","2025-01-02T06:00:00Z","water_level",0.27433366574407,"m"
"S04","2025-01-02T06:05:00Z","water_level",0.522331216244868,"m"
"S04","2025-01-02T06:10:00Z","water_level",0.562002109403998,"m"
"S04","2025-01-02T06:15:00Z","water_level",0.791890162709301,"m"
"S04","2025-01-02T06:20:00Z","water_level",2.30693890392783,"m"
"S04","2025-01-02T06:25:00Z","water_level",0.983938652476221,"m"
"S04","2025-01-02T06:30:00Z","water_level",1.71133330412674,"m"
"S04","2025-01-02T06:35:00Z","water_level",0.15298640587431,"m"
"S04","2025-01-02T06:40:00Z","water_level",0.695660349709906,"m"
"S04","2025-01-02T06:45:00Z","water_level",0.350698147969021,"m"
"S04","2025-01-02T06:50:00Z","water_level",0.222709891651525,"m"
"S04","2025-01-02T06:55:00Z","water_level",1.35684950022787,"m"
"S04","2025-01-02T07:00:00Z","water_level",0.26564753736045,"m"
"S04","2025-01-02T07:05:00Z","water_level",0.328121109887245,"m"
"S04","2025-01-02T07:10:00Z","water_level",0.25792752233233,"m"
"S04","2025-01-02T07:15:00Z","water_level",0.0586508308363524,"m"
"S04","2025-01-02T07:20:00Z","water_level",0.308385491896126,"m"
"S04","2025-01-02T07:25:00Z","water_level",0.793207636817113,"m"
"S04","2025-01-02T07:30:00Z","water_level",0.411669390730955,"m"
"S04","2025-01-02T07:35:00Z","water_level",0.807539709412538,"m"
"S04","2025-01-02T07:40:00Z","water_level",0.531012919079673,"m"
"S04","2025-01-02T07:45:00Z","water_level",0.517112193067149,"m"
"S04","2025-01-02T07:50:00Z","water_level",0.755999310199065,"m"
"S04","2025-01-02T07:55:00Z","water_level",0.446679702071662,"m"
"S04","2025-01-02T08:00:00Z","water_level",1.20519641923205,"m"
"S04","2025-01-02T08:05:00Z","water_level",0.220965306739664,"m"
"S04","2025-01-02T08:10:00Z","water_level",1.05405972006421,"m"
"S04","2025-01-02T08:15:00Z","water_level",0.309864726570443,"m"
"S04","2025-01-02T08:20:00Z","water_level",0.0967506120013713,"m"
"S04","2025-01-02T08:25:00Z","water_level",0.0649158345335636,"m"
"S04","2025-01-02T08:30:00Z","water_level",0.218821536130392,"m"
"S04","2025-01-02T08:35:00Z","water_level",0.177213843740574,"m"
"S04","2025-01-02T08:40:00Z","water_level",1.70850530091981,"m"
"S04","2025-01-02T08:45:00Z","water_level",1.47968069458765,"m"
"S04","2025-01-02T08:50:00Z","water_level",0.236474182609954,"m"
"S04","2025-01-02T08:55:00Z","water_level",0.548402501774253,"m"
"S04","2025-01-02T09:00:00Z","water_level",0.402681620438362,"m"
"S04","2025-01-02T09:05:00Z","water_level",0.373340328432849,"m"
"S04","2025-01-02T09:10:00Z","water_level",0.886078461299396,"m"
"S04","2025-01-02T09:15:00Z","water_level",0.761998516996341,"m"
"S04","2025-01-02T09:20:00Z","water_level",0.407427448561439,"m"
"S04","2025-01-02T09:25:00Z","water_level",0.191410794164905,"m"
"S04","2025-01-02T09:30:00Z","water_level",0.0318578718583408,"m"
"S04","2025-01-02T09:35:00Z","water_level",0.0373495698971289,"m"
"S04","2025-01-02T09:40:00Z","water_level",0.484378327767728,"m"
"S04","2025-01-02T09:45:00Z","water_level",0.0713617879693408,"m"
"S04","2025-01-02T09:50:00Z","water_level",0.816017745382313,"m"
"S04","2025-01-02T09:55:00Z","water_level",0.200406419927348,"m"
"S04","2025-01-02T10:00:00Z","water_level",0.0557338906146532,"m"
"S04","2025-01-02T10:05:00Z","water_level",0.595810902154487,"m"
"S04","2025-01-02T10:10:00Z","water_level",0.445318241358405,"m"
"S04","2025-01-02T10:15:00Z","water_level",0.322859838492599,"m"
"S04","2025-01-02T10:20:00Z","water_level",0.121330443801295,"m"
"S04","2025-01-02T10:25:00Z","water_level",0.469223419741592,"m"
"S04","2025-01-02T10:30:00Z","water_level",0.351099680597186,"m"
"S04","2025-01-02T10:35:00Z","water_level",0.797626345855822,"m"
"S04","2025-01-02T10:40:00Z","water_level",1.05695096749544,"m"
"S04","2025-01-02T10:45:00Z","water_level",0.420267319290516,"m"
"S04","2025-01-02T10:50:00Z","water_level",0.843005836918731,"m"
"S04","2025-01-02T10:55:00Z","water_level",0.863503822756154,"m"
"S04","2025-01-02T11:00:00Z","water_level",0.521858117389345,"m"
"S04","2025-01-02T11:05:00Z","water_level",0.0514640578689627,"m"
"S04","2025-01-02T11:10:00Z","water_level",0.148518474776277,"m"
"S04","2025-01-02T11:15:00Z","water_level",0.449242757577707,"m"
"S04","2025-01-02T11:20:00Z","water_level",1.42333418490684,"m"
"S04","2025-01-02T11:25:00Z","water_level",3.96353163927952,"m"
"S04","2025-01-02T11:30:00Z","water_level",2.46095553430707,"m"
"S04","2025-01-02T11:35:00Z","water_level",1.00470701990509,"m"
"S04","2025-01-02T11:40:00Z","water_level",0.832222220158838,"m"
"S04","2025-01-02T11:45:00Z","water_level",0.0788515268073762,"m"
"S04","2025-01-02T11:50:00Z","water_level",0.812423469923794,"m"
"S04","2025-01-02T11:55:00Z","water_level",0.398431087672704,"m"
"S04","2025-01-02T12:00:00Z","water_level",0.930923740994806,"m"
"S04","2025-01-02T12:05:00Z","water_level",0.40339542572881,"m"
"S04","2025-01-02T12:10:00Z","water_level",0.821923015482184,"m"
"S04","2025-01-02T12:15:00Z","water_level",0.978419073352952,"m"
"S04","2025-01-02T12:20:00Z","water_level",1.69862929876507,"m"
"S04","2025-01-02T12:25:00Z","water_level",1.67693935941235,"m"
"S04","2025-01-02T12:30:00Z","water_level",2.17538137911081,"m"
"S04","2025-01-02T12:35:00Z","water_level",3.00794304137976,"m"
"S04","2025-01-02T12:40:00Z","water_level",2.88144622639873,"m"
"S04","2025-01-02T12:45:00Z","water_level",0.770467261454281,"m"
"S04","2025-01-02T12:50:00Z","water_level",1.4543455735353,"m"
"S04","2025-01-02T12:55:00Z","water_level",1.30648644529487,"m"
"S04","2025-01-02T13:00:00Z","water_level",1.75291885131729,"m"
"S04","2025-01-02T13:05:00Z","water_level",1.97624577657176,"m"
"S04","2025-01-02T13:10:00Z","water_level",0.250677697492605,"m"
"S04","2025-01-02T13:15:00Z","water_level",0.316790874246908,"m"
"S04","2025-01-02T13:20:00Z","water_level",0.435635924546201,"m"
"S04","2025-01-02T13:25:00Z","water_level",0.415232833475802,"m"
"S04","2025-01-02T13:30:00Z","water_level",0.203764360665396,"m"
"S04","2025-01-02T13:35:00Z","water_level",1.22947819360275,"m"
"S04","2025-01-02T13:40:00Z","water_level",0.468143903370279,"m"
"S04","2025-01-02T13:45:00Z","water_level",0.608537874966098,"m"
"S04","2025-01-02T13:50:00Z","water_level",1.53241843899023,"m"
"S04","2025-01-02T13:55:00Z","water_level",1.26310017326104,"m"
"S04","2025-01-02T14:00:00Z","water_level",2.11382894956738,"m"
"S04","2025-01-02T14:05:00Z","water_level",0.787675526404893,"m"
"S04","2025-01-02T14:10:00Z","water_level",0.753288960374053,"m"
"S04","2025-01-02T14:15:00Z","water_level",0.882146131931103,"m"
"S04","2025-01-02T14:20:00Z","water_level",0.160243876300798,"m"
"S04","2025-01-02T14:25:00Z","water_level",0.435915565485938,"m"
"S04","2025-01-02T14:30:00Z","water_level",0.983467839734871,"m"
"S04","2025-01-02T14:35:00Z","water_level",1.83386658608182,"m"
"S04","2025-01-02T14:40:00Z","water_level",0.60657940294943,"m"
"S04","2025-01-02T14:45:00Z","water_level",0.673800362513615,"m"
"S04","2025-01-02T14:50:00Z","water_level",0.433950586908324,"m"
"S04","2025-01-02T14:55:00Z","water_level",0.515924894279394,"m"
"S04","2025-01-02T15:00:00Z","water_level",0.0630602947769414,"m"
"S04","2025-01-02T15:05:00Z","water_level",0.164584412011011,"m"
"S04","2025-01-02T15:10:00Z","water_level",0.0570131689340153,"m"
"S04","2025-01-02T15:15:00Z","water_level",0.867172682891077,"m"
"S04","2025-01-02T15:20:00Z","water_level",0.60952071981323,"m"
"S04","2025-01-02T15:25:00Z","water_level",0.370227635694238,"m"
"S04","2025-01-02T15:30:00Z","water_level",1.42329761364832,"m"
"S04","2025-01-02T15:35:00Z","water_level",0.340166663998958,"m"
"S04","2025-01-02T15:40:00Z","water_level",0.54779948286509,"m"
"S04","2025-01-02T15:45:00Z","water_level",0.544851217948629,"m"
"S04","2025-01-02T15:50:00Z","water_level",0.365627099701082,"m"
"S04","2025-01-02T15:55:00Z","water_level",1.11901779693125,"m"
"S04","2025-01-02T16:00:00Z","water_level",1.14342992118243,"m"
"S04","2025-01-02T16:05:00Z","water_level",1.70070899274111,"m"
"S04","2025-01-02T16:10:00Z","water_level",0.580289276264929,"m"
"S04","2025-01-02T16:15:00Z","water_level",0.569543488761625,"m"
"S04","2025-01-02T16:20:00Z","water_level",0.614120039672572,"m"
"S04","2025-01-02T16:25:00Z","water_level",1.06679082602067,"m"
"S04","2025-01-02T16:30:00Z","water_level",2.44319331468748,"m"
"S04","2025-01-02T16:35:00Z","water_level",2.6316597171798,"m"
"S04","2025-01-02T16:40:00Z","water_level",2.46964118625839,"m"
"S04","2025-01-02T16:45:00Z","water_level",0.978546947450266,"m"
"S04","2025-01-02T16:50:00Z","water_level",1.36413676014324,"m"
"S04","2025-01-02T16:55:00Z","water_level",0.397440372626216,"m"
"S04","2025-01-02T17:00:00Z","water_level",0.565815309341434,"m"
"S04","2025-01-02T17:05:00Z","water_level",0.708128366807718,"m"
"S04","2025-01-02T17:10:00Z","water_level",0.56481399366302,"m"
"S04","2025-01-02T17:15:00Z","water_level",0.130305695591651,"m"
"S04","2025-01-02T17:20:00Z","water_level",0.252802223235374,"m"
"S04","2025-01-02T17:25:00Z","water_level",0.453197798517889,"m"
"S04","2025-01-02T17:30:00Z","water_level",0.277456533849186,"m"
"S04","2025-01-02T17:35:00Z","water_level",0.171398836381867,"m"
"S04","2025-01-02T17:40:00Z","water_level",0.0864242527434348,"m"
"S04","2025-01-02T17:45:00Z","water_level",0.062211012792674,"m"
"S04","2025-01-02T17:50:00Z","water_level",0.0704125909420105,"m"
"S04","2025-01-02T17:55:00Z","water_level",0.0280759751724902,"m"
"S04","2025-01-02T18:00:00Z","water_level",0.245624503093428,"m"
"S04","2025-01-02T18:05:00Z","water_level",0.230489793030303,"m"
"S04","2025-01-02T18:10:00Z","water_level",0.294807367644663,"m"
"S04","2025-01-02T18:15:00Z","water_level",0.0859490027963763,"m"
"S04","2025-01-02T18:20:00Z","water_level",2.92595880947653,"m"
"S04","2025-01-02T18:25:00Z","water_level",1.62481523210565,"m"
"S04","2025-01-02T18:30:00Z","water_level",0.911426195580247,"m"
"S04","2025-01-02T18:35:00Z","water_level",3.11966613294919,"m"
"S04","2025-01-02T18:40:00Z","water_level",0.477846964978829,"m"
"S04","2025-01-02T18:45:00Z","water_level",0.652389159181633,"m"
"S04","2025-01-02T18:50:00Z","water_level",0.913105652611343,"m"
"S04","2025-01-02T18:55:00Z","water_level",2.76519793362004,"m"
"S04","2025-01-02T19:00:00Z","water_level",0.693089617184777,"m"
"S04","2025-01-02T19:05:00Z","water_level",0.207668137921556,"m"
"S04","2025-01-02T19:10:00Z","water_level",0.110605863083843,"m"
"S04","2025-01-02T19:15:00Z","water_level",1.05738965729137,"m"
"S04","2025-01-02T19:20:00Z","water_level",0.5836013512211,"m"
"S04","2025-01-02T19:25:00Z","water_level",3.40068853050797,"m"
"S04","2025-01-02T19:30:00Z","water_level",0.939172974681745,"m"
"S04","2025-01-02T19:35:00Z","water_level",0.739716091143925,"m"
"S04","2025-01-02T19:40:00Z","water_level",3.60929608074662,"m"
"S04","2025-01-02T19:45:00Z","water_level",1.79535701837328,"m"
"S04","2025-01-02T19:50:00Z","water_level",1.1372150692395,"m"
"S04","2025-01-02T19:55:00Z","water_level",0.175370382037599,"m"
"S04","2025-01-02T20:00:00Z","water_level",1.07093122398494,"m"
"S04","2025-01-02T20:05:00Z","water_level",0.735881874966748,"m"
"S04","2025-01-02T20:10:00Z","water_level",0.310319443576221,"m"
"S04","2025-01-02T20:15:00Z","water_level",0.476397359433455,"m"
"S04","2025-01-02T20:20:00Z","water_level",1.4687159232363,"m"
"S04","2025-01-02T20:25:00Z","water_level",0.485831397819417,"m"
"S04","2025-01-02T20:30:00Z","water_level",0.0980706231206298,"m"
"S04","2025-01-02T20:35:00Z","water_level",0.268395815847797,"m"
"S04","2025-01-02T20:40:00Z","water_level",0.256453529059801,"m"
"S04","2025-01-02T20:45:00Z","water_level",0.0819672537866366,"m"
"S04","2025-01-02T20:50:00Z","water_level",0.0238526393302443,"m"
"S04","2025-01-02T20:55:00Z","water_level",0.117673164231341,"m"
"S04","2025-01-02T21:00:00Z","water_level",0.363683407408609,"m"
"S04","2025-01-02T21:05:00Z","water_level",0.427973303971031,"m"
"S04","2025-01-02T21:10:00Z","water_level",2.14765943258057,"m"
"S04","2025-01-02T21:15:00Z","water_level",0.279771639868098,"m"
"S04","2025-01-02T21:20:00Z","water_level",0.832472516595007,"m"
"S04","2025-01-02T21:25:00Z","water_level",1.30661978211884,"m"
"S04","2025-01-02T21:30:00Z","water_level",1.11194264693814,"m"
"S04","2025-01-02T21:35:00Z","water_level",2.17478051070176,"m"
"S04","2025-01-02T21:40:00Z","water_level",1.82612403055836,"m"
"S04","2025-01-02T21:45:00Z","water_level",0.253184366863935,"m"
"S04","2025-01-02T21:50:00Z","water_level",0.11731532354108,"m"
"S04","2025-01-02T21:55:00Z","water_level",0.163548768489801,"m"
"S04","2025-01-02T22:00:00Z","water_level",0.0816043954144828,"m"
"S04","2025-01-02T22:05:00Z","water_level",1.62859373490397,"m"
"S04","2025-01-02T22:10:00Z","water_level",4,"m"
"S04","2025-01-02T22:15:00Z","water_level",3.22849107782632,"m"
"S04","2025-01-02T22:20:00Z","water_level",0.453311194762231,"m"
"S04","2025-01-02T22:25:00Z","water_level",0.523194837929783,"m"
"S04","2025-01-02T22:30:00Z","water_level",0.602922187962107,"m"
"S04","2025-01-02T22:35:00Z","water_level",0.43685779553101,"m"
"S04","2025-01-02T22:40:00Z","water_level",1.00892921095266,"m"
"S04","2025-01-02T22:45:00Z","water_level",0.0978219163603538,"m"
"S04","2025-01-02T22:50:00Z","water_level",0.21650372208741,"m"
"S04","2025-01-02T22:55:00Z","water_level",0.488733997505384,"m"
"S04","2025-01-02T23:00:00Z","water_level",0.854871402451229,"m"
"S04","2025-01-02T23:05:00Z","water_level",0.525892837764612,"m"
"S04","2025-01-02T23:10:00Z","water_level",0.584304513315859,"m"
"S04","2025-01-02T23:15:00Z","water_level",0.0719916702748107,"m"
"S04","2025-01-02T23:20:00Z","water_level",0.997716172052394,"m"
"S04","2025-01-02T23:25:00Z","water_level",0.752901275606851,"m"
"S04","2025-01-02T23:30:00Z","water_level",0.623062625317672,"m"
"S04","2025-01-02T23:35:00Z","water_level",1.53279988497901,"m"
"S04","2025-01-02T23:40:00Z","water_level",0.241759045279028,"m"
"S04","2025-01-02T23:45:00Z","water_level",0.041299723927549,"m"
"S04","2025-01-02T23:50:00Z","water_level",0.0826694984623403,"m"
"S04","2025-01-02T23:55:00Z","water_level",0.0873756772874922,"m"
"S04","2025-01-03T00:00:00Z","water_level",0.398584663292231,"m"
"S04","2025-01-03T00:05:00Z","water_level",0.0412546212076188,"m"
"S04","2025-01-03T00:10:00Z","water_level",0.0831561157202958,"m"
"S04","2025-01-03T00:15:00Z","water_level",0.244876578246763,"m"
"S04","2025-01-03T00:20:00Z","water_level",0.614562213086954,"m"
"S04","2025-01-03T00:25:00Z","water_level",1.15853082034647,"m"
"S04","2025-01-03T00:30:00Z","water_level",0.878808994331682,"m"
"S04","2025-01-03T00:35:00Z","water_level",1.04987418445487,"m"
"S04","2025-01-03T00:40:00Z","water_level",0.390013857783596,"m"
"S04","2025-01-03T00:45:00Z","water_level",0.558368815089339,"m"
"S04","2025-01-03T00:50:00Z","water_level",0.723440103878754,"m"
"S04","2025-01-03T00:55:00Z","water_level",0.336712140930689,"m"
"S04","2025-01-03T01:00:00Z","water_level",0.48352959634052,"m"
"S04","2025-01-03T01:05:00Z","water_level",0.154805325863227,"m"
"S04","2025-01-03T01:10:00Z","water_level",1.64573288777011,"m"
"S04","2025-01-03T01:15:00Z","water_level",2.14122900818331,"m"
"S04","2025-01-03T01:20:00Z","water_level",0.391654690823025,"m"
"S04","2025-01-03T01:25:00Z","water_level",0.689174321898705,"m"
"S04","2025-01-03T01:30:00Z","water_level",0.507579562947443,"m"
"S04","2025-01-03T01:35:00Z","water_level",0.168977904695118,"m"
"S04","2025-01-03T01:40:00Z","water_level",0.0502642376641936,"m"
"S04","2025-01-03T01:45:00Z","water_level",0.269530432324262,"m"
"S04","2025-01-03T01:50:00Z","water_level",0.0412572535101047,"m"
"S04","2025-01-03T01:55:00Z","water_level",0.214300669909666,"m"
"S04","2025-01-03T02:00:00Z","water_level",1.34859108119413,"m"
"S04","2025-01-03T02:05:00Z","water_level",0.717780033259203,"m"
"S04","2025-01-03T02:10:00Z","water_level",1.44266351978325,"m"
"S04","2025-01-03T02:15:00Z","water_level",1.24291963761046,"m"
"S04","2025-01-03T02:20:00Z","water_level",1.18711457787573,"m"
"S04","2025-01-03T02:25:00Z","water_level",2.12723593738185,"m"
"S04","2025-01-03T02:30:00Z","water_level",0.734147890798753,"m"
"S04","2025-01-03T02:35:00Z","water_level",1.19864399534253,"m"
"S04","2025-01-03T02:40:00Z","water_level",1.12512692669569,"m"
"S04","2025-01-03T02:45:00Z","water_level",1.11552139122315,"m"
"S04","2025-01-03T02:50:00Z","water_level",0.0698421890688063,"m"
"S04","2025-01-03T02:55:00Z","water_level",0.92589827986034,"m"
"S04","2025-01-03T03:00:00Z","water_level",0.792766733272461,"m"
"S04","2025-01-03T03:05:00Z","water_level",1.07554089601703,"m"
"S04","2025-01-03T03:10:00Z","water_level",2.96853084196771,"m"
"S04","2025-01-03T03:15:00Z","water_level",2.18185885890985,"m"
"S04","2025-01-03T03:20:00Z","water_level",0.494324416335806,"m"
"S04","2025-01-03T03:25:00Z","water_level",0.810142776162399,"m"
"S04","2025-01-03T03:30:00Z","water_level",0.615815522287344,"m"
"S04","2025-01-03T03:35:00Z","water_level",0.351557483665427,"m"
"S04","2025-01-03T03:40:00Z","water_level",0.922052113135925,"m"
"S04","2025-01-03T03:45:00Z","water_level",0.601078292628735,"m"
"S04","2025-01-03T03:50:00Z","water_level",0.351039662409703,"m"
"S04","2025-01-03T03:55:00Z","water_level",0.105540748782714,"m"
"S04","2025-01-03T04:00:00Z","water_level",1.03759151152512,"m"
"S04","2025-01-03T04:05:00Z","water_level",0.378126147971713,"m"
"S04","2025-01-03T04:10:00Z","water_level",0.148564870005695,"m"
"S04","2025-01-03T04:15:00Z","water_level",0.195529034409608,"m"
"S04","2025-01-03T04:20:00Z","water_level",0.364243631127042,"m"
"S04","2025-01-03T04:25:00Z","water_level",0.185747372142393,"m"
"S04","2025-01-03T04:30:00Z","water_level",0.151303585019366,"m"
"S04","2025-01-03T04:35:00Z","water_level",0.232507751582197,"m"
"S04","2025-01-03T04:40:00Z","water_level",0.26072491869437,"m"
"S04","2025-01-03T04:45:00Z","water_level",1.10153779920021,"m"
"S04","2025-01-03T04:50:00Z","water_level",0.755144729646677,"m"
"S04","2025-01-03T04:55:00Z","water_level",0.163808981824501,"m"
"S04","2025-01-03T05:00:00Z","water_level",0.143045829917854,"m"
"S04","2025-01-03T05:05:00Z","water_level",0.583335034006668,"m"
"S04","2025-01-03T05:10:00Z","water_level",0.125259363457321,"m"
"S04","2025-01-03T05:15:00Z","water_level",0.563341118822094,"m"
"S04","2025-01-03T05:20:00Z","water_level",0.494316226363134,"m"
"S04","2025-01-03T05:25:00Z","water_level",0.17477547183106,"m"
"S04","2025-01-03T05:30:00Z","water_level",0.459206603068459,"m"
"S04","2025-01-03T05:35:00Z","water_level",1.19442487992683,"m"
"S04","2025-01-03T05:40:00Z","water_level",0.800623426372798,"m"
"S04","2025-01-03T05:45:00Z","water_level",0.0410899316719832,"m"
"S04","2025-01-03T05:50:00Z","water_level",0.258069523893259,"m"
"S04","2025-01-03T05:55:00Z","water_level",0.615417079854933,"m"
"S04","2025-01-03T06:00:00Z","water_level",0.25294229742042,"m"
"S04","2025-01-03T06:05:00Z","water_level",0.545615564483972,"m"
"S04","2025-01-03T06:10:00Z","water_level",0.000773433471598399,"m"
"S04","2025-01-03T06:15:00Z","water_level",0.0466535062222829,"m"
"S04","2025-01-03T06:20:00Z","water_level",0.0227532034074878,"m"
"S04","2025-01-03T06:25:00Z","water_level",0.205358564841704,"m"
"S04","2025-01-03T06:30:00Z","water_level",0.296581965089809,"m"
"S04","2025-01-03T06:35:00Z","water_level",0.191289928621729,"m"
"S04","2025-01-03T06:40:00Z","water_level",0.022218124363848,"m"
"S04","2025-01-03T06:45:00Z","water_level",0.0513193367620658,"m"
"S04","2025-01-03T06:50:00Z","water_level",0.200605149659985,"m"
"S04","2025-01-03T06:55:00Z","water_level",2.15764618354374,"m"
"S04","2025-01-03T07:00:00Z","water_level",1.17326768534581,"m"
"S04","2025-01-03T07:05:00Z","water_level",0.104962976398199,"m"
"S04","2025-01-03T07:10:00Z","water_level",0.169412725847754,"m"
"S04","2025-01-03T07:15:00Z","water_level",0.735408921333437,"m"
"S04","2025-01-03T07:20:00Z","water_level",0.53568257220511,"m"
"S04","2025-01-03T07:25:00Z","water_level",1.89099434209367,"m"
"S04","2025-01-03T07:30:00Z","water_level",0.978540086752772,"m"
"S04","2025-01-03T07:35:00Z","water_level",0.43836778661966,"m"
"S04","2025-01-03T07:40:00Z","water_level",1.13854652336234,"m"
"S04","2025-01-03T07:45:00Z","water_level",0.331867192830729,"m"
"S04","2025-01-03T07:50:00Z","water_level",0.57400102750206,"m"
"S04","2025-01-03T07:55:00Z","water_level",0.651072269924835,"m"
"S04","2025-01-03T08:00:00Z","water_level",0.107766053541755,"m"
"S04","2025-01-03T08:05:00Z","water_level",0.357004125170009,"m"
"S04","2025-01-03T08:10:00Z","water_level",0.0319419838735107,"m"
"S04","2025-01-03T08:15:00Z","water_level",0.330265463952529,"m"
"S04","2025-01-03T08:20:00Z","water_level",0.0797023891145061,"m"
"S04","2025-01-03T08:25:00Z","water_level",0.141762195579277,"m"
"S04","2025-01-03T08:30:00Z","water_level",0.0803100231610024,"m"
"S04","2025-01-03T08:35:00Z","water_level",0.0228461915476298,"m"
"S04","2025-01-03T08:40:00Z","water_level",0.164009089515126,"m"
"S04","2025-01-03T08:45:00Z","water_level",0.113764195025483,"m"
"S04","2025-01-03T08:50:00Z","water_level",0.288026868176258,"m"
"S04","2025-01-03T08:55:00Z","water_level",0.477698479634603,"m"
"S04","2025-01-03T09:00:00Z","water_level",0.16207866750496,"m"
"S04","2025-01-03T09:05:00Z","water_level",0.115024937452347,"m"
"S04","2025-01-03T09:10:00Z","water_level",0.0131223769713898,"m"
"S04","2025-01-03T09:15:00Z","water_level",0.0340121485002269,"m"
"S04","2025-01-03T09:20:00Z","water_level",0.0794066462870603,"m"
"S04","2025-01-03T09:25:00Z","water_level",0.261304598580325,"m"
"S04","2025-01-03T09:30:00Z","water_level",0.0730066461841924,"m"
"S04","2025-01-03T09:35:00Z","water_level",0.0124163585476511,"m"
"S04","2025-01-03T09:40:00Z","water_level",0.334101949736379,"m"
"S04","2025-01-03T09:45:00Z","water_level",0.312152809565448,"m"
"S04","2025-01-03T09:50:00Z","water_level",0.105905384179285,"m"
"S04","2025-01-03T09:55:00Z","water_level",0.280600573989509,"m"
"S04","2025-01-03T10:00:00Z","water_level",0,"m"
"S04","2025-01-03T10:05:00Z","water_level",0.0397937087499652,"m"
"S04","2025-01-03T10:10:00Z","water_level",0.450622326472234,"m"
"S04","2025-01-03T10:15:00Z","water_level",0.537346244060728,"m"
"S04","2025-01-03T10:20:00Z","water_level",0.044506701635942,"m"
"S04","2025-01-03T10:25:00Z","water_level",0.418179144822038,"m"
"S04","2025-01-03T10:30:00Z","water_level",0.541638222968478,"m"
"S04","2025-01-03T10:35:00Z","water_level",2.08906889748032,"m"
"S04","2025-01-03T10:40:00Z","water_level",0.553038239337956,"m"
"S04","2025-01-03T10:45:00Z","water_level",0.264878159937969,"m"
"S04","2025-01-03T10:50:00Z","water_level",0.933861524537478,"m"
"S04","2025-01-03T10:55:00Z","water_level",0.611838033072583,"m"
"S04","2025-01-03T11:00:00Z","water_level",0.492954125005825,"m"
"S04","2025-01-03T11:05:00Z","water_level",0.537131519778328,"m"
"S04","2025-01-03T11:10:00Z","water_level",0.0308722086568782,"m"
"S04","2025-01-03T11:15:00Z","water_level",0.0865329342293256,"m"
"S04","2025-01-03T11:20:00Z","water_level",0.15469179405439,"m"
"S04","2025-01-03T11:25:00Z","water_level",0.279723436467184,"m"
"S04","2025-01-03T11:30:00Z","water_level",0.0604003539476161,"m"
"S04","2025-01-03T11:35:00Z","water_level",0.409628163648437,"m"
"S04","2025-01-03T11:40:00Z","water_level",0.317894956979556,"m"
"S04","2025-01-03T11:45:00Z","water_level",0.901476973092787,"m"
"S04","2025-01-03T11:50:00Z","water_level",1.60644867615271,"m"
"S04","2025-01-03T11:55:00Z","water_level",1.21665017239111,"m"
"S04","2025-01-03T12:00:00Z","water_level",1.2442029240215,"m"
"S04","2025-01-03T12:05:00Z","water_level",0.0208826373050047,"m"
"S04","2025-01-03T12:10:00Z","water_level",0.370617994828954,"m"
"S04","2025-01-03T12:15:00Z","water_level",0.0292224913538104,"m"
"S04","2025-01-03T12:20:00Z","water_level",0.0452851153559909,"m"
"S04","2025-01-03T12:25:00Z","water_level",0.824749530467036,"m"
"S04","2025-01-03T12:30:00Z","water_level",1.30579149836676,"m"
"S04","2025-01-03T12:35:00Z","water_level",0.21579403725363,"m"
"S04","2025-01-03T12:40:00Z","water_level",0.394854063618677,"m"
"S04","2025-01-03T12:45:00Z","water_level",0.474347710540155,"m"
"S04","2025-01-03T12:50:00Z","water_level",0.244749448572164,"m"
"S04","2025-01-03T12:55:00Z","water_level",0.345888023410702,"m"
"S04","2025-01-03T13:00:00Z","water_level",0.366312963746954,"m"
"S04","2025-01-03T13:05:00Z","water_level",0.397831945217224,"m"
"S04","2025-01-03T13:10:00Z","water_level",0.225061034814079,"m"
"S04","2025-01-03T13:15:00Z","water_level",0.430802475911028,"m"
"S04","2025-01-03T13:20:00Z","water_level",0.740865990058698,"m"
"S04","2025-01-03T13:25:00Z","water_level",1.28294753963239,"m"
"S04","2025-01-03T13:30:00Z","water_level",0.735604679105098,"m"
"S04","2025-01-03T13:35:00Z","water_level",2.0097306527726,"m"
"S04","2025-01-03T13:40:00Z","water_level",1.04594547802029,"m"
"S04","2025-01-03T13:45:00Z","water_level",0.992594370176274,"m"
"S04","2025-01-03T13:50:00Z","water_level",0.545848401504698,"m"
"S04","2025-01-03T13:55:00Z","water_level",0.214052780327664,"m"
"S04","2025-01-03T14:00:00Z","water_level",0.890438166547473,"m"
"S04","2025-01-03T14:05:00Z","water_level",1.35538443092841,"m"
"S04","2025-01-03T14:10:00Z","water_level",0.278561180814393,"m"
"S04","2025-01-03T14:15:00Z","water_level",1.28262749462786,"m"
"S04","2025-01-03T14:20:00Z","water_level",0.663723810051557,"m"
"S04","2025-01-03T14:25:00Z","water_level",1.56341703077138,"m"
"S04","2025-01-03T14:30:00Z","water_level",0.140840164405911,"m"
"S04","2025-01-03T14:35:00Z","water_level",0.156746117125317,"m"
"S04","2025-01-03T14:40:00Z","water_level",0.149721623689491,"m"
"S04","2025-01-03T14:45:00Z","water_level",0.335446102340563,"m"
"S04","2025-01-03T14:50:00Z","water_level",0.700079781865907,"m"
"S04","2025-01-03T14:55:00Z","water_level",0.47696217355626,"m"
"S04","2025-01-03T15:00:00Z","water_level",0.409528288320879,"m"
"S04","2025-01-03T15:05:00Z","water_level",1.79131991575843,"m"
"S04","2025-01-03T15:10:00Z","water_level",0.394128578023305,"m"
"S04","2025-01-03T15:15:00Z","water_level",1.25306784982798,"m"
"S04","2025-01-03T15:20:00Z","water_level",0.374795234526133,"m"
"S04","2025-01-03T15:25:00Z","water_level",0.106934857914568,"m"
"S04","2025-01-03T15:30:00Z","water_level",0.0734182408067329,"m"
"S04","2025-01-03T15:35:00Z","water_level",0.933091553752189,"m"
"S04","2025-01-03T15:40:00Z","water_level",0.0938759156350869,"m"
"S04","2025-01-03T15:45:00Z","water_level",0.108835635790059,"m"
"S04","2025-01-03T15:50:00Z","water_level",0.241424836296718,"m"
"S04","2025-01-03T15:55:00Z","water_level",0.023769279120717,"m"
"S04","2025-01-03T16:00:00Z","water_level",0.00327368089576454,"m"
"S04","2025-01-03T16:05:00Z","water_level",0.526493015678285,"m"
"S04","2025-01-03T16:10:00Z","water_level",0.138134706093862,"m"
"S04","2025-01-03T16:15:00Z","water_level",1.31755677730109,"m"
"S04","2025-01-03T16:20:00Z","water_level",0.523364404977665,"m"
"S04","2025-01-03T16:25:00Z","water_level",1.56633158134957,"m"
"S04","2025-01-03T16:30:00Z","water_level",0.330918098106869,"m"
"S04","2025-01-03T16:35:00Z","water_level",0.116959523770441,"m"
"S04","2025-01-03T16:40:00Z","water_level",0.0922418810934401,"m"
"S04","2025-01-03T16:45:00Z","water_level",0.361967623762323,"m"
"S04","2025-01-03T16:50:00Z","water_level",0.491648698887686,"m"
"S04","2025-01-03T16:55:00Z","water_level",0.496831370690365,"m"
"S04","2025-01-03T17:00:00Z","water_level",0.747698254715196,"m"
"S04","2025-01-03T17:05:00Z","water_level",0.561601677964252,"m"
"S04","2025-01-03T17:10:00Z","water_level",1.30336493995004,"m"
"S04","2025-01-03T17:15:00Z","water_level",0.456632807190789,"m"
"S04","2025-01-03T17:20:00Z","water_level",0.212519266026059,"m"
"S04","2025-01-03T17:25:00Z","water_level",0.826021361122279,"m"
"S04","2025-01-03T17:30:00Z","water_level",0.746499034359704,"m"
"S04","2025-01-03T17:35:00Z","water_level",0.212610372714853,"m"
"S04","2025-01-03T17:40:00Z","water_level",0.0359787004728959,"m"
"S04","2025-01-03T17:45:00Z","water_level",0.284642443499672,"m"
"S04","2025-01-03T17:50:00Z","water_level",0.956651078968057,"m"
"S04","2025-01-03T17:55:00Z","water_level",0.229867681695941,"m"
"S04","2025-01-03T18:00:00Z","water_level",0.118996795002879,"m"
"S04","2025-01-03T18:05:00Z","water_level",0.677141460277957,"m"
"S04","2025-01-03T18:10:00Z","water_level",0.514191823531566,"m"
"S04","2025-01-03T18:15:00Z","water_level",0.837505816471769,"m"
"S04","2025-01-03T18:20:00Z","water_level",0.166929873193927,"m"
"S04","2025-01-03T18:25:00Z","water_level",0.300928990050486,"m"
"S04","2025-01-03T18:30:00Z","water_level",0.166256509182707,"m"
"S04","2025-01-03T18:35:00Z","water_level",0.20911437703419,"m"
"S04","2025-01-03T18:40:00Z","water_level",0.647229237515747,"m"
"S04","2025-01-03T18:45:00Z","water_level",0.157456233193661,"m"
"S04","2025-01-03T18:50:00Z","water_level",0.332392141689698,"m"
"S04","2025-01-03T18:55:00Z","water_level",0.3147980618335,"m"
"S04","2025-01-03T19:00:00Z","water_level",0.420178180886943,"m"
"S04","2025-01-03T19:05:00Z","water_level",0.0177463345496027,"m"
"S04","2025-01-03T19:10:00Z","water_level",0.0374225725466888,"m"
"S04","2025-01-03T19:15:00Z","water_level",0.00256944622729143,"m"
"S04","2025-01-03T19:20:00Z","water_level",0.0564910040509233,"m"
"S04","2025-01-03T19:25:00Z","water_level",0.324743007852669,"m"
"S04","2025-01-03T19:30:00Z","water_level",0.410731714564513,"m"
"S04","2025-01-03T19:35:00Z","water_level",0.0548931975204215,"m"
"S04","2025-01-03T19:40:00Z","water_level",0.213496059974274,"m"
"S04","2025-01-03T19:45:00Z","water_level",0.507930331134594,"m"
"S04","2025-01-03T19:50:00Z","water_level",0.0497815516923637,"m"
"S04","2025-01-03T19:55:00Z","water_level",1.16301660036276,"m"
"S04","2025-01-03T20:00:00Z","water_level",0.65461214813192,"m"
"S04","2025-01-03T20:05:00Z","water_level",0.635226472599883,"m"
"S04","2025-01-03T20:10:00Z","water_level",0.169465878677649,"m"
"S04","2025-01-03T20:15:00Z","water_level",0.0194923851070883,"m"
"S04","2025-01-03T20:20:00Z","water_level",0.539198824013985,"m"
"S04","2025-01-03T20:25:00Z","water_level",0.579347502230954,"m"
"S04","2025-01-03T20:30:00Z","water_level",0.793403167830393,"m"
"S04","2025-01-03T20:35:00Z","water_level",2.05498621200889,"m"
"S04","2025-01-03T20:40:00Z","water_level",2.8367344513668,"m"
"S04","2025-01-03T20:45:00Z","water_level",2.43009808097901,"m"
"S04","2025-01-03T20:50:00Z","water_level",0.604780523542955,"m"
"S04","2025-01-03T20:55:00Z","water_level",0.649154041021626,"m"
"S04","2025-01-03T21:00:00Z","water_level",1.02432312330463,"m"
"S04","2025-01-03T21:05:00Z","water_level",0.361830412184551,"m"
"S04","2025-01-03T21:10:00Z","water_level",0.143627939587237,"m"
"S04","2025-01-03T21:15:00Z","water_level",0.134716788158749,"m"
"S04","2025-01-03T21:20:00Z","water_level",0.0361585799051948,"m"
"S04","2025-01-03T21:25:00Z","water_level",0.0784037621282434,"m"
"S04","2025-01-03T21:30:00Z","water_level",0.0923114741529643,"m"
"S04","2025-01-03T21:35:00Z","water_level",0.112351975204417,"m"
"S04","2025-01-03T21:40:00Z","water_level",0.748304119154318,"m"
"S04","2025-01-03T21:45:00Z","water_level",0.476048602540974,"m"
"S04","2025-01-03T21:50:00Z","water_level",0.233243642809171,"m"
"S04","2025-01-03T21:55:00Z","water_level",0.188314450081505,"m"
"S04","2025-01-03T22:00:00Z","water_level",0.901388088640516,"m"
"S04","2025-01-03T22:05:00Z","water_level",1.86641658997967,"m"
"S04","2025-01-03T22:10:00Z","water_level",0.812229442634832,"m"
"S04","2025-01-03T22:15:00Z","water_level",1.11622010742966,"m"
"S04","2025-01-03T22:20:00Z","water_level",1.71407954764504,"m"
"S04","2025-01-03T22:25:00Z","water_level",0.407806530255372,"m"
"S04","2025-01-03T22:30:00Z","water_level",0.48363757475689,"m"
"S04","2025-01-03T22:35:00Z","water_level",1.13793024418359,"m"
"S04","2025-01-03T22:40:00Z","water_level",0.735227735744707,"m"
"S04","2025-01-03T22:45:00Z","water_level",1.23145756582661,"m"
"S04","2025-01-03T22:50:00Z","water_level",2.05813253970868,"m"
"S04","2025-01-03T22:55:00Z","water_level",3.27461458948435,"m"
"S04","2024-12-31T23:00:00Z","soil_moisture",27.5711714990007,"%"
"S04","2024-12-31T23:05:00Z","soil_moisture",22.1867650176329,"%"
"S04","2024-12-31T23:10:00Z","soil_moisture",16.9539909132768,"%"
"S04","2024-12-31T23:15:00Z","soil_moisture",23.9626326465707,"%"
"S04","2024-12-31T23:20:00Z","soil_moisture",14.164339226467,"%"
"S04","2024-12-31T23:25:00Z","soil_moisture",24.2308644738558,"%"
"S04","2024-12-31T23:30:00Z","soil_moisture",25.6592295656765,"%"
"S04","2024-12-31T23:35:00Z","soil_moisture",24.4964862706935,"%"
"S04","2024-12-31T23:40:00Z","soil_moisture",44.6909834671561,"%"
"S04","2024-12-31T23:45:00Z","soil_moisture",29.8253232840145,"%"
"S04","2024-12-31T23:50:00Z","soil_moisture",2.1637149307868,"%"
"S04","2024-12-31T23:55:00Z","soil_moisture",20.9922142938755,"%"
"S04","2025-01-01T00:00:00Z","soil_moisture",19.9852617483466,"%"
"S04","2025-01-01T00:05:00Z","soil_moisture",18.0789143122864,"%"
"S04","2025-01-01T00:10:00Z","soil_moisture",26.8143705648243,"%"
"S04","2025-01-01T00:15:00Z","soil_moisture",27.870706186826,"%"
"S04","2025-01-01T00:20:00Z","soil_moisture",25.1918755270281,"%"
"S04","2025-01-01T00:25:00Z","soil_moisture",29.8337618041572,"%"
"S04","2025-01-01T00:30:00Z","soil_moisture",36.19235288238,"%"
"S04","2025-01-01T00:35:00Z","soil_moisture",14.023188601398,"%"
"S04","2025-01-01T00:40:00Z","soil_moisture",16.3413768118531,"%"
"S04","2025-01-01T00:45:00Z","soil_moisture",20.8507555786497,"%"
"S04","2025-01-01T00:50:00Z","soil_moisture",36.417192324775,"%"
"S04","2025-01-01T00:55:00Z","soil_moisture",16.41191617594,"%"
"S04","2025-01-01T01:00:00Z","soil_moisture",20.6938776045064,"%"
"S04","2025-01-01T01:05:00Z","soil_moisture",11.4164611752583,"%"
"S04","2025-01-01T01:10:00Z","soil_moisture",16.5832917140221,"%"
"S04","2025-01-01T01:15:00Z","soil_moisture",13.2800812708451,"%"
"S04","2025-01-01T01:20:00Z","soil_moisture",31.718849676004,"%"
"S04","2025-01-01T01:25:00Z","soil_moisture",29.9663524771163,"%"
"S04","2025-01-01T01:30:00Z","soil_moisture",38.7408428928378,"%"
"S04","2025-01-01T01:35:00Z","soil_moisture",23.9966336223432,"%"
"S04","2025-01-01T01:40:00Z","soil_moisture",12.7829712301271,"%"
"S04","2025-01-01T01:45:00Z","soil_moisture",38.3038383243664,"%"
"S04","2025-01-01T01:50:00Z","soil_moisture",17.4129751521566,"%"
"S04","2025-01-01T01:55:00Z","soil_moisture",15.080615710209,"%"
"S04","2025-01-01T02:00:00Z","soil_moisture",8.69413242576296,"%"
"S04","2025-01-01T02:05:00Z","soil_moisture",16.0359458418845,"%"
"S04","2025-01-01T02:10:00Z","soil_moisture",43.4003410851033,"%"
"S04","2025-01-01T02:15:00Z","soil_moisture",56.9978600853797,"%"
"S04","2025-01-01T02:20:00Z","soil_moisture",67.2647153596533,"%"
"S04","2025-01-01T02:25:00Z","soil_moisture",26.7120538731476,"%"
"S04","2025-01-01T02:30:00Z","soil_moisture",32.5655276048668,"%"
"S04","2025-01-01T02:35:00Z","soil_moisture",42.3840621649963,"%"
"S04","2025-01-01T02:40:00Z","soil_moisture",39.7830907728623,"%"
"S04","2025-01-01T02:45:00Z","soil_moisture",52.2811305545713,"%"
"S04","2025-01-01T02:50:00Z","soil_moisture",27.0463915256383,"%"
"S04","2025-01-01T02:55:00Z","soil_moisture",26.6746453460902,"%"
"S04","2025-01-01T03:00:00Z","soil_moisture",27.5201671982739,"%"
"S04","2025-01-01T03:05:00Z","soil_moisture",48.9959360395006,"%"
"S04","2025-01-01T03:10:00Z","soil_moisture",19.9311839302234,"%"
"S04","2025-01-01T03:15:00Z","soil_moisture",21.8743686262806,"%"
"S04","2025-01-01T03:20:00Z","soil_moisture",13.2757275098494,"%"
"S04","2025-01-01T03:25:00Z","soil_moisture",32.9069048764547,"%"
"S04","2025-01-01T03:30:00Z","soil_moisture",57.7266696441041,"%"
"S04","2025-01-01T03:35:00Z","soil_moisture",31.687362005875,"%"
"S04","2025-01-01T03:40:00Z","soil_moisture",68.6975693823856,"%"
"S04","2025-01-01T03:45:00Z","soil_moisture",43.1781247915752,"%"
"S04","2025-01-01T03:50:00Z","soil_moisture",32.5044819025844,"%"
"S04","2025-01-01T03:55:00Z","soil_moisture",32.7694871484817,"%"
"S04","2025-01-01T04:00:00Z","soil_moisture",44.8793627518697,"%"
"S04","2025-01-01T04:05:00Z","soil_moisture",32.2401593595474,"%"
"S04","2025-01-01T04:10:00Z","soil_moisture",49.3310058821704,"%"
"S04","2025-01-01T04:15:00Z","soil_moisture",35.0265355525335,"%"
"S04","2025-01-01T04:20:00Z","soil_moisture",68.7398687380431,"%"
"S04","2025-01-01T04:25:00Z","soil_moisture",36.4296636568876,"%"
"S04","2025-01-01T04:30:00Z","soil_moisture",36.0502445994586,"%"
"S04","2025-01-01T04:35:00Z","soil_moisture",21.1827810875976,"%"
"S04","2025-01-01T04:40:00Z","soil_moisture",2.13821544641536,"%"
"S04","2025-01-01T04:45:00Z","soil_moisture",12.3758475667074,"%"
"S04","2025-01-01T04:50:00Z","soil_moisture",18.5142737095699,"%"
"S04","2025-01-01T04:55:00Z","soil_moisture",25.4425005695168,"%"
"S04","2025-01-01T05:00:00Z","soil_moisture",26.2561435670065,"%"
"S04","2025-01-01T05:05:00Z","soil_moisture",13.5079612943171,"%"
"S04","2025-01-01T05:10:00Z","soil_moisture",58.3151090711823,"%"
"S04","2025-01-01T05:15:00Z","soil_moisture",35.728876888878,"%"
"S04","2025-01-01T05:20:00Z","soil_moisture",44.6916710535412,"%"
"S04","2025-01-01T05:25:00Z","soil_moisture",62.2764878504548,"%"
"S04","2025-01-01T05:30:00Z","soil_moisture",67.0130246782027,"%"
"S04","2025-01-01T05:35:00Z","soil_moisture",58.8555973284828,"%"
"S04","2025-01-01T05:40:00Z","soil_moisture",65.422521614866,"%"
"S04","2025-01-01T05:45:00Z","soil_moisture",31.4863810536521,"%"
"S04","2025-01-01T05:50:00Z","soil_moisture",28.3840473024481,"%"
"S04","2025-01-01T05:55:00Z","soil_moisture",18.1286153181148,"%"
"S04","2025-01-01T06:00:00Z","soil_moisture",13.2916686743851,"%"
"S04","2025-01-01T06:05:00Z","soil_moisture",10.8913675847075,"%"
"S04","2025-01-01T06:10:00Z","soil_moisture",26.8458468692101,"%"
"S04","2025-01-01T06:15:00Z","soil_moisture",14.1393185121482,"%"
"S04","2025-01-01T06:20:00Z","soil_moisture",37.1397148008029,"%"
"S04","2025-01-01T06:25:00Z","soil_moisture",49.0493175366502,"%"
"S04","2025-01-01T06:30:00Z","soil_moisture",31.1425303834711,"%"
"S04","2025-01-01T06:35:00Z","soil_moisture",16.8569256605744,"%"
"S04","2025-01-01T06:40:00Z","soil_moisture",61.8739220880811,"%"
"S04","2025-01-01T06:45:00Z","soil_moisture",29.770542560788,"%"
"S04","2025-01-01T06:50:00Z","soil_moisture",25.0184697370895,"%"
"S04","2025-01-01T06:55:00Z","soil_moisture",37.960659702012,"%"
"S04","2025-01-01T07:00:00Z","soil_moisture",39.9007671164378,"%"
"S04","2025-01-01T07:05:00Z","soil_moisture",13.7565666330379,"%"
"S04","2025-01-01T07:10:00Z","soil_moisture",10.2894783224148,"%"
"S04","2025-01-01T07:15:00Z","soil_moisture",27.9090276085366,"%"
"S04","2025-01-01T07:20:00Z","soil_moisture",26.1804656354445,"%"
"S04","2025-01-01T07:25:00Z","soil_moisture",36.5715964063784,"%"
"S04","2025-01-01T07:30:00Z","soil_moisture",42.3569834751275,"%"
"S04","2025-01-01T07:35:00Z","soil_moisture",41.1949076126537,"%"
"S04","2025-01-01T07:40:00Z","soil_moisture",63.1371570472288,"%"
"S04","2025-01-01T07:45:00Z","soil_moisture",33.665882052684,"%"
"S04","2025-01-01T07:50:00Z","soil_moisture",14.4680611715822,"%"
"S04","2025-01-01T07:55:00Z","soil_moisture",29.0458602468666,"%"
"S04","2025-01-01T08:00:00Z","soil_moisture",18.4443570553267,"%"
"S04","2025-01-01T08:05:00Z","soil_moisture",21.9171231686163,"%"
"S04","2025-01-01T08:10:00Z","soil_moisture",46.0603973668145,"%"
"S04","2025-01-01T08:15:00Z","soil_moisture",23.4108497687548,"%"
"S04","2025-01-01T08:20:00Z","soil_moisture",31.8766387841388,"%"
"S04","2025-01-01T08:25:00Z","soil_moisture",18.6012847958655,"%"
"S04","2025-01-01T08:30:00Z","soil_moisture",29.0017775290422,"%"
"S04","2025-01-01T08:35:00Z","soil_moisture",23.0632616166718,"%"
"S04","2025-01-01T08:40:00Z","soil_moisture",28.2473350272454,"%"
"S04","2025-01-01T08:45:00Z","soil_moisture",34.742890328155,"%"
"S04","2025-01-01T08:50:00Z","soil_moisture",36.7408814876339,"%"
"S04","2025-01-01T08:55:00Z","soil_moisture",38.3800502214637,"%"
"S04","2025-01-01T09:00:00Z","soil_moisture",38.6159994016402,"%"
"S04","2025-01-01T09:05:00Z","soil_moisture",5.79806734042482,"%"
"S04","2025-01-01T09:10:00Z","soil_moisture",8.40250937400165,"%"
"S04","2025-01-01T09:15:00Z","soil_moisture",14.1345724970633,"%"
"S04","2025-01-01T09:20:00Z","soil_moisture",49.6238811078082,"%"
"S04","2025-01-01T09:25:00Z","soil_moisture",53.6767201997587,"%"
"S04","2025-01-01T09:30:00Z","soil_moisture",31.0910990015093,"%"
"S04","2025-01-01T09:35:00Z","soil_moisture",21.9235173127336,"%"
"S04","2025-01-01T09:40:00Z","soil_moisture",22.1711437664521,"%"
"S04","2025-01-01T09:45:00Z","soil_moisture",43.4483473944308,"%"
"S04","2025-01-01T09:50:00Z","soil_moisture",48.4460509541217,"%"
"S04","2025-01-01T09:55:00Z","soil_moisture",29.2716431016779,"%"
"S04","2025-01-01T10:00:00Z","soil_moisture",29.2615573806431,"%"
"S04","2025-01-01T10:05:00Z","soil_moisture",30.1477434938306,"%"
"S04","2025-01-01T10:10:00Z","soil_moisture",42.3322257805243,"%"
"S04","2025-01-01T10:15:00Z","soil_moisture",70.985347804719,"%"
"S04","2025-01-01T10:20:00Z","soil_moisture",76.8760734607731,"%"
"S04","2025-01-01T10:25:00Z","soil_moisture",54.8940524844243,"%"
"S04","2025-01-01T10:30:00Z","soil_moisture",34.8870115309151,"%"
"S04","2025-01-01T10:35:00Z","soil_moisture",25.1543944579086,"%"
"S04","2025-01-01T10:40:00Z","soil_moisture",42.0494926372042,"%"
"S04","2025-01-01T10:45:00Z","soil_moisture",31.9737139733629,"%"
"S04","2025-01-01T10:50:00Z","soil_moisture",10.8925500863686,"%"
"S04","2025-01-01T10:55:00Z","soil_moisture",24.9207893564847,"%"
"S04","2025-01-01T11:00:00Z","soil_moisture",63.1254750788967,"%"
"S04","2025-01-01T11:05:00Z","soil_moisture",29.0294285179727,"%"
"S04","2025-01-01T11:10:00Z","soil_moisture",32.1245597775678,"%"
"S04","2025-01-01T11:15:00Z","soil_moisture",32.9772485320508,"%"
"S04","2025-01-01T11:20:00Z","soil_moisture",38.8208227214597,"%"
"S04","2025-01-01T11:25:00Z","soil_moisture",47.2768704070516,"%"
"S04","2025-01-01T11:30:00Z","soil_moisture",32.946452736029,"%"
"S04","2025-01-01T11:35:00Z","soil_moisture",39.0482239421459,"%"
"S04","2025-01-01T11:40:00Z","soil_moisture",14.616001267641,"%"
"S04","2025-01-01T11:45:00Z","soil_moisture",5.84597997793197,"%"
"S04","2025-01-01T11:50:00Z","soil_moisture",40.7580608129305,"%"
"S04","2025-01-01T11:55:00Z","soil_moisture",36.4048500056457,"%"
"S04","2025-01-01T12:00:00Z","soil_moisture",17.9647967877842,"%"
"S04","2025-01-01T12:05:00Z","soil_moisture",13.0379730468189,"%"
"S04","2025-01-01T12:10:00Z","soil_moisture",44.1947928099392,"%"
"S04","2025-01-01T12:15:00Z","soil_moisture",30.7980272334298,"%"
"S04","2025-01-01T12:20:00Z","soil_moisture",14.1726479594564,"%"
"S04","2025-01-01T12:25:00Z","soil_moisture",3.88427012832618,"%"
"S04","2025-01-01T12:30:00Z","soil_moisture",15.5018741878881,"%"
"S04","2025-01-01T12:35:00Z","soil_moisture",30.0310000318447,"%"
"S04","2025-01-01T12:40:00Z","soil_moisture",44.6658864893589,"%"
"S04","2025-01-01T12:45:00Z","soil_moisture",26.5672687858576,"%"
"S04","2025-01-01T12:50:00Z","soil_moisture",30.0700073105923,"%"
"S04","2025-01-01T12:55:00Z","soil_moisture",36.8465548813028,"%"
"S04","2025-01-01T13:00:00Z","soil_moisture",37.1854350421682,"%"
"S04","2025-01-01T13:05:00Z","soil_moisture",55.9075437755131,"%"
"S04","2025-01-01T13:10:00Z","soil_moisture",64.1524618596211,"%"
"S04","2025-01-01T13:15:00Z","soil_moisture",15.7539819379447,"%"
"S04","2025-01-01T13:20:00Z","soil_moisture",19.3868872508229,"%"
"S04","2025-01-01T13:25:00Z","soil_moisture",28.1275986646623,"%"
"S04","2025-01-01T13:30:00Z","soil_moisture",33.4206276383403,"%"
"S04","2025-01-01T13:35:00Z","soil_moisture",24.0707347365428,"%"
"S04","2025-01-01T13:40:00Z","soil_moisture",17.0080417873375,"%"
"S04","2025-01-01T13:45:00Z","soil_moisture",27.1026933377306,"%"
"S04","2025-01-01T13:50:00Z","soil_moisture",25.7750537024835,"%"
"S04","2025-01-01T13:55:00Z","soil_moisture",5.79794826735099,"%"
"S04","2025-01-01T14:00:00Z","soil_moisture",16.4111399768253,"%"
"S04","2025-01-01T14:05:00Z","soil_moisture",6.35911331446804,"%"
"S04","2025-01-01T14:10:00Z","soil_moisture",40.885031874235,"%"
"S04","2025-01-01T14:15:00Z","soil_moisture",33.9176825500515,"%"
"S04","2025-01-01T14:20:00Z","soil_moisture",13.7591093956391,"%"
"S04","2025-01-01T14:25:00Z","soil_moisture",10.9886055471667,"%"
"S04","2025-01-01T14:30:00Z","soil_moisture",28.2107726781207,"%"
"S04","2025-01-01T14:35:00Z","soil_moisture",17.6848966420182,"%"
"S04","2025-01-01T14:40:00Z","soil_moisture",8.70664365740519,"%"
"S04","2025-01-01T14:45:00Z","soil_moisture",16.0488764632151,"%"
"S04","2025-01-01T14:50:00Z","soil_moisture",22.2524733712384,"%"
"S04","2025-01-01T14:55:00Z","soil_moisture",48.0035158912847,"%"
"S04","2025-01-01T15:00:00Z","soil_moisture",33.391297336523,"%"
"S04","2025-01-01T15:05:00Z","soil_moisture",27.9236031402366,"%"
"S04","2025-01-01T15:10:00Z","soil_moisture",44.7019140787186,"%"
"S04","2025-01-01T15:15:00Z","soil_moisture",12.8568169681567,"%"
"S04","2025-01-01T15:20:00Z","soil_moisture",19.727096080799,"%"
"S04","2025-01-01T15:25:00Z","soil_moisture",10.2051995386825,"%"
"S04","2025-01-01T15:30:00Z","soil_moisture",14.0813540062176,"%"
"S04","2025-01-01T15:35:00Z","soil_moisture",41.6817953244444,"%"
"S04","2025-01-01T15:40:00Z","soil_moisture",45.9032923123407,"%"
"S04","2025-01-01T15:45:00Z","soil_moisture",45.3284217964289,"%"
"S04","2025-01-01T15:50:00Z","soil_moisture",19.5809571018055,"%"
"S04","2025-01-01T15:55:00Z","soil_moisture",30.0111978875222,"%"
"S04","2025-01-01T16:00:00Z","soil_moisture",40.9220502571388,"%"
"S04","2025-01-01T16:05:00Z","soil_moisture",37.8891664996904,"%"
"S04","2025-01-01T16:10:00Z","soil_moisture",20.1224443814594,"%"
"S04","2025-01-01T16:15:00Z","soil_moisture",25.0926429907646,"%"
"S04","2025-01-01T16:20:00Z","soil_moisture",10.5676778042674,"%"
"S04","2025-01-01T16:25:00Z","soil_moisture",16.2116163892297,"%"
"S04","2025-01-01T16:30:00Z","soil_moisture",16.9134787983719,"%"
"S04","2025-01-01T16:35:00Z","soil_moisture",35.0711856484873,"%"
"S04","2025-01-01T16:40:00Z","soil_moisture",26.0577314702462,"%"
"S04","2025-01-01T16:45:00Z","soil_moisture",14.2295569621343,"%"
"S04","2025-01-01T16:50:00Z","soil_moisture",35.012398377863,"%"
"S04","2025-01-01T16:55:00Z","soil_moisture",23.807555820619,"%"
"S04","2025-01-01T17:00:00Z","soil_moisture",41.9340781528128,"%"
"S04","2025-01-01T17:05:00Z","soil_moisture",30.1294697667283,"%"
"S04","2025-01-01T17:10:00Z","soil_moisture",70.6354984746478,"%"
"S04","2025-01-01T17:15:00Z","soil_moisture",41.2853762073597,"%"
"S04","2025-01-01T17:20:00Z","soil_moisture",31.4513582975213,"%"
"S04","2025-01-01T17:25:00Z","soil_moisture",42.3185357404932,"%"
"S04","2025-01-01T17:30:00Z","soil_moisture",62.8557129860223,"%"
"S04","2025-01-01T17:35:00Z","soil_moisture",47.9421841286061,"%"
"S04","2025-01-01T17:40:00Z","soil_moisture",43.5699461684977,"%"
"S04","2025-01-01T17:45:00Z","soil_moisture",30.4874378838837,"%"
"S04","2025-01-01T17:50:00Z","soil_moisture",16.0386163982736,"%"
"S04","2025-01-01T17:55:00Z","soil_moisture",26.3106301635576,"%"
"S04","2025-01-01T18:00:00Z","soil_moisture",16.4843669762462,"%"
"S04","2025-01-01T18:05:00Z","soil_moisture",14.4448107182045,"%"
"S04","2025-01-01T18:10:00Z","soil_moisture",33.1191450003669,"%"
"S04","2025-01-01T18:15:00Z","soil_moisture",34.8658443252579,"%"
"S04","2025-01-01T18:20:00Z","soil_moisture",17.245378145813,"%"
"S04","2025-01-01T18:25:00Z","soil_moisture",8.60970475905381,"%"
"S04","2025-01-01T18:30:00Z","soil_moisture",25.8211702570993,"%"
"S04","2025-01-01T18:35:00Z","soil_moisture",19.8793542621991,"%"
"S04","2025-01-01T18:40:00Z","soil_moisture",30.2144771255484,"%"
"S04","2025-01-01T18:45:00Z","soil_moisture",47.7453547744295,"%"
"S04","2025-01-01T18:50:00Z","soil_moisture",16.1570177860718,"%"
"S04","2025-01-01T18:55:00Z","soil_moisture",26.6438761313323,"%"
"S04","2025-01-01T19:00:00Z","soil_moisture",16.5860046281485,"%"
"S04","2025-01-01T19:05:00Z","soil_moisture",57.5380363284107,"%"
"S04","2025-01-01T19:10:00Z","soil_moisture",40.3990736050457,"%"
"S04","2025-01-01T19:15:00Z","soil_moisture",11.028732321245,"%"
"S04","2025-01-01T19:20:00Z","soil_moisture",16.0669909611447,"%"
"S04","2025-01-01T19:25:00Z","soil_moisture",20.6101394998544,"%"
"S04","2025-01-01T19:30:00Z","soil_moisture",23.7940702136254,"%"
"S04","2025-01-01T19:35:00Z","soil_moisture",19.0599003100411,"%"
"S04","2025-01-01T19:40:00Z","soil_moisture",19.5052871103828,"%"
"S04","2025-01-01T19:45:00Z","soil_moisture",9.82837674460123,"%"
"S04","2025-01-01T19:50:00Z","soil_moisture",10.8506973564918,"%"
"S04","2025-01-01T19:55:00Z","soil_moisture",44.8151086382218,"%"
"S04","2025-01-01T20:00:00Z","soil_moisture",45.8456003954188,"%"
"S04","2025-01-01T20:05:00Z","soil_moisture",39.0240253501429,"%"
"S04","2025-01-01T20:10:00Z","soil_moisture",56.5012015033507,"%"
"S04","2025-01-01T20:15:00Z","soil_moisture",20.8948479990246,"%"
"S04","2025-01-01T20:20:00Z","soil_moisture",31.4890410398285,"%"
"S04","2025-01-01T20:25:00Z","soil_moisture",57.1393826860638,"%"
"S04","2025-01-01T20:30:00Z","soil_moisture",31.6780697349435,"%"
"S04","2025-01-01T20:35:00Z","soil_moisture",24.687361973491,"%"
"S04","2025-01-01T20:40:00Z","soil_moisture",12.0960728592989,"%"
"S04","2025-01-01T20:45:00Z","soil_moisture",24.3687295516793,"%"
"S04","2025-01-01T20:50:00Z","soil_moisture",27.1007040366668,"%"
"S04","2025-01-01T20:55:00Z","soil_moisture",1.67323502922961,"%"
"S04","2025-01-01T21:00:00Z","soil_moisture",17.7238699776208,"%"
"S04","2025-01-01T21:05:00Z","soil_moisture",20.4832499031117,"%"
"S04","2025-01-01T21:10:00Z","soil_moisture",20.9833670898546,"%"
"S04","2025-01-01T21:15:00Z","soil_moisture",22.2951722473285,"%"
"S04","2025-01-01T21:20:00Z","soil_moisture",11.8946711353712,"%"
"S04","2025-01-01T21:25:00Z","soil_moisture",39.2270713604545,"%"
"S04","2025-01-01T21:30:00Z","soil_moisture",26.1729821135752,"%"
"S04","2025-01-01T21:35:00Z","soil_moisture",45.7862018043594,"%"
"S04","2025-01-01T21:40:00Z","soil_moisture",12.9781504168175,"%"
"S04","2025-01-01T21:45:00Z","soil_moisture",52.923264500138,"%"
"S04","2025-01-01T21:50:00Z","soil_moisture",37.9471808818476,"%"
"S04","2025-01-01T21:55:00Z","soil_moisture",41.9425996145731,"%"
"S04","2025-01-01T22:00:00Z","soil_moisture",49.171096710471,"%"
"S04","2025-01-01T22:05:00Z","soil_moisture",28.1795339577377,"%"
"S04","2025-01-01T22:10:00Z","soil_moisture",9.28799569101437,"%"
"S04","2025-01-01T22:15:00Z","soil_moisture",12.416061146753,"%"
"S04","2025-01-01T22:20:00Z","soil_moisture",39.2267927085972,"%"
"S04","2025-01-01T22:25:00Z","soil_moisture",23.1924562610721,"%"
"S04","2025-01-01T22:30:00Z","soil_moisture",32.0454671500461,"%"
"S04","2025-01-01T22:35:00Z","soil_moisture",39.7874450238775,"%"
"S04","2025-01-01T22:40:00Z","soil_moisture",49.2674703632324,"%"
"S04","2025-01-01T22:45:00Z","soil_moisture",37.735310949744,"%"
"S04","2025-01-01T22:50:00Z","soil_moisture",18.1847599167945,"%"
"S04","2025-01-01T22:55:00Z","soil_moisture",17.8042999691133,"%"
"S04","2025-01-01T23:00:00Z","soil_moisture",17.3206087096626,"%"
"S04","2025-01-01T23:05:00Z","soil_moisture",25.0198704094104,"%"
"S04","2025-01-01T23:10:00Z","soil_moisture",50.0380387999347,"%"
"S04","2025-01-01T23:15:00Z","soil_moisture",31.4439050767529,"%"
"S04","2025-01-01T23:20:00Z","soil_moisture",24.4302966397643,"%"
"S04","2025-01-01T23:25:00Z","soil_moisture",24.2385003393611,"%"
"S04","2025-01-01T23:30:00Z","soil_moisture",6.90824339650655,"%"
"S04","2025-01-01T23:35:00Z","soil_moisture",17.6805856692003,"%"
"S04","2025-01-01T23:40:00Z","soil_moisture",54.0457030778631,"%"
"S04","2025-01-01T23:45:00Z","soil_moisture",56.7163494463534,"%"
"S04","2025-01-01T23:50:00Z","soil_moisture",13.4426001751076,"%"
"S04","2025-01-01T23:55:00Z","soil_moisture",18.56058731783,"%"
"S04","2025-01-02T00:00:00Z","soil_moisture",8.34280947149623,"%"
"S04","2025-01-02T00:05:00Z","soil_moisture",24.6634846989432,"%"
"S04","2025-01-02T00:10:00Z","soil_moisture",50.6320759595564,"%"
"S04","2025-01-02T00:15:00Z","soil_moisture",6.99380073599055,"%"
"S04","2025-01-02T00:20:00Z","soil_moisture",15.0922246705684,"%"
"S04","2025-01-02T00:25:00Z","soil_moisture",22.1259126179172,"%"
"S04","2025-01-02T00:30:00Z","soil_moisture",36.8704193990277,"%"
"S04","2025-01-02T00:35:00Z","soil_moisture",31.8953635330818,"%"
"S04","2025-01-02T00:40:00Z","soil_moisture",25.631728418607,"%"
"S04","2025-01-02T00:45:00Z","soil_moisture",50.9876075744339,"%"
"S04","2025-01-02T00:50:00Z","soil_moisture",45.6026722657253,"%"
"S04","2025-01-02T00:55:00Z","soil_moisture",47.056305668374,"%"
"S04","2025-01-02T01:00:00Z","soil_moisture",56.0905349475012,"%"
"S04","2025-01-02T01:05:00Z","soil_moisture",28.2362766570207,"%"
"S04","2025-01-02T01:10:00Z","soil_moisture",28.8554674679461,"%"
"S04","2025-01-02T01:15:00Z","soil_moisture",35.3821974043238,"%"
"S04","2025-01-02T01:20:00Z","soil_moisture",11.3177694741418,"%"
"S04","2025-01-02T01:25:00Z","soil_moisture",30.1164820625479,"%"
"S04","2025-01-02T01:30:00Z","soil_moisture",13.3999426369234,"%"
"S04","2025-01-02T01:35:00Z","soil_moisture",25.7386675896582,"%"
"S04","2025-01-02T01:40:00Z","soil_moisture",24.743316111661,"%"
"S04","2025-01-02T01:45:00Z","soil_moisture",14.7858124472478,"%"
"S04","2025-01-02T01:50:00Z","soil_moisture",19.7114527957749,"%"
"S04","2025-01-02T01:55:00Z","soil_moisture",16.3296143641873,"%"
"S04","2025-01-02T02:00:00Z","soil_moisture",14.7583604991959,"%"
"S04","2025-01-02T02:05:00Z","soil_moisture",28.1656368739438,"%"
"S04","2025-01-02T02:10:00Z","soil_moisture",29.230578142754,"%"
"S04","2025-01-02T02:15:00Z","soil_moisture",19.541172404632,"%"
"S04","2025-01-02T02:20:00Z","soil_moisture",21.548253035812,"%"
"S04","2025-01-02T02:25:00Z","soil_moisture",12.8965295796017,"%"
"S04","2025-01-02T02:30:00Z","soil_moisture",11.7561065532803,"%"
"S04","2025-01-02T02:35:00Z","soil_moisture",21.7415660777418,"%"
"S04","2025-01-02T02:40:00Z","soil_moisture",37.5490024857158,"%"
"S04","2025-01-02T02:45:00Z","soil_moisture",43.6926326777859,"%"
"S04","2025-01-02T02:50:00Z","soil_moisture",43.9225201399744,"%"
"S04","2025-01-02T02:55:00Z","soil_moisture",29.4642095467587,"%"
"S04","2025-01-02T03:00:00Z","soil_moisture",28.3689277556546,"%"
"S04","2025-01-02T03:05:00Z","soil_moisture",22.4240546670129,"%"
"S04","2025-01-02T03:10:00Z","soil_moisture",11.8902088247053,"%"
"S04","2025-01-02T03:15:00Z","soil_moisture",52.2106296620485,"%"
"S04","2025-01-02T03:20:00Z","soil_moisture",17.1350613610727,"%"
"S04","2025-01-02T03:25:00Z","soil_moisture",22.9344086123184,"%"
"S04","2025-01-02T03:30:00Z","soil_moisture",51.2130212743175,"%"
"S04","2025-01-02T03:35:00Z","soil_moisture",78.1255997625014,"%"
"S04","2025-01-02T03:40:00Z","soil_moisture",57.5658000009344,"%"
"S04","2025-01-02T03:45:00Z","soil_moisture",27.841640563028,"%"
"S04","2025-01-02T03:50:00Z","soil_moisture",13.5739507835142,"%"
"S04","2025-01-02T03:55:00Z","soil_moisture",24.7599171037425,"%"
"S04","2025-01-02T04:00:00Z","soil_moisture",11.3369520386691,"%"
"S04","2025-01-02T04:05:00Z","soil_moisture",11.1966663952978,"%"
"S04","2025-01-02T04:10:00Z","soil_moisture",9.14841028898361,"%"
"S04","2025-01-02T04:15:00Z","soil_moisture",16.0735234399704,"%"
"S04","2025-01-02T04:20:00Z","soil_moisture",39.7693691449992,"%"
"S04","2025-01-02T04:25:00Z","soil_moisture",47.5875185001508,"%"
"S04","2025-01-02T04:30:00Z","soil_moisture",42.7980990521473,"%"
"S04","2025-01-02T04:35:00Z","soil_moisture",45.5620751548639,"%"
"S04","2025-01-02T04:40:00Z","soil_moisture",44.3901731047772,"%"
"S04","2025-01-02T04:45:00Z","soil_moisture",26.4915350969397,"%"
"S04","2025-01-02T04:50:00Z","soil_moisture",20.6401881021359,"%"
"S04","2025-01-02T04:55:00Z","soil_moisture",23.1802308878581,"%"
"S04","2025-01-02T05:00:00Z","soil_moisture",51.3726990882577,"%"
"S04","2025-01-02T05:05:00Z","soil_moisture",30.5539064308613,"%"
"S04","2025-01-02T05:10:00Z","soil_moisture",39.163150955047,"%"
"S04","2025-01-02T05:15:00Z","soil_moisture",13.5158280732701,"%"
"S04","2025-01-02T05:20:00Z","soil_moisture",7.8751157464771,"%"
"S04","2025-01-02T05:25:00Z","soil_moisture",10.4982368981043,"%"
"S04","2025-01-02T05:30:00Z","soil_moisture",24.023384477553,"%"
"S04","2025-01-02T05:35:00Z","soil_moisture",10.9432018526527,"%"
"S04","2025-01-02T05:40:00Z","soil_moisture",20.8048915845952,"%"
"S04","2025-01-02T05:45:00Z","soil_moisture",20.5211956110189,"%"
"S04","2025-01-02T05:50:00Z","soil_moisture",34.4167118969255,"%"
"S04","2025-01-02T05:55:00Z","soil_moisture",34.8303386332288,"%"
"S04","2025-01-02T06:00:00Z","soil_moisture",52.5840989479601,"%"
"S04","2025-01-02T06:05:00Z","soil_moisture",41.8038583814399,"%"
"S04","2025-01-02T06:10:00Z","soil_moisture",25.0550474911533,"%"
"S04","2025-01-02T06:15:00Z","soil_moisture",18.103017433359,"%"
"S04","2025-01-02T06:20:00Z","soil_moisture",32.0433708874203,"%"
"S04","2025-01-02T06:25:00Z","soil_moisture",36.2919386048506,"%"
"S04","2025-01-02T06:30:00Z","soil_moisture",19.2844816071005,"%"
"S04","2025-01-02T06:35:00Z","soil_moisture",23.4389551356146,"%"
"S04","2025-01-02T06:40:00Z","soil_moisture",5.59525723080044,"%"
"S04","2025-01-02T06:45:00Z","soil_moisture",19.8012676966071,"%"
"S04","2025-01-02T06:50:00Z","soil_moisture",14.1293505767658,"%"
"S04","2025-01-02T06:55:00Z","soil_moisture",22.228055912048,"%"
"S04","2025-01-02T07:00:00Z","soil_moisture",18.6662017069448,"%"
"S04","2025-01-02T07:05:00Z","soil_moisture",39.884099799089,"%"
"S04","2025-01-02T07:10:00Z","soil_moisture",18.9066394996243,"%"
"S04","2025-01-02T07:15:00Z","soil_moisture",38.4816178265379,"%"
"S04","2025-01-02T07:20:00Z","soil_moisture",32.8154269518661,"%"
"S04","2025-01-02T07:25:00Z","soil_moisture",32.1716687080105,"%"
"S04","2025-01-02T07:30:00Z","soil_moisture",49.8536994239555,"%"
"S04","2025-01-02T07:35:00Z","soil_moisture",12.1904171808265,"%"
"S04","2025-01-02T07:40:00Z","soil_moisture",15.9670390294734,"%"
"S04","2025-01-02T07:45:00Z","soil_moisture",36.1964521914411,"%"
"S04","2025-01-02T07:50:00Z","soil_moisture",24.7679574289255,"%"
"S04","2025-01-02T07:55:00Z","soil_moisture",16.0819231326006,"%"
"S04","2025-01-02T08:00:00Z","soil_moisture",11.6595160841597,"%"
"S04","2025-01-02T08:05:00Z","soil_moisture",21.5058090179765,"%"
"S04","2025-01-02T08:10:00Z","soil_moisture",48.2597637159499,"%"
"S04","2025-01-02T08:15:00Z","soil_moisture",38.7730260882061,"%"
"S04","2025-01-02T08:20:00Z","soil_moisture",10.0051030268563,"%"
"S04","2025-01-02T08:25:00Z","soil_moisture",17.0782755315753,"%"
"S04","2025-01-02T08:30:00Z","soil_moisture",36.1562749563035,"%"
"S04","2025-01-02T08:35:00Z","soil_moisture",35.4611403229562,"%"
"S04","2025-01-02T08:40:00Z","soil_moisture",24.438835443011,"%"
"S04","2025-01-02T08:45:00Z","soil_moisture",7.84533697232724,"%"
"S04","2025-01-02T08:50:00Z","soil_moisture",7.93546285638173,"%"
"S04","2025-01-02T08:55:00Z","soil_moisture",10.0166244275102,"%"
"S04","2025-01-02T09:00:00Z","soil_moisture",21.7715822086608,"%"
"S04","2025-01-02T09:05:00Z","soil_moisture",9.62028490913955,"%"
"S04","2025-01-02T09:10:00Z","soil_moisture",17.524541147512,"%"
"S04","2025-01-02T09:15:00Z","soil_moisture",23.324392864281,"%"
"S04","2025-01-02T09:20:00Z","soil_moisture",37.4035477664062,"%"
"S04","2025-01-02T09:25:00Z","soil_moisture",23.0088375762569,"%"
"S04","2025-01-02T09:30:00Z","soil_moisture",22.1085599267085,"%"
"S04","2025-01-02T09:35:00Z","soil_moisture",29.2261341227598,"%"
"S04","2025-01-02T09:40:00Z","soil_moisture",36.2548193936323,"%"
"S04","2025-01-02T09:45:00Z","soil_moisture",32.9358331262118,"%"
"S04","2025-01-02T09:50:00Z","soil_moisture",5.29095166530407,"%"
"S04","2025-01-02T09:55:00Z","soil_moisture",7.32887675406265,"%"
"S04","2025-01-02T10:00:00Z","soil_moisture",9.69322980925983,"%"
"S04","2025-01-02T10:05:00Z","soil_moisture",26.5127015195913,"%"
"S04","2025-01-02T10:10:00Z","soil_moisture",25.3609985576404,"%"
"S04","2025-01-02T10:15:00Z","soil_moisture",18.2588618005333,"%"
"S04","2025-01-02T10:20:00Z","soil_moisture",34.119695645064,"%"
"S04","2025-01-02T10:25:00Z","soil_moisture",25.7793735507982,"%"
"S04","2025-01-02T10:30:00Z","soil_moisture",13.3217416782513,"%"
"S04","2025-01-02T10:35:00Z","soil_moisture",24.6165581116574,"%"
"S04","2025-01-02T10:40:00Z","soil_moisture",37.3042583494047,"%"
"S04","2025-01-02T10:45:00Z","soil_moisture",26.463747173677,"%"
"S04","2025-01-02T10:50:00Z","soil_moisture",27.0893782135415,"%"
"S04","2025-01-02T10:55:00Z","soil_moisture",10.0844286405172,"%"
"S04","2025-01-02T11:00:00Z","soil_moisture",30.2980009406554,"%"
"S04","2025-01-02T11:05:00Z","soil_moisture",44.9919004147674,"%"
"S04","2025-01-02T11:10:00Z","soil_moisture",11.9356558316634,"%"
"S04","2025-01-02T11:15:00Z","soil_moisture",31.0048931886622,"%"
"S04","2025-01-02T11:20:00Z","soil_moisture",56.5383145695609,"%"
"S04","2025-01-02T11:25:00Z","soil_moisture",57.1079242616735,"%"
"S04","2025-01-02T11:30:00Z","soil_moisture",60.111143267581,"%"
"S04","2025-01-02T11:35:00Z","soil_moisture",51.3212192168865,"%"
"S04","2025-01-02T11:40:00Z","soil_moisture",32.5014776098692,"%"
"S04","2025-01-02T11:45:00Z","soil_moisture",52.5948777174978,"%"
"S04","2025-01-02T11:50:00Z","soil_moisture",29.8583660011876,"%"
"S04","2025-01-02T11:55:00Z","soil_moisture",40.210733794239,"%"
"S04","2025-01-02T12:00:00Z","soil_moisture",40.5445264395513,"%"
"S04","2025-01-02T12:05:00Z","soil_moisture",64.7039498434375,"%"
"S04","2025-01-02T12:10:00Z","soil_moisture",31.369335951506,"%"
"S04","2025-01-02T12:15:00Z","soil_moisture",49.6961168518915,"%"
"S04","2025-01-02T12:20:00Z","soil_moisture",43.9906113323103,"%"
"S04","2025-01-02T12:25:00Z","soil_moisture",38.4248337070957,"%"
"S04","2025-01-02T12:30:00Z","soil_moisture",32.0816496012907,"%"
"S04","2025-01-02T12:35:00Z","soil_moisture",37.0842781448582,"%"
"S04","2025-01-02T12:40:00Z","soil_moisture",34.6034692849752,"%"
"S04","2025-01-02T12:45:00Z","soil_moisture",37.2393330894462,"%"
"S04","2025-01-02T12:50:00Z","soil_moisture",45.1041177220551,"%"
"S04","2025-01-02T12:55:00Z","soil_moisture",30.3303540211676,"%"
"S04","2025-01-02T13:00:00Z","soil_moisture",44.1385731014568,"%"
"S04","2025-01-02T13:05:00Z","soil_moisture",31.6743813497992,"%"
"S04","2025-01-02T13:10:00Z","soil_moisture",18.753993924104,"%"
"S04","2025-01-02T13:15:00Z","soil_moisture",12.1915950038266,"%"
"S04","2025-01-02T13:20:00Z","soil_moisture",33.3058967970719,"%"
"S04","2025-01-02T13:25:00Z","soil_moisture",25.7217492502879,"%"
"S04","2025-01-02T13:30:00Z","soil_moisture",6.31315029249982,"%"
"S04","2025-01-02T13:35:00Z","soil_moisture",17.1997268750372,"%"
"S04","2025-01-02T13:40:00Z","soil_moisture",12.698494552539,"%"
"S04","2025-01-02T13:45:00Z","soil_moisture",8.2879260037139,"%"
"S04","2025-01-02T13:50:00Z","soil_moisture",17.2502353706942,"%"
"S04","2025-01-02T13:55:00Z","soil_moisture",17.1359833688237,"%"
"S04","2025-01-02T14:00:00Z","soil_moisture",13.5177248984522,"%"
"S04","2025-01-02T14:05:00Z","soil_moisture",26.1698798108649,"%"
"S04","2025-01-02T14:10:00Z","soil_moisture",30.4433730395642,"%"
"S04","2025-01-02T14:15:00Z","soil_moisture",10.8695623471719,"%"
"S04","2025-01-02T14:20:00Z","soil_moisture",40.3458752545905,"%"
"S04","2025-01-02T14:25:00Z","soil_moisture",52.2106426695178,"%"
"S04","2025-01-02T14:30:00Z","soil_moisture",49.9684139469688,"%"
"S04","2025-01-02T14:35:00Z","soil_moisture",46.5612390319709,"%"
"S04","2025-01-02T14:40:00Z","soil_moisture",60.4457029849301,"%"
"S04","2025-01-02T14:45:00Z","soil_moisture",36.7631707660199,"%"
"S04","2025-01-02T14:50:00Z","soil_moisture",43.6908556088126,"%"
"S04","2025-01-02T14:55:00Z","soil_moisture",16.2677159507305,"%"
"S04","2025-01-02T15:00:00Z","soil_moisture",11.6449036061113,"%"
"S04","2025-01-02T15:05:00Z","soil_moisture",20.6843423742593,"%"
"S04","2025-01-02T15:10:00Z","soil_moisture",33.3761695166658,"%"
"S04","2025-01-02T15:15:00Z","soil_moisture",43.4924023055387,"%"
"S04","2025-01-02T15:20:00Z","soil_moisture",36.8638543231341,"%"
"S04","2025-01-02T15:25:00Z","soil_moisture",45.6068061102415,"%"
"S04","2025-01-02T15:30:00Z","soil_moisture",38.7176331068921,"%"
"S04","2025-01-02T15:35:00Z","soil_moisture",23.8066644552617,"%"
"S04","2025-01-02T15:40:00Z","soil_moisture",20.208968195399,"%"
"S04","2025-01-02T15:45:00Z","soil_moisture",41.3139446676266,"%"
"S04","2025-01-02T15:50:00Z","soil_moisture",14.3833600030644,"%"
"S04","2025-01-02T15:55:00Z","soil_moisture",39.0306051319288,"%"
"S04","2025-01-02T16:00:00Z","soil_moisture",60.2550960204745,"%"
"S04","2025-01-02T16:05:00Z","soil_moisture",39.0859637558047,"%"
"S04","2025-01-02T16:10:00Z","soil_moisture",51.0897604643816,"%"
"S04","2025-01-02T16:15:00Z","soil_moisture",31.2165453662246,"%"
"S04","2025-01-02T16:20:00Z","soil_moisture",46.040476090513,"%"
"S04","2025-01-02T16:25:00Z","soil_moisture",13.0804448637229,"%"
"S04","2025-01-02T16:30:00Z","soil_moisture",19.7561993474623,"%"
"S04","2025-01-02T16:35:00Z","soil_moisture",50.3235817966295,"%"
"S04","2025-01-02T16:40:00Z","soil_moisture",25.5204281110625,"%"
"S04","2025-01-02T16:45:00Z","soil_moisture",29.8849194291789,"%"
"S04","2025-01-02T16:50:00Z","soil_moisture",14.0890455307563,"%"
"S04","2025-01-02T16:55:00Z","soil_moisture",33.2884119261087,"%"
"S04","2025-01-02T17:00:00Z","soil_moisture",7.96079118766729,"%"
"S04","2025-01-02T17:05:00Z","soil_moisture",9.40331329608696,"%"
"S04","2025-01-02T17:10:00Z","soil_moisture",20.2908671705645,"%"
"S04","2025-01-02T17:15:00Z","soil_moisture",10.9294746705124,"%"
"S04","2025-01-02T17:20:00Z","soil_moisture",16.1336659939393,"%"
"S04","2025-01-02T17:25:00Z","soil_moisture",47.7647486956249,"%"
"S04","2025-01-02T17:30:00Z","soil_moisture",21.6830835887873,"%"
"S04","2025-01-02T17:35:00Z","soil_moisture",47.2698565954015,"%"
"S04","2025-01-02T17:40:00Z","soil_moisture",21.169565063909,"%"
"S04","2025-01-02T17:45:00Z","soil_moisture",25.099021113056,"%"
"S04","2025-01-02T17:50:00Z","soil_moisture",26.0167305125107,"%"
"S04","2025-01-02T17:55:00Z","soil_moisture",30.4565620996767,"%"
"S04","2025-01-02T18:00:00Z","soil_moisture",37.3872737867137,"%"
"S04","2025-01-02T18:05:00Z","soil_moisture",25.50226718482,"%"
"S04","2025-01-02T18:10:00Z","soil_moisture",23.5333540657531,"%"
"S04","2025-01-02T18:15:00Z","soil_moisture",15.581190646923,"%"
"S04","2025-01-02T18:20:00Z","soil_moisture",14.1863285558089,"%"
"S04","2025-01-02T18:25:00Z","soil_moisture",35.1972547659923,"%"
"S04","2025-01-02T18:30:00Z","soil_moisture",20.2909092507938,"%"
"S04","2025-01-02T18:35:00Z","soil_moisture",39.6425025832355,"%"
"S04","2025-01-02T18:40:00Z","soil_moisture",38.2127032070259,"%"
"S04","2025-01-02T18:45:00Z","soil_moisture",45.8078440657609,"%"
"S04","2025-01-02T18:50:00Z","soil_moisture",49.250320177823,"%"
"S04","2025-01-02T18:55:00Z","soil_moisture",48.4272219370762,"%"
"S04","2025-01-02T19:00:00Z","soil_moisture",15.0538268752959,"%"
"S04","2025-01-02T19:05:00Z","soil_moisture",20.3031773333289,"%"
"S04","2025-01-02T19:10:00Z","soil_moisture",38.6756089152055,"%"
"S04","2025-01-02T19:15:00Z","soil_moisture",30.9959970254907,"%"
"S04","2025-01-02T19:20:00Z","soil_moisture",45.7007794307589,"%"
"S04","2025-01-02T19:25:00Z","soil_moisture",37.656491968663,"%"
"S04","2025-01-02T19:30:00Z","soil_moisture",20.7425646868179,"%"
"S04","2025-01-02T19:35:00Z","soil_moisture",8.30097065793564,"%"
"S04","2025-01-02T19:40:00Z","soil_moisture",26.6463332743307,"%"
"S04","2025-01-02T19:45:00Z","soil_moisture",34.31977885013,"%"
"S04","2025-01-02T19:50:00Z","soil_moisture",41.0933121370122,"%"
"S04","2025-01-02T19:55:00Z","soil_moisture",21.509144411739,"%"
"S04","2025-01-02T20:00:00Z","soil_moisture",24.7331623123023,"%"
"S04","2025-01-02T20:05:00Z","soil_moisture",16.4249176245499,"%"
"S04","2025-01-02T20:10:00Z","soil_moisture",67.2708402205233,"%"
"S04","2025-01-02T20:15:00Z","soil_moisture",49.4009585837282,"%"
"S04","2025-01-02T20:20:00Z","soil_moisture",31.0452014598433,"%"
"S04","2025-01-02T20:25:00Z","soil_moisture",30.7837386031351,"%"
"S04","2025-01-02T20:30:00Z","soil_moisture",31.6825883135175,"%"
"S04","2025-01-02T20:35:00Z","soil_moisture",22.6928705878237,"%"
"S04","2025-01-02T20:40:00Z","soil_moisture",48.0705180143772,"%"
"S04","2025-01-02T20:45:00Z","soil_moisture",48.5638895495301,"%"
"S04","2025-01-02T20:50:00Z","soil_moisture",35.523580170424,"%"
"S04","2025-01-02T20:55:00Z","soil_moisture",34.4879766169326,"%"
"S04","2025-01-02T21:00:00Z","soil_moisture",14.7767826890787,"%"
"S04","2025-01-02T21:05:00Z","soil_moisture",5.77073658531055,"%"
"S04","2025-01-02T21:10:00Z","soil_moisture",7.92657065840278,"%"
"S04","2025-01-02T21:15:00Z","soil_moisture",7.99677456224517,"%"
"S04","2025-01-02T21:20:00Z","soil_moisture",5.76036273404791,"%"
"S04","2025-01-02T21:25:00Z","soil_moisture",18.2887631291825,"%"
"S04","2025-01-02T21:30:00Z","soil_moisture",26.0632771348523,"%"
"S04","2025-01-02T21:35:00Z","soil_moisture",41.4496735051606,"%"
"S04","2025-01-02T21:40:00Z","soil_moisture",35.9693549241734,"%"
"S04","2025-01-02T21:45:00Z","soil_moisture",39.026499557612,"%"
"S04","2025-01-02T21:50:00Z","soil_moisture",36.5227363720167,"%"
"S04","2025-01-02T21:55:00Z","soil_moisture",58.8888781572361,"%"
"S04","2025-01-02T22:00:00Z","soil_moisture",75.0431936472729,"%"
"S04","2025-01-02T22:05:00Z","soil_moisture",58.2963778468828,"%"
"S04","2025-01-02T22:10:00Z","soil_moisture",70.3300518472445,"%"
"S04","2025-01-02T22:15:00Z","soil_moisture",69.18766155578,"%"
"S04","2025-01-02T22:20:00Z","soil_moisture",29.56974973056,"%"
"S04","2025-01-02T22:25:00Z","soil_moisture",34.061829653901,"%"
"S04","2025-01-02T22:30:00Z","soil_moisture",30.7687864895848,"%"
"S04","2025-01-02T22:35:00Z","soil_moisture",44.0477201412595,"%"
"S04","2025-01-02T22:40:00Z","soil_moisture",39.8444761886559,"%"
"S04","2025-01-02T22:45:00Z","soil_moisture",58.7762112684851,"%"
"S04","2025-01-02T22:50:00Z","soil_moisture",59.6015150791772,"%"
"S04","2025-01-02T22:55:00Z","soil_moisture",55.301576062748,"%"
"S04","2025-01-02T23:00:00Z","soil_moisture",17.6210720886741,"%"
"S04","2025-01-02T23:05:00Z","soil_moisture",22.6581210582175,"%"
"S04","2025-01-02T23:10:00Z","soil_moisture",37.2779954007112,"%"
"S04","2025-01-02T23:15:00Z","soil_moisture",20.4896554751014,"%"
"S04","2025-01-02T23:20:00Z","soil_moisture",8.91187597807593,"%"
"S04","2025-01-02T23:25:00Z","soil_moisture",25.2503645327236,"%"
"S04","2025-01-02T23:30:00Z","soil_moisture",10.4838079544903,"%"
"S04","2025-01-02T23:35:00Z","soil_moisture",25.9194587198537,"%"
"S04","2025-01-02T23:40:00Z","soil_moisture",4.58297241500529,"%"
"S04","2025-01-02T23:45:00Z","soil_moisture",14.2332002677147,"%"
"S04","2025-01-02T23:50:00Z","soil_moisture",21.4382086127654,"%"
"S04","2025-01-02T23:55:00Z","soil_moisture",37.3959593204367,"%"
"S04","2025-01-03T00:00:00Z","soil_moisture",32.0660750282339,"%"
"S04","2025-01-03T00:05:00Z","soil_moisture",53.4761948739728,"%"
"S04","2025-01-03T00:10:00Z","soil_moisture",35.1124810447991,"%"
"S04","2025-01-03T00:15:00Z","soil_moisture",16.4689523676024,"%"
"S04","2025-01-03T00:20:00Z","soil_moisture",24.8589573774778,"%"
"S04","2025-01-03T00:25:00Z","soil_moisture",50.2911336018966,"%"
"S04","2025-01-03T00:30:00Z","soil_moisture",51.7742724069846,"%"
"S04","2025-01-03T00:35:00Z","soil_moisture",51.1063799090625,"%"
"S04","2025-01-03T00:40:00Z","soil_moisture",43.5215553416372,"%"
"S04","2025-01-03T00:45:00Z","soil_moisture",67.2007944650949,"%"
"S04","2025-01-03T00:50:00Z","soil_moisture",43.905708679058,"%"
"S04","2025-01-03T00:55:00Z","soil_moisture",48.0978521184587,"%"
"S04","2025-01-03T01:00:00Z","soil_moisture",50.1096888414625,"%"
"S04","2025-01-03T01:05:00Z","soil_moisture",37.9079608930953,"%"
"S04","2025-01-03T01:10:00Z","soil_moisture",37.0245194079337,"%"
"S04","2025-01-03T01:15:00Z","soil_moisture",11.7784007599149,"%"
"S04","2025-01-03T01:20:00Z","soil_moisture",38.5320602243868,"%"
"S04","2025-01-03T01:25:00Z","soil_moisture",31.7828574515918,"%"
"S04","2025-01-03T01:30:00Z","soil_moisture",22.8306159329818,"%"
"S04","2025-01-03T01:35:00Z","soil_moisture",34.5650507743609,"%"
"S04","2025-01-03T01:40:00Z","soil_moisture",32.106914933125,"%"
"S04","2025-01-03T01:45:00Z","soil_moisture",76.7864855263648,"%"
"S04","2025-01-03T01:50:00Z","soil_moisture",63.1165642406006,"%"
"S04","2025-01-03T01:55:00Z","soil_moisture",45.5700161836373,"%"
"S04","2025-01-03T02:00:00Z","soil_moisture",57.2656782297746,"%"
"S04","2025-01-03T02:05:00Z","soil_moisture",53.7330001557055,"%"
"S04","2025-01-03T02:10:00Z","soil_moisture",55.9237062861203,"%"
"S04","2025-01-03T02:15:00Z","soil_moisture",30.1017429863606,"%"
"S04","2025-01-03T02:20:00Z","soil_moisture",38.0747045808065,"%"
"S04","2025-01-03T02:25:00Z","soil_moisture",68.5547167450357,"%"
"S04","2025-01-03T02:30:00Z","soil_moisture",40.6616312810491,"%"
"S04","2025-01-03T02:35:00Z","soil_moisture",41.5267846126068,"%"
"S04","2025-01-03T02:40:00Z","soil_moisture",42.3096442867921,"%"
"S04","2025-01-03T02:45:00Z","soil_moisture",35.0919045766759,"%"
"S04","2025-01-03T02:50:00Z","soil_moisture",33.0571882291604,"%"
"S04","2025-01-03T02:55:00Z","soil_moisture",34.1267365777502,"%"
"S04","2025-01-03T03:00:00Z","soil_moisture",5.76797067501851,"%"
"S04","2025-01-03T03:05:00Z","soil_moisture",24.3465505595853,"%"
"S04","2025-01-03T03:10:00Z","soil_moisture",31.0348044476707,"%"
"S04","2025-01-03T03:15:00Z","soil_moisture",14.4668982433503,"%"
"S04","2025-01-03T03:20:00Z","soil_moisture",19.4132756896004,"%"
"S04","2025-01-03T03:25:00Z","soil_moisture",9.86906080187289,"%"
"S04","2025-01-03T03:30:00Z","soil_moisture",31.4228339417633,"%"
"S04","2025-01-03T03:35:00Z","soil_moisture",22.4488852117664,"%"
"S04","2025-01-03T03:40:00Z","soil_moisture",18.6362429477724,"%"
"S04","2025-01-03T03:45:00Z","soil_moisture",19.8693419269409,"%"
"S04","2025-01-03T03:50:00Z","soil_moisture",29.1098484100538,"%"
"S04","2025-01-03T03:55:00Z","soil_moisture",55.3986660264879,"%"
"S04","2025-01-03T04:00:00Z","soil_moisture",60.4307743813804,"%"
"S04","2025-01-03T04:05:00Z","soil_moisture",45.3293898804765,"%"
"S04","2025-01-03T04:10:00Z","soil_moisture",16.6502405778616,"%"
"S04","2025-01-03T04:15:00Z","soil_moisture",45.7792732646752,"%"
"S04","2025-01-03T04:20:00Z","soil_moisture",18.1490820903473,"%"
"S04","2025-01-03T04:25:00Z","soil_moisture",35.2423752408465,"%"
"S04","2025-01-03T04:30:00Z","soil_moisture",32.2785702242412,"%"
"S04","2025-01-03T04:35:00Z","soil_moisture",19.4745640500607,"%"
"S04","2025-01-03T04:40:00Z","soil_moisture",38.4560205353055,"%"
"S04","2025-01-03T04:45:00Z","soil_moisture",6.42329281582649,"%"
"S04","2025-01-03T04:50:00Z","soil_moisture",4.96608769181796,"%"
"S04","2025-01-03T04:55:00Z","soil_moisture",29.6955496666919,"%"
"S04","2025-01-03T05:00:00Z","soil_moisture",21.2496028131676,"%"
"S04","2025-01-03T05:05:00Z","soil_moisture",20.9977755021349,"%"
"S04","2025-01-03T05:10:00Z","soil_moisture",38.515178356972,"%"
"S04","2025-01-03T05:15:00Z","soil_moisture",29.0085326221609,"%"
"S04","2025-01-03T05:20:00Z","soil_moisture",48.7920886778964,"%"
"S04","2025-01-03T05:25:00Z","soil_moisture",38.0007418811455,"%"
"S04","2025-01-03T05:30:00Z","soil_moisture",10.3032178077878,"%"
"S04","2025-01-03T05:35:00Z","soil_moisture",40.3590268400025,"%"
"S04","2025-01-03T05:40:00Z","soil_moisture",34.8518783337361,"%"
"S04","2025-01-03T05:45:00Z","soil_moisture",21.3324273668191,"%"
"S04","2025-01-03T05:50:00Z","soil_moisture",44.3126471606549,"%"
"S04","2025-01-03T05:55:00Z","soil_moisture",24.7975330259181,"%"
"S04","2025-01-03T06:00:00Z","soil_moisture",29.2848831424797,"%"
"S04","2025-01-03T06:05:00Z","soil_moisture",27.1753483670715,"%"
"S04","2025-01-03T06:10:00Z","soil_moisture",8.74490533930291,"%"
"S04","2025-01-03T06:15:00Z","soil_moisture",41.1851053217758,"%"
"S04","2025-01-03T06:20:00Z","soil_moisture",39.9479232592362,"%"
"S04","2025-01-03T06:25:00Z","soil_moisture",25.5343265169997,"%"
"S04","2025-01-03T06:30:00Z","soil_moisture",27.7078143795338,"%"
"S04","2025-01-03T06:35:00Z","soil_moisture",47.8033061254775,"%"
"S04","2025-01-03T06:40:00Z","soil_moisture",33.1927479046426,"%"
"S04","2025-01-03T06:45:00Z","soil_moisture",69.0604608979015,"%"
"S04","2025-01-03T06:50:00Z","soil_moisture",17.1561020593703,"%"
"S04","2025-01-03T06:55:00Z","soil_moisture",25.6490630594141,"%"
"S04","2025-01-03T07:00:00Z","soil_moisture",9.04517209942235,"%"
"S04","2025-01-03T07:05:00Z","soil_moisture",14.7172880569511,"%"
"S04","2025-01-03T07:10:00Z","soil_moisture",31.0112681422642,"%"
"S04","2025-01-03T07:15:00Z","soil_moisture",41.9545677513747,"%"
"S04","2025-01-03T07:20:00Z","soil_moisture",21.8923589596933,"%"
"S04","2025-01-03T07:25:00Z","soil_moisture",35.5673322149574,"%"
"S04","2025-01-03T07:30:00Z","soil_moisture",18.8457125210131,"%"
"S04","2025-01-03T07:35:00Z","soil_moisture",25.6313524355856,"%"
"S04","2025-01-03T07:40:00Z","soil_moisture",23.046342155297,"%"
"S04","2025-01-03T07:45:00Z","soil_moisture",2.61955498654662,"%"
"S04","2025-01-03T07:50:00Z","soil_moisture",1.58226797129283,"%"
"S04","2025-01-03T07:55:00Z","soil_moisture",1.41493201267316,"%"
"S04","2025-01-03T08:00:00Z","soil_moisture",3.02395661017667,"%"
"S04","2025-01-03T08:05:00Z","soil_moisture",8.22795791693821,"%"
"S04","2025-01-03T08:10:00Z","soil_moisture",14.7373094838772,"%"
"S04","2025-01-03T08:15:00Z","soil_moisture",9.08497098216387,"%"
"S04","2025-01-03T08:20:00Z","soil_moisture",39.9253180178717,"%"
"S04","2025-01-03T08:25:00Z","soil_moisture",34.7630519593645,"%"
"S04","2025-01-03T08:30:00Z","soil_moisture",23.1354658006193,"%"
"S04","2025-01-03T08:35:00Z","soil_moisture",11.2185987167632,"%"
"S04","2025-01-03T08:40:00Z","soil_moisture",21.1222690924715,"%"
"S04","2025-01-03T08:45:00Z","soil_moisture",10.7565258849506,"%"
"S04","2025-01-03T08:50:00Z","soil_moisture",25.3445059187549,"%"
"S04","2025-01-03T08:55:00Z","soil_moisture",2.2199123949,"%"
"S04","2025-01-03T09:00:00Z","soil_moisture",21.3113849674898,"%"
"S04","2025-01-03T09:05:00Z","soil_moisture",12.2856727948274,"%"
"S04","2025-01-03T09:10:00Z","soil_moisture",2.09971011607267,"%"
"S04","2025-01-03T09:15:00Z","soil_moisture",17.4617822258824,"%"
"S04","2025-01-03T09:20:00Z","soil_moisture",33.3820305815867,"%"
"S04","2025-01-03T09:25:00Z","soil_moisture",30.5772261846869,"%"
"S04","2025-01-03T09:30:00Z","soil_moisture",40.9253901271303,"%"
"S04","2025-01-03T09:35:00Z","soil_moisture",35.7733225063406,"%"
"S04","2025-01-03T09:40:00Z","soil_moisture",26.3444822605774,"%"
"S04","2025-01-03T09:45:00Z","soil_moisture",28.4506270161264,"%"
"S04","2025-01-03T09:50:00Z","soil_moisture",25.6669669881599,"%"
"S04","2025-01-03T09:55:00Z","soil_moisture",44.7036980935094,"%"
"S04","2025-01-03T10:00:00Z","soil_moisture",32.8819210327686,"%"
"S04","2025-01-03T10:05:00Z","soil_moisture",42.416935899942,"%"
"S04","2025-01-03T10:10:00Z","soil_moisture",29.2919472574257,"%"
"S04","2025-01-03T10:15:00Z","soil_moisture",43.3197887556738,"%"
"S04","2025-01-03T10:20:00Z","soil_moisture",42.7066739008585,"%"
"S04","2025-01-03T10:25:00Z","soil_moisture",24.7603376559693,"%"
"S04","2025-01-03T10:30:00Z","soil_moisture",35.6918637831047,"%"
"S04","2025-01-03T10:35:00Z","soil_moisture",38.2170185844431,"%"
"S04","2025-01-03T10:40:00Z","soil_moisture",67.2144832636249,"%"
"S04","2025-01-03T10:45:00Z","soil_moisture",39.1133391440252,"%"
"S04","2025-01-03T10:50:00Z","soil_moisture",15.3995060401163,"%"
"S04","2025-01-03T10:55:00Z","soil_moisture",30.8102813390922,"%"
"S04","2025-01-03T11:00:00Z","soil_moisture",8.97667854060027,"%"
"S04","2025-01-03T11:05:00Z","soil_moisture",59.2732599369334,"%"
"S04","2025-01-03T11:10:00Z","soil_moisture",46.0092617069531,"%"
"S04","2025-01-03T11:15:00Z","soil_moisture",38.9599249716629,"%"
"S04","2025-01-03T11:20:00Z","soil_moisture",9.49578649661376,"%"
"S04","2025-01-03T11:25:00Z","soil_moisture",28.1562083698304,"%"
"S04","2025-01-03T11:30:00Z","soil_moisture",7.8482186036323,"%"
"S04","2025-01-03T11:35:00Z","soil_moisture",36.0374760591015,"%"
"S04","2025-01-03T11:40:00Z","soil_moisture",19.5027250797567,"%"
"S04","2025-01-03T11:45:00Z","soil_moisture",46.9771164851694,"%"
"S04","2025-01-03T11:50:00Z","soil_moisture",22.9336294015717,"%"
"S04","2025-01-03T11:55:00Z","soil_moisture",14.988335173365,"%"
"S04","2025-01-03T12:00:00Z","soil_moisture",39.9280362117586,"%"
"S04","2025-01-03T12:05:00Z","soil_moisture",50.3013439418185,"%"
"S04","2025-01-03T12:10:00Z","soil_moisture",36.2190041088795,"%"
"S04","2025-01-03T12:15:00Z","soil_moisture",35.3305403179601,"%"
"S04","2025-01-03T12:20:00Z","soil_moisture",41.6864233926441,"%"
"S04","2025-01-03T12:25:00Z","soil_moisture",24.4317789556307,"%"
"S04","2025-01-03T12:30:00Z","soil_moisture",7.18978201746428,"%"
"S04","2025-01-03T12:35:00Z","soil_moisture",13.3090265526166,"%"
"S04","2025-01-03T12:40:00Z","soil_moisture",47.9558772131854,"%"
"S04","2025-01-03T12:45:00Z","soil_moisture",17.4317991398742,"%"
"S04","2025-01-03T12:50:00Z","soil_moisture",33.0779593807809,"%"
"S04","2025-01-03T12:55:00Z","soil_moisture",17.6954239150801,"%"
"S04","2025-01-03T13:00:00Z","soil_moisture",11.9351704537954,"%"
"S04","2025-01-03T13:05:00Z","soil_moisture",24.7972726078852,"%"
"S04","2025-01-03T13:10:00Z","soil_moisture",34.9905789099302,"%"
"S04","2025-01-03T13:15:00Z","soil_moisture",33.0784030033747,"%"
"S04","2025-01-03T13:20:00Z","soil_moisture",52.181187698341,"%"
"S04","2025-01-03T13:25:00Z","soil_moisture",46.4267083924209,"%"
"S04","2025-01-03T13:30:00Z","soil_moisture",56.6460971161369,"%"
"S04","2025-01-03T13:35:00Z","soil_moisture",64.7442984658036,"%"
"S04","2025-01-03T13:40:00Z","soil_moisture",33.8144672826577,"%"
"S04","2025-01-03T13:45:00Z","soil_moisture",36.9622857412971,"%"
"S04","2025-01-03T13:50:00Z","soil_moisture",40.1265990104704,"%"
"S04","2025-01-03T13:55:00Z","soil_moisture",62.3453972925945,"%"
"S04","2025-01-03T14:00:00Z","soil_moisture",42.9498378157182,"%"
"S04","2025-01-03T14:05:00Z","soil_moisture",25.6254769115513,"%"
"S04","2025-01-03T14:10:00Z","soil_moisture",26.0098078526582,"%"
"S04","2025-01-03T14:15:00Z","soil_moisture",14.7026544324157,"%"
"S04","2025-01-03T14:20:00Z","soil_moisture",33.6217788619372,"%"
"S04","2025-01-03T14:25:00Z","soil_moisture",39.8432982453128,"%"
"S04","2025-01-03T14:30:00Z","soil_moisture",29.3780898706875,"%"
"S04","2025-01-03T14:35:00Z","soil_moisture",63.6991144374377,"%"
"S04","2025-01-03T14:40:00Z","soil_moisture",25.9112868523646,"%"
"S04","2025-01-03T14:45:00Z","soil_moisture",16.7643298485465,"%"
"S04","2025-01-03T14:50:00Z","soil_moisture",17.1963533618573,"%"
"S04","2025-01-03T14:55:00Z","soil_moisture",36.9679408020555,"%"
"S04","2025-01-03T15:00:00Z","soil_moisture",26.0373900958066,"%"
"S04","2025-01-03T15:05:00Z","soil_moisture",29.7171596287651,"%"
"S04","2025-01-03T15:10:00Z","soil_moisture",24.693211016385,"%"
"S04","2025-01-03T15:15:00Z","soil_moisture",55.3780317281487,"%"
"S04","2025-01-03T15:20:00Z","soil_moisture",57.0388101068964,"%"
"S04","2025-01-03T15:25:00Z","soil_moisture",39.5843927237573,"%"
"S04","2025-01-03T15:30:00Z","soil_moisture",59.3874573525762,"%"
"S04","2025-01-03T15:35:00Z","soil_moisture",42.4942818680835,"%"
"S04","2025-01-03T15:40:00Z","soil_moisture",13.4284734102527,"%"
"S04","2025-01-03T15:45:00Z","soil_moisture",12.2492126429173,"%"
"S04","2025-01-03T15:50:00Z","soil_moisture",12.5572869516709,"%"
"S04","2025-01-03T15:55:00Z","soil_moisture",31.4666845778232,"%"
"S04","2025-01-03T16:00:00Z","soil_moisture",8.31079349394782,"%"
"S04","2025-01-03T16:05:00Z","soil_moisture",19.6258551462518,"%"
"S04","2025-01-03T16:10:00Z","soil_moisture",27.7065491618434,"%"
"S04","2025-01-03T16:15:00Z","soil_moisture",21.8614435806313,"%"
"S04","2025-01-03T16:20:00Z","soil_moisture",27.8468471979907,"%"
"S04","2025-01-03T16:25:00Z","soil_moisture",45.8872852989543,"%"
"S04","2025-01-03T16:30:00Z","soil_moisture",16.1989788008372,"%"
"S04","2025-01-03T16:35:00Z","soil_moisture",9.11408828787012,"%"
"S04","2025-01-03T16:40:00Z","soil_moisture",1.47455559659815,"%"
"S04","2025-01-03T16:45:00Z","soil_moisture",11.9353195663986,"%"
"S04","2025-01-03T16:50:00Z","soil_moisture",14.3221642471971,"%"
"S04","2025-01-03T16:55:00Z","soil_moisture",44.3880654037628,"%"
"S04","2025-01-03T17:00:00Z","soil_moisture",15.1261381573,"%"
"S04","2025-01-03T17:05:00Z","soil_moisture",18.4531915628821,"%"
"S04","2025-01-03T17:10:00Z","soil_moisture",9.53162530544941,"%"
"S04","2025-01-03T17:15:00Z","soil_moisture",17.0483437871007,"%"
"S04","2025-01-03T17:20:00Z","soil_moisture",38.281940189319,"%"
"S04","2025-01-03T17:25:00Z","soil_moisture",10.7745136977238,"%"
"S04","2025-01-03T17:30:00Z","soil_moisture",32.5873628707869,"%"
"S04","2025-01-03T17:35:00Z","soil_moisture",64.8359237529419,"%"
"S04","2025-01-03T17:40:00Z","soil_moisture",54.6934092419241,"%"
"S04","2025-01-03T17:45:00Z","soil_moisture",33.158751889977,"%"
"S04","2025-01-03T17:50:00Z","soil_moisture",31.5299285846319,"%"
"S04","2025-01-03T17:55:00Z","soil_moisture",17.8852944665574,"%"
"S04","2025-01-03T18:00:00Z","soil_moisture",15.0532310612999,"%"
"S04","2025-01-03T18:05:00Z","soil_moisture",4.20051778605063,"%"
"S04","2025-01-03T18:10:00Z","soil_moisture",11.8587468195074,"%"
"S04","2025-01-03T18:15:00Z","soil_moisture",32.8681747625496,"%"
"S04","2025-01-03T18:20:00Z","soil_moisture",39.0753716418508,"%"
"S04","2025-01-03T18:25:00Z","soil_moisture",58.7074029139313,"%"
"S04","2025-01-03T18:30:00Z","soil_moisture",35.9047362070029,"%"
"S04","2025-01-03T18:35:00Z","soil_moisture",43.7405511703899,"%"
"S04","2025-01-03T18:40:00Z","soil_moisture",33.9483224697357,"%"
"S04","2025-01-03T18:45:00Z","soil_moisture",36.9371161277826,"%"
"S04","2025-01-03T18:50:00Z","soil_moisture",35.0303128716578,"%"
"S04","2025-01-03T18:55:00Z","soil_moisture",6.90419295912212,"%"
"S04","2025-01-03T19:00:00Z","soil_moisture",31.8953066064611,"%"
"S04","2025-01-03T19:05:00Z","soil_moisture",20.0596385000618,"%"
"S04","2025-01-03T19:10:00Z","soil_moisture",11.6383024070709,"%"
"S04","2025-01-03T19:15:00Z","soil_moisture",42.7523695497618,"%"
"S04","2025-01-03T19:20:00Z","soil_moisture",38.9895097587715,"%"
"S04","2025-01-03T19:25:00Z","soil_moisture",22.7155872800117,"%"
"S04","2025-01-03T19:30:00Z","soil_moisture",10.5139914157709,"%"
"S04","2025-01-03T19:35:00Z","soil_moisture",21.4423531939726,"%"
"S04","2025-01-03T19:40:00Z","soil_moisture",28.1606292093727,"%"
"S04","2025-01-03T19:45:00Z","soil_moisture",27.3786849846894,"%"
"S04","2025-01-03T19:50:00Z","soil_moisture",38.3192497205833,"%"
"S04","2025-01-03T19:55:00Z","soil_moisture",18.1141171694225,"%"
"S04","2025-01-03T20:00:00Z","soil_moisture",15.59731969742,"%"
"S04","2025-01-03T20:05:00Z","soil_moisture",49.8145521792655,"%"
"S04","2025-01-03T20:10:00Z","soil_moisture",35.4111701264011,"%"
"S04","2025-01-03T20:15:00Z","soil_moisture",9.07138006031399,"%"
"S04","2025-01-03T20:20:00Z","soil_moisture",23.7859873861076,"%"
"S04","2025-01-03T20:25:00Z","soil_moisture",19.2209289061428,"%"
"S04","2025-01-03T20:30:00Z","soil_moisture",25.1945650472659,"%"
"S04","2025-01-03T20:35:00Z","soil_moisture",21.2904451159214,"%"
"S04","2025-01-03T20:40:00Z","soil_moisture",12.7898048602224,"%"
"S04","2025-01-03T20:45:00Z","soil_moisture",10.5830258336562,"%"
"S04","2025-01-03T20:50:00Z","soil_moisture",20.6635055376972,"%"
"S04","2025-01-03T20:55:00Z","soil_moisture",28.6077138578771,"%"
"S04","2025-01-03T21:00:00Z","soil_moisture",13.8446886286741,"%"
"S04","2025-01-03T21:05:00Z","soil_moisture",8.04049832123626,"%"
"S04","2025-01-03T21:10:00Z","soil_moisture",38.6421838654574,"%"
"S04","2025-01-03T21:15:00Z","soil_moisture",17.5826245703284,"%"
"S04","2025-01-03T21:20:00Z","soil_moisture",42.138121971516,"%"
"S04","2025-01-03T21:25:00Z","soil_moisture",60.1918773526261,"%"
"S04","2025-01-03T21:30:00Z","soil_moisture",12.6877780027853,"%"
"S04","2025-01-03T21:35:00Z","soil_moisture",32.5725497720314,"%"
"S04","2025-01-03T21:40:00Z","soil_moisture",22.4821939671213,"%"
"S04","2025-01-03T21:45:00Z","soil_moisture",15.4625016762619,"%"
"S04","2025-01-03T21:50:00Z","soil_moisture",15.1980978296151,"%"
"S04","2025-01-03T21:55:00Z","soil_moisture",12.5187788769668,"%"
"S04","2025-01-03T22:00:00Z","soil_moisture",18.0964655952661,"%"
"S04","2025-01-03T22:05:00Z","soil_moisture",23.1198853131053,"%"
"S04","2025-01-03T22:10:00Z","soil_moisture",39.0775601310103,"%"
"S04","2025-01-03T22:15:00Z","soil_moisture",38.7673107270113,"%"
"S04","2025-01-03T22:20:00Z","soil_moisture",63.5674604438504,"%"
"S04","2025-01-03T22:25:00Z","soil_moisture",79.4223605949443,"%"
"S04","2025-01-03T22:30:00Z","soil_moisture",41.5756400255852,"%"
"S04","2025-01-03T22:35:00Z","soil_moisture",17.4966135184371,"%"
"S04","2025-01-03T22:40:00Z","soil_moisture",42.3717922713151,"%"
"S04","2025-01-03T22:45:00Z","soil_moisture",40.6346285778167,"%"
"S04","2025-01-03T22:50:00Z","soil_moisture",32.7583512821963,"%"
"S04","2025-01-03T22:55:00Z","soil_moisture",9.96947494218136,"%"
