"sensor_id","timestamp","variable","value","unit"
"S01","2024-12-31T23:00:00Z","rainfall_intensity",0,"mm/h"
"S01","2024-12-31T23:05:00Z","rainfall_intensity",0.211792492817945,"mm/h"
"S01","2024-12-31T23:10:00Z","rainfall_intensity",0,"mm/h"
"S01","2024-12-31T23:15:00Z","rainfall_intensity",0,"mm/h"
"S01","2024-12-31T23:20:00Z","rainfall_intensity",0,"mm/h"
"S01","2024-12-31T23:25:00Z","rainfall_intensity",0,"mm/h"
"S01","2024-12-31T23:30:00Z","rainfall_intensity",0,"mm/h"
"S01","2024-12-31T23:35:00Z","rainfall_intensity",0,"mm/h"
"S01","2024-12-31T23:40:00Z","rainfall_intensity",0,"mm/h"
"S01","2024-12-31T23:45:00Z","rainfall_intensity",0,"mm/h"
"S01","2024-12-31T23:50:00Z","rainfall_intensity",0,"mm/h"
"S01","2024-12-31T23:55:00Z","rainfall_intensity",1.02284409311489,"mm/h"
"S01","2025-01-01T00:00:00Z","rainfall_intensity",0.00961650465297135,"mm/h"
"S01","2025-01-01T00:05:00Z","rainfall_intensity",0.888673231677305,"mm/h"
"S01","2025-01-01T00:10:00Z","rainfall_intensity",0,"mm/h"
"S01","2025-01-01T00:15:00Z","rainfall_intensity",0,"mm/h"
"S01","2025-01-01T00:20:00Z","rainfall_intensity",0,"mm/h"
"S01","2025-01-01T00:25:00Z","rainfall_intensity",0,"mm/h"
"S01","2025-01-01T00:30:00Z","rainfall_intensity",0,"mm/h"
"S01","2025-01-01T00:35:00Z","rainfall_intensity",0,"mm/h"
"S01","2025-01-01T00:40:00Z","rainfall_intensity",0,"mm/h"
"S01","2025-01-01T00:45:00Z","rainfall_intensity",0,"mm/h"
"S01","2025-01-01T00:50:00Z","rainfall_intensity",0,"mm/h"
"S01","2025-01-01T00:55:00Z","rainfall_intensity",0.144298991852118,"mm/h"
"S01","2025-01-01T01:00:00Z","rainfall_intensity",0.426339761901459,"mm/h"
"S01","2025-01-01T01:05:00Z","rainfall_intensity",0.674980106810358,"mm/h"
"S01","2025-01-01T01:10:00Z","rainfall_intensity",2.16098863185313,"mm/h"
"S01","2025-01-01T01:15:00Z","rainfall_intensity",0.456724491927389,"mm/h"
"S01","2025-01-01T01:20:00Z","rainfall_intensity",2.02702985827894,"mm/h"
"S01","2025-01-01T01:25:00Z","rainfall_intensity",0.962992859568747,"mm/h"
"S01","2025-01-01T01:30:00Z","rainfall_intensity",0,"mm/h"
"S01","2025-01-01T01:35:00Z","rainfall_intensity",0,"mm/h"
"S01","2025-01-01T01:40:00Z","rainfall_intensity",0.642988615129149,"mm/h"
"S01","2025-01-01T01:45:00Z","rainfall_intensity",0.0361233493995146,"mm/h"
"S01","2025-01-01T01:50:00Z","rainfall_intensity",0,"mm/h"
"S01","2025-01-01T01:55:00Z","rainfall_intensity",0,"mm/h"
"S01","2025-01-01T02:00:00Z","rainfall_intensity",0,"mm/h"
"S01","2025-01-01T02:05:00Z","rainfall_intensity",0,"mm/h"
"S01","2025-01-01T02:10:00Z","rainfall_intensity",0,"mm/h"
"S01","2025-01-01T02:15:00Z","rainfall_intensity",1.19462180778726,"mm/h"
"S01","2025-01-01T02:20:00Z","rainfall_intensity",0.226197461388625,"mm/h"
"S01","2025-01-01T02:25:00Z","rainfall_intensity",0,"mm/h"
"S01","2025-01-01T02:30:00Z","rainfall_intensity",0,"mm/h"
"S01","2025-01-01T02:35:00Z","rainfall_intensity",0,"mm/h"
"S01","2025-01-01T02:40:00Z","rainfall_intensity",0,"mm/h"
"S01","2025-01-01T02:45:00Z","rainfall_intensity",0,"mm/h"
"S01","2025-01-01T02:50:00Z","rainfall_intensity",0,"mm/h"
"S01","2025-01-01T02:55:00Z","rainfall_intensity",0,"mm/h"
"S01","2025-01-01T03:00:00Z","rainfall_intensity",0,"mm/h"
"S01","2025-01-01T03:05:00Z","rainfall_intensity",0,"mm/h"
"S01","2025-01-01T03:10:00Z","rainfall_intensity",0,"mm/h"
"S01","2025-01-01T03:15:00Z","rainfall_intensity",1.06428391661337,"mm/h"
"S01","2025-01-01T03:20:00Z","rainfall_intensity",0.458087947283098,"mm/h"
"S01","2025-01-01T03:25:00Z","rainfall_intensity",1.97338070418681,"mm/h"
"S01","2025-01-01T03:30:00Z","rainfall_intensity",0.308192735923352,"mm/h"
"S01","2025-01-01T03:35:00Z","rainfall_intensity",0.0519448071483777,"mm/h"
"S01","2025-01-01T03:40:00Z","rainfall_intensity",0,"mm/h"
"S01","2025-01-01T03:45:00Z","rainfall_intensity",0,"mm/h"
"S01","2025-01-01T03:50:00Z","rainfall_intensity",0,"mm/h"
"S01","2025-01-01T03:55:00Z","rainfall_intensity",0,"mm/h"
"S01","2025-01-01T04:00:00Z","rainfall_intensity",0,"mm/h"
"S01","2025-01-01T04:05:00Z","rainfall_intensity",0,"mm/h"
"S01","2025-01-01T04:10:00Z","rainfall_intensity",0,"mm/h"
"S01","2025-01-01T04:15:00Z","rainfall_intensity",0,"mm/h"
"S01","2025-01-01T04:20:00Z","rainfall_intensity",0,"mm/h"
"S01","2025-01-01T04:25:00Z","rainfall_intensity",0,"mm/h"
"S01","2025-01-01T04:30:00Z","rainfall_intensity",0,"mm/h"
"S01","2025-01-01T04:35:00Z","rainfall_intensity",0,"mm/h"
"S01","2025-01-01T04:40:00Z","rainfall_intensity",0.0329852889074897,"mm/h"
"S01","2025-01-01T04:45:00Z","rainfall_intensity",1.27545103421866,"mm/h"
"S01","2025-01-01T04:50:00Z","rainfall_intensity",0.227647308375221,"mm/h"
"S01","2025-01-01T04:55:00Z","rainfall_intensity",0,"mm/h"
"S01","2025-01-01T05:00:00Z","rainfall_intensity",0,"mm/h"
"S01","2025-01-01T05:05:00Z","rainfall_intensity",0,"mm/h"
"S01","2025-01-01T05:10:00Z","rainfall_intensity",5.36321138739866,"mm/h"
"S01","2025-01-01T05:15:00Z","rainfall_intensity",6.73121496062363,"mm/h"
"S01","2025-01-01T05:20:00Z","rainfall_intensity",7.57248711336478,"mm/h"
"S01","2025-01-01T05:25:00Z","rainfall_intensity",11.0910494567339,"mm/h"
"S01","2025-01-01T05:30:00Z","rainfall_intensity",5.24622277992145,"mm/h"
"S01","2025-01-01T05:35:00Z","rainfall_intensity",5.91565509185144,"mm/h"
"S01","2025-01-01T05:40:00Z","rainfall_intensity",2.62675059511384,"mm/h"
"S01","2025-01-01T05:45:00Z","rainfall_intensity",3.84359450125211,"mm/h"
"S01","2025-01-01T05:50:00Z","rainfall_intensity",3.76127026985096,"mm/h"
"S01","2025-01-01T05:55:00Z","rainfall_intensity",4.21764891996338,"mm/h"
"S01","2025-01-01T06:00:00Z","rainfall_intensity",3.2662896804231,"mm/h"
"S01","2025-01-01T06:05:00Z","rainfall_intensity",2.68853493427761,"mm/h"
"S01","2025-01-01T06:10:00Z","rainfall_intensity",0.535235602113125,"mm/h"
"S01","2025-01-01T06:15:00Z","rainfall_intensity",6.29167866181515,"mm/h"
"S01","2025-01-01T06:20:00Z","rainfall_intensity",6.03904348273228,"mm/h"
"S01","2025-01-01T06:25:00Z","rainfall_intensity",2.84732909361482,"mm/h"
"S01","2025-01-01T06:30:00Z","rainfall_intensity",9.37253275855245,"mm/h"
"S01","2025-01-01T06:35:00Z","rainfall_intensity",4.18305254899188,"mm/h"
"S01","2025-01-01T06:40:00Z","rainfall_intensity",3.80107787685389,"mm/h"
"S01","2025-01-01T06:45:00Z","rainfall_intensity",2.11994217484137,"mm/h"
"S01","2025-01-01T06:50:00Z","rainfall_intensity",6.57836704534196,"mm/h"
"S01","2025-01-01T06:55:00Z","rainfall_intensity",14.4875384297699,"mm/h"
"S01","2025-01-01T07:00:00Z","rainfall_intensity",10.1771526254314,"mm/h"
"S01","2025-01-01T07:05:00Z","rainfall_intensity",1.28738435158874,"mm/h"
"S01","2025-01-01T07:10:00Z","rainfall_intensity",1.6748157309038,"mm/h"
"S01","2025-01-01T07:15:00Z","rainfall_intensity",2.73400736631624,"mm/h"
"S01","2025-01-01T07:20:00Z","rainfall_intensity",1.59314109710631,"mm/h"
"S01","2025-01-01T07:25:00Z","rainfall_intensity",1.60843978643439,"mm/h"
"S01","2025-01-01T07:30:00Z","rainfall_intensity",1.36864258117628,"mm/h"
"S01","2025-01-01T07:35:00Z","rainfall_intensity",0,"mm/h"
"S01","2025-01-01T07:40:00Z","rainfall_intensity",1.01739989656507,"mm/h"
"S01","2025-01-01T07:45:00Z","rainfall_intensity",1.62084354500752,"mm/h"
"S01","2025-01-01T07:50:00Z","rainfall_intensity",0.646468660838967,"mm/h"
"S01","2025-01-01T07:55:00Z","rainfall_intensity",0,"mm/h"
"S01","2025-01-01T08:00:00Z","rainfall_intensity",0,"mm/h"
"S01","2025-01-01T08:05:00Z","rainfall_intensity",0,"mm/h"
"S01","2025-01-01T08:10:00Z","rainfall_intensity",0,"mm/h"
"S01","2025-01-01T08:15:00Z","rainfall_intensity",0,"mm/h"
"S01","2025-01-01T08:20:00Z","rainfall_intensity",0,"mm/h"
"S01","2025-01-01T08:25:00Z","rainfall_intensity",0,"mm/h"
"S01","2025-01-01T08:30:00Z","rainfall_intensity",0.3697475498426,"mm/h"
"S01","2025-01-01T08:35:00Z","rainfall_intensity",0.370752865462313,"mm/h"
"S01","2025-01-01T08:40:00Z","rainfall_intensity",0.12218117557481,"mm/h"
"S01","2025-01-01T08:45:00Z","rainfall_intensity",0.382680068964905,"mm/h"
"S01","2025-01-01T08:50:00Z","rainfall_intensity",0,"mm/h"
"S01","2025-01-01T08:55:00Z","rainfall_intensity",0,"mm/h"
"S01","2025-01-01T09:00:00Z","rainfall_intensity",0,"mm/h"
"S01","2025-01-01T09:05:00Z","rainfall_intensity",0,"mm/h"
"S01","2025-01-01T09:10:00Z","rainfall_intensity",0,"mm/h"
"S01","2025-01-01T09:15:00Z","rainfall_intensity",0,"mm/h"
"S01","2025-01-01T09:20:00Z","rainfall_intensity",0,"mm/h"
"S01","2025-01-01T09:25:00Z","rainfall_intensity",0,"mm/h"
"S01","2025-01-01T09:30:00Z","rainfall_intensity",0,"mm/h"
"S01","2025-01-01T09:35:00Z","rainfall_intensity",0.852165521259068,"mm/h"
"S01","2025-01-01T09:40:00Z","rainfall_intensity",2.19706917152211,"mm/h"
"S01","2025-01-01T09:45:00Z","rainfall_intensity",0,"mm/h"
"S01","2025-01-01T09:50:00Z","rainfall_intensity",0,"mm/h"
"S01","2025-01-01T09:55:00Z","rainfall_intensity",0,"mm/h"
"S01","2025-01-01T10:00:00Z","rainfall_intensity",0,"mm/h"
"S01","2025-01-01T10:05:00Z","rainfall_intensity",1.44248240111012,"mm/h"
"S01","2025-01-01T10:10:00Z","rainfall_intensity",0.82205418259315,"mm/h"
"S01","2025-01-01T10:15:00Z","rainfall_intensity",1.13477496400288,"mm/h"
"S01","2025-01-01T10:20:00Z","rainfall_intensity",0,"mm/h"
"S01","2025-01-01T10:25:00Z","rainfall_intensity",1.95944166354777,"mm/h"
"S01","2025-01-01T10:30:00Z","rainfall_intensity",0,"mm/h"
"S01","2025-01-01T10:35:00Z","rainfall_intensity",0,"mm/h"
"S01","2025-01-01T10:40:00Z","rainfall_intensity",0,"mm/h"
"S01","2025-01-01T10:45:00Z","rainfall_intensity",0,"mm/h"
"S01","2025-01-01T10:50:00Z","rainfall_intensity",0,"mm/h"
"S01","2025-01-01T10:55:00Z","rainfall_intensity",0,"mm/h"
"S01","2025-01-01T11:00:00Z","rainfall_intensity",0,"mm/h"
"S01","2025-01-01T11:05:00Z","rainfall_intensity",0,"mm/h"
"S01","2025-01-01T11:10:00Z","rainfall_intensity",0,"mm/h"
"S01","2025-01-01T11:15:00Z","rainfall_intensity",0,"mm/h"
"S01","2025-01-01T11:20:00Z","rainfall_intensity",0.124677399204554,"mm/h"
"S01","2025-01-01T11:25:00Z","rainfall_intensity",0.874784318621525,"mm/h"
"S01","2025-01-01T11:30:00Z","rainfall_intensity",0,"mm/h"
"S01","2025-01-01T11:35:00Z","rainfall_intensity",0,"mm/h"
"S01","2025-01-01T11:40:00Z","rainfall_intensity",1.16376574585489,"mm/h"
"S01","2025-01-01T11:45:00Z","rainfall_intensity",0.347492331892449,"mm/h"
"S01","2025-01-01T11:50:00Z","rainfall_intensity",0,"mm/h"
"S01","2025-01-01T11:55:00Z","rainfall_intensity",0,"mm/h"
"S01","2025-01-01T12:00:00Z","rainfall_intensity",0,"mm/h"
"S01","2025-01-01T12:05:00Z","rainfall_intensity",0,"mm/h"
"S01","2025-01-01T12:10:00Z","rainfall_intensity",0,"mm/h"
"S01","2025-01-01T12:15:00Z","rainfall_intensity",0,"mm/h"
"S01","2025-01-01T12:20:00Z","rainfall_intensity",0,"mm/h"
"S01","2025-01-01T12:25:00Z","rainfall_intensity",0,"mm/h"
"S01","2025-01-01T12:30:00Z","rainfall_intensity",0,"mm/h"
"S01","2025-01-01T12:35:00Z","rainfall_intensity",0,"mm/h"
"S01","2025-01-01T12:40:00Z","rainfall_intensity",0,"mm/h"
"S01","2025-01-01T12:45:00Z","rainfall_intensity",0,"mm/h"
"S01","2025-01-01T12:50:00Z","rainfall_intensity",2.05427559714093,"mm/h"
"S01","2025-01-01T12:55:00Z","rainfall_intensity",1.07132895852488,"mm/h"
"S01","2025-01-01T13:00:00Z","rainfall_intensity",0.124364470917999,"mm/h"
"S01","2025-01-01T13:05:00Z","rainfall_intensity",0,"mm/h"
"S01","2025-01-01T13:10:00Z","rainfall_intensity",0,"mm/h"
"S01","2025-01-01T13:15:00Z","rainfall_intensity",0,"mm/h"
"S01","2025-01-01T13:20:00Z","rainfall_intensity",0,"mm/h"
"S01","2025-01-01T13:25:00Z","rainfall_intensity",0,"mm/h"
"S01","2025-01-01T13:30:00Z","rainfall_intensity",0,"mm/h"
"S01","2025-01-01T13:35:00Z","rainfall_intensity",0.918914874466505,"mm/h"
"S01","2025-01-01T13:40:00Z","rainfall_intensity",0.998877542446338,"mm/h"
"S01","2025-01-01T13:45:00Z","rainfall_intensity",3.40702108483636,"mm/h"
"S01","2025-01-01T13:50:00Z","rainfall_intensity",0.948909109776933,"mm/h"
"S01","2025-01-01T13:55:00Z","rainfall_intensity",0.0483907490170769,"mm/h"
"S01","2025-01-01T14:00:00Z","rainfall_intensity",4.92502570414968,"mm/h"
"S01","2025-01-01T14:05:00Z","rainfall_intensity",0.0248360304073221,"mm/h"
"S01","2025-01-01T14:10:00Z","rainfall_intensity",0,"mm/h"
"S01","2025-01-01T14:15:00Z","rainfall_intensity",0,"mm/h"
"S01","2025-01-01T14:20:00Z","rainfall_intensity",0,"mm/h"
"S01","2025-01-01T14:25:00Z","rainfall_intensity",0,"mm/h"
"S01","2025-01-01T14:30:00Z","rainfall_intensity",0,"mm/h"
"S01","2025-01-01T14:35:00Z","rainfall_intensity",0,"mm/h"
"S01","2025-01-01T14:40:00Z","rainfall_intensity",0,"mm/h"
"S01","2025-01-01T14:45:00Z","rainfall_intensity",0,"mm/h"
"S01","2025-01-01T14:50:00Z","rainfall_intensity",0,"mm/h"
"S01","2025-01-01T14:55:00Z","rainfall_intensity",0,"mm/h"
"S01","2025-01-01T15:00:00Z","rainfall_intensity",0,"mm/h"
"S01","2025-01-01T15:05:00Z","rainfall_intensity",0,"mm/h"
"S01","2025-01-01T15:10:00Z","rainfall_intensity",0,"mm/h"
"S01","2025-01-01T15:15:00Z","rainfall_intensity",0.400521052272992,"mm/h"
"S01","2025-01-01T15:20:00Z","rainfall_intensity",0,"mm/h"
"S01","2025-01-01T15:25:00Z","rainfall_intensity",0.0177395194392613,"mm/h"
"S01","2025-01-01T15:30:00Z","rainfall_intensity",0,"mm/h"
"S01","2025-01-01T15:35:00Z","rainfall_intensity",0,"mm/h"
"S01","2025-01-01T15:40:00Z","rainfall_intensity",0,"mm/h"
"S01","2025-01-01T15:45:00Z","rainfall_intensity",0,"mm/h"
"S01","2025-01-01T15:50:00Z","rainfall_intensity",0,"mm/h"
"S01","2025-01-01T15:55:00Z","rainfall_intensity",0,"mm/h"
"S01","2025-01-01T16:00:00Z","rainfall_intensity",0,"mm/h"
"S01","2025-01-01T16:05:00Z","rainfall_intensity",0,"mm/h"
"S01","2025-01-01T16:10:00Z","rainfall_intensity",0,"mm/h"
"S01","2025-01-01T16:15:00Z","rainfall_intensity",0,"mm/h"
"S01","2025-01-01T16:20:00Z","rainfall_intensity",0,"mm/h"
"S01","2025-01-01T16:25:00Z","rainfall_intensity",0,"mm/h"
"S01","2025-01-01T16:30:00Z","rainfall_intensity",0,"mm/h"
"S01","2025-01-01T16:35:00Z","rainfall_intensity",0,"mm/h"
"S01","2025-01-01T16:40:00Z","rainfall_intensity",0,"mm/h"
"S01","2025-01-01T16:45:00Z","rainfall_intensity",0,"mm/h"
"S01","2025-01-01T16:50:00Z","rainfall_intensity",0.254177259956234,"mm/h"
"S01","2025-01-01T16:55:00Z","rainfall_intensity",0,"mm/h"
"S01","2025-01-01T17:00:00Z","rainfall_intensity",0,"mm/h"
"S01","2025-01-01T17:05:00Z","rainfall_intensity",0,"mm/h"
"S01","2025-01-01T17:10:00Z","rainfall_intensity",0,"mm/h"
"S01","2025-01-01T17:15:00Z","rainfall_intensity",0,"mm/h"
"S01","2025-01-01T17:20:00Z","rainfall_intensity",0,"mm/h"
"S01","2025-01-01T17:25:00Z","rainfall_intensity",0,"mm/h"
"S01","2025-01-01T17:30:00Z","rainfall_intensity",0,"mm/h"
"S01","2025-01-01T17:35:00Z","rainfall_intensity",0,"mm/h"
"S01","2025-01-01T17:40:00Z","rainfall_intensity",0,"mm/h"
"S01","2025-01-01T17:45:00Z","rainfall_intensity",0,"mm/h"
"S01","2025-01-01T17:50:00Z","rainfall_intensity",0,"mm/h"
"S01","2025-01-01T17:55:00Z","rainfall_intensity",0,"mm/h"
"S01","2025-01-01T18:00:00Z","rainfall_intensity",0,"mm/h"
"S01","2025-01-01T18:05:00Z","rainfall_intensity",0,"mm/h"
"S01","2025-01-01T18:10:00Z","rainfall_intensity",0,"mm/h"
"S01","2025-01-01T18:15:00Z","rainfall_intensity",0,"mm/h"
"S01","2025-01-01T18:20:00Z","rainfall_intensity",0,"mm/h"
"S01","2025-01-01T18:25:00Z","rainfall_intensity",0,"mm/h"
"S01","2025-01-01T18:30:00Z","rainfall_intensity",0,"mm/h"
"S01","2025-01-01T18:35:00Z","rainfall_intensity",0,"mm/h"
"S01","2025-01-01T18:40:00Z","rainfall_intensity",0,"mm/h"
"S01","2025-01-01T18:45:00Z","rainfall_intensity",0,"mm/h"
"S01","2025-01-01T18:50:00Z","rainfall_intensity",0,"mm/h"
"S01","2025-01-01T18:55:00Z","rainfall_intensity",0,"mm/h"
"S01","2025-01-01T19:00:00Z","rainfall_intensity",0,"mm/h"
"S01","2025-01-01T19:05:00Z","rainfall_intensity",0,"mm/h"
"S01","2025-01-01T19:10:00Z","rainfall_intensity",0,"mm/h"
"S01","2025-01-01T19:15:00Z","rainfall_intensity",0,"mm/h"
"S01","2025-01-01T19:20:00Z","rainfall_intensity",0,"mm/h"
"S01","2025-01-01T19:25:00Z","rainfall_intensity",0,"mm/h"
"S01","2025-01-01T19:30:00Z","rainfall_intensity",0,"mm/h"
"S01","2025-01-01T19:35:00Z","rainfall_intensity",0,"mm/h"
"S01","2025-01-01T19:40:00Z","rainfall_intensity",0,"mm/h"
"S01","2025-01-01T19:45:00Z","rainfall_intensity",0.0805336032287835,"mm/h"
"S01","2025-01-01T19:50:00Z","rainfall_intensity",0.483661086071789,"mm/h"
"S01","2025-01-01T19:55:00Z","rainfall_intensity",0.308971896636794,"mm/h"
"S01","2025-01-01T20:00:00Z","rainfall_intensity",0,"mm/h"
"S01","2025-01-01T20:05:00Z","rainfall_intensity",0.320236709309057,"mm/h"
"S01","2025-01-01T20:10:00Z","rainfall_intensity",1.97470015582613,"mm/h"
"S01","2025-01-01T20:15:00Z","rainfall_intensity",0,"mm/h"
"S01","2025-01-01T20:20:00Z","rainfall_intensity",0,"mm/h"
"S01","2025-01-01T20:25:00Z","rainfall_intensity",0,"mm/h"
"S01","2025-01-01T20:30:00Z","rainfall_intensity",0.275672857936217,"mm/h"
"S01","2025-01-01T20:35:00Z","rainfall_intensity",4.67410760909139,"mm/h"
"S01","2025-01-01T20:40:00Z","rainfall_intensity",1.0063977411438,"mm/h"
"S01","2025-01-01T20:45:00Z","rainfall_intensity",1.08559208881133,"mm/h"
"S01","2025-01-01T20:50:00Z","rainfall_intensity",0.51941546691025,"mm/h"
"S01","2025-01-01T20:55:00Z","rainfall_intensity",0.112457607427808,"mm/h"
"S01","2025-01-01T21:00:00Z","rainfall_intensity",1.20931927092091,"mm/h"
"S01","2025-01-01T21:05:00Z","rainfall_intensity",0,"mm/h"
"S01","2025-01-01T21:10:00Z","rainfall_intensity",0,"mm/h"
"S01","2025-01-01T21:15:00Z","rainfall_intensity",0,"mm/h"
"S01","2025-01-01T21:20:00Z","rainfall_intensity",0.104467674131352,"mm/h"
"S01","2025-01-01T21:25:00Z","rainfall_intensity",0,"mm/h"
"S01","2025-01-01T21:30:00Z","rainfall_intensity",0,"mm/h"
"S01","2025-01-01T21:35:00Z","rainfall_intensity",0,"mm/h"
"S01","2025-01-01T21:40:00Z","rainfall_intensity",0,"mm/h"
"S01","2025-01-01T21:45:00Z","rainfall_intensity",0,"mm/h"
"S01","2025-01-01T21:50:00Z","rainfall_intensity",0,"mm/h"
"S01","2025-01-01T21:55:00Z","rainfall_intensity",0,"mm/h"
"S01","2025-01-01T22:00:00Z","rainfall_intensity",0,"mm/h"
"S01","2025-01-01T22:05:00Z","rainfall_intensity",0,"mm/h"
"S01","2025-01-01T22:10:00Z","rainfall_intensity",0,"mm/h"
"S01","2025-01-01T22:15:00Z","rainfall_intensity",0,"mm/h"
"S01","2025-01-01T22:20:00Z","rainfall_intensity",0,"mm/h"
"S01","2025-01-01T22:25:00Z","rainfall_intensity",0.323363282831981,"mm/h"
"S01","2025-01-01T22:30:00Z","rainfall_intensity",0,"mm/h"
"S01","2025-01-01T22:35:00Z","rainfall_intensity",0,"mm/h"
"S01","2025-01-01T22:40:00Z","rainfall_intensity",0,"mm/h"
"S01","2025-01-01T22:45:00Z","rainfall_intensity",0,"mm/h"
"S01","2025-01-01T22:50:00Z","rainfall_intensity",0,"mm/h"
"S01","2025-01-01T22:55:00Z","rainfall_intensity",0,"mm/h"
"S01","2025-01-01T23:00:00Z","rainfall_intensity",0,"mm/h"
"S01","2025-01-01T23:05:00Z","rainfall_intensity",0,"mm/h"
"S01","2025-01-01T23:10:00Z","rainfall_intensity",0,"mm/h"
"S01","2025-01-01T23:15:00Z","rainfall_intensity",0.0509231657902225,"mm/h"
"S01","2025-01-01T23:20:00Z","rainfall_intensity",0,"mm/h"
"S01","2025-01-01T23:25:00Z","rainfall_intensity",0.310523839043066,"mm/h"
"S01","2025-01-01T23:30:00Z","rainfall_intensity",0,"mm/h"
"S01","2025-01-01T23:35:00Z","rainfall_intensity",0,"mm/h"
"S01","2025-01-01T23:40:00Z","rainfall_intensity",0,"mm/h"
"S01","2025-01-01T23:45:00Z","rainfall_intensity",0.160580264808706,"mm/h"
"S01","2025-01-01T23:50:00Z","rainfall_intensity",3.30725555973455,"mm/h"
"S01","2025-01-01T23:55:00Z","rainfall_intensity",4.57978059015251,"mm/h"
"S01","2025-01-02T00:00:00Z","rainfall_intensity",0.303892721811285,"mm/h"
"S01","2025-01-02T00:05:00Z","rainfall_intensity",0.00443793687975167,"mm/h"
"S01","2025-01-02T00:10:00Z","rainfall_intensity",2.7452273273548,"mm/h"
"S01","2025-01-02T00:15:00Z","rainfall_intensity",0,"mm/h"
"S01","2025-01-02T00:20:00Z","rainfall_intensity",0.0137845019540034,"mm/h"
"S01","2025-01-02T00:25:00Z","rainfall_intensity",0,"mm/h"
"S01","2025-01-02T00:30:00Z","rainfall_intensity",0,"mm/h"
"S01","2025-01-02T00:35:00Z","rainfall_intensity",0.413492272081926,"mm/h"
"S01","2025-01-02T00:40:00Z","rainfall_intensity",0,"mm/h"
"S01","2025-01-02T00:45:00Z","rainfall_intensity",0,"mm/h"
"S01","2025-01-02T00:50:00Z","rainfall_intensity",0,"mm/h"
"S01","2025-01-02T00:55:00Z","rainfall_intensity",0,"mm/h"
"S01","2025-01-02T01:00:00Z","rainfall_intensity",0,"mm/h"
"S01","2025-01-02T01:05:00Z","rainfall_intensity",0,"mm/h"
"S01","2025-01-02T01:10:00Z","rainfall_intensity",1.48583695984749,"mm/h"
"S01","2025-01-02T01:15:00Z","rainfall_intensity",0,"mm/h"
"S01","2025-01-02T01:20:00Z","rainfall_intensity",0.024513168033331,"mm/h"
"S01","2025-01-02T01:25:00Z","rainfall_intensity",0,"mm/h"
"S01","2025-01-02T01:30:00Z","rainfall_intensity",2.05524084043978,"mm/h"
"S01","2025-01-02T01:35:00Z","rainfall_intensity",0.19943588181687,"mm/h"
"S01","2025-01-02T01:40:00Z","rainfall_intensity",0,"mm/h"
"S01","2025-01-02T01:45:00Z","rainfall_intensity",0,"mm/h"
"S01","2025-01-02T01:50:00Z","rainfall_intensity",0.0607836604558973,"mm/h"
"S01","2025-01-02T01:55:00Z","rainfall_intensity",1.06105472175393,"mm/h"
"S01","2025-01-02T02:00:00Z","rainfall_intensity",0.0665943008104245,"mm/h"
"S01","2025-01-02T02:05:00Z","rainfall_intensity",0,"mm/h"
"S01","2025-01-02T02:10:00Z","rainfall_intensity",0,"mm/h"
"S01","2025-01-02T02:15:00Z","rainfall_intensity",0.459522926876436,"mm/h"
"S01","2025-01-02T02:20:00Z","rainfall_intensity",0,"mm/h"
"S01","2025-01-02T02:25:00Z","rainfall_intensity",0.370760452144149,"mm/h"
"S01","2025-01-02T02:30:00Z","rainfall_intensity",3.42984222280586,"mm/h"
"S01","2025-01-02T02:35:00Z","rainfall_intensity",3.99513578669077,"mm/h"
"S01","2025-01-02T02:40:00Z","rainfall_intensity",3.14877087272061,"mm/h"
"S01","2025-01-02T02:45:00Z","rainfall_intensity",0.417438806506721,"mm/h"
"S01","2025-01-02T02:50:00Z","rainfall_intensity",2.83668676549218,"mm/h"
"S01","2025-01-02T02:55:00Z","rainfall_intensity",2.06434120269961,"mm/h"
"S01","2025-01-02T03:00:00Z","rainfall_intensity",0,"mm/h"
"S01","2025-01-02T03:05:00Z","rainfall_intensity",0,"mm/h"
"S01","2025-01-02T03:10:00Z","rainfall_intensity",1.66720967440349,"mm/h"
"S01","2025-01-02T03:15:00Z","rainfall_intensity",0.343191191930113,"mm/h"
"S01","2025-01-02T03:20:00Z","rainfall_intensity",0.415441306791359,"mm/h"
"S01","2025-01-02T03:25:00Z","rainfall_intensity",1.29441951217055,"mm/h"
"S01","2025-01-02T03:30:00Z","rainfall_intensity",2.99591944082526,"mm/h"
"S01","2025-01-02T03:35:00Z","rainfall_intensity",2.66914239423088,"mm/h"
"S01","2025-01-02T03:40:00Z","rainfall_intensity",1.9779213924829,"mm/h"
"S01","2025-01-02T03:45:00Z","rainfall_intensity",0.695644780082284,"mm/h"
"S01","2025-01-02T03:50:00Z","rainfall_intensity",0,"mm/h"
"S01","2025-01-02T03:55:00Z","rainfall_intensity",0,"mm/h"
"S01","2025-01-02T04:00:00Z","rainfall_intensity",0,"mm/h"
"S01","2025-01-02T04:05:00Z","rainfall_intensity",0,"mm/h"
"S01","2025-01-02T04:10:00Z","rainfall_intensity",0,"mm/h"
"S01","2025-01-02T04:15:00Z","rainfall_intensity",0,"mm/h"
"S01","2025-01-02T04:20:00Z","rainfall_intensity",0,"mm/h"
"S01","2025-01-02T04:25:00Z","rainfall_intensity",0.103000844288294,"mm/h"
"S01","2025-01-02T04:30:00Z","rainfall_intensity",0,"mm/h"
"S01","2025-01-02T04:35:00Z","rainfall_intensity",0,"mm/h"
"S01","2025-01-02T04:40:00Z","rainfall_intensity",0,"mm/h"
"S01","2025-01-02T04:45:00Z","rainfall_intensity",0,"mm/h"
"S01","2025-01-02T04:50:00Z","rainfall_intensity",0.263965330937853,"mm/h"
"S01","2025-01-02T04:55:00Z","rainfall_intensity",0,"mm/h"
"S01","2025-01-02T05:00:00Z","rainfall_intensity",0,"mm/h"
"S01","2025-01-02T05:05:00Z","rainfall_intensity",0,"mm/h"
"S01","2025-01-02T05:10:00Z","rainfall_intensity",0,"mm/h"
"S01","2025-01-02T05:15:00Z","rainfall_intensity",0,"mm/h"
"S01","2025-01-02T05:20:00Z","rainfall_intensity",0,"mm/h"
"S01","2025-01-02T05:25:00Z","rainfall_intensity",0,"mm/h"
"S01","2025-01-02T05:30:00Z","rainfall_intensity",0,"mm/h"
"S01","2025-01-02T05:35:00Z","rainfall_intensity",0,"mm/h"
"S01","2025-01-02T05:40:00Z","rainfall_intensity",0,"mm/h"
"S01","2025-01-02T05:45:00Z","rainfall_intensity",0.702169192042901,"mm/h"
"S01","2025-01-02T05:50:00Z","rainfall_intensity",0.900505855585663,"mm/h"
"S01","2025-01-02T05:55:00Z","rainfall_intensity",0.754616830282172,"mm/h"
"S01","2025-01-02T06:00:00Z","rainfall_intensity",0,"mm/h"
"S01","2025-01-02T06:05:00Z","rainfall_intensity",0.124733411360157,"mm/h"
"S01","2025-01-02T06:10:00Z","rainfall_intensity",1.72046452988237,"mm/h"
"S01","2025-01-02T06:15:00Z","rainfall_intensity",0,"mm/h"
"S01","2025-01-02T06:20:00Z","rainfall_intensity",0,"mm/h"
"S01","2025-01-02T06:25:00Z","rainfall_intensity",0.0033614455149125,"mm/h"
"S01","2025-01-02T06:30:00Z","rainfall_intensity",0,"mm/h"
"S01","2025-01-02T06:35:00Z","rainfall_intensity",1.27202865753603,"mm/h"
"S01","2025-01-02T06:40:00Z","rainfall_intensity",0,"mm/h"
"S01","2025-01-02T06:45:00Z","rainfall_intensity",0,"mm/h"
"S01","2025-01-02T06:50:00Z","rainfall_intensity",0,"mm/h"
"S01","2025-01-02T06:55:00Z","rainfall_intensity",0,"mm/h"
"S01","2025-01-02T07:00:00Z","rainfall_intensity",0,"mm/h"
"S01","2025-01-02T07:05:00Z","rainfall_intensity",0,"mm/h"
"S01","2025-01-02T07:10:00Z","rainfall_intensity",0,"mm/h"
"S01","2025-01-02T07:15:00Z","rainfall_intensity",0,"mm/h"
"S01","2025-01-02T07:20:00Z","rainfall_intensity",0.416209800884354,"mm/h"
"S01","2025-01-02T07:25:00Z","rainfall_intensity",0.396843860305125,"mm/h"
"S01","2025-01-02T07:30:00Z","rainfall_intensity",0,"mm/h"
"S01","2025-01-02T07:35:00Z","rainfall_intensity",0,"mm/h"
"S01","2025-01-02T07:40:00Z","rainfall_intensity",0.0297322358899644,"mm/h"
"S01","2025-01-02T07:45:00Z","rainfall_intensity",1.17033647576082,"mm/h"
"S01","2025-01-02T07:50:00Z","rainfall_intensity",2.33005441414249,"mm/h"
"S01","2025-01-02T07:55:00Z","rainfall_intensity",0.268432487368781,"mm/h"
"S01","2025-01-02T08:00:00Z","rainfall_intensity",1.34791949905531,"mm/h"
"S01","2025-01-02T08:05:00Z","rainfall_intensity",2.11805145957297,"mm/h"
"S01","2025-01-02T08:10:00Z","rainfall_intensity",1.51219550656663,"mm/h"
"S01","2025-01-02T08:15:00Z","rainfall_intensity",0.232221598070128,"mm/h"
"S01","2025-01-02T08:20:00Z","rainfall_intensity",3.1235105734649,"mm/h"
"S01","2025-01-02T08:25:00Z","rainfall_intensity",2.89343468544177,"mm/h"
"S01","2025-01-02T08:30:00Z","rainfall_intensity",0.182074567134644,"mm/h"
"S01","2025-01-02T08:35:00Z","rainfall_intensity",0.112359065899353,"mm/h"
"S01","2025-01-02T08:40:00Z","rainfall_intensity",0,"mm/h"
"S01","2025-01-02T08:45:00Z","rainfall_intensity",0,"mm/h"
"S01","2025-01-02T08:50:00Z","rainfall_intensity",0,"mm/h"
"S01","2025-01-02T08:55:00Z","rainfall_intensity",0,"mm/h"
"S01","2025-01-02T09:00:00Z","rainfall_intensity",0,"mm/h"
"S01","2025-01-02T09:05:00Z","rainfall_intensity",0,"mm/h"
"S01","2025-01-02T09:10:00Z","rainfall_intensity",0,"mm/h"
"S01","2025-01-02T09:15:00Z","rainfall_intensity",0,"mm/h"
"S01","2025-01-02T09:20:00Z","rainfall_intensity",0,"mm/h"
"S01","2025-01-02T09:25:00Z","rainfall_intensity",0,"mm/h"
"S01","2025-01-02T09:30:00Z","rainfall_intensity",0,"mm/h"
"S01","2025-01-02T09:35:00Z","rainfall_intensity",0,"mm/h"
"S01","2025-01-02T09:40:00Z","rainfall_intensity",0,"mm/h"
"S01","2025-01-02T09:45:00Z","rainfall_intensity",0,"mm/h"
"S01","2025-01-02T09:50:00Z","rainfall_intensity",0,"mm/h"
"S01","2025-01-02T09:55:00Z","rainfall_intensity",0,"mm/h"
"S01","2025-01-02T10:00:00Z","rainfall_intensity",0,"mm/h"
"S01","2025-01-02T10:05:00Z","rainfall_intensity",0.209135904101863,"mm/h"
"S01","2025-01-02T10:10:00Z","rainfall_intensity",1.59795764726335,"mm/h"
"S01","2025-01-02T10:15:00Z","rainfall_intensity",0.985886876400148,"mm/h"
"S01","2025-01-02T10:20:00Z","rainfall_intensity",0.238287601904963,"mm/h"
"S01","2025-01-02T10:25:00Z","rainfall_intensity",0.518666934218109,"mm/h"
"S01","2025-01-02T10:30:00Z","rainfall_intensity",0.682652046977552,"mm/h"
"S01","2025-01-02T10:35:00Z","rainfall_intensity",4.23877250412358,"mm/h"
"S01","2025-01-02T10:40:00Z","rainfall_intensity",0.784528277485743,"mm/h"
"S01","2025-01-02T10:45:00Z","rainfall_intensity",0.0825420997430509,"mm/h"
"S01","2025-01-02T10:50:00Z","rainfall_intensity",0,"mm/h"
"S01","2025-01-02T10:55:00Z","rainfall_intensity",0,"mm/h"
"S01","2025-01-02T11:00:00Z","rainfall_intensity",0,"mm/h"
"S01","2025-01-02T11:05:00Z","rainfall_intensity",0,"mm/h"
"S01","2025-01-02T11:10:00Z","rainfall_intensity",0,"mm/h"
"S01","2025-01-02T11:15:00Z","rainfall_intensity",0,"mm/h"
"S01","2025-01-02T11:20:00Z","rainfall_intensity",1.24416038386058,"mm/h"
"S01","2025-01-02T11:25:00Z","rainfall_intensity",0.0573452155378941,"mm/h"
"S01","2025-01-02T11:30:00Z","rainfall_intensity",0.0477851987843628,"mm/h"
"S01","2025-01-02T11:35:00Z","rainfall_intensity",0,"mm/h"
"S01","2025-01-02T11:40:00Z","rainfall_intensity",0.0108486764867737,"mm/h"
"S01","2025-01-02T11:45:00Z","rainfall_intensity",0.389373786034363,"mm/h"
"S01","2025-01-02T11:50:00Z","rainfall_intensity",1.62979052240098,"mm/h"
"S01","2025-01-02T11:55:00Z","rainfall_intensity",0.464867123497607,"mm/h"
"S01","2025-01-02T12:00:00Z","rainfall_intensity",0,"mm/h"
"S01","2025-01-02T12:05:00Z","rainfall_intensity",0,"mm/h"
"S01","2025-01-02T12:10:00Z","rainfall_intensity",0,"mm/h"
"S01","2025-01-02T12:15:00Z","rainfall_intensity",0,"mm/h"
"S01","2025-01-02T12:20:00Z","rainfall_intensity",0,"mm/h"
"S01","2025-01-02T12:25:00Z","rainfall_intensity",0,"mm/h"
"S01","2025-01-02T12:30:00Z","rainfall_intensity",0,"mm/h"
"S01","2025-01-02T12:35:00Z","rainfall_intensity",1.40087594192653,"mm/h"
"S01","2025-01-02T12:40:00Z","rainfall_intensity",0.0172263969216174,"mm/h"
"S01","2025-01-02T12:45:00Z","rainfall_intensity",0,"mm/h"
"S01","2025-01-02T12:50:00Z","rainfall_intensity",1.66457984461866,"mm/h"
"S01","2025-01-02T12:55:00Z","rainfall_intensity",0,"mm/h"
"S01","2025-01-02T13:00:00Z","rainfall_intensity",0,"mm/h"
"S01","2025-01-02T13:05:00Z","rainfall_intensity",0.117398673545923,"mm/h"
"S01","2025-01-02T13:10:00Z","rainfall_intensity",0.516645064278902,"mm/h"
"S01","2025-01-02T13:15:00Z","rainfall_intensity",0,"mm/h"
"S01","2025-01-02T13:20:00Z","rainfall_intensity",1.34830644608713,"mm/h"
"S01","2025-01-02T13:25:00Z","rainfall_intensity",0,"mm/h"
"S01","2025-01-02T13:30:00Z","rainfall_intensity",0,"mm/h"
"S01","2025-01-02T13:35:00Z","rainfall_intensity",0,"mm/h"
"S01","2025-01-02T13:40:00Z","rainfall_intensity",0,"mm/h"
"S01","2025-01-02T13:45:00Z","rainfall_intensity",0,"mm/h"
"S01","2025-01-02T13:50:00Z","rainfall_intensity",0,"mm/h"
"S01","2025-01-02T13:55:00Z","rainfall_intensity",0,"mm/h"
"S01","2025-01-02T14:00:00Z","rainfall_intensity",0,"mm/h"
"S01","2025-01-02T14:05:00Z","rainfall_intensity",0,"mm/h"
"S01","2025-01-02T14:10:00Z","rainfall_intensity",0,"mm/h"
"S01","2025-01-02T14:15:00Z","rainfall_intensity",0,"mm/h"
"S01","2025-01-02T14:20:00Z","rainfall_intensity",0,"mm/h"
"S01","2025-01-02T14:25:00Z","rainfall_intensity",0.519757171034634,"mm/h"
"S01","2025-01-02T14:30:00Z","rainfall_intensity",2.27107123971597,"mm/h"
"S01","2025-01-02T14:35:00Z","rainfall_intensity",0.85085112773487,"mm/h"
"S01","2025-01-02T14:40:00Z","rainfall_intensity",0.131819919651115,"mm/h"
"S01","2025-01-02T14:45:00Z","rainfall_intensity",0,"mm/h"
"S01","2025-01-02T14:50:00Z","rainfall_intensity",0.573978626724924,"mm/h"
"S01","2025-01-02T14:55:00Z","rainfall_intensity",0,"mm/h"
"S01","2025-01-02T15:00:00Z","rainfall_intensity",0,"mm/h"
"S01","2025-01-02T15:05:00Z","rainfall_intensity",0,"mm/h"
"S01","2025-01-02T15:10:00Z","rainfall_intensity",0,"mm/h"
"S01","2025-01-02T15:15:00Z","rainfall_intensity",0,"mm/h"
"S01","2025-01-02T15:20:00Z","rainfall_intensity",0,"mm/h"
"S01","2025-01-02T15:25:00Z","rainfall_intensity",0,"mm/h"
"S01","2025-01-02T15:30:00Z","rainfall_intensity",0,"mm/h"
"S01","2025-01-02T15:35:00Z","rainfall_intensity",0,"mm/h"
"S01","2025-01-02T15:40:00Z","rainfall_intensity",0,"mm/h"
"S01","2025-01-02T15:45:00Z","rainfall_intensity",0,"mm/h"
"S01","2025-01-02T15:50:00Z","rainfall_intensity",0,"mm/h"
"S01","2025-01-02T15:55:00Z","rainfall_intensity",0,"mm/h"
"S01","2025-01-02T16:00:00Z","rainfall_intensity",0.547768250710592,"mm/h"
"S01","2025-01-02T16:05:00Z","rainfall_intensity",0,"mm/h"
"S01","2025-01-02T16:10:00Z","rainfall_intensity",0,"mm/h"
"S01","2025-01-02T16:15:00Z","rainfall_intensity",0,"mm/h"
"S01","2025-01-02T16:20:00Z","rainfall_intensity",0,"mm/h"
"S01","2025-01-02T16:25:00Z","rainfall_intensity",0,"mm/h"
"S01","2025-01-02T16:30:00Z","rainfall_intensity",0,"mm/h"
"S01","2025-01-02T16:35:00Z","rainfall_intensity",0,"mm/h"
"S01","2025-01-02T16:40:00Z","rainfall_intensity",0,"mm/h"
"S01","2025-01-02T16:45:00Z","rainfall_intensity",0,"mm/h"
"S01","2025-01-02T16:50:00Z","rainfall_intensity",0,"mm/h"
"S01","2025-01-02T16:55:00Z","rainfall_intensity",0,"mm/h"
"S01","2025-01-02T17:00:00Z","rainfall_intensity",0,"mm/h"
"S01","2025-01-02T17:05:00Z","rainfall_intensity",0,"mm/h"
"S01","2025-01-02T17:10:00Z","rainfall_intensity",0,"mm/h"
"S01","2025-01-02T17:15:00Z","rainfall_intensity",0,"mm/h"
"S01","2025-01-02T17:20:00Z","rainfall_intensity",0,"mm/h"
"S01","2025-01-02T17:25:00Z","rainfall_intensity",0,"mm/h"
"S01","2025-01-02T17:30:00Z","rainfall_intensity",0,"mm/h"
"S01","2025-01-02T17:35:00Z","rainfall_intensity",0,"mm/h"
"S01","2025-01-02T17:40:00Z","rainfall_intensity",0,"mm/h"
"S01","2025-01-02T17:45:00Z","rainfall_intensity",0,"mm/h"
"S01","2025-01-02T17:50:00Z","rainfall_intensity",0,"mm/h"
"S01","2025-01-02T17:55:00Z","rainfall_intensity",0,"mm/h"
"S01","2025-01-02T18:00:00Z","rainfall_intensity",0,"mm/h"
"S01","2025-01-02T18:05:00Z","rainfall_intensity",0,"mm/h"
"S01","2025-01-02T18:10:00Z","rainfall_intensity",0.0160100281225473,"mm/h"
"S01","2025-01-02T18:15:00Z","rainfall_intensity",0.371249630314638,"mm/h"
"S01","2025-01-02T18:20:00Z","rainfall_intensity",0,"mm/h"
"S01","2025-01-02T18:25:00Z","rainfall_intensity",2.59764703329474,"mm/h"
"S01","2025-01-02T18:30:00Z","rainfall_intensity",1.75018819118235,"mm/h"
"S01","2025-01-02T18:35:00Z","rainfall_intensity",1.86157659413226,"mm/h"
"S01","2025-01-02T18:40:00Z","rainfall_intensity",0.542529285822747,"mm/h"
"S01","2025-01-02T18:45:00Z","rainfall_intensity",0.119019686008882,"mm/h"
"S01","2025-01-02T18:50:00Z","rainfall_intensity",0.715489537485253,"mm/h"
"S01","2025-01-02T18:55:00Z","rainfall_intensity",1.53742779229266,"mm/h"
"S01","2025-01-02T19:00:00Z","rainfall_intensity",0,"mm/h"
"S01","2025-01-02T19:05:00Z","rainfall_intensity",0,"mm/h"
"S01","2025-01-02T19:10:00Z","rainfall_intensity",0,"mm/h"
"S01","2025-01-02T19:15:00Z","rainfall_intensity",0,"mm/h"
"S01","2025-01-02T19:20:00Z","rainfall_intensity",0,"mm/h"
"S01","2025-01-02T19:25:00Z","rainfall_intensity",0.0259136332388174,"mm/h"
"S01","2025-01-02T19:30:00Z","rainfall_intensity",0,"mm/h"
"S01","2025-01-02T19:35:00Z","rainfall_intensity",0,"mm/h"
"S01","2025-01-02T19:40:00Z","rainfall_intensity",0,"mm/h"
"S01","2025-01-02T19:45:00Z","rainfall_intensity",0,"mm/h"
"S01","2025-01-02T19:50:00Z","rainfall_intensity",2.3137409583157,"mm/h"
"S01","2025-01-02T19:55:00Z","rainfall_intensity",0,"mm/h"
"S01","2025-01-02T20:00:00Z","rainfall_intensity",0,"mm/h"
"S01","2025-01-02T20:05:00Z","rainfall_intensity",0,"mm/h"
"S01","2025-01-02T20:10:00Z","rainfall_intensity",0,"mm/h"
"S01","2025-01-02T20:15:00Z","rainfall_intensity",0,"mm/h"
"S01","2025-01-02T20:20:00Z","rainfall_intensity",0,"mm/h"
"S01","2025-01-02T20:25:00Z","rainfall_intensity",0,"mm/h"
"S01","2025-01-02T20:30:00Z","rainfall_intensity",0,"mm/h"
"S01","2025-01-02T20:35:00Z","rainfall_intensity",0,"mm/h"
"S01","2025-01-02T20:40:00Z","rainfall_intensity",0,"mm/h"
"S01","2025-01-02T20:45:00Z","rainfall_intensity",0,"mm/h"
"S01","2025-01-02T20:50:00Z","rainfall_intensity",0,"mm/h"
"S01","2025-01-02T20:55:00Z","rainfall_intensity",0,"mm/h"
"S01","2025-01-02T21:00:00Z","rainfall_intensity",0,"mm/h"
"S01","2025-01-02T21:05:00Z","rainfall_intensity",0,"mm/h"
"S01","2025-01-02T21:10:00Z","rainfall_intensity",0,"mm/h"
"S01","2025-01-02T21:15:00Z","rainfall_intensity",0,"mm/h"
"S01","2025-01-02T21:20:00Z","rainfall_intensity",0,"mm/h"
"S01","2025-01-02T21:25:00Z","rainfall_intensity",0,"mm/h"
"S01","2025-01-02T21:30:00Z","rainfall_intensity",0,"mm/h"
"S01","2025-01-02T21:35:00Z","rainfall_intensity",0,"mm/h"
"S01","2025-01-02T21:40:00Z","rainfall_intensity",0,"mm/h"
"S01","2025-01-02T21:45:00Z","rainfall_intensity",0,"mm/h"
"S01","2025-01-02T21:50:00Z","rainfall_intensity",0,"mm/h"
"S01","2025-01-02T21:55:00Z","rainfall_intensity",0,"mm/h"
"S01","2025-01-02T22:00:00Z","rainfall_intensity",0.0247638792651243,"mm/h"
"S01","2025-01-02T22:05:00Z","rainfall_intensity",0,"mm/h"
"S01","2025-01-02T22:10:00Z","rainfall_intensity",0.338315574581448,"mm/h"
"S01","2025-01-02T22:15:00Z","rainfall_intensity",0,"mm/h"
"S01","2025-01-02T22:20:00Z","rainfall_intensity",0.0671059717330226,"mm/h"
"S01","2025-01-02T22:25:00Z","rainfall_intensity",0.795522993671521,"mm/h"
"S01","2025-01-02T22:30:00Z","rainfall_intensity",0,"mm/h"
"S01","2025-01-02T22:35:00Z","rainfall_intensity",0,"mm/h"
"S01","2025-01-02T22:40:00Z","rainfall_intensity",0,"mm/h"
"S01","2025-01-02T22:45:00Z","rainfall_intensity",0,"mm/h"
"S01","2025-01-02T22:50:00Z","rainfall_intensity",0,"mm/h"
"S01","2025-01-02T22:55:00Z","rainfall_intensity",0,"mm/h"
"S01","2025-01-02T23:00:00Z","rainfall_intensity",0,"mm/h"
"S01","2025-01-02T23:05:00Z","rainfall_intensity",0,"mm/h"
"S01","2025-01-02T23:10:00Z","rainfall_intensity",0,"mm/h"
"S01","2025-01-02T23:15:00Z","rainfall_intensity",0,"mm/h"
"S01","2025-01-02T23:20:00Z","rainfall_intensity",0,"mm/h"
"S01","2025-01-02T23:25:00Z","rainfall_intensity",0,"mm/h"
"S01","2025-01-02T23:30:00Z","rainfall_intensity",0,"mm/h"
"S01","2025-01-02T23:35:00Z","rainfall_intensity",0,"mm/h"
"S01","2025-01-02T23:40:00Z","rainfall_intensity",0,"mm/h"
"S01","2025-01-02T23:45:00Z","rainfall_intensity",0,"mm/h"
"S01","2025-01-02T23:50:00Z","rainfall_intensity",0,"mm/h"
"S01","2025-01-02T23:55:00Z","rainfall_intensity",0,"mm/h"
"S01","2025-01-03T00:00:00Z","rainfall_intensity",0,"mm/h"
"S01","2025-01-03T00:05:00Z","rainfall_intensity",0,"mm/h"
"S01","2025-01-03T00:10:00Z","rainfall_intensity",0,"mm/h"
"S01","2025-01-03T00:15:00Z","rainfall_intensity",0.368085333330752,"mm/h"
"S01","2025-01-03T00:20:00Z","rainfall_intensity",0,"mm/h"
"S01","2025-01-03T00:25:00Z","rainfall_intensity",0,"mm/h"
"S01","2025-01-03T00:30:00Z","rainfall_intensity",0,"mm/h"
"S01","2025-01-03T00:35:00Z","rainfall_intensity",0,"mm/h"
"S01","2025-01-03T00:40:00Z","rainfall_intensity",0,"mm/h"
"S01","2025-01-03T00:45:00Z","rainfall_intensity",0,"mm/h"
"S01","2025-01-03T00:50:00Z","rainfall_intensity",0,"mm/h"
"S01","2025-01-03T00:55:00Z","rainfall_intensity",0,"mm/h"
"S01","2025-01-03T01:00:00Z","rainfall_intensity",0,"mm/h"
"S01","2025-01-03T01:05:00Z","rainfall_intensity",0,"mm/h"
"S01","2025-01-03T01:10:00Z","rainfall_intensity",0,"mm/h"
"S01","2025-01-03T01:15:00Z","rainfall_intensity",0,"mm/h"
"S01","2025-01-03T01:20:00Z","rainfall_intensity",0,"mm/h"
"S01","2025-01-03T01:25:00Z","rainfall_intensity",0,"mm/h"
"S01","2025-01-03T01:30:00Z","rainfall_intensity",0,"mm/h"
"S01","2025-01-03T01:35:00Z","rainfall_intensity",0,"mm/h"
"S01","2025-01-03T01:40:00Z","rainfall_intensity",0,"mm/h"
"S01","2025-01-03T01:45:00Z","rainfall_intensity",0,"mm/h"
"S01","2025-01-03T01:50:00Z","rainfall_intensity",0,"mm/h"
"S01","2025-01-03T01:55:00Z","rainfall_intensity",0,"mm/h"
"S01","2025-01-03T02:00:00Z","rainfall_intensity",0,"mm/h"
"S01","2025-01-03T02:05:00Z","rainfall_intensity",0,"mm/h"
"S01","2025-01-03T02:10:00Z","rainfall_intensity",0,"mm/h"
"S01","2025-01-03T02:15:00Z","rainfall_intensity",0,"mm/h"
"S01","2025-01-03T02:20:00Z","rainfall_intensity",0,"mm/h"
"S01","2025-01-03T02:25:00Z","rainfall_intensity",0,"mm/h"
"S01","2025-01-03T02:30:00Z","rainfall_intensity",0,"mm/h"
"S01","2025-01-03T02:35:00Z","rainfall_intensity",0,"mm/h"
"S01","2025-01-03T02:40:00Z","rainfall_intensity",0,"mm/h"
"S01","2025-01-03T02:45:00Z","rainfall_intensity",0,"mm/h"
"S01","2025-01-03T02:50:00Z","rainfall_intensity",0,"mm/h"
"S01","2025-01-03T02:55:00Z","rainfall_intensity",0,"mm/h"
"S01","2025-01-03T03:00:00Z","rainfall_intensity",0,"mm/h"
"S01","2025-01-03T03:05:00Z","rainfall_intensity",0,"mm/h"
"S01","2025-01-03T03:10:00Z","rainfall_intensity",0,"mm/h"
"S01","2025-01-03T03:15:00Z","rainfall_intensity",0,"mm/h"
"S01","2025-01-03T03:20:00Z","rainfall_intensity",0,"mm/h"
"S01","2025-01-03T03:25:00Z","rainfall_intensity",0,"mm/h"
"S01","2025-01-03T03:30:00Z","rainfall_intensity",0,"mm/h"
"S01","2025-01-03T03:35:00Z","rainfall_intensity",0,"mm/h"
"S01","2025-01-03T03:40:00Z","rainfall_intensity",0,"mm/h"
"S01","2025-01-03T03:45:00Z","rainfall_intensity",0,"mm/h"
"S01","2025-01-03T03:50:00Z","rainfall_intensity",0,"mm/h"
"S01","2025-01-03T03:55:00Z","rainfall_intensity",0,"mm/h"
"S01","2025-01-03T04:00:00Z","rainfall_intensity",0,"mm/h"
"S01","2025-01-03T04:05:00Z","rainfall_intensity",0,"mm/h"
"S01","2025-01-03T04:10:00Z","rainfall_intensity",0,"mm/h"
"S01","2025-01-03T04:15:00Z","rainfall_intensity",0,"mm/h"
"S01","2025-01-03T04:20:00Z","rainfall_intensity",0,"mm/h"
"S01","2025-01-03T04:25:00Z","rainfall_intensity",0,"mm/h"
"S01","2025-01-03T04:30:00Z","rainfall_intensity",0,"mm/h"
"S01","2025-01-03T04:35:00Z","rainfall_intensity",0,"mm/h"
"S01","2025-01-03T04:40:00Z","rainfall_intensity",0,"mm/h"
"S01","2025-01-03T04:45:00Z","rainfall_intensity",0,"mm/h"
"S01","2025-01-03T04:50:00Z","rainfall_intensity",0,"mm/h"
"S01","2025-01-03T04:55:00Z","rainfall_intensity",0,"mm/h"
"S01","2025-01-03T05:00:00Z","rainfall_intensity",0,"mm/h"
"S01","2025-01-03T05:05:00Z","rainfall_intensity",0,"mm/h"
"S01","2025-01-03T05:10:00Z","rainfall_intensity",0,"mm/h"
"S01","2025-01-03T05:15:00Z","rainfall_intensity",0,"mm/h"
"S01","2025-01-03T05:20:00Z","rainfall_intensity",0,"mm/h"
"S01","2025-01-03T05:25:00Z","rainfall_intensity",0,"mm/h"
"S01","2025-01-03T05:30:00Z","rainfall_intensity",0,"mm/h"
"S01","2025-01-03T05:35:00Z","rainfall_intensity",0,"mm/h"
"S01","2025-01-03T05:40:00Z","rainfall_intensity",0,"mm/h"
"S01","2025-01-03T05:45:00Z","rainfall_intensity",0.147299360052505,"mm/h"
"S01","2025-01-03T05:50:00Z","rainfall_intensity",0,"mm/h"
"S01","2025-01-03T05:55:00Z","rainfall_intensity",0.737313158060841,"mm/h"
"S01","2025-01-03T06:00:00Z","rainfall_intensity",0,"mm/h"
"S01","2025-01-03T06:05:00Z","rainfall_intensity",0.165479318418143,"mm/h"
"S01","2025-01-03T06:10:00Z","rainfall_intensity",0,"mm/h"
"S01","2025-01-03T06:15:00Z","rainfall_intensity",0,"mm/h"
"S01","2025-01-03T06:20:00Z","rainfall_intensity",0.162945906022945,"mm/h"
"S01","2025-01-03T06:25:00Z","rainfall_intensity",0.320630649964728,"mm/h"
"S01","2025-01-03T06:30:00Z","rainfall_intensity",0,"mm/h"
"S01","2025-01-03T06:35:00Z","rainfall_intensity",0,"mm/h"
"S01","2025-01-03T06:40:00Z","rainfall_intensity",0,"mm/h"
"S01","2025-01-03T06:45:00Z","rainfall_intensity",0,"mm/h"
"S01","2025-01-03T06:50:00Z","rainfall_intensity",0,"mm/h"
"S01","2025-01-03T06:55:00Z","rainfall_intensity",0,"mm/h"
"S01","2025-01-03T07:00:00Z","rainfall_intensity",0,"mm/h"
"S01","2025-01-03T07:05:00Z","rainfall_intensity",0,"mm/h"
"S01","2025-01-03T07:10:00Z","rainfall_intensity",0,"mm/h"
"S01","2025-01-03T07:15:00Z","rainfall_intensity",0,"mm/h"
"S01","2025-01-03T07:20:00Z","rainfall_intensity",0,"mm/h"
"S01","2025-01-03T07:25:00Z","rainfall_intensity",0,"mm/h"
"S01","2025-01-03T07:30:00Z","rainfall_intensity",0,"mm/h"
"S01","2025-01-03T07:35:00Z","rainfall_intensity",0,"mm/h"
"S01","2025-01-03T07:40:00Z","rainfall_intensity",0,"mm/h"
"S01","2025-01-03T07:45:00Z","rainfall_intensity",0,"mm/h"
"S01","2025-01-03T07:50:00Z","rainfall_intensity",0,"mm/h"
"S01","2025-01-03T07:55:00Z","rainfall_intensity",0,"mm/h"
"S01","2025-01-03T08:00:00Z","rainfall_intensity",0,"mm/h"
"S01","2025-01-03T08:05:00Z","rainfall_intensity",0,"mm/h"
"S01","2025-01-03T08:10:00Z","rainfall_intensity",0,"mm/h"
"S01","2025-01-03T08:15:00Z","rainfall_intensity",0,"mm/h"
"S01","2025-01-03T08:20:00Z","rainfall_intensity",0.799853020153968,"mm/h"
"S01","2025-01-03T08:25:00Z","rainfall_intensity",0,"mm/h"
"S01","2025-01-03T08:30:00Z","rainfall_intensity",0,"mm/h"
"S01","2025-01-03T08:35:00Z","rainfall_intensity",0.0900278679030805,"mm/h"
"S01","2025-01-03T08:40:00Z","rainfall_intensity",0,"mm/h"
"S01","2025-01-03T08:45:00Z","rainfall_intensity",0,"mm/h"
"S01","2025-01-03T08:50:00Z","rainfall_intensity",0,"mm/h"
"S01","2025-01-03T08:55:00Z","rainfall_intensity",0,"mm/h"
"S01","2025-01-03T09:00:00Z","rainfall_intensity",0,"mm/h"
"S01","2025-01-03T09:05:00Z","rainfall_intensity",0,"mm/h"
"S01","2025-01-03T09:10:00Z","rainfall_intensity",0,"mm/h"
"S01","2025-01-03T09:15:00Z","rainfall_intensity",0,"mm/h"
"S01","2025-01-03T09:20:00Z","rainfall_intensity",0,"mm/h"
"S01","2025-01-03T09:25:00Z","rainfall_intensity",0,"mm/h"
"S01","2025-01-03T09:30:00Z","rainfall_intensity",0,"mm/h"
"S01","2025-01-03T09:35:00Z","rainfall_intensity",0,"mm/h"
"S01","2025-01-03T09:40:00Z","rainfall_intensity",0,"mm/h"
"S01","2025-01-03T09:45:00Z","rainfall_intensity",0,"mm/h"
"S01","2025-01-03T09:50:00Z","rainfall_intensity",0.52321216980932,"mm/h"
"S01","2025-01-03T09:55:00Z","rainfall_intensity",0.526388431889121,"mm/h"
"S01","2025-01-03T10:00:00Z","rainfall_intensity",0.0531187749808938,"mm/h"
"S01","2025-01-03T10:05:00Z","rainfall_intensity",0,"mm/h"
"S01","2025-01-03T10:10:00Z","rainfall_intensity",0,"mm/h"
"S01","2025-01-03T10:15:00Z","rainfall_intensity",0,"mm/h"
"S01","2025-01-03T10:20:00Z","rainfall_intensity",0,"mm/h"
"S01","2025-01-03T10:25:00Z","rainfall_intensity",0,"mm/h"
"S01","2025-01-03T10:30:00Z","rainfall_intensity",0,"mm/h"
"S01","2025-01-03T10:35:00Z","rainfall_intensity",0,"mm/h"
"S01","2025-01-03T10:40:00Z","rainfall_intensity",0,"mm/h"
"S01","2025-01-03T10:45:00Z","rainfall_intensity",0,"mm/h"
"S01","2025-01-03T10:50:00Z","rainfall_intensity",0,"mm/h"
"S01","2025-01-03T10:55:00Z","rainfall_intensity",0,"mm/h"
"S01","2025-01-03T11:00:00Z","rainfall_intensity",0,"mm/h"
"S01","2025-01-03T11:05:00Z","rainfall_intensity",0.196228004531214,"mm/h"
"S01","2025-01-03T11:10:00Z","rainfall_intensity",0,"mm/h"
"S01","2025-01-03T11:15:00Z","rainfall_intensity",0,"mm/h"
"S01","2025-01-03T11:20:00Z","rainfall_intensity",0,"mm/h"
"S01","2025-01-03T11:25:00Z","rainfall_intensity",0.00887040318459702,"mm/h"
"S01","2025-01-03T11:30:00Z","rainfall_intensity",0.251523425414478,"mm/h"
"S01","2025-01-03T11:35:00Z","rainfall_intensity",0.596186051429451,"mm/h"
"S01","2025-01-03T11:40:00Z","rainfall_intensity",0.00389500259534745,"mm/h"
"S01","2025-01-03T11:45:00Z","rainfall_intensity",0,"mm/h"
"S01","2025-01-03T11:50:00Z","rainfall_intensity",0,"mm/h"
"S01","2025-01-03T11:55:00Z","rainfall_intensity",0.065795553153487,"mm/h"
"S01","2025-01-03T12:00:00Z","rainfall_intensity",0,"mm/h"
"S01","2025-01-03T12:05:00Z","rainfall_intensity",0.177538406269692,"mm/h"
"S01","2025-01-03T12:10:00Z","rainfall_intensity",1.42304566892588,"mm/h"
"S01","2025-01-03T12:15:00Z","rainfall_intensity",0.430756829072108,"mm/h"
"S01","2025-01-03T12:20:00Z","rainfall_intensity",0,"mm/h"
"S01","2025-01-03T12:25:00Z","rainfall_intensity",1.42126549537031,"mm/h"
"S01","2025-01-03T12:30:00Z","rainfall_intensity",0,"mm/h"
"S01","2025-01-03T12:35:00Z","rainfall_intensity",0,"mm/h"
"S01","2025-01-03T12:40:00Z","rainfall_intensity",1.5794821897045,"mm/h"
"S01","2025-01-03T12:45:00Z","rainfall_intensity",4.21410582957133,"mm/h"
"S01","2025-01-03T12:50:00Z","rainfall_intensity",10.7331207504087,"mm/h"
"S01","2025-01-03T12:55:00Z","rainfall_intensity",9.33505044373786,"mm/h"
"S01","2025-01-03T13:00:00Z","rainfall_intensity",4.72311858094487,"mm/h"
"S01","2025-01-03T13:05:00Z","rainfall_intensity",0.531387901639443,"mm/h"
"S01","2025-01-03T13:10:00Z","rainfall_intensity",0.678787119781996,"mm/h"
"S01","2025-01-03T13:15:00Z","rainfall_intensity",2.53023885748184,"mm/h"
"S01","2025-01-03T13:20:00Z","rainfall_intensity",6.40125852926522,"mm/h"
"S01","2025-01-03T13:25:00Z","rainfall_intensity",6.08069655485074,"mm/h"
"S01","2025-01-03T13:30:00Z","rainfall_intensity",2.41728853791889,"mm/h"
"S01","2025-01-03T13:35:00Z","rainfall_intensity",2.65126311260942,"mm/h"
"S01","2025-01-03T13:40:00Z","rainfall_intensity",0,"mm/h"
"S01","2025-01-03T13:45:00Z","rainfall_intensity",0.505752014804517,"mm/h"
"S01","2025-01-03T13:50:00Z","rainfall_intensity",3.49376872690333,"mm/h"
"S01","2025-01-03T13:55:00Z","rainfall_intensity",0.373306290903237,"mm/h"
"S01","2025-01-03T14:00:00Z","rainfall_intensity",0.426043652239441,"mm/h"
"S01","2025-01-03T14:05:00Z","rainfall_intensity",0.0545616102822369,"mm/h"
"S01","2025-01-03T14:10:00Z","rainfall_intensity",0.150021249275223,"mm/h"
"S01","2025-01-03T14:15:00Z","rainfall_intensity",0,"mm/h"
"S01","2025-01-03T14:20:00Z","rainfall_intensity",0.161458432013687,"mm/h"
"S01","2025-01-03T14:25:00Z","rainfall_intensity",2.75840929899805,"mm/h"
"S01","2025-01-03T14:30:00Z","rainfall_intensity",1.64684247556245,"mm/h"
"S01","2025-01-03T14:35:00Z","rainfall_intensity",0,"mm/h"
"S01","2025-01-03T14:40:00Z","rainfall_intensity",0.370151613081615,"mm/h"
"S01","2025-01-03T14:45:00Z","rainfall_intensity",0,"mm/h"
"S01","2025-01-03T14:50:00Z","rainfall_intensity",0,"mm/h"
"S01","2025-01-03T14:55:00Z","rainfall_intensity",0.6322145153788,"mm/h"
"S01","2025-01-03T15:00:00Z","rainfall_intensity",0.795776280090091,"mm/h"
"S01","2025-01-03T15:05:00Z","rainfall_intensity",4.45486247113842,"mm/h"
"S01","2025-01-03T15:10:00Z","rainfall_intensity",1.22630820046012,"mm/h"
"S01","2025-01-03T15:15:00Z","rainfall_intensity",3.80843991231108,"mm/h"
"S01","2025-01-03T15:20:00Z","rainfall_intensity",7.43901632196817,"mm/h"
"S01","2025-01-03T15:25:00Z","rainfall_intensity",5.26288926522199,"mm/h"
"S01","2025-01-03T15:30:00Z","rainfall_intensity",1.85875851026371,"mm/h"
"S01","2025-01-03T15:35:00Z","rainfall_intensity",1.81430621916514,"mm/h"
"S01","2025-01-03T15:40:00Z","rainfall_intensity",0.852337149641563,"mm/h"
"S01","2025-01-03T15:45:00Z","rainfall_intensity",0,"mm/h"
"S01","2025-01-03T15:50:00Z","rainfall_intensity",0,"mm/h"
"S01","2025-01-03T15:55:00Z","rainfall_intensity",0.046883348214901,"mm/h"
"S01","2025-01-03T16:00:00Z","rainfall_intensity",0,"mm/h"
"S01","2025-01-03T16:05:00Z","rainfall_intensity",0,"mm/h"
"S01","2025-01-03T16:10:00Z","rainfall_intensity",0.722646645914832,"mm/h"
"S01","2025-01-03T16:15:00Z","rainfall_intensity",0,"mm/h"
"S01","2025-01-03T16:20:00Z","rainfall_intensity",0,"mm/h"
"S01","2025-01-03T16:25:00Z","rainfall_intensity",0,"mm/h"
"S01","2025-01-03T16:30:00Z","rainfall_intensity",0,"mm/h"
"S01","2025-01-03T16:35:00Z","rainfall_intensity",0,"mm/h"
"S01","2025-01-03T16:40:00Z","rainfall_intensity",0,"mm/h"
"S01","2025-01-03T16:45:00Z","rainfall_intensity",0,"mm/h"
"S01","2025-01-03T16:50:00Z","rainfall_intensity",1.52194944549236,"mm/h"
"S01","2025-01-03T16:55:00Z","rainfall_intensity",0,"mm/h"
"S01","2025-01-03T17:00:00Z","rainfall_intensity",0,"mm/h"
"S01","2025-01-03T17:05:00Z","rainfall_intensity",0,"mm/h"
"S01","2025-01-03T17:10:00Z","rainfall_intensity",0,"mm/h"
"S01","2025-01-03T17:15:00Z","rainfall_intensity",0.964022955427434,"mm/h"
"S01","2025-01-03T17:20:00Z","rainfall_intensity",0.489715566082664,"mm/h"
"S01","2025-01-03T17:25:00Z","rainfall_intensity",0,"mm/h"
"S01","2025-01-03T17:30:00Z","rainfall_intensity",0,"mm/h"
"S01","2025-01-03T17:35:00Z","rainfall_intensity",0,"mm/h"
"S01","2025-01-03T17:40:00Z","rainfall_intensity",0,"mm/h"
"S01","2025-01-03T17:45:00Z","rainfall_intensity",0,"mm/h"
"S01","2025-01-03T17:50:00Z","rainfall_intensity",0,"mm/h"
"S01","2025-01-03T17:55:00Z","rainfall_intensity",0,"mm/h"
"S01","2025-01-03T18:00:00Z","rainfall_intensity",0,"mm/h"
"S01","2025-01-03T18:05:00Z","rainfall_intensity",0,"mm/h"
"S01","2025-01-03T18:10:00Z","rainfall_intensity",0,"mm/h"
"S01","2025-01-03T18:15:00Z","rainfall_intensity",0,"mm/h"
"S01","2025-01-03T18:20:00Z","rainfall_intensity",0,"mm/h"
"S01","2025-01-03T18:25:00Z","rainfall_intensity",0,"mm/h"
"S01","2025-01-03T18:30:00Z","rainfall_intensity",0,"mm/h"
"S01","2025-01-03T18:35:00Z","rainfall_intensity",0,"mm/h"
"S01","2025-01-03T18:40:00Z","rainfall_intensity",0,"mm/h"
"S01","2025-01-03T18:45:00Z","rainfall_intensity",0,"mm/h"
"S01","2025-01-03T18:50:00Z","rainfall_intensity",0,"mm/h"
"S01","2025-01-03T18:55:00Z","rainfall_intensity",0,"mm/h"
"S01","2025-01-03T19:00:00Z","rainfall_intensity",0,"mm/h"
"S01","2025-01-03T19:05:00Z","rainfall_intensity",0,"mm/h"
"S01","2025-01-03T19:10:00Z","rainfall_intensity",0,"mm/h"
"S01","2025-01-03T19:15:00Z","rainfall_intensity",0,"mm/h"
"S01","2025-01-03T19:20:00Z","rainfall_intensity",0,"mm/h"
"S01","2025-01-03T19:25:00Z","rainfall_intensity",0,"mm/h"
"S01","2025-01-03T19:30:00Z","rainfall_intensity",0,"mm/h"
"S01","2025-01-03T19:35:00Z","rainfall_intensity",0,"mm/h"
"S01","2025-01-03T19:40:00Z","rainfall_intensity",0,"mm/h"
"S01","2025-01-03T19:45:00Z","rainfall_intensity",0,"mm/h"
"S01","2025-01-03T19:50:00Z","rainfall_intensity",0,"mm/h"
"S01","2025-01-03T19:55:00Z","rainfall_intensity",0,"mm/h"
"S01","2025-01-03T20:00:00Z","rainfall_intensity",0,"mm/h"
"S01","2025-01-03T20:05:00Z","rainfall_intensity",0,"mm/h"
"S01","2025-01-03T20:10:00Z","rainfall_intensity",0.0745515206554794,"mm/h"
"S01","2025-01-03T20:15:00Z","rainfall_intensity",0.0540721119305763,"mm/h"
"S01","2025-01-03T20:20:00Z","rainfall_intensity",0,"mm/h"
"S01","2025-01-03T20:25:00Z","rainfall_intensity",1.71934975270416,"mm/h"
"S01","2025-01-03T20:30:00Z","rainfall_intensity",0.139890629913285,"mm/h"
"S01","2025-01-03T20:35:00Z","rainfall_intensity",0,"mm/h"
"S01","2025-01-03T20:40:00Z","rainfall_intensity",0,"mm/h"
"S01","2025-01-03T20:45:00Z","rainfall_intensity",0,"mm/h"
"S01","2025-01-03T20:50:00Z","rainfall_intensity",0,"mm/h"
"S01","2025-01-03T20:55:00Z","rainfall_intensity",0,"mm/h"
"S01","2025-01-03T21:00:00Z","rainfall_intensity",0,"mm/h"
"S01","2025-01-03T21:05:00Z","rainfall_intensity",0,"mm/h"
"S01","2025-01-03T21:10:00Z","rainfall_intensity",0,"mm/h"
"S01","2025-01-03T21:15:00Z","rainfall_intensity",0,"mm/h"
"S01","2025-01-03T21:20:00Z","rainfall_intensity",0,"mm/h"
"S01","2025-01-03T21:25:00Z","rainfall_intensity",0.104705562384974,"mm/h"
"S01","2025-01-03T21:30:00Z","rainfall_intensity",0,"mm/h"
"S01","2025-01-03T21:35:00Z","rainfall_intensity",0,"mm/h"
"S01","2025-01-03T21:40:00Z","rainfall_intensity",0,"mm/h"
"S01","2025-01-03T21:45:00Z","rainfall_intensity",0,"mm/h"
"S01","2025-01-03T21:50:00Z","rainfall_intensity",0,"mm/h"
"S01","2025-01-03T21:55:00Z","rainfall_intensity",0,"mm/h"
"S01","2025-01-03T22:00:00Z","rainfall_intensity",0,"mm/h"
"S01","2025-01-03T22:05:00Z","rainfall_intensity",0,"mm/h"
"S01","2025-01-03T22:10:00Z","rainfall_intensity",0,"mm/h"
"S01","2025-01-03T22:15:00Z","rainfall_intensity",0,"mm/h"
"S01","2025-01-03T22:20:00Z","rainfall_intensity",0,"mm/h"
"S01","2025-01-03T22:25:00Z","rainfall_intensity",0,"mm/h"
"S01","2025-01-03T22:30:00Z","rainfall_intensity",0,"mm/h"
"S01","2025-01-03T22:35:00Z","rainfall_intensity",0,"mm/h"
"S01","2025-01-03T22:40:00Z","rainfall_intensity",0,"mm/h"
"S01","2025-01-03T22:45:00Z","rainfall_intensity",0,"mm/h"
"S01","2025-01-03T22:50:00Z","rainfall_intensity",0.0986908547874992,"mm/h"
"S01","2025-01-03T22:55:00Z","rainfall_intensity",0,"mm/h"
"S01","2024-12-31T23:00:00Z","water_level",0.846134418949651,"m"
"S01","2024-12-31T23:05:00Z","water_level",0.483743761057703,"m"
"S01","2024-12-31T23:10:00Z","water_level",0.557718321402705,"m"
"S01","2024-12-31T23:15:00Z","water_level",0.339092980517776,"m"
"S01","2024-12-31T23:20:00Z","water_level",0.0492845479862614,"m"
"S01","2024-12-31T23:25:00Z","water_level",0.0332332969868537,"m"
"S01","2024-12-31T23:30:00Z","water_level",0.523137533052321,"m"
"S01","2024-12-31T23:35:00Z","water_level",0.371498550526194,"m"
"S01","2024-12-31T23:40:00Z","water_level",0.0453058768620348,"m"
"S01","2024-12-31T23:45:00Z","water_level",0.0640637724023791,"m"
"S01","2024-12-31T23:50:00Z","water_level",0.00889507173560677,"m"
"S01","2024-12-31T23:55:00Z","water_level",0.0197362766415471,"m"
"S01","2025-01-01T00:00:00Z","water_level",0.149462348641832,"m"
"S01","2025-01-01T00:05:00Z","water_level",0.518550320854982,"m"
"S01","2025-01-01T00:10:00Z","water_level",0.151430064503555,"m"
"S01","2025-01-01T00:15:00Z","water_level",0.467842081341274,"m"
"S01","2025-01-01T00:20:00Z","water_level",0.307172594656857,"m"
"S01","2025-01-01T00:25:00Z","water_level",0.698076153133699,"m"
"S01","2025-01-01T00:30:00Z","water_level",0.70689088666555,"m"
"S01","2025-01-01T00:35:00Z","water_level",0.0905453344741024,"m"
"S01","2025-01-01T00:40:00Z","water_level",1.67523590438603,"m"
"S01","2025-01-01T00:45:00Z","water_level",1.9698809246791,"m"
"S01","2025-01-01T00:50:00Z","water_level",0.412082431875422,"m"
"S01","2025-01-01T00:55:00Z","water_level",0.124673683065528,"m"
"S01","2025-01-01T01:00:00Z","water_level",0.116471835836671,"m"
"S01","2025-01-01T01:05:00Z","water_level",0.292097658198639,"m"
"S01","2025-01-01T01:10:00Z","water_level",0.101989941606395,"m"
"S01","2025-01-01T01:15:00Z","water_level",0.046756825173769,"m"
"S01","2025-01-01T01:20:00Z","water_level",0.113591053554534,"m"
"S01","2025-01-01T01:25:00Z","water_level",0.437734978091007,"m"
"S01","2025-01-01T01:30:00Z","water_level",0.494053387185113,"m"
"S01","2025-01-01T01:35:00Z","water_level",0.15564735540521,"m"
"S01","2025-01-01T01:40:00Z","water_level",0.196151434990318,"m"
"S01","2025-01-01T01:45:00Z","water_level",0.152007163690267,"m"
"S01","2025-01-01T01:50:00Z","water_level",0.0843023033796166,"m"
"S01","2025-01-01T01:55:00Z","water_level",0.0205228625150615,"m"
"S01","2025-01-01T02:00:00Z","water_level",0.0632636641435173,"m"
"S01","2025-01-01T02:05:00Z","water_level",0.13162046017313,"m"
"S01","2025-01-01T02:10:00Z","water_level",0.43193223633928,"m"
"S01","2025-01-01T02:15:00Z","water_level",0.104527833750558,"m"
"S01","2025-01-01T02:20:00Z","water_level",0.247590815532834,"m"
"S01","2025-01-01T02:25:00Z","water_level",0.437896644979431,"m"
"S01","2025-01-01T02:30:00Z","water_level",0.477249769424719,"m"
"S01","2025-01-01T02:35:00Z","water_level",0.290729528133572,"m"
"S01","2025-01-01T02:40:00Z","water_level",0.0904725965111284,"m"
"S01","2025-01-01T02:45:00Z","water_level",0.43321720617739,"m"
"S01","2025-01-01T02:50:00Z","water_level",0.214694151826184,"m"
"S01","2025-01-01T02:55:00Z","water_level",0.311454648930259,"m"
"S01","2025-01-01T03:00:00Z","water_level",0.577098948421662,"m"
"S01","2025-01-01T03:05:00Z","water_level",0.157969212022842,"m"
"S01","2025-01-01T03:10:00Z","water_level",0.229091089838213,"m"
"S01","2025-01-01T03:15:00Z","water_level",1.64305730855965,"m"
"S01","2025-01-01T03:20:00Z","water_level",1.99522069899636,"m"
"S01","2025-01-01T03:25:00Z","water_level",0.756757001016925,"m"
"S01","2025-01-01T03:30:00Z","water_level",1.07885825711074,"m"
"S01","2025-01-01T03:35:00Z","water_level",0.806670639032001,"m"
"S01","2025-01-01T03:40:00Z","water_level",0.152580091703277,"m"
"S01","2025-01-01T03:45:00Z","water_level",0.0890072178059125,"m"
"S01","2025-01-01T03:50:00Z","water_level",0.0513424744980542,"m"
"S01","2025-01-01T03:55:00Z","water_level",0.344051889204823,"m"
"S01","2025-01-01T04:00:00Z","water_level",0.163203838512655,"m"
"S01","2025-01-01T04:05:00Z","water_level",0.287118369760255,"m"
"S01","2025-01-01T04:10:00Z","water_level",1.95111072668974,"m"
"S01","2025-01-01T04:15:00Z","water_level",0.994259796918858,"m"
"S01","2025-01-01T04:20:00Z","water_level",3.08740507900299,"m"
"S01","2025-01-01T04:25:00Z","water_level",0.557093435809027,"m"
"S01","2025-01-01T04:30:00Z","water_level",0.265323395865813,"m"
"S01","2025-01-01T04:35:00Z","water_level",1.40523581186182,"m"
"S01","2025-01-01T04:40:00Z","water_level",2.1663556827651,"m"
"S01","2025-01-01T04:45:00Z","water_level",2.84028883841827,"m"
"S01","2025-01-01T04:50:00Z","water_level",1.37685522447927,"m"
"S01","2025-01-01T04:55:00Z","water_level",0.708237245307633,"m"
"S01","2025-01-01T05:00:00Z","water_level",1.31568128039297,"m"
"S01","2025-01-01T05:05:00Z","water_level",2.8892642738682,"m"
"S01","2025-01-01T05:10:00Z","water_level",1.19126478855455,"m"
"S01","2025-01-01T05:15:00Z","water_level",0.3774246767671,"m"
"S01","2025-01-01T05:20:00Z","water_level",0.246929926493839,"m"
"S01","2025-01-01T05:25:00Z","water_level",0.722039069441742,"m"
"S01","2025-01-01T05:30:00Z","water_level",0.302894926242754,"m"
"S01","2025-01-01T05:35:00Z","water_level",1.04402801156811,"m"
"S01","2025-01-01T05:40:00Z","water_level",0.219469385859028,"m"
"S01","2025-01-01T05:45:00Z","water_level",0.0789162545182884,"m"
"S01","2025-01-01T05:50:00Z","water_level",0.0796546573624367,"m"
"S01","2025-01-01T05:55:00Z","water_level",0.0845008322400779,"m"
"S01","2025-01-01T06:00:00Z","water_level",0.0741536848386782,"m"
"S01","2025-01-01T06:05:00Z","water_level",0.365093481687174,"m"
"S01","2025-01-01T06:10:00Z","water_level",1.15269245352444,"m"
"S01","2025-01-01T06:15:00Z","water_level",0.282373048480932,"m"
"S01","2025-01-01T06:20:00Z","water_level",0.602829106255127,"m"
"S01","2025-01-01T06:25:00Z","water_level",0.362994262921848,"m"
"S01","2025-01-01T06:30:00Z","water_level",0.742522888543908,"m"
"S01","2025-01-01T06:35:00Z","water_level",0.353647738672199,"m"
"S01","2025-01-01T06:40:00Z","water_level",0.335754808099259,"m"
"S01","2025-01-01T06:45:00Z","water_level",0.321225631744923,"m"
"S01","2025-01-01T06:50:00Z","water_level",0.734584071666866,"m"
"S01","2025-01-01T06:55:00Z","water_level",0.700293150695174,"m"
"S01","2025-01-01T07:00:00Z","water_level",0.379788041610346,"m"
"S01","2025-01-01T07:05:00Z","water_level",0.299294821993145,"m"
"S01","2025-01-01T07:10:00Z","water_level",0.647081046606405,"m"
"S01","2025-01-01T07:15:00Z","water_level",1.02255290979295,"m"
"S01","2025-01-01T07:20:00Z","water_level",0.984766817201576,"m"
"S01","2025-01-01T07:25:00Z","water_level",0.483132836253842,"m"
"S01","2025-01-01T07:30:00Z","water_level",0.186467877236474,"m"
"S01","2025-01-01T07:35:00Z","water_level",0.59480795698463,"m"
"S01","2025-01-01T07:40:00Z","water_level",0.887010692191686,"m"
"S01","2025-01-01T07:45:00Z","water_level",0.238049643866694,"m"
"S01","2025-01-01T07:50:00Z","water_level",0.199166726715412,"m"
"S01","2025-01-01T07:55:00Z","water_level",0.17509093342839,"m"
"S01","2025-01-01T08:00:00Z","water_level",0.223160339547043,"m"
"S01","2025-01-01T08:05:00Z","water_level",0.424280721045806,"m"
"S01","2025-01-01T08:10:00Z","water_level",0.461554773410771,"m"
"S01","2025-01-01T08:15:00Z","water_level",0.15629010890869,"m"
"S01","2025-01-01T08:20:00Z","water_level",0.41372254874922,"m"
"S01","2025-01-01T08:25:00Z","water_level",1.31283017417022,"m"
"S01","2025-01-01T08:30:00Z","water_level",1.1796859903424,"m"
"S01","2025-01-01T08:35:00Z","water_level",0.864193996023486,"m"
"S01","2025-01-01T08:40:00Z","water_level",3.32659272073076,"m"
"S01","2025-01-01T08:45:00Z","water_level",1.16450714134473,"m"
"S01","2025-01-01T08:50:00Z","water_level",1.14439648943473,"m"
"S01","2025-01-01T08:55:00Z","water_level",0.414230254969998,"m"
"S01","2025-01-01T09:00:00Z","water_level",0.306292289886498,"m"
"S01","2025-01-01T09:05:00Z","water_level",0.497015661278232,"m"
"S01","2025-01-01T09:10:00Z","water_level",1.44354572089523,"m"
"S01","2025-01-01T09:15:00Z","water_level",0.31490957945451,"m"
"S01","2025-01-01T09:20:00Z","water_level",0.845906027286637,"m"
"S01","2025-01-01T09:25:00Z","water_level",0.457900896695943,"m"
"S01","2025-01-01T09:30:00Z","water_level",0.188687633332818,"m"
"S01","2025-01-01T09:35:00Z","water_level",0.0632630208161367,"m"
"S01","2025-01-01T09:40:00Z","water_level",0.100671697509432,"m"
"S01","2025-01-01T09:45:00Z","water_level",0.223494653004073,"m"
"S01","2025-01-01T09:50:00Z","water_level",0.325509012517615,"m"
"S01","2025-01-01T09:55:00Z","water_level",0.856475944523696,"m"
"S01","2025-01-01T10:00:00Z","water_level",0.437282375417878,"m"
"S01","2025-01-01T10:05:00Z","water_level",0.361478805295575,"m"
"S01","2025-01-01T10:10:00Z","water_level",0.304744691946979,"m"
"S01","2025-01-01T10:15:00Z","water_level",0.187932265151984,"m"
"S01","2025-01-01T10:20:00Z","water_level",1.2518378347459,"m"
"S01","2025-01-01T10:25:00Z","water_level",0.519455748947543,"m"
"S01","2025-01-01T10:30:00Z","water_level",1.08401119171117,"m"
"S01","2025-01-01T10:35:00Z","water_level",1.10774817737206,"m"
"S01","2025-01-01T10:40:00Z","water_level",0.334721342618743,"m"
"S01","2025-01-01T10:45:00Z","water_level",0.38970141152677,"m"
"S01","2025-01-01T10:50:00Z","water_level",0.248544290867901,"m"
"S01","2025-01-01T10:55:00Z","water_level",0.169446318658827,"m"
"S01","2025-01-01T11:00:00Z","water_level",0.144475593660755,"m"
"S01","2025-01-01T11:05:00Z","water_level",0.645612176257488,"m"
"S01","2025-01-01T11:10:00Z","water_level",0.180774394548682,"m"
"S01","2025-01-01T11:15:00Z","water_level",0.365338117264396,"m"
"S01","2025-01-01T11:20:00Z","water_level",0.134938109484858,"m"
"S01","2025-01-01T11:25:00Z","water_level",0.0597639255971647,"m"
"S01","2025-01-01T11:30:00Z","water_level",0.289999372997896,"m"
"S01","2025-01-01T11:35:00Z","water_level",0.376065819095256,"m"
"S01","2025-01-01T11:40:00Z","water_level",0.251712887096709,"m"
"S01","2025-01-01T11:45:00Z","water_level",1.1719326483289,"m"
"S01","2025-01-01T11:50:00Z","water_level",1.14778582625852,"m"
"S01","2025-01-01T11:55:00Z","water_level",0.478855495316398,"m"
"S01","2025-01-01T12:00:00Z","water_level",0.202125386089001,"m"
"S01","2025-01-01T12:05:00Z","water_level",0.217732365882924,"m"
"S01","2025-01-01T12:10:00Z","water_level",0.433723820680433,"m"
"S01","2025-01-01T12:15:00Z","water_level",0.312521356773581,"m"
"S01","2025-01-01T12:20:00Z","water_level",0.396064517272231,"m"
"S01","2025-01-01T12:25:00Z","water_level",0.132738560492565,"m"
"S01","2025-01-01T12:30:00Z","water_level",0.000925752464629826,"m"
"S01","2025-01-01T12:35:00Z","water_level",0.971864308677289,"m"
"S01","2025-01-01T12:40:00Z","water_level",0.0192251216144282,"m"
"S01","2025-01-01T12:45:00Z","water_level",0.0559752970807455,"m"
"S01","2025-01-01T12:50:00Z","water_level",0.0775986651373694,"m"
"S01","2025-01-01T12:55:00Z","water_level",0.0443839914375703,"m"
"S01","2025-01-01T13:00:00Z","water_level",0.0173307577738204,"m"
"S01","2025-01-01T13:05:00Z","water_level",1.00578563664788,"m"
"S01","2025-01-01T13:10:00Z","water_level",0.399164392015201,"m"
"S01","2025-01-01T13:15:00Z","water_level",1.38002350717696,"m"
"S01","2025-01-01T13:20:00Z","water_level",1.16963736931706,"m"
"S01","2025-01-01T13:25:00Z","water_level",0.848310855051909,"m"
"S01","2025-01-01T13:30:00Z","water_level",0.359561489551961,"m"
"S01","2025-01-01T13:35:00Z","water_level",0.161711109007485,"m"
"S01","2025-01-01T13:40:00Z","water_level",0.572575535104462,"m"
"S01","2025-01-01T13:45:00Z","water_level",0.101543078771992,"m"
"S01","2025-01-01T13:50:00Z","water_level",0.14367628318376,"m"
"S01","2025-01-01T13:55:00Z","water_level",0.090120265364259,"m"
"S01","2025-01-01T14:00:00Z","water_level",0.11963018661098,"m"
"S01","2025-01-01T14:05:00Z","water_level",0.0139441600085186,"m"
"S01","2025-01-01T14:10:00Z","water_level",0.00417523121039974,"m"
"S01","2025-01-01T14:15:00Z","water_level",0.118161514647773,"m"
"S01","2025-01-01T14:20:00Z","water_level",0.407664163463865,"m"
"S01","2025-01-01T14:25:00Z","water_level",0.0449049125813512,"m"
"S01","2025-01-01T14:30:00Z","water_level",0.0980232425782971,"m"
"S01","2025-01-01T14:35:00Z","water_level",0.307586487158095,"m"
"S01","2025-01-01T14:40:00Z","water_level",0.192890730652134,"m"
"S01","2025-01-01T14:45:00Z","water_level",0.0997758678690448,"m"
"S01","2025-01-01T14:50:00Z","water_level",0.184975502556478,"m"
"S01","2025-01-01T14:55:00Z","water_level",1.05218381668792,"m"
"S01","2025-01-01T15:00:00Z","water_level",1.8944103616767,"m"
"S01","2025-01-01T15:05:00Z","water_level",0.789956117833501,"m"
"S01","2025-01-01T15:10:00Z","water_level",0.437896457801715,"m"
"S01","2025-01-01T15:15:00Z","water_level",0.450895810148979,"m"
"S01","2025-01-01T15:20:00Z","water_level",1.29654563552815,"m"
"S01","2025-01-01T15:25:00Z","water_level",1.76256375381136,"m"
"S01","2025-01-01T15:30:00Z","water_level",0.900791781668436,"m"
"S01","2025-01-01T15:35:00Z","water_level",2.02259228228662,"m"
"S01","2025-01-01T15:40:00Z","water_level",1.46311540578351,"m"
"S01","2025-01-01T15:45:00Z","water_level",3.17010890743925,"m"
"S01","2025-01-01T15:50:00Z","water_level",0.806714696810724,"m"
"S01","2025-01-01T15:55:00Z","water_level",0.799519127229787,"m"
"S01","2025-01-01T16:00:00Z","water_level",1.30752652189814,"m"
"S01","2025-01-01T16:05:00Z","water_level",0.514834907027119,"m"
"S01","2025-01-01T16:10:00Z","water_level",0.211666193242032,"m"
"S01","2025-01-01T16:15:00Z","water_level",0.384017950760483,"m"
"S01","2025-01-01T16:20:00Z","water_level",0.873898637696444,"m"
"S01","2025-01-01T16:25:00Z","water_level",1.20210382402929,"m"
"S01","2025-01-01T16:30:00Z","water_level",0.25892022319106,"m"
"S01","2025-01-01T16:35:00Z","water_level",0.45784342425649,"m"
"S01","2025-01-01T16:40:00Z","water_level",0.111202931550117,"m"
"S01","2025-01-01T16:45:00Z","water_level",0.0569314469868009,"m"
"S01","2025-01-01T16:50:00Z","water_level",0.216298918417644,"m"
"S01","2025-01-01T16:55:00Z","water_level",0.136895226395294,"m"
"S01","2025-01-01T17:00:00Z","water_level",0.934628177766251,"m"
"S01","2025-01-01T17:05:00Z","water_level",0.418345730742393,"m"
"S01","2025-01-01T17:10:00Z","water_level",0.516345570266188,"m"
"S01","2025-01-01T17:15:00Z","water_level",0.460279605807483,"m"
"S01","2025-01-01T17:20:00Z","water_level",0.0575251502729547,"m"
"S01","2025-01-01T17:25:00Z","water_level",0.227584005181136,"m"
"S01","2025-01-01T17:30:00Z","water_level",1.23018834595619,"m"
"S01","2025-01-01T17:35:00Z","water_level",0.239858320377139,"m"
"S01","2025-01-01T17:40:00Z","water_level",0.240027879517221,"m"
"S01","2025-01-01T17:45:00Z","water_level",0.194070801572642,"m"
"S01","2025-01-01T17:50:00Z","water_level",0.280162326067352,"m"
"S01","2025-01-01T17:55:00Z","water_level",0.0027052733344178,"m"
"S01","2025-01-01T18:00:00Z","water_level",0.0939192558834099,"m"
"S01","2025-01-01T18:05:00Z","water_level",0.463638857306298,"m"
"S01","2025-01-01T18:10:00Z","water_level",0.449496617614344,"m"
"S01","2025-01-01T18:15:00Z","water_level",1.04702766277303,"m"
"S01","2025-01-01T18:20:00Z","water_level",0.215395832349686,"m"
"S01","2025-01-01T18:25:00Z","water_level",0.464841658696557,"m"
"S01","2025-01-01T18:30:00Z","water_level",0.103311469458436,"m"
"S01","2025-01-01T18:35:00Z","water_level",0.0980760132665666,"m"
"S01","2025-01-01T18:40:00Z","water_level",0.0167291792245506,"m"
"S01","2025-01-01T18:45:00Z","water_level",0.767491516676338,"m"
"S01","2025-01-01T18:50:00Z","water_level",0.538048769914574,"m"
"S01","2025-01-01T18:55:00Z","water_level",0.815889784465293,"m"
"S01","2025-01-01T19:00:00Z","water_level",1.32526259377018,"m"
"S01","2025-01-01T19:05:00Z","water_level",1.89291496275907,"m"
"S01","2025-01-01T19:10:00Z","water_level",1.51721215758654,"m"
"S01","2025-01-01T19:15:00Z","water_level",1.229493099086,"m"
"S01","2025-01-01T19:20:00Z","water_level",0.418187451645355,"m"
"S01","2025-01-01T19:25:00Z","water_level",0.710466194098454,"m"
"S01","2025-01-01T19:30:00Z","water_level",1.2384797351935,"m"
"S01","2025-01-01T19:35:00Z","water_level",1.65144563397039,"m"
"S01","2025-01-01T19:40:00Z","water_level",2.19065834770169,"m"
"S01","2025-01-01T19:45:00Z","water_level",0.678960456505572,"m"
"S01","2025-01-01T19:50:00Z","water_level",0.366597051589728,"m"
"S01","2025-01-01T19:55:00Z","water_level",0.241808121854398,"m"
"S01","2025-01-01T20:00:00Z","water_level",0.0979471074098018,"m"
"S01","2025-01-01T20:05:00Z","water_level",3.33776276415657,"m"
"S01","2025-01-01T20:10:00Z","water_level",1.71517972662436,"m"
"S01","2025-01-01T20:15:00Z","water_level",1.7111527795132,"m"
"S01","2025-01-01T20:20:00Z","water_level",0.556620814072281,"m"
"S01","2025-01-01T20:25:00Z","water_level",0.733425547389543,"m"
"S01","2025-01-01T20:30:00Z","water_level",2.240031077628,"m"
"S01","2025-01-01T20:35:00Z","water_level",1.08042422531923,"m"
"S01","2025-01-01T20:40:00Z","water_level",0.783270969507359,"m"
"S01","2025-01-01T20:45:00Z","water_level",0.298501123402888,"m"
"S01","2025-01-01T20:50:00Z","water_level",0.308039519554111,"m"
"S01","2025-01-01T20:55:00Z","water_level",0.00426395045881041,"m"
"S01","2025-01-01T21:00:00Z","water_level",0.762885744048485,"m"
"S01","2025-01-01T21:05:00Z","water_level",0.226264925203925,"m"
"S01","2025-01-01T21:10:00Z","water_level",0.198930129454459,"m"
"S01","2025-01-01T21:15:00Z","water_level",1.07420056164486,"m"
"S01","2025-01-01T21:20:00Z","water_level",0.504781857892565,"m"
"S01","2025-01-01T21:25:00Z","water_level",0.0178669849324931,"m"
"S01","2025-01-01T21:30:00Z","water_level",0.0385316036001935,"m"
"S01","2025-01-01T21:35:00Z","water_level",0.406950957055877,"m"
"S01","2025-01-01T21:40:00Z","water_level",0.157181226807042,"m"
"S01","2025-01-01T21:45:00Z","water_level",0.480884500539413,"m"
"S01","2025-01-01T21:50:00Z","water_level",1.19105281221004,"m"
"S01","2025-01-01T21:55:00Z","water_level",0.434597266875658,"m"
"S01","2025-01-01T22:00:00Z","water_level",0.928573687187923,"m"
"S01","2025-01-01T22:05:00Z","water_level",0.145018738139642,"m"
"S01","2025-01-01T22:10:00Z","water_level",0.12974633384768,"m"
"S01","2025-01-01T22:15:00Z","water_level",0.147908280647749,"m"
"S01","2025-01-01T22:20:00Z","water_level",0.235002285955305,"m"
"S01","2025-01-01T22:25:00Z","water_level",0.206541075724559,"m"
"S01","2025-01-01T22:30:00Z","water_level",0.0533837854005373,"m"
"S01","2025-01-01T22:35:00Z","water_level",0.472023459313262,"m"
"S01","2025-01-01T22:40:00Z","water_level",0.0597207746625678,"m"
"S01","2025-01-01T22:45:00Z","water_level",0.0954791167379779,"m"
"S01","2025-01-01T22:50:00Z","water_level",0.0882408407551454,"m"
"S01","2025-01-01T22:55:00Z","water_level",0.107218585246536,"m"
"S01","2025-01-01T23:00:00Z","water_level",0.223516796649805,"m"
"S01","2025-01-01T23:05:00Z","water_level",0.109784437215818,"m"
"S01","2025-01-01T23:10:00Z","water_level",0.492815844401488,"m"
"S01","2025-01-01T23:15:00Z","water_level",0.353802743077411,"m"
"S01","2025-01-01T23:20:00Z","water_level",0.599167465975648,"m"
"S01","2025-01-01T23:25:00Z","water_level",0.0664775528354145,"m"
"S01","2025-01-01T23:30:00Z","water_level",0.0287756999698734,"m"
"S01","2025-01-01T23:35:00Z","water_level",0.182640338476472,"m"
"S01","2025-01-01T23:40:00Z","water_level",0.104358672639527,"m"
"S01","2025-01-01T23:45:00Z","water_level",0.136705770874874,"m"
"S01","2025-01-01T23:50:00Z","water_level",0.59384479142756,"m"
"S01","2025-01-01T23:55:00Z","water_level",0.293500385979454,"m"
"S01","2025-01-02T00:00:00Z","water_level",0.0643424544531025,"m"
"S01","2025-01-02T00:05:00Z","water_level",0.166598856573887,"m"
"S01","2025-01-02T00:10:00Z","water_level",0.165017413403843,"m"
"S01","2025-01-02T00:15:00Z","water_level",0.252975497327725,"m"
"S01","2025-01-02T00:20:00Z","water_level",0.0356397003020856,"m"
"S01","2025-01-02T00:25:00Z","water_level",0.0786261663161645,"m"
"S01","2025-01-02T00:30:00Z","water_level",0.728540123986743,"m"
"S01","2025-01-02T00:35:00Z","water_level",0.526062298665434,"m"
"S01","2025-01-02T00:40:00Z","water_level",0.365155736141289,"m"
"S01","2025-01-02T00:45:00Z","water_level",0.36295358671574,"m"
"S01","2025-01-02T00:50:00Z","water_level",0.458869733191082,"m"
"S01","2025-01-02T00:55:00Z","water_level",0.896065800279021,"m"
"S01","2025-01-02T01:00:00Z","water_level",0.910583551371069,"m"
"S01","2025-01-02T01:05:00Z","water_level",1.2897260217667,"m"
"S01","2025-01-02T01:10:00Z","water_level",0.417756816608146,"m"
"S01","2025-01-02T01:15:00Z","water_level",0.465582188312904,"m"
"S01","2025-01-02T01:20:00Z","water_level",0.297854737538484,"m"
"S01","2025-01-02T01:25:00Z","water_level",0.236074944596386,"m"
"S01","2025-01-02T01:30:00Z","water_level",0.778672504180396,"m"
"S01","2025-01-02T01:35:00Z","water_level",0.0265842103489185,"m"
"S01","2025-01-02T01:40:00Z","water_level",0.379417297282008,"m"
"S01","2025-01-02T01:45:00Z","water_level",0.430420869300556,"m"
"S01","2025-01-02T01:50:00Z","water_level",0.349222381348057,"m"
"S01","2025-01-02T01:55:00Z","water_level",0.37328588504064,"m"
"S01","2025-01-02T02:00:00Z","water_level",1.16568853408092,"m"
"S01","2025-01-02T02:05:00Z","water_level",0.34345277911534,"m"
"S01","2025-01-02T02:10:00Z","water_level",0.334706795779246,"m"
"S01","2025-01-02T02:15:00Z","water_level",0.219913842895909,"m"
"S01","2025-01-02T02:20:00Z","water_level",0.0729178413745938,"m"
"S01","2025-01-02T02:25:00Z","water_level",0.289784740366749,"m"
"S01","2025-01-02T02:30:00Z","water_level",0.862881722028449,"m"
"S01","2025-01-02T02:35:00Z","water_level",0.517964321329084,"m"
"S01","2025-01-02T02:40:00Z","water_level",0.675523824756493,"m"
"S01","2025-01-02T02:45:00Z","water_level",0.266099338309097,"m"
"S01","2025-01-02T02:50:00Z","water_level",0.325089858308101,"m"
"S01","2025-01-02T02:55:00Z","water_level",0.0764286540641937,"m"
"S01","2025-01-02T03:00:00Z","water_level",0.151388503748382,"m"
"S01","2025-01-02T03:05:00Z","water_level",0.0956382554269266,"m"
"S01","2025-01-02T03:10:00Z","water_level",0.217868242161821,"m"
"S01","2025-01-02T03:15:00Z","water_level",0.281219460353013,"m"
"S01","2025-01-02T03:20:00Z","water_level",0.0865916050751778,"m"
"S01","2025-01-02T03:25:00Z","water_level",0.149879823098812,"m"
"S01","2025-01-02T03:30:00Z","water_level",0.23628511077379,"m"
"S01","2025-01-02T03:35:00Z","water_level",0.576046144031563,"m"
"S01","2025-01-02T03:40:00Z","water_level",0.352684492549199,"m"
"S01","2025-01-02T03:45:00Z","water_level",0.609395851552249,"m"
"S01","2025-01-02T03:50:00Z","water_level",0.70986059823218,"m"
"S01","2025-01-02T03:55:00Z","water_level",0.512330174942693,"m"
"S01","2025-01-02T04:00:00Z","water_level",2.68299905303057,"m"
"S01","2025-01-02T04:05:00Z","water_level",1.0212438445493,"m"
"S01","2025-01-02T04:10:00Z","water_level",0.659806040739547,"m"
"S01","2025-01-02T04:15:00Z","water_level",0.641096304259764,"m"
"S01","2025-01-02T04:20:00Z","water_level",0.391402824823023,"m"
"S01","2025-01-02T04:25:00Z","water_level",0.80657517715465,"m"
"S01","2025-01-02T04:30:00Z","water_level",1.48961162095811,"m"
"S01","2025-01-02T04:35:00Z","water_level",1.28405558032575,"m"
"S01","2025-01-02T04:40:00Z","water_level",1.59568182138455,"m"
"S01","2025-01-02T04:45:00Z","water_level",2.82107206313998,"m"
"S01","2025-01-02T04:50:00Z","water_level",0.101377710595463,"m"
"S01","2025-01-02T04:55:00Z","water_level",0.0858092594592098,"m"
"S01","2025-01-02T05:00:00Z","water_level",0.0541133546686617,"m"
"S01","2025-01-02T05:05:00Z","water_level",0.267763786342963,"m"
"S01","2025-01-02T05:10:00Z","water_level",0.0261713357039967,"m"
"S01","2025-01-02T05:15:00Z","water_level",0.534251465722451,"m"
"S01","2025-01-02T05:20:00Z","water_level",0.417201601013948,"m"
"S01","2025-01-02T05:25:00Z","water_level",0.397649965124911,"m"
"S01","2025-01-02T05:30:00Z","water_level",0.121523022941755,"m"
"S01","2025-01-02T05:35:00Z","water_level",0.199574014145377,"m"
"S01","2025-01-02T05:40:00Z","water_level",0.0331261898560396,"m"
"S01","2025-01-02T05:45:00Z","water_level",0.0820886278960597,"m"
"S01","2025-01-02T05:50:00Z","water_level",0.207121735304769,"m"
"S01","2025-01-02T05:55:00Z","water_level",0.331509863375694,"m"
"S01","2025-01-02T06:00:00Z","water_level",0.27433366574407,"m"
"S01","2025-01-02T06:05:00Z","water_level",0.522331216244868,"m"
"S01","2025-01-02T06:10:00Z","water_level",0.562002109403998,"m"
"S01","2025-01-02T06:15:00Z","water_level",0.791890162709301,"m"
"S01","2025-01-02T06:20:00Z","water_level",2.30693890392783,"m"
"S01","2025-01-02T06:25:00Z","water_level",0.983938652476221,"m"
"S01","2025-01-02T06:30:00Z","water_level",1.71133330412674,"m"
"S01","2025-01-02T06:35:00Z","water_level",0.15298640587431,"m"
"S01","2025-01-02T06:40:00Z","water_level",0.695660349709906,"m"
"S01","2025-01-02T06:45:00Z","water_level",0.350698147969021,"m"
"S01","2025-01-02T06:50:00Z","water_level",0.222709891651525,"m"
"S01","2025-01-02T06:55:00Z","water_level",1.35684950022787,"m"
"S01","2025-01-02T07:00:00Z","water_level",0.26564753736045,"m"
"S01","2025-01-02T07:05:00Z","water_level",0.328121109887245,"m"
"S01","2025-01-02T07:10:00Z","water_level",0.25792752233233,"m"
"S01","2025-01-02T07:15:00Z","water_level",0.0586508308363524,"m"
"S01","2025-01-02T07:20:00Z","water_level",0.308385491896126,"m"
"S01","2025-01-02T07:25:00Z","water_level",0.793207636817113,"m"
"S01","2025-01-02T07:30:00Z","water_level",0.411669390730955,"m"
"S01","2025-01-02T07:35:00Z","water_level",0.807539709412538,"m"
"S01","2025-01-02T07:40:00Z","water_level",0.531012919079673,"m"
"S01","2025-01-02T07:45:00Z","water_level",0.517112193067149,"m"
"S01","2025-01-02T07:50:00Z","water_level",0.755999310199065,"m"
"S01","2025-01-02T07:55:00Z","water_level",0.446679702071662,"m"
"S01","2025-01-02T08:00:00Z","water_level",1.20519641923205,"m"
"S01","2025-01-02T08:05:00Z","water_level",0.220965306739664,"m"
"S01","2025-01-02T08:10:00Z","water_level",1.05405972006421,"m"
"S01","2025-01-02T08:15:00Z","water_level",0.309864726570443,"m"
"S01","2025-01-02T08:20:00Z","water_level",0.0967506120013713,"m"
"S01","2025-01-02T08:25:00Z","water_level",0.0649158345335636,"m"
"S01","2025-01-02T08:30:00Z","water_level",0.218821536130392,"m"
"S01","2025-01-02T08:35:00Z","water_level",0.177213843740574,"m"
"S01","2025-01-02T08:40:00Z","water_level",1.70850530091981,"m"
"S01","2025-01-02T08:45:00Z","water_level",1.47968069458765,"m"
"S01","2025-01-02T08:50:00Z","water_level",0.236474182609954,"m"
"S01","2025-01-02T08:55:00Z","water_level",0.548402501774253,"m"
"S01","2025-01-02T09:00:00Z","water_level",0.402681620438362,"m"
"S01","2025-01-02T09:05:00Z","water_level",0.373340328432849,"m"
"S01","2025-01-02T09:10:00Z","water_level",0.886078461299396,"m"
"S01","2025-01-02T09:15:00Z","water_level",0.761998516996341,"m"
"S01","2025-01-02T09:20:00Z","water_level",0.407427448561439,"m"
"S01","2025-01-02T09:25:00Z","water_level",0.191410794164905,"m"
"S01","2025-01-02T09:30:00Z","water_level",0.0318578718583408,"m"
"S01","2025-01-02T09:35:00Z","water_level",0.0373495698971289,"m"
"S01","2025-01-02T09:40:00Z","water_level",0.484378327767728,"m"
"S01","2025-01-02T09:45:00Z","water_level",0.0713617879693408,"m"
"S01","2025-01-02T09:50:00Z","water_level",0.816017745382313,"m"
"S01","2025-01-02T09:55:00Z","water_level",0.200406419927348,"m"
"S01","2025-01-02T10:00:00Z","water_level",0.0557338906146532,"m"
"S01","2025-01-02T10:05:00Z","water_level",0.595810902154487,"m"
"S01","2025-01-02T10:10:00Z","water_level",0.445318241358405,"m"
"S01","2025-01-02T10:15:00Z","water_level",0.322859838492599,"m"
"S01","2025-01-02T10:20:00Z","water_level",0.121330443801295,"m"
"S01","2025-01-02T10:25:00Z","water_level",0.469223419741592,"m"
"S01","2025-01-02T10:30:00Z","water_level",0.351099680597186,"m"
"S01","2025-01-02T10:35:00Z","water_level",0.797626345855822,"m"
"S01","2025-01-02T10:40:00Z","water_level",1.05695096749544,"m"
"S01","2025-01-02T10:45:00Z","water_level",0.420267319290516,"m"
"S01","2025-01-02T10:50:00Z","water_level",0.843005836918731,"m"
"S01","2025-01-02T10:55:00Z","water_level",0.863503822756154,"m"
"S01","2025-01-02T11:00:00Z","water_level",0.521858117389345,"m"
"S01","2025-01-02T11:05:00Z","water_level",0.0514640578689627,"m"
"S01","2025-01-02T11:10:00Z","water_level",0.148518474776277,"m"
"S01","2025-01-02T11:15:00Z","water_level",0.449242757577707,"m"
"S01","2025-01-02T11:20:00Z","water_level",1.42333418490684,"m"
"S01","2025-01-02T11:25:00Z","water_level",3.96353163927952,"m"
"S01","2025-01-02T11:30:00Z","water_level",2.46095553430707,"m"
"S01","2025-01-02T11:35:00Z","water_level",1.00470701990509,"m"
"S01","2025-01-02T11:40:00Z","water_level",0.832222220158838,"m"
"S01","2025-01-02T11:45:00Z","water_level",0.0788515268073762,"m"
"S01","2025-01-02T11:50:00Z","water_level",0.812423469923794,"m"
"S01","2025-01-02T11:55:00Z","water_level",0.398431087672704,"m"
"S01","2025-01-02T12:00:00Z","water_level",0.930923740994806,"m"
"S01","2025-01-02T12:05:00Z","water_level",0.40339542572881,"m"
"S01","2025-01-02T12:10:00Z","water_level",0.821923015482184,"m"
"S01","2025-01-02T12:15:00Z","water_level",0.978419073352952,"m"
"S01","2025-01-02T12:20:00Z","water_level",1.69862929876507,"m"
"S01","2025-01-02T12:25:00Z","water_level",1.67693935941235,"m"
"S01","2025-01-02T12:30:00Z","water_level",2.17538137911081,"m"
"S01","2025-01-02T12:35:00Z","water_level",3.00794304137976,"m"
"S01","2025-01-02T12:40:00Z","water_level",2.88144622639873,"m"
"S01","2025-01-02T12:45:00Z","water_level",0.770467261454281,"m"
"S01","2025-01-02T12:50:00Z","water_level",1.4543455735353,"m"
"S01","2025-01-02T12:55:00Z","water_level",1.30648644529487,"m"
"S01","2025-01-02T13:00:00Z","water_level",1.75291885131729,"m"
"S01","2025-01-02T13:05:00Z","water_level",1.97624577657176,"m"
"S01","2025-01-02T13:10:00Z","water_level",0.250677697492605,"m"
"S01","2025-01-02T13:15:00Z","water_level",0.316790874246908,"m"
"S01","2025-01-02T13:20:00Z","water_level",0.435635924546201,"m"
"S01","2025-01-02T13:25:00Z","water_level",0.415232833475802,"m"
"S01","2025-01-02T13:30:00Z","water_level",0.203764360665396,"m"
"S01","2025-01-02T13:35:00Z","water_level",1.22947819360275,"m"
"S01","2025-01-02T13:40:00Z","water_level",0.468143903370279,"m"
"S01","2025-01-02T13:45:00Z","water_level",0.608537874966098,"m"
"S01","2025-01-02T13:50:00Z","water_level",1.53241843899023,"m"
"S01","2025-01-02T13:55:00Z","water_level",1.26310017326104,"m"
"S01","2025-01-02T14:00:00Z","water_level",2.11382894956738,"m"
"S01","2025-01-02T14:05:00Z","water_level",0.787675526404893,"m"
"S01","2025-01-02T14:10:00Z","water_level",0.753288960374053,"m"
"S01","2025-01-02T14:15:00Z","water_level",0.882146131931103,"m"
"S01","2025-01-02T14:20:00Z","water_level",0.160243876300798,"m"
"S01","2025-01-02T14:25:00Z","water_level",0.435915565485938,"m"
"S01","2025-01-02T14:30:00Z","water_level",0.983467839734871,"m"
"S01","2025-01-02T14:35:00Z","water_level",1.83386658608182,"m"
"S01","2025-01-02T14:40:00Z","water_level",0.60657940294943,"m"
"S01","2025-01-02T14:45:00Z","water_level",0.673800362513615,"m"
"S01","2025-01-02T14:50:00Z","water_level",0.433950586908324,"m"
"S01","2025-01-02T14:55:00Z","water_level",0.515924894279394,"m"
"S01","2025-01-02T15:00:00Z","water_level",0.0630602947769414,"m"
"S01","2025-01-02T15:05:00Z","water_level",0.164584412011011,"m"
"S01","2025-01-02T15:10:00Z","water_level",0.0570131689340153,"m"
"S01","2025-01-02T15:15:00Z","water_level",0.867172682891077,"m"
"S01","2025-01-02T15:20:00Z","water_level",0.60952071981323,"m"
"S01","2025-01-02T15:25:00Z","water_level",0.370227635694238,"m"
"S01","2025-01-02T15:30:00Z","water_level",1.42329761364832,"m"
"S01","2025-01-02T15:35:00Z","water_level",0.340166663998958,"m"
"S01","2025-01-02T15:40:00Z","water_level",0.54779948286509,"m"
"S01","2025-01-02T15:45:00Z","water_level",0.544851217948629,"m"
"S01","2025-01-02T15:50:00Z","water_level",0.365627099701082,"m"
"S01","2025-01-02T15:55:00Z","water_level",1.11901779693125,"m"
"S01","2025-01-02T16:00:00Z","water_level",1.14342992118243,"m"
"S01","2025-01-02T16:05:00Z","water_level",1.70070899274111,"m"
"S01","2025-01-02T16:10:00Z","water_level",0.580289276264929,"m"
"S01","2025-01-02T16:15:00Z","water_level",0.569543488761625,"m"
"S01","2025-01-02T16:20:00Z","water_level",0.614120039672572,"m"
"S01","2025-01-02T16:25:00Z","water_level",1.06679082602067,"m"
"S01","2025-01-02T16:30:00Z","water_level",2.44319331468748,"m"
"S01","2025-01-02T16:35:00Z","water_level",2.6316597171798,"m"
"S01","2025-01-02T16:40:00Z","water_level",2.46964118625839,"m"
"S01","2025-01-02T16:45:00Z","water_level",0.978546947450266,"m"
"S01","2025-01-02T16:50:00Z","water_level",1.36413676014324,"m"
"S01","2025-01-02T16:55:00Z","water_level",0.397440372626216,"m"
"S01","2025-01-02T17:00:00Z","water_level",0.565815309341434,"m"
"S01","2025-01-02T17:05:00Z","water_level",0.708128366807718,"m"
"S01","2025-01-02T17:10:00Z","water_level",0.56481399366302,"m"
"S01","2025-01-02T17:15:00Z","water_level",0.130305695591651,"m"
"S01","2025-01-02T17:20:00Z","water_level",0.252802223235374,"m"
"S01","2025-01-02T17:25:00Z","water_level",0.453197798517889,"m"
"S01","2025-01-02T17:30:00Z","water_level",0.277456533849186,"m"
"S01","2025-01-02T17:35:00Z","water_level",0.171398836381867,"m"
"S01","2025-01-02T17:40:00Z","water_level",0.0864242527434348,"m"
"S01","2025-01-02T17:45:00Z","water_level",0.062211012792674,"m"
"S01","2025-01-02T17:50:00Z","water_level",0.0704125909420105,"m"
"S01","2025-01-02T17:55:00Z","water_level",0.0280759751724902,"m"
"S01","2025-01-02T18:00:00Z","water_level",0.245624503093428,"m"
"S01","2025-01-02T18:05:00Z","water_level",0.230489793030303,"m"
"S01","2025-01-02T18:10:00Z","water_level",0.294807367644663,"m"
"S01","2025-01-02T18:15:00Z","water_level",0.0859490027963763,"m"
"S01","2025-01-02T18:20:00Z","water_level",2.92595880947653,"m"
"S01","2025-01-02T18:25:00Z","water_level",1.62481523210565,"m"
"S01","2025-01-02T18:30:00Z","water_level",0.911426195580247,"m"
"S01","2025-01-02T18:35:00Z","water_level",3.11966613294919,"m"
"S01","2025-01-02T18:40:00Z","water_level",0.477846964978829,"m"
"S01","2025-01-02T18:45:00Z","water_level",0.652389159181633,"m"
"S01","2025-01-02T18:50:00Z","water_level",0.913105652611343,"m"
"S01","2025-01-02T18:55:00Z","water_level",2.76519793362004,"m"
"S01","2025-01-02T19:00:00Z","water_level",0.693089617184777,"m"
"S01","2025-01-02T19:05:00Z","water_level",0.207668137921556,"m"
"S01","2025-01-02T19:10:00Z","water_level",0.110605863083843,"m"
"S01","2025-01-02T19:15:00Z","water_level",1.05738965729137,"m"
"S01","2025-01-02T19:20:00Z","water_level",0.5836013512211,"m"
"S01","2025-01-02T19:25:00Z","water_level",3.40068853050797,"m"
"S01","2025-01-02T19:30:00Z","water_level",0.939172974681745,"m"
"S01","2025-01-02T19:35:00Z","water_level",0.739716091143925,"m"
"S01","2025-01-02T19:40:00Z","water_level",3.60929608074662,"m"
"S01","2025-01-02T19:45:00Z","water_level",1.79535701837328,"m"
"S01","2025-01-02T19:50:00Z","water_level",1.1372150692395,"m"
"S01","2025-01-02T19:55:00Z","water_level",0.175370382037599,"m"
"S01","2025-01-02T20:00:00Z","water_level",1.07093122398494,"m"
"S01","2025-01-02T20:05:00Z","water_level",0.735881874966748,"m"
"S01","2025-01-02T20:10:00Z","water_level",0.310319443576221,"m"
"S01","2025-01-02T20:15:00Z","water_level",0.476397359433455,"m"
"S01","2025-01-02T20:20:00Z","water_level",1.4687159232363,"m"
"S01","2025-01-02T20:25:00Z","water_level",0.485831397819417,"m"
"S01","2025-01-02T20:30:00Z","water_level",0.0980706231206298,"m"
"S01","2025-01-02T20:35:00Z","water_level",0.268395815847797,"m"
"S01","2025-01-02T20:40:00Z","water_level",0.256453529059801,"m"
"S01","2025-01-02T20:45:00Z","water_level",0.0819672537866366,"m"
"S01","2025-01-02T20:50:00Z","water_level",0.0238526393302443,"m"
"S01","2025-01-02T20:55:00Z","water_level",0.117673164231341,"m"
"S01","2025-01-02T21:00:00Z","water_level",0.363683407408609,"m"
"S01","2025-01-02T21:05:00Z","water_level",0.427973303971031,"m"
"S01","2025-01-02T21:10:00Z","water_level",2.14765943258057,"m"
"S01","2025-01-02T21:15:00Z","water_level",0.279771639868098,"m"
"S01","2025-01-02T21:20:00Z","water_level",0.832472516595007,"m"
"S01","2025-01-02T21:25:00Z","water_level",1.30661978211884,"m"
"S01","2025-01-02T21:30:00Z","water_level",1.11194264693814,"m"
"S01","2025-01-02T21:35:00Z","water_level",2.17478051070176,"m"
"S01","2025-01-02T21:40:00Z","water_level",1.82612403055836,"m"
"S01","2025-01-02T21:45:00Z","water_level",0.253184366863935,"m"
"S01","2025-01-02T21:50:00Z","water_level",0.11731532354108,"m"
"S01","2025-01-02T21:55:00Z","water_level",0.163548768489801,"m"
"S01","2025-01-02T22:00:00Z","water_level",0.0816043954144828,"m"
"S01","2025-01-02T22:05:00Z","water_level",1.62859373490397,"m"
"S01","2025-01-02T22:10:00Z","water_level",4,"m"
"S01","2025-01-02T22:15:00Z","water_level",3.22849107782632,"m"
"S01","2025-01-02T22:20:00Z","water_level",0.453311194762231,"m"
"S01","2025-01-02T22:25:00Z","water_level",0.523194837929783,"m"
"S01","2025-01-02T22:30:00Z","water_level",0.602922187962107,"m"
"S01","2025-01-02T22:35:00Z","water_level",0.43685779553101,"m"
"S01","2025-01-02T22:40:00Z","water_level",1.00892921095266,"m"
"S01","2025-01-02T22:45:00Z","water_level",0.0978219163603538,"m"
"S01","2025-01-02T22:50:00Z","water_level",0.21650372208741,"m"
"S01","2025-01-02T22:55:00Z","water_level",0.488733997505384,"m"
"S01","2025-01-02T23:00:00Z","water_level",0.854871402451229,"m"
"S01","2025-01-02T23:05:00Z","water_level",0.525892837764612,"m"
"S01","2025-01-02T23:10:00Z","water_level",0.584304513315859,"m"
"S01","2025-01-02T23:15:00Z","water_level",0.0719916702748107,"m"
"S01","2025-01-02T23:20:00Z","water_level",0.997716172052394,"m"
"S01","2025-01-02T23:25:00Z","water_level",0.752901275606851,"m"
"S01","2025-01-02T23:30:00Z","water_level",0.623062625317672,"m"
"S01","2025-01-02T23:35:00Z","water_level",1.53279988497901,"m"
"S01","2025-01-02T23:40:00Z","water_level",0.241759045279028,"m"
"S01","2025-01-02T23:45:00Z","water_level",0.041299723927549,"m"
"S01","2025-01-02T23:50:00Z","water_level",0.0826694984623403,"m"
"S01","2025-01-02T23:55:00Z","water_level",0.0873756772874922,"m"
"S01","2025-01-03T00:00:00Z","water_level",0.398584663292231,"m"
"S01","2025-01-03T00:05:00Z","water_level",0.0412546212076188,"m"
"S01","2025-01-03T00:10:00Z","water_level",0.0831561157202958,"m"
"S01","2025-01-03T00:15:00Z","water_level",0.244876578246763,"m"
"S01","2025-01-03T00:20:00Z","water_level",0.614562213086954,"m"
"S01","2025-01-03T00:25:00Z","water_level",1.15853082034647,"m"
"S01","2025-01-03T00:30:00Z","water_level",0.878808994331682,"m"
"S01","2025-01-03T00:35:00Z","water_level",1.04987418445487,"m"
"S01","2025-01-03T00:40:00Z","water_level",0.390013857783596,"m"
"S01","2025-01-03T00:45:00Z","water_level",0.558368815089339,"m"
"S01","2025-01-03T00:50:00Z","water_level",0.723440103878754,"m"
"S01","2025-01-03T00:55:00Z","water_level",0.336712140930689,"m"
"S01","2025-01-03T01:00:00Z","water_level",0.48352959634052,"m"
"S01","2025-01-03T01:05:00Z","water_level",0.154805325863227,"m"
"S01","2025-01-03T01:10:00Z","water_level",1.64573288777011,"m"
"S01","2025-01-03T01:15:00Z","water_level",2.14122900818331,"m"
"S01","2025-01-03T01:20:00Z","water_level",0.391654690823025,"m"
"S01","2025-01-03T01:25:00Z","water_level",0.689174321898705,"m"
"S01","2025-01-03T01:30:00Z","water_level",0.507579562947443,"m"
"S01","2025-01-03T01:35:00Z","water_level",0.168977904695118,"m"
"S01","2025-01-03T01:40:00Z","water_level",0.0502642376641936,"m"
"S01","2025-01-03T01:45:00Z","water_level",0.269530432324262,"m"
"S01","2025-01-03T01:50:00Z","water_level",0.0412572535101047,"m"
"S01","2025-01-03T01:55:00Z","water_level",0.214300669909666,"m"
"S01","2025-01-03T02:00:00Z","water_level",1.34859108119413,"m"
"S01","2025-01-03T02:05:00Z","water_level",0.717780033259203,"m"
"S01","2025-01-03T02:10:00Z","water_level",1.44266351978325,"m"
"S01","2025-01-03T02:15:00Z","water_level",1.24291963761046,"m"
"S01","2025-01-03T02:20:00Z","water_level",1.18711457787573,"m"
"S01","2025-01-03T02:25:00Z","water_level",2.12723593738185,"m"
"S01","2025-01-03T02:30:00Z","water_level",0.734147890798753,"m"
"S01","2025-01-03T02:35:00Z","water_level",1.19864399534253,"m"
"S01","2025-01-03T02:40:00Z","water_level",1.12512692669569,"m"
"S01","2025-01-03T02:45:00Z","water_level",1.11552139122315,"m"
"S01","2025-01-03T02:50:00Z","water_level",0.0698421890688063,"m"
"S01","2025-01-03T02:55:00Z","water_level",0.92589827986034,"m"
"S01","2025-01-03T03:00:00Z","water_level",0.792766733272461,"m"
"S01","2025-01-03T03:05:00Z","water_level",1.07554089601703,"m"
"S01","2025-01-03T03:10:00Z","water_level",2.96853084196771,"m"
"S01","2025-01-03T03:15:00Z","water_level",2.18185885890985,"m"
"S01","2025-01-03T03:20:00Z","water_level",0.494324416335806,"m"
"S01","2025-01-03T03:25:00Z","water_level",0.810142776162399,"m"
"S01","2025-01-03T03:30:00Z","water_level",0.615815522287344,"m"
"S01","2025-01-03T03:35:00Z","water_level",0.351557483665427,"m"
"S01","2025-01-03T03:40:00Z","water_level",0.922052113135925,"m"
"S01","2025-01-03T03:45:00Z","water_level",0.601078292628735,"m"
"S01","2025-01-03T03:50:00Z","water_level",0.351039662409703,"m"
"S01","2025-01-03T03:55:00Z","water_level",0.105540748782714,"m"
"S01","2025-01-03T04:00:00Z","water_level",1.03759151152512,"m"
"S01","2025-01-03T04:05:00Z","water_level",0.378126147971713,"m"
"S01","2025-01-03T04:10:00Z","water_level",0.148564870005695,"m"
"S01","2025-01-03T04:15:00Z","water_level",0.195529034409608,"m"
"S01","2025-01-03T04:20:00Z","water_level",0.364243631127042,"m"
"S01","2025-01-03T04:25:00Z","water_level",0.185747372142393,"m"
"S01","2025-01-03T04:30:00Z","water_level",0.151303585019366,"m"
"S01","2025-01-03T04:35:00Z","water_level",0.232507751582197,"m"
"S01","2025-01-03T04:40:00Z","water_level",0.26072491869437,"m"
"S01","2025-01-03T04:45:00Z","water_level",1.10153779920021,"m"
"S01","2025-01-03T04:50:00Z","water_level",0.755144729646677,"m"
"S01","2025-01-03T04:55:00Z","water_level",0.163808981824501,"m"
"S01","2025-01-03T05:00:00Z","water_level",0.143045829917854,"m"
"S01","2025-01-03T05:05:00Z","water_level",0.583335034006668,"m"
"S01","2025-01-03T05:10:00Z","water_level",0.125259363457321,"m"
"S01","2025-01-03T05:15:00Z","water_level",0.563341118822094,"m"
"S01","2025-01-03T05:20:00Z","water_level",0.494316226363134,"m"
"S01","2025-01-03T05:25:00Z","water_level",0.17477547183106,"m"
"S01","2025-01-03T05:30:00Z","water_level",0.459206603068459,"m"
"S01","2025-01-03T05:35:00Z","water_level",1.19442487992683,"m"
"S01","2025-01-03T05:40:00Z","water_level",0.800623426372798,"m"
"S01","2025-01-03T05:45:00Z","water_level",0.0410899316719832,"m"
"S01","2025-01-03T05:50:00Z","water_level",0.258069523893259,"m"
"S01","2025-01-03T05:55:00Z","water_level",0.615417079854933,"m"
"S01","2025-01-03T06:00:00Z","water_level",0.25294229742042,"m"
"S01","2025-01-03T06:05:00Z","water_level",0.545615564483972,"m"
"S01","2025-01-03T06:10:00Z","water_level",0.000773433471598399,"m"
"S01","2025-01-03T06:15:00Z","water_level",0.0466535062222829,"m"
"S01","2025-01-03T06:20:00Z","water_level",0.0227532034074878,"m"
"S01","2025-01-03T06:25:00Z","water_level",0.205358564841704,"m"
"S01","2025-01-03T06:30:00Z","water_level",0.296581965089809,"m"
"S01","2025-01-03T06:35:00Z","water_level",0.191289928621729,"m"
"S01","2025-01-03T06:40:00Z","water_level",0.022218124363848,"m"
"S01","2025-01-03T06:45:00Z","water_level",0.0513193367620658,"m"
"S01","2025-01-03T06:50:00Z","water_level",0.200605149659985,"m"
"S01","2025-01-03T06:55:00Z","water_level",2.15764618354374,"m"
"S01","2025-01-03T07:00:00Z","water_level",1.17326768534581,"m"
"S01","2025-01-03T07:05:00Z","water_level",0.104962976398199,"m"
"S01","2025-01-03T07:10:00Z","water_level",0.169412725847754,"m"
"S01","2025-01-03T07:15:00Z","water_level",0.735408921333437,"m"
"S01","2025-01-03T07:20:00Z","water_level",0.53568257220511,"m"
"S01","2025-01-03T07:25:00Z","water_level",1.89099434209367,"m"
"S01","2025-01-03T07:30:00Z","water_level",0.978540086752772,"m"
"S01","2025-01-03T07:35:00Z","water_level",0.43836778661966,"m"
"S01","2025-01-03T07:40:00Z","water_level",1.13854652336234,"m"
"S01","2025-01-03T07:45:00Z","water_level",0.331867192830729,"m"
"S01","2025-01-03T07:50:00Z","water_level",0.57400102750206,"m"
"S01","2025-01-03T07:55:00Z","water_level",0.651072269924835,"m"
"S01","2025-01-03T08:00:00Z","water_level",0.107766053541755,"m"
"S01","2025-01-03T08:05:00Z","water_level",0.357004125170009,"m"
"S01","2025-01-03T08:10:00Z","water_level",0.0319419838735107,"m"
"S01","2025-01-03T08:15:00Z","water_level",0.330265463952529,"m"
"S01","2025-01-03T08:20:00Z","water_level",0.0797023891145061,"m"
"S01","2025-01-03T08:25:00Z","water_level",0.141762195579277,"m"
"S01","2025-01-03T08:30:00Z","water_level",0.0803100231610024,"m"
"S01","2025-01-03T08:35:00Z","water_level",0.0228461915476298,"m"
"S01","2025-01-03T08:40:00Z","water_level",0.164009089515126,"m"
"S01","2025-01-03T08:45:00Z","water_level",0.113764195025483,"m"
"S01","2025-01-03T08:50:00Z","water_level",0.288026868176258,"m"
"S01","2025-01-03T08:55:00Z","water_level",0.477698479634603,"m"
"S01","2025-01-03T09:00:00Z","water_level",0.16207866750496,"m"
"S01","2025-01-03T09:05:00Z","water_level",0.115024937452347,"m"
"S01","2025-01-03T09:10:00Z","water_level",0.0131223769713898,"m"
"S01","2025-01-03T09:15:00Z","water_level",0.0340121485002269,"m"
"S01","2025-01-03T09:20:00Z","water_level",0.0794066462870603,"m"
"S01","2025-01-03T09:25:00Z","water_level",0.261304598580325,"m"
"S01","2025-01-03T09:30:00Z","water_level",0.0730066461841924,"m"
"S01","2025-01-03T09:35:00Z","water_level",0.0124163585476511,"m"
"S01","2025-01-03T09:40:00Z","water_level",0.334101949736379,"m"
"S01","2025-01-03T09:45:00Z","water_level",0.312152809565448,"m"
"S01","2025-01-03T09:50:00Z","water_level",0.105905384179285,"m"
"S01","2025-01-03T09:55:00Z","water_level",0.280600573989509,"m"
"S01","2025-01-03T10:00:00Z","water_level",0,"m"
"S01","2025-01-03T10:05:00Z","water_level",0.0397937087499652,"m"
"S01","2025-01-03T10:10:00Z","water_level",0.450622326472234,"m"
"S01","2025-01-03T10:15:00Z","water_level",0.537346244060728,"m"
"S01","2025-01-03T10:20:00Z","water_level",0.044506701635942,"m"
"S01","2025-01-03T10:25:00Z","water_level",0.418179144822038,"m"
"S01","2025-01-03T10:30:00Z","water_level",0.541638222968478,"m"
"S01","2025-01-03T10:35:00Z","water_level",2.08906889748032,"m"
"S01","2025-01-03T10:40:00Z","water_level",0.553038239337956,"m"
"S01","2025-01-03T10:45:00Z","water_level",0.264878159937969,"m"
"S01","2025-01-03T10:50:00Z","water_level",0.933861524537478,"m"
"S01","2025-01-03T10:55:00Z","water_level",0.611838033072583,"m"
"S01","2025-01-03T11:00:00Z","water_level",0.492954125005825,"m"
"S01","2025-01-03T11:05:00Z","water_level",0.537131519778328,"m"
"S01","2025-01-03T11:10:00Z","water_level",0.0308722086568782,"m"
"S01","2025-01-03T11:15:00Z","water_level",0.0865329342293256,"m"
"S01","2025-01-03T11:20:00Z","water_level",0.15469179405439,"m"
"S01","2025-01-03T11:25:00Z","water_level",0.279723436467184,"m"
"S01","2025-01-03T11:30:00Z","water_level",0.0604003539476161,"m"
"S01","2025-01-03T11:35:00Z","water_level",0.409628163648437,"m"
"S01","2025-01-03T11:40:00Z","water_level",0.317894956979556,"m"
"S01","2025-01-03T11:45:00Z","water_level",0.901476973092787,"m"
"S01","2025-01-03T11:50:00Z","water_level",1.60644867615271,"m"
"S01","2025-01-03T11:55:00Z","water_level",1.21665017239111,"m"
"S01","2025-01-03T12:00:00Z","water_level",1.2442029240215,"m"
"S01","2025-01-03T12:05:00Z","water_level",0.0208826373050047,"m"
"S01","2025-01-03T12:10:00Z","water_level",0.370617994828954,"m"
"S01","2025-01-03T12:15:00Z","water_level",0.0292224913538104,"m"
"S01","2025-01-03T12:20:00Z","water_level",0.0452851153559909,"m"
"S01","2025-01-03T12:25:00Z","water_level",0.824749530467036,"m"
"S01","2025-01-03T12:30:00Z","water_level",1.30579149836676,"m"
"S01","2025-01-03T12:35:00Z","water_level",0.21579403725363,"m"
"S01","2025-01-03T12:40:00Z","water_level",0.394854063618677,"m"
"S01","2025-01-03T12:45:00Z","water_level",0.474347710540155,"m"
"S01","2025-01-03T12:50:00Z","water_level",0.244749448572164,"m"
"S01","2025-01-03T12:55:00Z","water_level",0.345888023410702,"m"
"S01","2025-01-03T13:00:00Z","water_level",0.366312963746954,"m"
"S01","2025-01-03T13:05:00Z","water_level",0.397831945217224,"m"
"S01","2025-01-03T13:10:00Z","water_level",0.225061034814079,"m"
"S01","2025-01-03T13:15:00Z","water_level",0.430802475911028,"m"
"S01","2025-01-03T13:20:00Z","water_level",0.740865990058698,"m"
"S01","2025-01-03T13:25:00Z","water_level",1.28294753963239,"m"
"S01","2025-01-03T13:30:00Z","water_level",0.735604679105098,"m"
"S01","2025-01-03T13:35:00Z","water_level",2.0097306527726,"m"
"S01","2025-01-03T13:40:00Z","water_level",1.04594547802029,"m"
"S01","2025-01-03T13:45:00Z","water_level",0.992594370176274,"m"
"S01","2025-01-03T13:50:00Z","water_level",0.545848401504698,"m"
"S01","2025-01-03T13:55:00Z","water_level",0.214052780327664,"m"
"S01","2025-01-03T14:00:00Z","water_level",0.890438166547473,"m"
"S01","2025-01-03T14:05:00Z","water_level",1.35538443092841,"m"
"S01","2025-01-03T14:10:00Z","water_level",0.278561180814393,"m"
"S01","2025-01-03T14:15:00Z","water_level",1.28262749462786,"m"
"S01","2025-01-03T14:20:00Z","water_level",0.663723810051557,"m"
"S01","2025-01-03T14:25:00Z","water_level",1.56341703077138,"m"
"S01","2025-01-03T14:30:00Z","water_level",0.140840164405911,"m"
"S01","2025-01-03T14:35:00Z","water_level",0.156746117125317,"m"
"S01","2025-01-03T14:40:00Z","water_level",0.149721623689491,"m"
"S01","2025-01-03T14:45:00Z","water_level",0.335446102340563,"m"
"S01","2025-01-03T14:50:00Z","water_level",0.700079781865907,"m"
"S01","2025-01-03T14:55:00Z","water_level",0.47696217355626,"m"
"S01","2025-01-03T15:00:00Z","water_level",0.409528288320879,"m"
"S01","2025-01-03T15:05:00Z","water_level",1.79131991575843,"m"
"S01","2025-01-03T15:10:00Z","water_level",0.394128578023305,"m"
"S01","2025-01-03T15:15:00Z","water_level",1.25306784982798,"m"
"S01","2025-01-03T15:20:00Z","water_level",0.374795234526133,"m"
"S01","2025-01-03T15:25:00Z","water_level",0.106934857914568,"m"
"S01","2025-01-03T15:30:00Z","water_level",0.0734182408067329,"m"
"S01","2025-01-03T15:35:00Z","water_level",0.933091553752189,"m"
"S01","2025-01-03T15:40:00Z","water_level",0.0938759156350869,"m"
"S01","2025-01-03T15:45:00Z","water_level",0.108835635790059,"m"
"S01","2025-01-03T15:50:00Z","water_level",0.241424836296718,"m"
"S01","2025-01-03T15:55:00Z","water_level",0.023769279120717,"m"
"S01","2025-01-03T16:00:00Z","water_level",0.00327368089576454,"m"
"S01","2025-01-03T16:05:00Z","water_level",0.526493015678285,"m"
"S01","2025-01-03T16:10:00Z","water_level",0.138134706093862,"m"
"S01","2025-01-03T16:15:00Z","water_level",1.31755677730109,"m"
"S01","2025-01-03T16:20:00Z","water_level",0.523364404977665,"m"
"S01","2025-01-03T16:25:00Z","water_level",1.56633158134957,"m"
"S01","2025-01-03T16:30:00Z","water_level",0.330918098106869,"m"
"S01","2025-01-03T16:35:00Z","water_level",0.116959523770441,"m"
"S01","2025-01-03T16:40:00Z","water_level",0.0922418810934401,"m"
"S01","2025-01-03T16:45:00Z","water_level",0.361967623762323,"m"
"S01","2025-01-03T16:50:00Z","water_level",0.491648698887686,"m"
"S01","2025-01-03T16:55:00Z","water_level",0.496831370690365,"m"
"S01","2025-01-03T17:00:00Z","water_level",0.747698254715196,"m"
"S01","2025-01-03T17:05:00Z","water_level",0.561601677964252,"m"
"S01","2025-01-03T17:10:00Z","water_level",1.30336493995004,"m"
"S01","2025-01-03T17:15:00Z","water_level",0.456632807190789,"m"
"S01","2025-01-03T17:20:00Z","water_level",0.212519266026059,"m"
"S01","2025-01-03T17:25:00Z","water_level",0.826021361122279,"m"
"S01","2025-01-03T17:30:00Z","water_level",0.746499034359704,"m"
"S01","2025-01-03T17:35:00Z","water_level",0.212610372714853,"m"
"S01","2025-01-03T17:40:00Z","water_level",0.0359787004728959,"m"
"S01","2025-01-03T17:45:00Z","water_level",0.284642443499672,"m"
"S01","2025-01-03T17:50:00Z","water_level",0.956651078968057,"m"
"S01","2025-01-03T17:55:00Z","water_level",0.229867681695941,"m"
"S01","2025-01-03T18:00:00Z","water_level",0.118996795002879,"m"
"S01","2025-01-03T18:05:00Z","water_level",0.677141460277957,"m"
"S01","2025-01-03T18:10:00Z","water_level",0.514191823531566,"m"
"S01","2025-01-03T18:15:00Z","water_level",0.837505816471769,"m"
"S01","2025-01-03T18:20:00Z","water_level",0.166929873193927,"m"
"S01","2025-01-03T18:25:00Z","water_level",0.300928990050486,"m"
"S01","2025-01-03T18:30:00Z","water_level",0.166256509182707,"m"
"S01","2025-01-03T18:35:00Z","water_level",0.20911437703419,"m"
"S01","2025-01-03T18:40:00Z","water_level",0.647229237515747,"m"
"S01","2025-01-03T18:45:00Z","water_level",0.157456233193661,"m"
"S01","2025-01-03T18:50:00Z","water_level",0.332392141689698,"m"
"S01","2025-01-03T18:55:00Z","water_level",0.3147980618335,"m"
"S01","2025-01-03T19:00:00Z","water_level",0.420178180886943,"m"
"S01","2025-01-03T19:05:00Z","water_level",0.0177463345496027,"m"
"S01","2025-01-03T19:10:00Z","water_level",0.0374225725466888,"m"
"S01","2025-01-03T19:15:00Z","water_level",0.00256944622729143,"m"
"S01","2025-01-03T19:20:00Z","water_level",0.0564910040509233,"m"
"S01","2025-01-03T19:25:00Z","water_level",0.324743007852669,"m"
"S01","2025-01-03T19:30:00Z","water_level",0.410731714564513,"m"
"S01","2025-01-03T19:35:00Z","water_level",0.0548931975204215,"m"
"S01","2025-01-03T19:40:00Z","water_level",0.213496059974274,"m"
"S01","2025-01-03T19:45:00Z","water_level",0.507930331134594,"m"
"S01","2025-01-03T19:50:00Z","water_level",0.0497815516923637,"m"
"S01","2025-01-03T19:55:00Z","water_level",1.16301660036276,"m"
"S01","2025-01-03T20:00:00Z","water_level",0.65461214813192,"m"
"S01","2025-01-03T20:05:00Z","water_level",0.635226472599883,"m"
"S01","2025-01-03T20:10:00Z","water_level",0.169465878677649,"m"
"S01","2025-01-03T20:15:00Z","water_level",0.0194923851070883,"m"
"S01","2025-01-03T20:20:00Z","water_level",0.539198824013985,"m"
"S01","2025-01-03T20:25:00Z","water_level",0.579347502230954,"m"
"S01","2025-01-03T20:30:00Z","water_level",0.793403167830393,"m"
"S01","2025-01-03T20:35:00Z","water_level",2.05498621200889,"m"
"S01","2025-01-03T20:40:00Z","water_level",2.8367344513668,"m"
"S01","2025-01-03T20:45:00Z","water_level",2.43009808097901,"m"
"S01","2025-01-03T20:50:00Z","water_level",0.604780523542955,"m"
"S01","2025-01-03T20:55:00Z","water_level",0.649154041021626,"m"
"S01","2025-01-03T21:00:00Z","water_level",1.02432312330463,"m"
"S01","2025-01-03T21:05:00Z","water_level",0.361830412184551,"m"
"S01","2025-01-03T21:10:00Z","water_level",0.143627939587237,"m"
"S01","2025-01-03T21:15:00Z","water_level",0.134716788158749,"m"
"S01","2025-01-03T21:20:00Z","water_level",0.0361585799051948,"m"
"S01","2025-01-03T21:25:00Z","water_level",0.0784037621282434,"m"
"S01","2025-01-03T21:30:00Z","water_level",0.0923114741529643,"m"
"S01","2025-01-03T21:35:00Z","water_level",0.112351975204417,"m"
"S01","2025-01-03T21:40:00Z","water_level",0.748304119154318,"m"
"S01","2025-01-03T21:45:00Z","water_level",0.476048602540974,"m"
"S01","2025-01-03T21:50:00Z","water_level",0.233243642809171,"m"
"S01","2025-01-03T21:55:00Z","water_level",0.188314450081505,"m"
"S01","2025-01-03T22:00:00Z","water_level",0.901388088640516,"m"
"S01","2025-01-03T22:05:00Z","water_level",1.86641658997967,"m"
"S01","2025-01-03T22:10:00Z","water_level",0.812229442634832,"m"
"S01","2025-01-03T22:15:00Z","water_level",1.11622010742966,"m"
"S01","2025-01-03T22:20:00Z","water_level",1.71407954764504,"m"
"S01","2025-01-03T22:25:00Z","water_level",0.407806530255372,"m"
"S01","2025-01-03T22:30:00Z","water_level",0.48363757475689,"m"
"S01","2025-01-03T22:35:00Z","water_level",1.13793024418359,"m"
"S01","2025-01-03T22:40:00Z","water_level",0.735227735744707,"m"
"S01","2025-01-03T22:45:00Z","water_level",1.23145756582661,"m"
"S01","2025-01-03T22:50:00Z","water_level",2.05813253970868,"m"
"S01","2025-01-03T22:55:00Z","water_level",3.27461458948435,"m"
"S01","2024-12-31T23:00:00Z","soil_moisture",27.5711714990007,"%"
"S01","2024-12-31T23:05:00Z","soil_moisture",22.1867650176329,"%"
"S01","2024-12-31T23:10:00Z","soil_moisture",16.9539909132768,"%"
"S01","2024-12-31T23:15:00Z","soil_moisture",23.9626326465707,"%"
"S01","2024-12-31T23:20:00Z","soil_moisture",14.164339226467,"%"
"S01","2024-12-31T23:25:00Z","soil_moisture",24.2308644738558,"%"
"S01","2024-12-31T23:30:00Z","soil_moisture",25.6592295656765,"%"
"S01","2024-12-31T23:35:00Z","soil_moisture",24.4964862706935,"%"
"S01","2024-12-31T23:40:00Z","soil_moisture",44.6909834671561,"%"
"S01","2024-12-31T23:45:00Z","soil_moisture",29.8253232840145,"%"
"S01","2024-12-31T23:50:00Z","soil_moisture",2.1637149307868,"%"
"S01","2024-12-31T23:55:00Z","soil_moisture",20.9922142938755,"%"
"S01","2025-01-01T00:00:00Z","soil_moisture",19.9852617483466,"%"
"S01","2025-01-01T00:05:00Z","soil_moisture",18.0789143122864,"%"
"S01","2025-01-01T00:10:00Z","soil_moisture",26.8143705648243,"%"
"S01","2025-01-01T00:15:00Z","soil_moisture",27.870706186826,"%"
"S01","2025-01-01T00:20:00Z","soil_moisture",25.1918755270281,"%"
"S01","2025-01-01T00:25:00Z","soil_moisture",29.8337618041572,"%"
"S01","2025-01-01T00:30:00Z","soil_moisture",36.19235288238,"%"
"S01","2025-01-01T00:35:00Z","soil_moisture",14.023188601398,"%"
"S01","2025-01-01T00:40:00Z","soil_moisture",16.3413768118531,"%"
"S01","2025-01-01T00:45:00Z","soil_moisture",20.8507555786497,"%"
"S01","2025-01-01T00:50:00Z","soil_moisture",36.417192324775,"%"
"S01","2025-01-01T00:55:00Z","soil_moisture",16.41191617594,"%"
"S01","2025-01-01T01:00:00Z","soil_moisture",20.6938776045064,"%"
"S01","2025-01-01T01:05:00Z","soil_moisture",11.4164611752583,"%"
"S01","2025-01-01T01:10:00Z","soil_moisture",16.5832917140221,"%"
"S01","2025-01-01T01:15:00Z","soil_moisture",13.2800812708451,"%"
"S01","2025-01-01T01:20:00Z","soil_moisture",31.718849676004,"%"
"S01","2025-01-01T01:25:00Z","soil_moisture",29.9663524771163,"%"
"S01","2025-01-01T01:30:00Z","soil_moisture",38.7408428928378,"%"
"S01","2025-01-01T01:35:00Z","soil_moisture",23.9966336223432,"%"
"S01","2025-01-01T01:40:00Z","soil_moisture",12.7829712301271,"%"
"S01","2025-01-01T01:45:00Z","soil_moisture",38.3038383243664,"%"
"S01","2025-01-01T01:50:00Z","soil_moisture",17.4129751521566,"%"
"S01","2025-01-01T01:55:00Z","soil_moisture",15.080615710209,"%"
"S01","2025-01-01T02:00:00Z","soil_moisture",8.69413242576296,"%"
"S01","2025-01-01T02:05:00Z","soil_moisture",16.0359458418845,"%"
"S01","2025-01-01T02:10:00Z","soil_moisture",43.4003410851033,"%"
"S01","2025-01-01T02:15:00Z","soil_moisture",56.9978600853797,"%"
"S01","2025-01-01T02:20:00Z","soil_moisture",67.2647153596533,"%"
"S01","2025-01-01T02:25:00Z","soil_moisture",26.7120538731476,"%"
"S01","2025-01-01T02:30:00Z","soil_moisture",32.5655276048668,"%"
"S01","2025-01-01T02:35:00Z","soil_moisture",42.3840621649963,"%"
"S01","2025-01-01T02:40:00Z","soil_moisture",39.7830907728623,"%"
"S01","2025-01-01T02:45:00Z","soil_moisture",52.2811305545713,"%"
"S01","2025-01-01T02:50:00Z","soil_moisture",27.0463915256383,"%"
"S01","2025-01-01T02:55:00Z","soil_moisture",26.6746453460902,"%"
"S01","2025-01-01T03:00:00Z","soil_moisture",27.5201671982739,"%"
"S01","2025-01-01T03:05:00Z","soil_moisture",48.9959360395006,"%"
"S01","2025-01-01T03:10:00Z","soil_moisture",19.9311839302234,"%"
"S01","2025-01-01T03:15:00Z","soil_moisture",21.8743686262806,"%"
"S01","2025-01-01T03:20:00Z","soil_moisture",13.2757275098494,"%"
"S01","2025-01-01T03:25:00Z","soil_moisture",32.9069048764547,"%"
"S01","2025-01-01T03:30:00Z","soil_moisture",57.7266696441041,"%"
"S01","2025-01-01T03:35:00Z","soil_moisture",31.687362005875,"%"
"S01","2025-01-01T03:40:00Z","soil_moisture",68.6975693823856,"%"
"S01","2025-01-01T03:45:00Z","soil_moisture",43.1781247915752,"%"
"S01","2025-01-01T03:50:00Z","soil_moisture",32.5044819025844,"%"
"S01","2025-01-01T03:55:00Z","soil_moisture",32.7694871484817,"%"
"S01","2025-01-01T04:00:00Z","soil_moisture",44.8793627518697,"%"
"S01","2025-01-01T04:05:00Z","soil_moisture",32.2401593595474,"%"
"S01","2025-01-01T04:10:00Z","soil_moisture",49.3310058821704,"%"
"S01","2025-01-01T04:15:00Z","soil_moisture",35.0265355525335,"%"
"S01","2025-01-01T04:20:00Z","soil_moisture",68.7398687380431,"%"
"S01","2025-01-01T04:25:00Z","soil_moisture",36.4296636568876,"%"
"S01","2025-01-01T04:30:00Z","soil_moisture",36.0502445994586,"%"
"S01","2025-01-01T04:35:00Z","soil_moisture",21.1827810875976,"%"
"S01","2025-01-01T04:40:00Z","soil_moisture",2.13821544641536,"%"
"S01","2025-01-01T04:45:00Z","soil_moisture",12.3758475667074,"%"
"S01","2025-01-01T04:50:00Z","soil_moisture",18.5142737095699,"%"
"S01","2025-01-01T04:55:00Z","soil_moisture",25.4425005695168,"%"
"S01","2025-01-01T05:00:00Z","soil_moisture",26.2561435670065,"%"
"S01","2025-01-01T05:05:00Z","soil_moisture",13.5079612943171,"%"
"S01","2025-01-01T05:10:00Z","soil_moisture",58.3151090711823,"%"
"S01","2025-01-01T05:15:00Z","soil_moisture",35.728876888878,"%"
"S01","2025-01-01T05:20:00Z","soil_moisture",44.6916710535412,"%"
"S01","2025-01-01T05:25:00Z","soil_moisture",62.2764878504548,"%"
"S01","2025-01-01T05:30:00Z","soil_moisture",67.0130246782027,"%"
"S01","2025-01-01T05:35:00Z","soil_moisture",58.8555973284828,"%"
"S01","2025-01-01T05:40:00Z","soil_moisture",65.422521614866,"%"
"S01","2025-01-01T05:45:00Z","soil_moisture",31.4863810536521,"%"
"S01","2025-01-01T05:50:00Z","soil_moisture",28.3840473024481,"%"
"S01","2025-01-01T05:55:00Z","soil_moisture",18.1286153181148,"%"
"S01","2025-01-01T06:00:00Z","soil_moisture",13.2916686743851,"%"
"S01","2025-01-01T06:05:00Z","soil_moisture",10.8913675847075,"%"
"S01","2025-01-01T06:10:00Z","soil_moisture",26.8458468692101,"%"
"S01","2025-01-01T06:15:00Z","soil_moisture",14.1393185121482,"%"
"S01","2025-01-01T06:20:00Z","soil_moisture",37.1397148008029,"%"
"S01","2025-01-01T06:25:00Z","soil_moisture",49.0493175366502,"%"
"S01","2025-01-01T06:30:00Z","soil_moisture",31.1425303834711,"%"
"S01","2025-01-01T06:35:00Z","soil_moisture",16.8569256605744,"%"
"S01","2025-01-01T06:40:00Z","soil_moisture",61.8739220880811,"%"
"S01","2025-01-01T06:45:00Z","soil_moisture",29.770542560788,"%"
"S01","2025-01-01T06:50:00Z","soil_moisture",25.0184697370895,"%"
"S01","2025-01-01T06:55:00Z","soil_moisture",37.960659702012,"%"
"S01","2025-01-01T07:00:00Z","soil_moisture",39.9007671164378,"%"
"S01","2025-01-01T07:05:00Z","soil_moisture",13.7565666330379,"%"
"S01","2025-01-01T07:10:00Z","soil_moisture",10.2894783224148,"%"
"S01","2025-01-01T07:15:00Z","soil_moisture",27.9090276085366,"%"
"S01","2025-01-01T07:20:00Z","soil_moisture",26.1804656354445,"%"
"S01","2025-01-01T07:25:00Z","soil_moisture",36.5715964063784,"%"
"S01","2025-01-01T07:30:00Z","soil_moisture",42.3569834751275,"%"
"S01","2025-01-01T07:35:00Z","soil_moisture",41.1949076126537,"%"
"S01","2025-01-01T07:40:00Z","soil_moisture",63.1371570472288,"%"
"S01","2025-01-01T07:45:00Z","soil_moisture",33.665882052684,"%"
"S01","2025-01-01T07:50:00Z","soil_moisture",14.4680611715822,"%"
"S01","2025-01-01T07:55:00Z","soil_moisture",29.0458602468666,"%"
"S01","2025-01-01T08:00:00Z","soil_moisture",18.4443570553267,"%"
"S01","2025-01-01T08:05:00Z","soil_moisture",21.9171231686163,"%"
"S01","2025-01-01T08:10:00Z","soil_moisture",46.0603973668145,"%"
"S01","2025-01-01T08:15:00Z","soil_moisture",23.4108497687548,"%"
"S01","2025-01-01T08:20:00Z","soil_moisture",31.8766387841388,"%"
"S01","2025-01-01T08:25:00Z","soil_moisture",18.6012847958655,"%"
"S01","2025-01-01T08:30:00Z","soil_moisture",29.0017775290422,"%"
"S01","2025-01-01T08:35:00Z","soil_moisture",23.0632616166718,"%"
"S01","2025-01-01T08:40:00Z","soil_moisture",28.2473350272454,"%"
"S01","2025-01-01T08:45:00Z","soil_moisture",34.742890328155,"%"
"S01","2025-01-01T08:50:00Z","soil_moisture",36.7408814876339,"%"
"S01","2025-01-01T08:55:00Z","soil_moisture",38.3800502214637,"%"
"S01","2025-01-01T09:00:00Z","soil_moisture",38.6159994016402,"%"
"S01","2025-01-01T09:05:00Z","soil_moisture",5.79806734042482,"%"
"S01","2025-01-01T09:10:00Z","soil_moisture",8.40250937400165,"%"
"S01","2025-01-01T09:15:00Z","soil_moisture",14.1345724970633,"%"
"S01","2025-01-01T09:20:00Z","soil_moisture",49.6238811078082,"%"
"S01","2025-01-01T09:25:00Z","soil_moisture",53.6767201997587,"%"
"S01","2025-01-01T09:30:00Z","soil_moisture",31.0910990015093,"%"
"S01","2025-01-01T09:35:00Z","soil_moisture",21.9235173127336,"%"
"S01","2025-01-01T09:40:00Z","soil_moisture",22.1711437664521,"%"
"S01","2025-01-01T09:45:00Z","soil_moisture",43.4483473944308,"%"
"S01","2025-01-01T09:50:00Z","soil_moisture",48.4460509541217,"%"
"S01","2025-01-01T09:55:00Z","soil_moisture",29.2716431016779,"%"
"S01","2025-01-01T10:00:00Z","soil_moisture",29.2615573806431,"%"
"S01","2025-01-01T10:05:00Z","soil_moisture",30.1477434938306,"%"
"S01","2025-01-01T10:10:00Z","soil_moisture",42.3322257805243,"%"
"S01","2025-01-01T10:15:00Z","soil_moisture",70.985347804719,"%"
"S01","2025-01-01T10:20:00Z","soil_moisture",76.8760734607731,"%"
"S01","2025-01-01T10:25:00Z","soil_moisture",54.8940524844243,"%"
"S01","2025-01-01T10:30:00Z","soil_moisture",34.8870115309151,"%"
"S01","2025-01-01T10:35:00Z","soil_moisture",25.1543944579086,"%"
"S01","2025-01-01T10:40:00Z","soil_moisture",42.0494926372042,"%"
"S01","2025-01-01T10:45:00Z","soil_moisture",31.9737139733629,"%"
"S01","2025-01-01T10:50:00Z","soil_moisture",10.8925500863686,"%"
"S01","2025-01-01T10:55:00Z","soil_moisture",24.9207893564847,"%"
"S01","2025-01-01T11:00:00Z","soil_moisture",63.1254750788967,"%"
"S01","2025-01-01T11:05:00Z","soil_moisture",29.0294285179727,"%"
"S01","2025-01-01T11:10:00Z","soil_moisture",32.1245597775678,"%"
"S01","2025-01-01T11:15:00Z","soil_moisture",32.9772485320508,"%"
"S01","2025-01-01T11:20:00Z","soil_moisture",38.8208227214597,"%"
"S01","2025-01-01T11:25:00Z","soil_moisture",47.2768704070516,"%"
"S01","2025-01-01T11:30:00Z","soil_moisture",32.946452736029,"%"
"S01","2025-01-01T11:35:00Z","soil_moisture",39.0482239421459,"%"
"S01","2025-01-01T11:40:00Z","soil_moisture",14.616001267641,"%"
"S01","2025-01-01T11:45:00Z","soil_moisture",5.84597997793197,"%"
"S01","2025-01-01T11:50:00Z","soil_moisture",40.7580608129305,"%"
"S01","2025-01-01T11:55:00Z","soil_moisture",36.4048500056457,"%"
"S01","2025-01-01T12:00:00Z","soil_moisture",17.9647967877842,"%"
"S01","2025-01-01T12:05:00Z","soil_moisture",13.0379730468189,"%"
"S01","2025-01-01T12:10:00Z","soil_moisture",44.1947928099392,"%"
"S01","2025-01-01T12:15:00Z","soil_moisture",30.7980272334298,"%"
"S01","2025-01-01T12:20:00Z","soil_moisture",14.1726479594564,"%"
"S01","2025-01-01T12:25:00Z","soil_moisture",3.88427012832618,"%"
"S01","2025-01-01T12:30:00Z","soil_moisture",15.5018741878881,"%"
"S01","2025-01-01T12:35:00Z","soil_moisture",30.0310000318447,"%"
"S01","2025-01-01T12:40:00Z","soil_moisture",44.6658864893589,"%"
"S01","2025-01-01T12:45:00Z","soil_moisture",26.5672687858576,"%"
"S01","2025-01-01T12:50:00Z","soil_moisture",30.0700073105923,"%"
"S01","2025-01-01T12:55:00Z","soil_moisture",36.8465548813028,"%"
"S01","2025-01-01T13:00:00Z","soil_moisture",37.1854350421682,"%"
"S01","2025-01-01T13:05:00Z","soil_moisture",55.9075437755131,"%"
"S01","2025-01-01T13:10:00Z","soil_moisture",64.1524618596211,"%"
"S01","2025-01-01T13:15:00Z","soil_moisture",15.7539819379447,"%"
"S01","2025-01-01T13:20:00Z","soil_moisture",19.3868872508229,"%"
"S01","2025-01-01T13:25:00Z","soil_moisture",28.1275986646623,"%"
"S01","2025-01-01T13:30:00Z","soil_moisture",33.4206276383403,"%"
"S01","2025-01-01T13:35:00Z","soil_moisture",24.0707347365428,"%"
"S01","2025-01-01T13:40:00Z","soil_moisture",17.0080417873375,"%"
"S01","2025-01-01T13:45:00Z","soil_moisture",27.1026933377306,"%"
"S01","2025-01-01T13:50:00Z","soil_moisture",25.7750537024835,"%"
"S01","2025-01-01T13:55:00Z","soil_moisture",5.79794826735099,"%"
"S01","2025-01-01T14:00:00Z","soil_moisture",16.4111399768253,"%"
"S01","2025-01-01T14:05:00Z","soil_moisture",6.35911331446804,"%"
"S01","2025-01-01T14:10:00Z","soil_moisture",40.885031874235,"%"
"S01","2025-01-01T14:15:00Z","soil_moisture",33.9176825500515,"%"
"S01","2025-01-01T14:20:00Z","soil_moisture",13.7591093956391,"%"
"S01","2025-01-01T14:25:00Z","soil_moisture",10.9886055471667,"%"
"S01","2025-01-01T14:30:00Z","soil_moisture",28.2107726781207,"%"
"S01","2025-01-01T14:35:00Z","soil_moisture",17.6848966420182,"%"
"S01","2025-01-01T14:40:00Z","soil_moisture",8.70664365740519,"%"
"S01","2025-01-01T14:45:00Z","soil_moisture",16.0488764632151,"%"
"S01","2025-01-01T14:50:00Z","soil_moisture",22.2524733712384,"%"
"S01","2025-01-01T14:55:00Z","soil_moisture",48.0035158912847,"%"
"S01","2025-01-01T15:00:00Z","soil_moisture",33.391297336523,"%"
"S01","2025-01-01T15:05:00Z","soil_moisture",27.9236031402366,"%"
"S01","2025-01-01T15:10:00Z","soil_moisture",44.7019140787186,"%"
"S01","2025-01-01T15:15:00Z","soil_moisture",12.8568169681567,"%"
"S01","2025-01-01T15:20:00Z","soil_moisture",19.727096080799,"%"
"S01","2025-01-01T15:25:00Z","soil_moisture",10.2051995386825,"%"
"S01","2025-01-01T15:30:00Z","soil_moisture",14.0813540062176,"%"
"S01","2025-01-01T15:35:00Z","soil_moisture",41.6817953244444,"%"
"S01","2025-01-01T15:40:00Z","soil_moisture",45.9032923123407,"%"
"S01","2025-01-01T15:45:00Z","soil_moisture",45.3284217964289,"%"
"S01","2025-01-01T15:50:00Z","soil_moisture",19.5809571018055,"%"
"S01","2025-01-01T15:55:00Z","soil_moisture",30.0111978875222,"%"
"S01","2025-01-01T16:00:00Z","soil_moisture",40.9220502571388,"%"
"S01","2025-01-01T16:05:00Z","soil_moisture",37.8891664996904,"%"
"S01","2025-01-01T16:10:00Z","soil_moisture",20.1224443814594,"%"
"S01","2025-01-01T16:15:00Z","soil_moisture",25.0926429907646,"%"
"S01","2025-01-01T16:20:00Z","soil_moisture",10.5676778042674,"%"
"S01","2025-01-01T16:25:00Z","soil_moisture",16.2116163892297,"%"
"S01","2025-01-01T16:30:00Z","soil_moisture",16.9134787983719,"%"
"S01","2025-01-01T16:35:00Z","soil_moisture",35.0711856484873,"%"
"S01","2025-01-01T16:40:00Z","soil_moisture",26.0577314702462,"%"
"S01","2025-01-01T16:45:00Z","soil_moisture",14.2295569621343,"%"
"S01","2025-01-01T16:50:00Z","soil_moisture",35.012398377863,"%"
"S01","2025-01-01T16:55:00Z","soil_moisture",23.807555820619,"%"
"S01","2025-01-01T17:00:00Z","soil_moisture",41.9340781528128,"%"
"S01","2025-01-01T17:05:00Z","soil_moisture",30.1294697667283,"%"
"S01","2025-01-01T17:10:00Z","soil_moisture",70.6354984746478,"%"
"S01","2025-01-01T17:15:00Z","soil_moisture",41.2853762073597,"%"
"S01","2025-01-01T17:20:00Z","soil_moisture",31.4513582975213,"%"
"S01","2025-01-01T17:25:00Z","soil_moisture",42.3185357404932,"%"
"S01","2025-01-01T17:30:00Z","soil_moisture",62.8557129860223,"%"
"S01","2025-01-01T17:35:00Z","soil_moisture",47.9421841286061,"%"
"S01","2025-01-01T17:40:00Z","soil_moisture",43.5699461684977,"%"
"S01","2025-01-01T17:45:00Z","soil_moisture",30.4874378838837,"%"
"S01","2025-01-01T17:50:00Z","soil_moisture",16.0386163982736,"%"
"S01","2025-01-01T17:55:00Z","soil_moisture",26.3106301635576,"%"
"S01","2025-01-01T18:00:00Z","soil_moisture",16.4843669762462,"%"
"S01","2025-01-01T18:05:00Z","soil_moisture",14.4448107182045,"%"
"S01","2025-01-01T18:10:00Z","soil_moisture",33.1191450003669,"%"
"S01","2025-01-01T18:15:00Z","soil_moisture",34.8658443252579,"%"
"S01","2025-01-01T18:20:00Z","soil_moisture",17.245378145813,"%"
"S01","2025-01-01T18:25:00Z","soil_moisture",8.60970475905381,"%"
"S01","2025-01-01T18:30:00Z","soil_moisture",25.8211702570993,"%"
"S01","2025-01-01T18:35:00Z","soil_moisture",19.8793542621991,"%"
"S01","2025-01-01T18:40:00Z","soil_moisture",30.2144771255484,"%"
"S01","2025-01-01T18:45:00Z","soil_moisture",47.7453547744295,"%"
"S01","2025-01-01T18:50:00Z","soil_moisture",16.1570177860718,"%"
"S01","2025-01-01T18:55:00Z","soil_moisture",26.6438761313323,"%"
"S01","2025-01-01T19:00:00Z","soil_moisture",16.5860046281485,"%"
"S01","2025-01-01T19:05:00Z","soil_moisture",57.5380363284107,"%"
"S01","2025-01-01T19:10:00Z","soil_moisture",40.3990736050457,"%"
"S01","2025-01-01T19:15:00Z","soil_moisture",11.028732321245,"%"
"S01","2025-01-01T19:20:00Z","soil_moisture",16.0669909611447,"%"
"S01","2025-01-01T19:25:00Z","soil_moisture",20.6101394998544,"%"
"S01","2025-01-01T19:30:00Z","soil_moisture",23.7940702136254,"%"
"S01","2025-01-01T19:35:00Z","soil_moisture",19.0599003100411,"%"
"S01","2025-01-01T19:40:00Z","soil_moisture",19.5052871103828,"%"
"S01","2025-01-01T19:45:00Z","soil_moisture",9.82837674460123,"%"
"S01","2025-01-01T19:50:00Z","soil_moisture",10.8506973564918,"%"
"S01","2025-01-01T19:55:00Z","soil_moisture",44.8151086382218,"%"
"S01","2025-01-01T20:00:00Z","soil_moisture",45.8456003954188,"%"
"S01","2025-01-01T20:05:00Z","soil_moisture",39.0240253501429,"%"
"S01","2025-01-01T20:10:00Z","soil_moisture",56.5012015033507,"%"
"S01","2025-01-01T20:15:00Z","soil_moisture",20.8948479990246,"%"
"S01","2025-01-01T20:20:00Z","soil_moisture",31.4890410398285,"%"
"S01","2025-01-01T20:25:00Z","soil_moisture",57.1393826860638,"%"
"S01","2025-01-01T20:30:00Z","soil_moisture",31.6780697349435,"%"
"S01","2025-01-01T20:35:00Z","soil_moisture",24.687361973491,"%"
"S01","2025-01-01T20:40:00Z","soil_moisture",12.0960728592989,"%"
"S01","2025-01-01T20:45:00Z","soil_moisture",24.3687295516793,"%"
"S01","2025-01-01T20:50:00Z","soil_moisture",27.1007040366668,"%"
"S01","2025-01-01T20:55:00Z","soil_moisture",1.67323502922961,"%"
"S01","2025-01-01T21:00:00Z","soil_moisture",17.7238699776208,"%"
"S01","2025-01-01T21:05:00Z","soil_moisture",20.4832499031117,"%"
"S01","2025-01-01T21:10:00Z","soil_moisture",20.9833670898546,"%"
"S01","2025-01-01T21:15:00Z","soil_moisture",22.2951722473285,"%"
"S01","2025-01-01T21:20:00Z","soil_moisture",11.8946711353712,"%"
"S01","2025-01-01T21:25:00Z","soil_moisture",39.2270713604545,"%"
"S01","2025-01-01T21:30:00Z","soil_moisture",26.1729821135752,"%"
"S01","2025-01-01T21:35:00Z","soil_moisture",45.7862018043594,"%"
"S01","2025-01-01T21:40:00Z","soil_moisture",12.9781504168175,"%"
"S01","2025-01-01T21:45:00Z","soil_moisture",52.923264500138,"%"
"S01","2025-01-01T21:50:00Z","soil_moisture",37.9471808818476,"%"
"S01","2025-01-01T21:55:00Z","soil_moisture",41.9425996145731,"%"
"S01","2025-01-01T22:00:00Z","soil_moisture",49.171096710471,"%"
"S01","2025-01-01T22:05:00Z","soil_moisture",28.1795339577377,"%"
"S01","2025-01-01T22:10:00Z","soil_moisture",9.28799569101437,"%"
"S01","2025-01-01T22:15:00Z","soil_moisture",12.416061146753,"%"
"S01","2025-01-01T22:20:00Z","soil_moisture",39.2267927085972,"%"
"S01","2025-01-01T22:25:00Z","soil_moisture",23.1924562610721,"%"
"S01","2025-01-01T22:30:00Z","soil_moisture",32.0454671500461,"%"
"S01","2025-01-01T22:35:00Z","soil_moisture",39.7874450238775,"%"
"S01","2025-01-01T22:40:00Z","soil_moisture",49.2674703632324,"%"
"S01","2025-01-01T22:45:00Z","soil_moisture",37.735310949744,"%"
"S01","2025-01-01T22:50:00Z","soil_moisture",18.1847599167945,"%"
"S01","2025-01-01T22:55:00Z","soil_moisture",17.8042999691133,"%"
"S01","2025-01-01T23:00:00Z","soil_moisture",17.3206087096626,"%"
"S01","2025-01-01T23:05:00Z","soil_moisture",25.0198704094104,"%"
"S01","2025-01-01T23:10:00Z","soil_moisture",50.0380387999347,"%"
"S01","2025-01-01T23:15:00Z","soil_moisture",31.4439050767529,"%"
"S01","2025-01-01T23:20:00Z","soil_moisture",24.4302966397643,"%"
"S01","2025-01-01T23:25:00Z","soil_moisture",24.2385003393611,"%"
"S01","2025-01-01T23:30:00Z","soil_moisture",6.90824339650655,"%"
"S01","2025-01-01T23:35:00Z","soil_moisture",17.6805856692003,"%"
"S01","2025-01-01T23:40:00Z","soil_moisture",54.0457030778631,"%"
"S01","2025-01-01T23:45:00Z","soil_moisture",56.7163494463534,"%"
"S01","2025-01-01T23:50:00Z","soil_moisture",13.4426001751076,"%"
"S01","2025-01-01T23:55:00Z","soil_moisture",18.56058731783,"%"
"S01","2025-01-02T00:00:00Z","soil_moisture",8.34280947149623,"%"
"S01","2025-01-02T00:05:00Z","soil_moisture",24.6634846989432,"%"
"S01","2025-01-02T00:10:00Z","soil_moisture",50.6320759595564,"%"
"S01","2025-01-02T00:15:00Z","soil_moisture",6.99380073599055,"%"
"S01","2025-01-02T00:20:00Z","soil_moisture",15.0922246705684,"%"
"S01","2025-01-02T00:25:00Z","soil_moisture",22.1259126179172,"%"
"S01","2025-01-02T00:30:00Z","soil_moisture",36.8704193990277,"%"
"S01","2025-01-02T00:35:00Z","soil_moisture",31.8953635330818,"%"
"S01","2025-01-02T00:40:00Z","soil_moisture",25.631728418607,"%"
"S01","2025-01-02T00:45:00Z","soil_moisture",50.9876075744339,"%"
"S01","2025-01-02T00:50:00Z","soil_moisture",45.6026722657253,"%"
"S01","2025-01-02T00:55:00Z","soil_moisture",47.056305668374,"%"
"S01","2025-01-02T01:00:00Z","soil_moisture",56.0905349475012,"%"
"S01","2025-01-02T01:05:00Z","soil_moisture",28.2362766570207,"%"
"S01","2025-01-02T01:10:00Z","soil_moisture",28.8554674679461,"%"
"S01","2025-01-02T01:15:00Z","soil_moisture",35.3821974043238,"%"
"S01","2025-01-02T01:20:00Z","soil_moisture",11.3177694741418,"%"
"S01","2025-01-02T01:25:00Z","soil_moisture",30.1164820625479,"%"
"S01","2025-01-02T01:30:00Z","soil_moisture",13.3999426369234,"%"
"S01","2025-01-02T01:35:00Z","soil_moisture",25.7386675896582,"%"
"S01","2025-01-02T01:40:00Z","soil_moisture",24.743316111661,"%"
"S01","2025-01-02T01:45:00Z","soil_moisture",14.7858124472478,"%"
"S01","2025-01-02T01:50:00Z","soil_moisture",19.7114527957749,"%"
"S01","2025-01-02T01:55:00Z","soil_moisture",16.3296143641873,"%"
"S01","2025-01-02T02:00:00Z","soil_moisture",14.7583604991959,"%"
"S01","2025-01-02T02:05:00Z","soil_moisture",28.1656368739438,"%"
"S01","2025-01-02T02:10:00Z","soil_moisture",29.230578142754,"%"
"S01","2025-01-02T02:15:00Z","soil_moisture",19.541172404632,"%"
"S01","2025-01-02T02:20:00Z","soil_moisture",21.548253035812,"%"
"S01","2025-01-02T02:25:00Z","soil_moisture",12.8965295796017,"%"
"S01","2025-01-02T02:30:00Z","soil_moisture",11.7561065532803,"%"
"S01","2025-01-02T02:35:00Z","soil_moisture",21.7415660777418,"%"
"S01","2025-01-02T02:40:00Z","soil_moisture",37.5490024857158,"%"
"S01","2025-01-02T02:45:00Z","soil_moisture",43.6926326777859,"%"
"S01","2025-01-02T02:50:00Z","soil_moisture",43.9225201399744,"%"
"S01","2025-01-02T02:55:00Z","soil_moisture",29.4642095467587,"%"
"S01","2025-01-02T03:00:00Z","soil_moisture",28.3689277556546,"%"
"S01","2025-01-02T03:05:00Z","soil_moisture",22.4240546670129,"%"
"S01","2025-01-02T03:10:00Z","soil_moisture",11.8902088247053,"%"
"S01","2025-01-02T03:15:00Z","soil_moisture",52.2106296620485,"%"
"S01","2025-01-02T03:20:00Z","soil_moisture",17.1350613610727,"%"
"S01","2025-01-02T03:25:00Z","soil_moisture",22.9344086123184,"%"
"S01","2025-01-02T03:30:00Z","soil_moisture",51.2130212743175,"%"
"S01","2025-01-02T03:35:00Z","soil_moisture",78.1255997625014,"%"
"S01","2025-01-02T03:40:00Z","soil_moisture",57.5658000009344,"%"
"S01","2025-01-02T03:45:00Z","soil_moisture",27.841640563028,"%"
"S01","2025-01-02T03:50:00Z","soil_moisture",13.5739507835142,"%"
"S01","2025-01-02T03:55:00Z","soil_moisture",24.7599171037425,"%"
"S01","2025-01-02T04:00:00Z","soil_moisture",11.3369520386691,"%"
"S01","2025-01-02T04:05:00Z","soil_moisture",11.1966663952978,"%"
"S01","2025-01-02T04:10:00Z","soil_moisture",9.14841028898361,"%"
"S01","2025-01-02T04:15:00Z","soil_moisture",16.0735234399704,"%"
"S01","2025-01-02T04:20:00Z","soil_moisture",39.7693691449992,"%"
"S01","2025-01-02T04:25:00Z","soil_moisture",47.5875185001508,"%"
"S01","2025-01-02T04:30:00Z","soil_moisture",42.7980990521473,"%"
"S01","2025-01-02T04:35:00Z","soil_moisture",45.5620751548639,"%"
"S01","2025-01-02T04:40:00Z","soil_moisture",44.3901731047772,"%"
"S01","2025-01-02T04:45:00Z","soil_moisture",26.4915350969397,"%"
"S01","2025-01-02T04:50:00Z","soil_moisture",20.6401881021359,"%"
"S01","2025-01-02T04:55:00Z","soil_moisture",23.1802308878581,"%"
"S01","2025-01-02T05:00:00Z","soil_moisture",51.3726990882577,"%"
"S01","2025-01-02T05:05:00Z","soil_moisture",30.5539064308613,"%"
"S01","2025-01-02T05:10:00Z","soil_moisture",39.163150955047,"%"
"S01","2025-01-02T05:15:00Z","soil_moisture",13.5158280732701,"%"
"S01","2025-01-02T05:20:00Z","soil_moisture",7.8751157464771,"%"
"S01","2025-01-02T05:25:00Z","soil_moisture",10.4982368981043,"%"
"S01","2025-01-02T05:30:00Z","soil_moisture",24.023384477553,"%"
"S01","2025-01-02T05:35:00Z","soil_moisture",10.9432018526527,"%"
"S01","2025-01-02T05:40:00Z","soil_moisture",20.8048915845952,"%"
"S01","2025-01-02T05:45:00Z","soil_moisture",20.5211956110189,"%"
"S01","2025-01-02T05:50:00Z","soil_moisture",34.4167118969255,"%"
"S01","2025-01-02T05:55:00Z","soil_moisture",34.8303386332288,"%"
"S01","2025-01-02T06:00:00Z","soil_moisture",52.5840989479601,"%"
"S01","2025-01-02T06:05:00Z","soil_moisture",41.8038583814399,"%"
"S01","2025-01-02T06:10:00Z","soil_moisture",25.0550474911533,"%"
"S01","2025-01-02T06:15:00Z","soil_moisture",18.103017433359,"%"
"S01","2025-01-02T06:20:00Z","soil_moisture",32.0433708874203,"%"
"S01","2025-01-02T06:25:00Z","soil_moisture",36.2919386048506,"%"
"S01","2025-01-02T06:30:00Z","soil_moisture",19.2844816071005,"%"
"S01","2025-01-02T06:35:00Z","soil_moisture",23.4389551356146,"%"
"S01","2025-01-02T06:40:00Z","soil_moisture",5.59525723080044,"%"
"S01","2025-01-02T06:45:00Z","soil_moisture",19.8012676966071,"%"
"S01","2025-01-02T06:50:00Z","soil_moisture",14.1293505767658,"%"
"S01","2025-01-02T06:55:00Z","soil_moisture",22.228055912048,"%"
"S01","2025-01-02T07:00:00Z","soil_moisture",18.6662017069448,"%"
"S01","2025-01-02T07:05:00Z","soil_moisture",39.884099799089,"%"
"S01","2025-01-02T07:10:00Z","soil_moisture",18.9066394996243,"%"
"S01","2025-01-02T07:15:00Z","soil_moisture",38.4816178265379,"%"
"S01","2025-01-02T07:20:00Z","soil_moisture",32.8154269518661,"%"
"S01","2025-01-02T07:25:00Z","soil_moisture",32.1716687080105,"%"
"S01","2025-01-02T07:30:00Z","soil_moisture",49.8536994239555,"%"
"S01","2025-01-02T07:35:00Z","soil_moisture",12.1904171808265,"%"
"S01","2025-01-02T07:40:00Z","soil_moisture",15.9670390294734,"%"
"S01","2025-01-02T07:45:00Z","soil_moisture",36.1964521914411,"%"
"S01","2025-01-02T07:50:00Z","soil_moisture",24.7679574289255,"%"
"S01","2025-01-02T07:55:00Z","soil_moisture",16.0819231326006,"%"
"S01","2025-01-02T08:00:00Z","soil_moisture",11.6595160841597,"%"
"S01","2025-01-02T08:05:00Z","soil_moisture",21.5058090179765,"%"
"S01","2025-01-02T08:10:00Z","soil_moisture",48.2597637159499,"%"
"S01","2025-01-02T08:15:00Z","soil_moisture",38.7730260882061,"%"
"S01","2025-01-02T08:20:00Z","soil_moisture",10.0051030268563,"%"
"S01","2025-01-02T08:25:00Z","soil_moisture",17.0782755315753,"%"
"S01","2025-01-02T08:30:00Z","soil_moisture",36.1562749563035,"%"
"S01","2025-01-02T08:35:00Z","soil_moisture",35.4611403229562,"%"
"S01","2025-01-02T08:40:00Z","soil_moisture",24.438835443011,"%"
"S01","2025-01-02T08:45:00Z","soil_moisture",7.84533697232724,"%"
"S01","2025-01-02T08:50:00Z","soil_moisture",7.93546285638173,"%"
"S01","2025-01-02T08:55:00Z","soil_moisture",10.0166244275102,"%"
"S01","2025-01-02T09:00:00Z","soil_moisture",21.7715822086608,"%"
"S01","2025-01-02T09:05:00Z","soil_moisture",9.62028490913955,"%"
"S01","2025-01-02T09:10:00Z","soil_moisture",17.524541147512,"%"
"S01","2025-01-02T09:15:00Z","soil_moisture",23.324392864281,"%"
"S01","2025-01-02T09:20:00Z","soil_moisture",37.4035477664062,"%"
"S01","2025-01-02T09:25:00Z","soil_moisture",23.0088375762569,"%"
"S01","2025-01-02T09:30:00Z","soil_moisture",22.1085599267085,"%"
"S01","2025-01-02T09:35:00Z","soil_moisture",29.2261341227598,"%"
"S01","2025-01-02T09:40:00Z","soil_moisture",36.2548193936323,"%"
"S01","2025-01-02T09:45:00Z","soil_moisture",32.9358331262118,"%"
"S01","2025-01-02T09:50:00Z","soil_moisture",5.29095166530407,"%"
"S01","2025-01-02T09:55:00Z","soil_moisture",7.32887675406265,"%"
"S01","2025-01-02T10:00:00Z","soil_moisture",9.69322980925983,"%"
"S01","2025-01-02T10:05:00Z","soil_moisture",26.5127015195913,"%"
"S01","2025-01-02T10:10:00Z","soil_moisture",25.3609985576404,"%"
"S01","2025-01-02T10:15:00Z","soil_moisture",18.2588618005333,"%"
"S01","2025-01-02T10:20:00Z","soil_moisture",34.119695645064,"%"
"S01","2025-01-02T10:25:00Z","soil_moisture",25.7793735507982,"%"
"S01","2025-01-02T10:30:00Z","soil_moisture",13.3217416782513,"%"
"S01","2025-01-02T10:35:00Z","soil_moisture",24.6165581116574,"%"
"S01","2025-01-02T10:40:00Z","soil_moisture",37.3042583494047,"%"
"S01","2025-01-02T10:45:00Z","soil_moisture",26.463747173677,"%"
"S01","2025-01-02T10:50:00Z","soil_moisture",27.0893782135415,"%"
"S01","2025-01-02T10:55:00Z","soil_moisture",10.0844286405172,"%"
"S01","2025-01-02T11:00:00Z","soil_moisture",30.2980009406554,"%"
"S01","2025-01-02T11:05:00Z","soil_moisture",44.9919004147674,"%"
"S01","2025-01-02T11:10:00Z","soil_moisture",11.9356558316634,"%"
"S01","2025-01-02T11:15:00Z","soil_moisture",31.0048931886622,"%"
"S01","2025-01-02T11:20:00Z","soil_moisture",56.5383145695609,"%"
"S01","2025-01-02T11:25:00Z","soil_moisture",57.1079242616735,"%"
"S01","2025-01-02T11:30:00Z","soil_moisture",60.111143267581,"%"
"S01","2025-01-02T11:35:00Z","soil_moisture",51.3212192168865,"%"
"S01","2025-01-02T11:40:00Z","soil_moisture",32.5014776098692,"%"
"S01","2025-01-02T11:45:00Z","soil_moisture",52.5948777174978,"%"
"S01","2025-01-02T11:50:00Z","soil_moisture",29.8583660011876,"%"
"S01","2025-01-02T11:55:00Z","soil_moisture",40.210733794239,"%"
"S01","2025-01-02T12:00:00Z","soil_moisture",40.5445264395513,"%"
"S01","2025-01-02T12:05:00Z","soil_moisture",64.7039498434375,"%"
"S01","2025-01-02T12:10:00Z","soil_moisture",31.369335951506,"%"
"S01","2025-01-02T12:15:00Z","soil_moisture",49.6961168518915,"%"
"S01","2025-01-02T12:20:00Z","soil_moisture",43.9906113323103,"%"
"S01","2025-01-02T12:25:00Z","soil_moisture",38.4248337070957,"%"
"S01","2025-01-02T12:30:00Z","soil_moisture",32.0816496012907,"%"
"S01","2025-01-02T12:35:00Z","soil_moisture",37.0842781448582,"%"
"S01","2025-01-02T12:40:00Z","soil_moisture",34.6034692849752,"%"
"S01","2025-01-02T12:45:00Z","soil_moisture",37.2393330894462,"%"
"S01","2025-01-02T12:50:00Z","soil_moisture",45.1041177220551,"%"
"S01","2025-01-02T12:55:00Z","soil_moisture",30.3303540211676,"%"
"S01","2025-01-02T13:00:00Z","soil_moisture",44.1385731014568,"%"
"S01","2025-01-02T13:05:00Z","soil_moisture",31.6743813497992,"%"
"S01","2025-01-02T13:10:00Z","soil_moisture",18.753993924104,"%"
"S01","2025-01-02T13:15:00Z","soil_moisture",12.1915950038266,"%"
"S01","2025-01-02T13:20:00Z","soil_moisture",33.3058967970719,"%"
"S01","2025-01-02T13:25:00Z","soil_moisture",25.7217492502879,"%"
"S01","2025-01-02T13:30:00Z","soil_moisture",6.31315029249982,"%"
"S01","2025-01-02T13:35:00Z","soil_moisture",17.1997268750372,"%"
"S01","2025-01-02T13:40:00Z","soil_moisture",12.698494552539,"%"
"S01","2025-01-02T13:45:00Z","soil_moisture",8.2879260037139,"%"
"S01","2025-01-02T13:50:00Z","soil_moisture",17.2502353706942,"%"
"S01","2025-01-02T13:55:00Z","soil_moisture",17.1359833688237,"%"
"S01","2025-01-02T14:00:00Z","soil_moisture",13.5177248984522,"%"
"S01","2025-01-02T14:05:00Z","soil_moisture",26.1698798108649,"%"
"S01","2025-01-02T14:10:00Z","soil_moisture",30.4433730395642,"%"
"S01","2025-01-02T14:15:00Z","soil_moisture",10.8695623471719,"%"
"S01","2025-01-02T14:20:00Z","soil_moisture",40.3458752545905,"%"
"S01","2025-01-02T14:25:00Z","soil_moisture",52.2106426695178,"%"
"S01","2025-01-02T14:30:00Z","soil_moisture",49.9684139469688,"%"
"S01","2025-01-02T14:35:00Z","soil_moisture",46.5612390319709,"%"
"S01","2025-01-02T14:40:00Z","soil_moisture",60.4457029849301,"%"
"S01","2025-01-02T14:45:00Z","soil_moisture",36.7631707660199,"%"
"S01","2025-01-02T14:50:00Z","soil_moisture",43.6908556088126,"%"
"S01","2025-01-02T14:55:00Z","soil_moisture",16.2677159507305,"%"
"S01","2025-01-02T15:00:00Z","soil_moisture",11.6449036061113,"%"
"S01","2025-01-02T15:05:00Z","soil_moisture",20.6843423742593,"%"
"S01","2025-01-02T15:10:00Z","soil_moisture",33.3761695166658,"%"
"S01","2025-01-02T15:15:00Z","soil_moisture",43.4924023055387,"%"
"S01","2025-01-02T15:20:00Z","soil_moisture",36.8638543231341,"%"
"S01","2025-01-02T15:25:00Z","soil_moisture",45.6068061102415,"%"
"S01","2025-01-02T15:30:00Z","soil_moisture",38.7176331068921,"%"
"S01","2025-01-02T15:35:00Z","soil_moisture",23.8066644552617,"%"
"S01","2025-01-02T15:40:00Z","soil_moisture",20.208968195399,"%"
"S01","2025-01-02T15:45:00Z","soil_moisture",41.3139446676266,"%"
"S01","2025-01-02T15:50:00Z","soil_moisture",14.3833600030644,"%"
"S01","2025-01-02T15:55:00Z","soil_moisture",39.0306051319288,"%"
"S01","2025-01-02T16:00:00Z","soil_moisture",60.2550960204745,"%"
"S01","2025-01-02T16:05:00Z","soil_moisture",39.0859637558047,"%"
"S01","2025-01-02T16:10:00Z","soil_moisture",51.0897604643816,"%"
"S01","2025-01-02T16:15:00Z","soil_moisture",31.2165453662246,"%"
"S01","2025-01-02T16:20:00Z","soil_moisture",46.040476090513,"%"
"S01","2025-01-02T16:25:00Z","soil_moisture",13.0804448637229,"%"
"S01","2025-01-02T16:30:00Z","soil_moisture",19.7561993474623,"%"
"S01","2025-01-02T16:35:00Z","soil_moisture",50.3235817966295,"%"
"S01","2025-01-02T16:40:00Z","soil_moisture",25.5204281110625,"%"
"S01","2025-01-02T16:45:00Z","soil_moisture",29.8849194291789,"%"
"S01","2025-01-02T16:50:00Z","soil_moisture",14.0890455307563,"%"
"S01","2025-01-02T16:55:00Z","soil_moisture",33.2884119261087,"%"
"S01","2025-01-02T17:00:00Z","soil_moisture",7.96079118766729,"%"
"S01","2025-01-02T17:05:00Z","soil_moisture",9.40331329608696,"%"
"S01","2025-01-02T17:10:00Z","soil_moisture",20.2908671705645,"%"
"S01","2025-01-02T17:15:00Z","soil_moisture",10.9294746705124,"%"
"S01","2025-01-02T17:20:00Z","soil_moisture",16.1336659939393,"%"
"S01","2025-01-02T17:25:00Z","soil_moisture",47.7647486956249,"%"
"S01","2025-01-02T17:30:00Z","soil_moisture",21.6830835887873,"%"
"S01","2025-01-02T17:35:00Z","soil_moisture",47.2698565954015,"%"
"S01","2025-01-02T17:40:00Z","soil_moisture",21.169565063909,"%"
"S01","2025-01-02T17:45:00Z","soil_moisture",25.099021113056,"%"
"S01","2025-01-02T17:50:00Z","soil_moisture",26.0167305125107,"%"
"S01","2025-01-02T17:55:00Z","soil_moisture",30.4565620996767,"%"
"S01","2025-01-02T18:00:00Z","soil_moisture",37.3872737867137,"%"
"S01","2025-01-02T18:05:00Z","soil_moisture",25.50226718482,"%"
"S01","2025-01-02T18:10:00Z","soil_moisture",23.5333540657531,"%"
"S01","2025-01-02T18:15:00Z","soil_moisture",15.581190646923,"%"
"S01","2025-01-02T18:20:00Z","soil_moisture",14.1863285558089,"%"
"S01","2025-01-02T18:25:00Z","soil_moisture",35.1972547659923,"%"
"S01","2025-01-02T18:30:00Z","soil_moisture",20.2909092507938,"%"
"S01","2025-01-02T18:35:00Z","soil_moisture",39.6425025832355,"%"
"S01","2025-01-02T18:40:00Z","soil_moisture",38.2127032070259,"%"
"S01","2025-01-02T18:45:00Z","soil_moisture",45.8078440657609,"%"
"S01","2025-01-02T18:50:00Z","soil_moisture",49.250320177823,"%"
"S01","2025-01-02T18:55:00Z","soil_moisture",48.4272219370762,"%"
"S01","2025-01-02T19:00:00Z","soil_moisture",15.0538268752959,"%"
"S01","2025-01-02T19:05:00Z","soil_moisture",20.3031773333289,"%"
"S01","2025-01-02T19:10:00Z","soil_moisture",38.6756089152055,"%"
"S01","2025-01-02T19:15:00Z","soil_moisture",30.9959970254907,"%"
"S01","2025-01-02T19:20:00Z","soil_moisture",45.7007794307589,"%"
"S01","2025-01-02T19:25:00Z","soil_moisture",37.656491968663,"%"
"S01","2025-01-02T19:30:00Z","soil_moisture",20.7425646868179,"%"
"S01","2025-01-02T19:35:00Z","soil_moisture",8.30097065793564,"%"
"S01","2025-01-02T19:40:00Z","soil_moisture",26.6463332743307,"%"
"S01","2025-01-02T19:45:00Z","soil_moisture",34.31977885013,"%"
"S01","2025-01-02T19:50:00Z","soil_moisture",41.0933121370122,"%"
"S01","2025-01-02T19:55:00Z","soil_moisture",21.509144411739,"%"
"S01","2025-01-02T20:00:00Z","soil_moisture",24.7331623123023,"%"
"S01","2025-01-02T20:05:00Z","soil_moisture",16.4249176245499,"%"
"S01","2025-01-02T20:10:00Z","soil_moisture",67.2708402205233,"%"
"S01","2025-01-02T20:15:00Z","soil_moisture",49.4009585837282,"%"
"S01","2025-01-02T20:20:00Z","soil_moisture",31.0452014598433,"%"
"S01","2025-01-02T20:25:00Z","soil_moisture",30.7837386031351,"%"
"S01","2025-01-02T20:30:00Z","soil_moisture",31.6825883135175,"%"
"S01","2025-01-02T20:35:00Z","soil_moisture",22.6928705878237,"%"
"S01","2025-01-02T20:40:00Z","soil_moisture",48.0705180143772,"%"
"S01","2025-01-02T20:45:00Z","soil_moisture",48.5638895495301,"%"
"S01","2025-01-02T20:50:00Z","soil_moisture",35.523580170424,"%"
"S01","2025-01-02T20:55:00Z","soil_moisture",34.4879766169326,"%"
"S01","2025-01-02T21:00:00Z","soil_moisture",14.7767826890787,"%"
"S01","2025-01-02T21:05:00Z","soil_moisture",5.77073658531055,"%"
"S01","2025-01-02T21:10:00Z","soil_moisture",7.92657065840278,"%"
"S01","2025-01-02T21:15:00Z","soil_moisture",7.99677456224517,"%"
"S01","2025-01-02T21:20:00Z","soil_moisture",5.76036273404791,"%"
"S01","2025-01-02T21:25:00Z","soil_moisture",18.2887631291825,"%"
"S01","2025-01-02T21:30:00Z","soil_moisture",26.0632771348523,"%"
"S01","2025-01-02T21:35:00Z","soil_moisture",41.4496735051606,"%"
"S01","2025-01-02T21:40:00Z","soil_moisture",35.9693549241734,"%"
"S01","2025-01-02T21:45:00Z","soil_moisture",39.026499557612,"%"
"S01","2025-01-02T21:50:00Z","soil_moisture",36.5227363720167,"%"
"S01","2025-01-02T21:55:00Z","soil_moisture",58.8888781572361,"%"
"S01","2025-01-02T22:00:00Z","soil_moisture",75.0431936472729,"%"
"S01","2025-01-02T22:05:00Z","soil_moisture",58.2963778468828,"%"
"S01","2025-01-02T22:10:00Z","soil_moisture",70.3300518472445,"%"
"S01","2025-01-02T22:15:00Z","soil_moisture",69.18766155578,"%"
"S01","2025-01-02T22:20:00Z","soil_moisture",29.56974973056,"%"
"S01","2025-01-02T22:25:00Z","soil_moisture",34.061829653901,"%"
"S01","2025-01-02T22:30:00Z","soil_moisture",30.7687864895848,"%"
"S01","2025-01-02T22:35:00Z","soil_moisture",44.0477201412595,"%"
"S01","2025-01-02T22:40:00Z","soil_moisture",39.8444761886559,"%"
"S01","2025-01-02T22:45:00Z","soil_moisture",58.7762112684851,"%"
"S01","2025-01-02T22:50:00Z","soil_moisture",59.6015150791772,"%"
"S01","2025-01-02T22:55:00Z","soil_moisture",55.301576062748,"%"
"S01","2025-01-02T23:00:00Z","soil_moisture",17.6210720886741,"%"
"S01","2025-01-02T23:05:00Z","soil_moisture",22.6581210582175,"%"
"S01","2025-01-02T23:10:00Z","soil_moisture",37.2779954007112,"%"
"S01","2025-01-02T23:15:00Z","soil_moisture",20.4896554751014,"%"
"S01","2025-01-02T23:20:00Z","soil_moisture",8.91187597807593,"%"
"S01","2025-01-02T23:25:00Z","soil_moisture",25.2503645327236,"%"
"S01","2025-01-02T23:30:00Z","soil_moisture",10.4838079544903,"%"
"S01","2025-01-02T23:35:00Z","soil_moisture",25.9194587198537,"%"
"S01","2025-01-02T23:40:00Z","soil_moisture",4.58297241500529,"%"
"S01","2025-01-02T23:45:00Z","soil_moisture",14.2332002677147,"%"
"S01","2025-01-02T23:50:00Z","soil_moisture",21.4382086127654,"%"
"S01","2025-01-02T23:55:00Z","soil_moisture",37.3959593204367,"%"
"S01","2025-01-03T00:00:00Z","soil_moisture",32.0660750282339,"%"
"S01","2025-01-03T00:05:00Z","soil_moisture",53.4761948739728,"%"
"S01","2025-01-03T00:10:00Z","soil_moisture",35.1124810447991,"%"
"S01","2025-01-03T00:15:00Z","soil_moisture",16.4689523676024,"%"
"S01","2025-01-03T00:20:00Z","soil_moisture",24.8589573774778,"%"
"S01","2025-01-03T00:25:00Z","soil_moisture",50.2911336018966,"%"
"S01","2025-01-03T00:30:00Z","soil_moisture",51.7742724069846,"%"
"S01","2025-01-03T00:35:00Z","soil_moisture",51.1063799090625,"%"
"S01","2025-01-03T00:40:00Z","soil_moisture",43.5215553416372,"%"
"S01","2025-01-03T00:45:00Z","soil_moisture",67.2007944650949,"%"
"S01","2025-01-03T00:50:00Z","soil_moisture",43.905708679058,"%"
"S01","2025-01-03T00:55:00Z","soil_moisture",48.0978521184587,"%"
"S01","2025-01-03T01:00:00Z","soil_moisture",50.1096888414625,"%"
"S01","2025-01-03T01:05:00Z","soil_moisture",37.9079608930953,"%"
"S01","2025-01-03T01:10:00Z","soil_moisture",37.0245194079337,"%"
"S01","2025-01-03T01:15:00Z","soil_moisture",11.7784007599149,"%"
"S01","2025-01-03T01:20:00Z","soil_moisture",38.5320602243868,"%"
"S01","2025-01-03T01:25:00Z","soil_moisture",31.7828574515918,"%"
"S01","2025-01-03T01:30:00Z","soil_moisture",22.8306159329818,"%"
"S01","2025-01-03T01:35:00Z","soil_moisture",34.5650507743609,"%"
"S01","2025-01-03T01:40:00Z","soil_moisture",32.106914933125,"%"
"S01","2025-01-03T01:45:00Z","soil_moisture",76.7864855263648,"%"
"S01","2025-01-03T01:50:00Z","soil_moisture",63.1165642406006,"%"
"S01","2025-01-03T01:55:00Z","soil_moisture",45.5700161836373,"%"
"S01","2025-01-03T02:00:00Z","soil_moisture",57.2656782297746,"%"
"S01","2025-01-03T02:05:00Z","soil_moisture",53.7330001557055,"%"
"S01","2025-01-03T02:10:00Z","soil_moisture",55.9237062861203,"%"
"S01","2025-01-03T02:15:00Z","soil_moisture",30.1017429863606,"%"
"S01","2025-01-03T02:20:00Z","soil_moisture",38.0747045808065,"%"
"S01","2025-01-03T02:25:00Z","soil_moisture",68.5547167450357,"%"
"S01","2025-01-03T02:30:00Z","soil_moisture",40.6616312810491,"%"
"S01","2025-01-03T02:35:00Z","soil_moisture",41.5267846126068,"%"
"S01","2025-01-03T02:40:00Z","soil_moisture",42.3096442867921,"%"
"S01","2025-01-03T02:45:00Z","soil_moisture",35.0919045766759,"%"
"S01","2025-01-03T02:50:00Z","soil_moisture",33.0571882291604,"%"
"S01","2025-01-03T02:55:00Z","soil_moisture",34.1267365777502,"%"
"S01","2025-01-03T03:00:00Z","soil_moisture",5.76797067501851,"%"
"S01","2025-01-03T03:05:00Z","soil_moisture",24.3465505595853,"%"
"S01","2025-01-03T03:10:00Z","soil_moisture",31.0348044476707,"%"
"S01","2025-01-03T03:15:00Z","soil_moisture",14.4668982433503,"%"
"S01","2025-01-03T03:20:00Z","soil_moisture",19.4132756896004,"%"
"S01","2025-01-03T03:25:00Z","soil_moisture",9.86906080187289,"%"
"S01","2025-01-03T03:30:00Z","soil_moisture",31.4228339417633,"%"
"S01","2025-01-03T03:35:00Z","soil_moisture",22.4488852117664,"%"
"S01","2025-01-03T03:40:00Z","soil_moisture",18.6362429477724,"%"
"S01","2025-01-03T03:45:00Z","soil_moisture",19.8693419269409,"%"
"S01","2025-01-03T03:50:00Z","soil_moisture",29.1098484100538,"%"
"S01","2025-01-03T03:55:00Z","soil_moisture",55.3986660264879,"%"
"S01","2025-01-03T04:00:00Z","soil_moisture",60.4307743813804,"%"
"S01","2025-01-03T04:05:00Z","soil_moisture",45.3293898804765,"%"
"S01","2025-01-03T04:10:00Z","soil_moisture",16.6502405778616,"%"
"S01","2025-01-03T04:15:00Z","soil_moisture",45.7792732646752,"%"
"S01","2025-01-03T04:20:00Z","soil_moisture",18.1490820903473,"%"
"S01","2025-01-03T04:25:00Z","soil_moisture",35.2423752408465,"%"
"S01","2025-01-03T04:30:00Z","soil_moisture",32.2785702242412,"%"
"S01","2025-01-03T04:35:00Z","soil_moisture",19.4745640500607,"%"
"S01","2025-01-03T04:40:00Z","soil_moisture",38.4560205353055,"%"
"S01","2025-01-03T04:45:00Z","soil_moisture",6.42329281582649,"%"
"S01","2025-01-03T04:50:00Z","soil_moisture",4.96608769181796,"%"
"S01","2025-01-03T04:55:00Z","soil_moisture",29.6955496666919,"%"
"S01","2025-01-03T05:00:00Z","soil_moisture",21.2496028131676,"%"
"S01","2025-01-03T05:05:00Z","soil_moisture",20.9977755021349,"%"
"S01","2025-01-03T05:10:00Z","soil_moisture",38.515178356972,"%"
"S01","2025-01-03T05:15:00Z","soil_moisture",29.0085326221609,"%"
"S01","2025-01-03T05:20:00Z","soil_moisture",48.7920886778964,"%"
"S01","2025-01-03T05:25:00Z","soil_moisture",38.0007418811455,"%"
"S01","2025-01-03T05:30:00Z","soil_moisture",10.3032178077878,"%"
"S01","2025-01-03T05:35:00Z","soil_moisture",40.3590268400025,"%"
"S01","2025-01-03T05:40:00Z","soil_moisture",34.8518783337361,"%"
"S01","2025-01-03T05:45:00Z","soil_moisture",21.3324273668191,"%"
"S01","2025-01-03T05:50:00Z","soil_moisture",44.3126471606549,"%"
"S01","2025-01-03T05:55:00Z","soil_moisture",24.7975330259181,"%"
"S01","2025-01-03T06:00:00Z","soil_moisture",29.2848831424797,"%"
"S01","2025-01-03T06:05:00Z","soil_moisture",27.1753483670715,"%"
"S01","2025-01-03T06:10:00Z","soil_moisture",8.74490533930291,"%"
"S01","2025-01-03T06:15:00Z","soil_moisture",41.1851053217758,"%"
"S01","2025-01-03T06:20:00Z","soil_moisture",39.9479232592362,"%"
"S01","2025-01-03T06:25:00Z","soil_moisture",25.5343265169997,"%"
"S01","2025-01-03T06:30:00Z","soil_moisture",27.7078143795338,"%"
"S01","2025-01-03T06:35:00Z","soil_moisture",47.8033061254775,"%"
"S01","2025-01-03T06:40:00Z","soil_moisture",33.1927479046426,"%"
"S01","2025-01-03T06:45:00Z","soil_moisture",69.0604608979015,"%"
"S01","2025-01-03T06:50:00Z","soil_moisture",17.1561020593703,"%"
"S01","2025-01-03T06:55:00Z","soil_moisture",25.6490630594141,"%"
"S01","2025-01-03T07:00:00Z","soil_moisture",9.04517209942235,"%"
"S01","2025-01-03T07:05:00Z","soil_moisture",14.7172880569511,"%"
"S01","2025-01-03T07:10:00Z","soil_moisture",31.0112681422642,"%"
"S01","2025-01-03T07:15:00Z","soil_moisture",41.9545677513747,"%"
"S01","2025-01-03T07:20:00Z","soil_moisture",21.8923589596933,"%"
"S01","2025-01-03T07:25:00Z","soil_moisture",35.5673322149574,"%"
"S01","2025-01-03T07:30:00Z","soil_moisture",18.8457125210131,"%"
"S01","2025-01-03T07:35:00Z","soil_moisture",25.6313524355856,"%"
"S01","2025-01-03T07:40:00Z","soil_moisture",23.046342155297,"%"
"S01","2025-01-03T07:45:00Z","soil_moisture",2.61955498654662,"%"
"S01","2025-01-03T07:50:00Z","soil_moisture",1.58226797129283,"%"
"S01","2025-01-03T07:55:00Z","soil_moisture",1.41493201267316,"%"
"S01","2025-01-03T08:00:00Z","soil_moisture",3.02395661017667,"%"
"S01","2025-01-03T08:05:00Z","soil_moisture",8.22795791693821,"%"
"S01","2025-01-03T08:10:00Z","soil_moisture",14.7373094838772,"%"
"S01","2025-01-03T08:15:00Z","soil_moisture",9.08497098216387,"%"
"S01","2025-01-03T08:20:00Z","soil_moisture",39.9253180178717,"%"
"S01","2025-01-03T08:25:00Z","soil_moisture",34.7630519593645,"%"
"S01","2025-01-03T08:30:00Z","soil_moisture",23.1354658006193,"%"
"S01","2025-01-03T08:35:00Z","soil_moisture",11.2185987167632,"%"
"S01","2025-01-03T08:40:00Z","soil_moisture",21.1222690924715,"%"
"S01","2025-01-03T08:45:00Z","soil_moisture",10.7565258849506,"%"
"S01","2025-01-03T08:50:00Z","soil_moisture",25.3445059187549,"%"
"S01","2025-01-03T08:55:00Z","soil_moisture",2.2199123949,"%"
"S01","2025-01-03T09:00:00Z","soil_moisture",21.3113849674898,"%"
"S01","2025-01-03T09:05:00Z","soil_moisture",12.2856727948274,"%"
"S01","2025-01-03T09:10:00Z","soil_moisture",2.09971011607267,"%"
"S01","2025-01-03T09:15:00Z","soil_moisture",17.4617822258824,"%"
"S01","2025-01-03T09:20:00Z","soil_moisture",33.3820305815867,"%"
"S01","2025-01-03T09:25:00Z","soil_moisture",30.5772261846869,"%"
"S01","2025-01-03T09:30:00Z","soil_moisture",40.9253901271303,"%"
"S01","2025-01-03T09:35:00Z","soil_moisture",35.7733225063406,"%"
"S01","2025-01-03T09:40:00Z","soil_moisture",26.3444822605774,"%"
"S01","2025-01-03T09:45:00Z","soil_moisture",28.4506270161264,"%"
"S01","2025-01-03T09:50:00Z","soil_moisture",25.6669669881599,"%"
"S01","2025-01-03T09:55:00Z","soil_moisture",44.7036980935094,"%"
"S01","2025-01-03T10:00:00Z","soil_moisture",32.8819210327686,"%"
"S01","2025-01-03T10:05:00Z","soil_moisture",42.416935899942,"%"
"S01","2025-01-03T10:10:00Z","soil_moisture",29.2919472574257,"%"
"S01","2025-01-03T10:15:00Z","soil_moisture",43.3197887556738,"%"
"S01","2025-01-03T10:20:00Z","soil_moisture",42.7066739008585,"%"
"S01","2025-01-03T10:25:00Z","soil_moisture",24.7603376559693,"%"
"S01","2025-01-03T10:30:00Z","soil_moisture",35.6918637831047,"%"
"S01","2025-01-03T10:35:00Z","soil_moisture",38.2170185844431,"%"
"S01","2025-01-03T10:40:00Z","soil_moisture",67.2144832636249,"%"
"S01","2025-01-03T10:45:00Z","soil_moisture",39.1133391440252,"%"
"S01","2025-01-03T10:50:00Z","soil_moisture",15.3995060401163,"%"
"S01","2025-01-03T10:55:00Z","soil_moisture",30.8102813390922,"%"
"S01","2025-01-03T11:00:00Z","soil_moisture",8.97667854060027,"%"
"S01","2025-01-03T11:05:00Z","soil_moisture",59.2732599369334,"%"
"S01","2025-01-03T11:10:00Z","soil_moisture",46.0092617069531,"%"
"S01","2025-01-03T11:15:00Z","soil_moisture",38.9599249716629,"%"
"S01","2025-01-03T11:20:00Z","soil_moisture",9.49578649661376,"%"
"S01","2025-01-03T11:25:00Z","soil_moisture",28.1562083698304,"%"
"S01","2025-01-03T11:30:00Z","soil_moisture",7.8482186036323,"%"
"S01","2025-01-03T11:35:00Z","soil_moisture",36.0374760591015,"%"
"S01","2025-01-03T11:40:00Z","soil_moisture",19.5027250797567,"%"
"S01","2025-01-03T11:45:00Z","soil_moisture",46.9771164851694,"%"
"S01","2025-01-03T11:50:00Z","soil_moisture",22.9336294015717,"%"
"S01","2025-01-03T11:55:00Z","soil_moisture",14.988335173365,"%"
"S01","2025-01-03T12:00:00Z","soil_moisture",39.9280362117586,"%"
"S01","2025-01-03T12:05:00Z","soil_moisture",50.3013439418185,"%"
"S01","2025-01-03T12:10:00Z","soil_moisture",36.2190041088795,"%"
"S01","2025-01-03T12:15:00Z","soil_moisture",35.3305403179601,"%"
"S01","2025-01-03T12:20:00Z","soil_moisture",41.6864233926441,"%"
"S01","2025-01-03T12:25:00Z","soil_moisture",24.4317789556307,"%"
"S01","2025-01-03T12:30:00Z","soil_moisture",7.18978201746428,"%"
"S01","2025-01-03T12:35:00Z","soil_moisture",13.3090265526166,"%"
"S01","2025-01-03T12:40:00Z","soil_moisture",47.9558772131854,"%"
"S01","2025-01-03T12:45:00Z","soil_moisture",17.4317991398742,"%"
"S01","2025-01-03T12:50:00Z","soil_moisture",33.0779593807809,"%"
"S01","2025-01-03T12:55:00Z","soil_moisture",17.6954239150801,"%"
"S01","2025-01-03T13:00:00Z","soil_moisture",11.9351704537954,"%"
"S01","2025-01-03T13:05:00Z","soil_moisture",24.7972726078852,"%"
"S01","2025-01-03T13:10:00Z","soil_moisture",34.9905789099302,"%"
"S01","2025-01-03T13:15:00Z","soil_moisture",33.0784030033747,"%"
"S01","2025-01-03T13:20:00Z","soil_moisture",52.181187698341,"%"
"S01","2025-01-03T13:25:00Z","soil_moisture",46.4267083924209,"%"
"S01","2025-01-03T13:30:00Z","soil_moisture",56.6460971161369,"%"
"S01","2025-01-03T13:35:00Z","soil_moisture",64.7442984658036,"%"
"S01","2025-01-03T13:40:00Z","soil_moisture",33.8144672826577,"%"
"S01","2025-01-03T13:45:00Z","soil_moisture",36.9622857412971,"%"
"S01","2025-01-03T13:50:00Z","soil_moisture",40.1265990104704,"%"
"S01","2025-01-03T13:55:00Z","soil_moisture",62.3453972925945,"%"
"S01","2025-01-03T14:00:00Z","soil_moisture",42.9498378157182,"%"
"S01","2025-01-03T14:05:00Z","soil_moisture",25.6254769115513,"%"
"S01","2025-01-03T14:10:00Z","soil_moisture",26.0098078526582,"%"
"S01","2025-01-03T14:15:00Z","soil_moisture",14.7026544324157,"%"
"S01","2025-01-03T14:20:00Z","soil_moisture",33.6217788619372,"%"
"S01","2025-01-03T14:25:00Z","soil_moisture",39.8432982453128,"%"
"S01","2025-01-03T14:30:00Z","soil_moisture",29.3780898706875,"%"
"S01","2025-01-03T14:35:00Z","soil_moisture",63.6991144374377,"%"
"S01","2025-01-03T14:40:00Z","soil_moisture",25.9112868523646,"%"
"S01","2025-01-03T14:45:00Z","soil_moisture",16.7643298485465,"%"
"S01","2025-01-03T14:50:00Z","soil_moisture",17.1963533618573,"%"
"S01","2025-01-03T14:55:00Z","soil_moisture",36.9679408020555,"%"
"S01","2025-01-03T15:00:00Z","soil_moisture",26.0373900958066,"%"
"S01","2025-01-03T15:05:00Z","soil_moisture",29.7171596287651,"%"
"S01","2025-01-03T15:10:00Z","soil_moisture",24.693211016385,"%"
"S01","2025-01-03T15:15:00Z","soil_moisture",55.3780317281487,"%"
"S01","2025-01-03T15:20:00Z","soil_moisture",57.0388101068964,"%"
"S01","2025-01-03T15:25:00Z","soil_moisture",39.5843927237573,"%"
"S01","2025-01-03T15:30:00Z","soil_moisture",59.3874573525762,"%"
"S01","2025-01-03T15:35:00Z","soil_moisture",42.4942818680835,"%"
"S01","2025-01-03T15:40:00Z","soil_moisture",13.4284734102527,"%"
"S01","2025-01-03T15:45:00Z","soil_moisture",12.2492126429173,"%"
"S01","2025-01-03T15:50:00Z","soil_moisture",12.5572869516709,"%"
"S01","2025-01-03T15:55:00Z","soil_moisture",31.4666845778232,"%"
"S01","2025-01-03T16:00:00Z","soil_moisture",8.31079349394782,"%"
"S01","2025-01-03T16:05:00Z","soil_moisture",19.6258551462518,"%"
"S01","2025-01-03T16:10:00Z","soil_moisture",27.7065491618434,"%"
"S01","2025-01-03T16:15:00Z","soil_moisture",21.8614435806313,"%"
"S01","2025-01-03T16:20:00Z","soil_moisture",27.8468471979907,"%"
"S01","2025-01-03T16:25:00Z","soil_moisture",45.8872852989543,"%"
"S01","2025-01-03T16:30:00Z","soil_moisture",16.1989788008372,"%"
"S01","2025-01-03T16:35:00Z","soil_moisture",9.11408828787012,"%"
"S01","2025-01-03T16:40:00Z","soil_moisture",1.47455559659815,"%"
"S01","2025-01-03T16:45:00Z","soil_moisture",11.9353195663986,"%"
"S01","2025-01-03T16:50:00Z","soil_moisture",14.3221642471971,"%"
"S01","2025-01-03T16:55:00Z","soil_moisture",44.3880654037628,"%"
"S01","2025-01-03T17:00:00Z","soil_moisture",15.1261381573,"%"
"S01","2025-01-03T17:05:00Z","soil_moisture",18.4531915628821,"%"
"S01","2025-01-03T17:10:00Z","soil_moisture",9.53162530544941,"%"
"S01","2025-01-03T17:15:00Z","soil_moisture",17.0483437871007,"%"
"S01","2025-01-03T17:20:00Z","soil_moisture",38.281940189319,"%"
"S01","2025-01-03T17:25:00Z","soil_moisture",10.7745136977238,"%"
"S01","2025-01-03T17:30:00Z","soil_moisture",32.5873628707869,"%"
"S01","2025-01-03T17:35:00Z","soil_moisture",64.8359237529419,"%"
"S01","2025-01-03T17:40:00Z","soil_moisture",54.6934092419241,"%"
"S01","2025-01-03T17:45:00Z","soil_moisture",33.158751889977,"%"
"S01","2025-01-03T17:50:00Z","soil_moisture",31.5299285846319,"%"
"S01","2025-01-03T17:55:00Z","soil_moisture",17.8852944665574,"%"
"S01","2025-01-03T18:00:00Z","soil_moisture",15.0532310612999,"%"
"S01","2025-01-03T18:05:00Z","soil_moisture",4.20051778605063,"%"
"S01","2025-01-03T18:10:00Z","soil_moisture",11.8587468195074,"%"
"S01","2025-01-03T18:15:00Z","soil_moisture",32.8681747625496,"%"
"S01","2025-01-03T18:20:00Z","soil_moisture",39.0753716418508,"%"
"S01","2025-01-03T18:25:00Z","soil_moisture",58.7074029139313,"%"
"S01","2025-01-03T18:30:00Z","soil_moisture",35.9047362070029,"%"
"S01","2025-01-03T18:35:00Z","soil_moisture",43.7405511703899,"%"
"S01","2025-01-03T18:40:00Z","soil_moisture",33.9483224697357,"%"
"S01","2025-01-03T18:45:00Z","soil_moisture",36.9371161277826,"%"
"S01","2025-01-03T18:50:00Z","soil_moisture",35.0303128716578,"%"
"S01","2025-01-03T18:55:00Z","soil_moisture",6.90419295912212,"%"
"S01","2025-01-03T19:00:00Z","soil_moisture",31.8953066064611,"%"
"S01","2025-01-03T19:05:00Z","soil_moisture",20.0596385000618,"%"
"S01","2025-01-03T19:10:00Z","soil_moisture",11.6383024070709,"%"
"S01","2025-01-03T19:15:00Z","soil_moisture",42.7523695497618,"%"
"S01","2025-01-03T19:20:00Z","soil_moisture",38.9895097587715,"%"
"S01","2025-01-03T19:25:00Z","soil_moisture",22.7155872800117,"%"
"S01","2025-01-03T19:30:00Z","soil_moisture",10.5139914157709,"%"
"S01","2025-01-03T19:35:00Z","soil_moisture",21.4423531939726,"%"
"S01","2025-01-03T19:40:00Z","soil_moisture",28.1606292093727,"%"
"S01","2025-01-03T19:45:00Z","soil_moisture",27.3786849846894,"%"
"S01","2025-01-03T19:50:00Z","soil_moisture",38.3192497205833,"%"
"S01","2025-01-03T19:55:00Z","soil_moisture",18.1141171694225,"%"
"S01","2025-01-03T20:00:00Z","soil_moisture",15.59731969742,"%"
"S01","2025-01-03T20:05:00Z","soil_moisture",49.8145521792655,"%"
"S01","2025-01-03T20:10:00Z","soil_moisture",35.4111701264011,"%"
"S01","2025-01-03T20:15:00Z","soil_moisture",9.07138006031399,"%"
"S01","2025-01-03T20:20:00Z","soil_moisture",23.7859873861076,"%"
"S01","2025-01-03T20:25:00Z","soil_moisture",19.2209289061428,"%"
"S01","2025-01-03T20:30:00Z","soil_moisture",25.1945650472659,"%"
"S01","2025-01-03T20:35:00Z","soil_moisture",21.2904451159214,"%"
"S01","2025-01-03T20:40:00Z","soil_moisture",12.7898048602224,"%"
"S01","2025-01-03T20:45:00Z","soil_moisture",10.5830258336562,"%"
"S01","2025-01-03T20:50:00Z","soil_moisture",20.6635055376972,"%"
"S01","2025-01-03T20:55:00Z","soil_moisture",28.6077138578771,"%"
"S01","2025-01-03T21:00:00Z","soil_moisture",13.8446886286741,"%"
"S01","2025-01-03T21:05:00Z","soil_moisture",8.04049832123626,"%"
"S01","2025-01-03T21:10:00Z","soil_moisture",38.6421838654574,"%"
"S01","2025-01-03T21:15:00Z","soil_moisture",17.5826245703284,"%"
"S01","2025-01-03T21:20:00Z","soil_moisture",42.138121971516,"%"
"S01","2025-01-03T21:25:00Z","soil_moisture",60.1918773526261,"%"
"S01","2025-01-03T21:30:00Z","soil_moisture",12.6877780027853,"%"
"S01","2025-01-03T21:35:00Z","soil_moisture",32.5725497720314,"%"
"S01","2025-01-03T21:40:00Z","soil_moisture",22.4821939671213,"%"
"S01","2025-01-03T21:45:00Z","soil_moisture",15.4625016762619,"%"
"S01","2025-01-03T21:50:00Z","soil_moisture",15.1980978296151,"%"
"S01","2025-01-03T21:55:00Z","soil_moisture",12.5187788769668,"%"
"S01","2025-01-03T22:00:00Z","soil_moisture",18.0964655952661,"%"
"S01","2025-01-03T22:05:00Z","soil_moisture",23.1198853131053,"%"
"S01","2025-01-03T22:10:00Z","soil_moisture",39.0775601310103,"%"
"S01","2025-01-03T22:15:00Z","soil_moisture",38.7673107270113,"%"
"S01","2025-01-03T22:20:00Z","soil_moisture",63.5674604438504,"%"
"S01","2025-01-03T22:25:00Z","soil_moisture",79.4223605949443,"%"
"S01","2025-01-03T22:30:00Z","soil_moisture",41.5756400255852,"%"
"S01","2025-01-03T22:35:00Z","soil_moisture",17.4966135184371,"%"
"S01","2025-01-03T22:40:00Z","soil_moisture",42.3717922713151,"%"
"S01","2025-01-03T22:45:00Z","soil_moisture",40.6346285778167,"%"
"S01","2025-01-03T22:50:00Z","soil_moisture",32.7583512821963,"%"
"S01","2025-01-03T22:55:00Z","soil_moisture",9.96947494218136,"%"
