"sensor_id","timestamp","variable","value","unit"
"S01","2024-12-31T23:00:00Z","rainfall_intensity",0.202686875819719,"mm/h"
"S01","2024-12-31T23:05:00Z","rainfall_intensity",0,"mm/h"
"S01","2024-12-31T23:10:00Z","rainfall_intensity",0,"mm/h"
"S01","2024-12-31T23:15:00Z","rainfall_intensity",0.381747126742252,"mm/h"
"S01","2024-12-31T23:20:00Z","rainfall_intensity",0.129991299171016,"mm/h"
"S01","2024-12-31T23:25:00Z","rainfall_intensity",0,"mm/h"
"S01","2024-12-31T23:30:00Z","rainfall_intensity",0,"mm/h"
"S01","2024-12-31T23:35:00Z","rainfall_intensity",0.0129454274375008,"mm/h"
"S01","2024-12-31T23:40:00Z","rainfall_intensity",0.18829136724265,"mm/h"
"S01","2024-12-31T23:45:00Z","rainfall_intensity",1.73330110189276,"mm/h"
"S01","2024-12-31T23:50:00Z","rainfall_intensity",0.999947369617767,"mm/h"
"S01","2024-12-31T23:55:00Z","rainfall_intensity",0,"mm/h"
"S01","2025-01-01T00:00:00Z","rainfall_intensity",0,"mm/h"
"S01","2025-01-01T00:05:00Z","rainfall_intensity",0.104336245850949,"mm/h"
"S01","2025-01-01T00:10:00Z","rainfall_intensity",1.50873098085383,"mm/h"
"S01","2025-01-01T00:15:00Z","rainfall_intensity",0.68265380969099,"mm/h"
"S01","2025-01-01T00:20:00Z","rainfall_intensity",0.0683535620842777,"mm/h"
"S01","2025-01-01T00:25:00Z","rainfall_intensity",0,"mm/h"
"S01","2025-01-01T00:30:00Z","rainfall_intensity",0,"mm/h"
"S01","2025-01-01T00:35:00Z","rainfall_intensity",0,"mm/h"
"S01","2025-01-01T00:40:00Z","rainfall_intensity",0,"mm/h"
"S01","2025-01-01T00:45:00Z","rainfall_intensity",0,"mm/h"
"S01","2025-01-01T00:50:00Z","rainfall_intensity",0.34830577350342,"mm/h"
"S01","2025-01-01T00:55:00Z","rainfall_intensity",0,"mm/h"
"S01","2025-01-01T01:00:00Z","rainfall_intensity",0,"mm/h"
"S01","2025-01-01T01:05:00Z","rainfall_intensity",0.146639835668275,"mm/h"
"S01","2025-01-01T01:10:00Z","rainfall_intensity",0,"mm/h"
"S01","2025-01-01T01:15:00Z","rainfall_intensity",1.21521082468622,"mm/h"
"S01","2025-01-01T01:20:00Z","rainfall_intensity",0,"mm/h"
"S01","2025-01-01T01:25:00Z","rainfall_intensity",0.414651066149307,"mm/h"
"S01","2025-01-01T01:30:00Z","rainfall_intensity",0,"mm/h"
"S01","2025-01-01T01:35:00Z","rainfall_intensity",0,"mm/h"
"S01","2025-01-01T01:40:00Z","rainfall_intensity",0,"mm/h"
"S01","2025-01-01T01:45:00Z","rainfall_intensity",0,"mm/h"
"S01","2025-01-01T01:50:00Z","rainfall_intensity",0,"mm/h"
"S01","2025-01-01T01:55:00Z","rainfall_intensity",0,"mm/h"
"S01","2025-01-01T02:00:00Z","rainfall_intensity",0,"mm/h"
"S01","2025-01-01T02:05:00Z","rainfall_intensity",0,"mm/h"
"S01","2025-01-01T02:10:00Z","rainfall_intensity",0,"mm/h"
"S01","2025-01-01T02:15:00Z","rainfall_intensity",0,"mm/h"
"S01","2025-01-01T02:20:00Z","rainfall_intensity",0.70458324946167,"mm/h"
"S01","2025-01-01T02:25:00Z","rainfall_intensity",1.22710127670029,"mm/h"
"S01","2025-01-01T02:30:00Z","rainfall_intensity",0.668143384380906,"mm/h"
"S01","2025-01-01T02:35:00Z","rainfall_intensity",0.0229985934120947,"mm/h"
"S01","2025-01-01T02:40:00Z","rainfall_intensity",0,"mm/h"
"S01","2025-01-01T02:45:00Z","rainfall_intensity",0,"mm/h"
"S01","2025-01-01T02:50:00Z","rainfall_intensity",0,"mm/h"
"S01","2025-01-01T02:55:00Z","rainfall_intensity",0,"mm/h"
"S01","2025-01-01T03:00:00Z","rainfall_intensity",0,"mm/h"
"S01","2025-01-01T03:05:00Z","rainfall_intensity",0,"mm/h"
"S01","2025-01-01T03:10:00Z","rainfall_intensity",0,"mm/h"
"S01","2025-01-01T03:15:00Z","rainfall_intensity",0.0524962163319654,"mm/h"
"S01","2025-01-01T03:20:00Z","rainfall_intensity",1.16368424955943,"mm/h"
"S01","2025-01-01T03:25:00Z","rainfall_intensity",0.864380633058222,"mm/h"
"S01","2025-01-01T03:30:00Z","rainfall_intensity",2.11721619387773,"mm/h"
"S01","2025-01-01T03:35:00Z","rainfall_intensity",2.32084517370967,"mm/h"
"S01","2025-01-01T03:40:00Z","rainfall_intensity",0.591898484087708,"mm/h"
"S01","2025-01-01T03:45:00Z","rainfall_intensity",2.01697675377257,"mm/h"
"S01","2025-01-01T03:50:00Z","rainfall_intensity",1.20988866139727,"mm/h"
"S01","2025-01-01T03:55:00Z","rainfall_intensity",0.371340212522089,"mm/h"
"S01","2025-01-01T04:00:00Z","rainfall_intensity",0,"mm/h"
"S01","2025-01-01T04:05:00Z","rainfall_intensity",0.315999419459076,"mm/h"
"S01","2025-01-01T04:10:00Z","rainfall_intensity",0,"mm/h"
"S01","2025-01-01T04:15:00Z","rainfall_intensity",0,"mm/h"
"S01","2025-01-01T04:20:00Z","rainfall_intensity",0,"mm/h"
"S01","2025-01-01T04:25:00Z","rainfall_intensity",0,"mm/h"
"S01","2025-01-01T04:30:00Z","rainfall_intensity",0,"mm/h"
"S01","2025-01-01T04:35:00Z","rainfall_intensity",0,"mm/h"
"S01","2025-01-01T04:40:00Z","rainfall_intensity",0,"mm/h"
"S01","2025-01-01T04:45:00Z","rainfall_intensity",0,"mm/h"
"S01","2025-01-01T04:50:00Z","rainfall_intensity",0,"mm/h"
"S01","2025-01-01T04:55:00Z","rainfall_intensity",0,"mm/h"
"S01","2025-01-01T05:00:00Z","rainfall_intensity",0,"mm/h"
"S01","2025-01-01T05:05:00Z","rainfall_intensity",0.561230290034705,"mm/h"
"S01","2025-01-01T05:10:00Z","rainfall_intensity",0.775315135052171,"mm/h"
"S01","2025-01-01T05:15:00Z","rainfall_intensity",2.66869724926905,"mm/h"
"S01","2025-01-01T05:20:00Z","rainfall_intensity",1.82896858619524,"mm/h"
"S01","2025-01-01T05:25:00Z","rainfall_intensity",3.10850537604724,"mm/h"
"S01","2025-01-01T05:30:00Z","rainfall_intensity",1.14982483438454,"mm/h"
"S01","2025-01-01T05:35:00Z","rainfall_intensity",4.19809321986993,"mm/h"
"S01","2025-01-01T05:40:00Z","rainfall_intensity",0.52811019424266,"mm/h"
"S01","2025-01-01T05:45:00Z","rainfall_intensity",0,"mm/h"
"S01","2025-01-01T05:50:00Z","rainfall_intensity",0,"mm/h"
"S01","2025-01-01T05:55:00Z","rainfall_intensity",0,"mm/h"
"S01","2025-01-01T06:00:00Z","rainfall_intensity",0,"mm/h"
"S01","2025-01-01T06:05:00Z","rainfall_intensity",0,"mm/h"
"S01","2025-01-01T06:10:00Z","rainfall_intensity",0,"mm/h"
"S01","2025-01-01T06:15:00Z","rainfall_intensity",0.064154531773644,"mm/h"
"S01","2025-01-01T06:20:00Z","rainfall_intensity",0,"mm/h"
"S01","2025-01-01T06:25:00Z","rainfall_intensity",2.65729953390777,"mm/h"
"S01","2025-01-01T06:30:00Z","rainfall_intensity",6.83885511561418,"mm/h"
"S01","2025-01-01T06:35:00Z","rainfall_intensity",2.65192422791079,"mm/h"
"S01","2025-01-01T06:40:00Z","rainfall_intensity",0.500463419630211,"mm/h"
"S01","2025-01-01T06:45:00Z","rainfall_intensity",1.04812552933356,"mm/h"
"S01","2025-01-01T06:50:00Z","rainfall_intensity",1.53498520141635,"mm/h"
"S01","2025-01-01T06:55:00Z","rainfall_intensity",0,"mm/h"
"S01","2025-01-01T07:00:00Z","rainfall_intensity",0,"mm/h"
"S01","2025-01-01T07:05:00Z","rainfall_intensity",0,"mm/h"
"S01","2025-01-01T07:10:00Z","rainfall_intensity",0,"mm/h"
"S01","2025-01-01T07:15:00Z","rainfall_intensity",0,"mm/h"
"S01","2025-01-01T07:20:00Z","rainfall_intensity",0,"mm/h"
"S01","2025-01-01T07:25:00Z","rainfall_intensity",0,"mm/h"
"S01","2025-01-01T07:30:00Z","rainfall_intensity",0,"mm/h"
"S01","2025-01-01T07:35:00Z","rainfall_intensity",0,"mm/h"
"S01","2025-01-01T07:40:00Z","rainfall_intensity",0,"mm/h"
"S01","2025-01-01T07:45:00Z","rainfall_intensity",0,"mm/h"
"S01","2025-01-01T07:50:00Z","rainfall_intensity",0,"mm/h"
"S01","2025-01-01T07:55:00Z","rainfall_intensity",0,"mm/h"
"S01","2025-01-01T08:00:00Z","rainfall_intensity",0,"mm/h"
"S01","2025-01-01T08:05:00Z","rainfall_intensity",0,"mm/h"
"S01","2025-01-01T08:10:00Z","rainfall_intensity",0,"mm/h"
"S01","2025-01-01T08:15:00Z","rainfall_intensity",0.750129330921814,"mm/h"
"S01","2025-01-01T08:20:00Z","rainfall_intensity",3.48232275691766,"mm/h"
"S01","2025-01-01T08:25:00Z","rainfall_intensity",5.8884472197907,"mm/h"
"S01","2025-01-01T08:30:00Z","rainfall_intensity",0.851553056370879,"mm/h"
"S01","2025-01-01T08:35:00Z","rainfall_intensity",0.352939786211242,"mm/h"
"S01","2025-01-01T08:40:00Z","rainfall_intensity",0.0125881330692874,"mm/h"
"S01","2025-01-01T08:45:00Z","rainfall_intensity",0,"mm/h"
"S01","2025-01-01T08:50:00Z","rainfall_intensity",0.96284408367674,"mm/h"
"S01","2025-01-01T08:55:00Z","rainfall_intensity",2.11435856068104,"mm/h"
"S01","2025-01-01T09:00:00Z","rainfall_intensity",1.35293585746715,"mm/h"
"S01","2025-01-01T09:05:00Z","rainfall_intensity",0.748016540919021,"mm/h"
"S01","2025-01-01T09:10:00Z","rainfall_intensity",0.183418108113224,"mm/h"
"S01","2025-01-01T09:15:00Z","rainfall_intensity",0,"mm/h"
"S01","2025-01-01T09:20:00Z","rainfall_intensity",0,"mm/h"
"S01","2025-01-01T09:25:00Z","rainfall_intensity",0,"mm/h"
"S01","2025-01-01T09:30:00Z","rainfall_intensity",0,"mm/h"
"S01","2025-01-01T09:35:00Z","rainfall_intensity",0,"mm/h"
"S01","2025-01-01T09:40:00Z","rainfall_intensity",0,"mm/h"
"S01","2025-01-01T09:45:00Z","rainfall_intensity",0,"mm/h"
"S01","2025-01-01T09:50:00Z","rainfall_intensity",0,"mm/h"
"S01","2025-01-01T09:55:00Z","rainfall_intensity",0,"mm/h"
"S01","2025-01-01T10:00:00Z","rainfall_intensity",0,"mm/h"
"S01","2025-01-01T10:05:00Z","rainfall_intensity",0,"mm/h"
"S01","2025-01-01T10:10:00Z","rainfall_intensity",0,"mm/h"
"S01","2025-01-01T10:15:00Z","rainfall_intensity",0,"mm/h"
"S01","2025-01-01T10:20:00Z","rainfall_intensity",0,"mm/h"
"S01","2025-01-01T10:25:00Z","rainfall_intensity",0,"mm/h"
"S01","2025-01-01T10:30:00Z","rainfall_intensity",0,"mm/h"
"S01","2025-01-01T10:35:00Z","rainfall_intensity",0,"mm/h"
"S01","2025-01-01T10:40:00Z","rainfall_intensity",0,"mm/h"
"S01","2025-01-01T10:45:00Z","rainfall_intensity",0,"mm/h"
"S01","2025-01-01T10:50:00Z","rainfall_intensity",0,"mm/h"
"S01","2025-01-01T10:55:00Z","rainfall_intensity",1.05451500119801,"mm/h"
"S01","2025-01-01T11:00:00Z","rainfall_intensity",1.82210642009896,"mm/h"
"S01","2025-01-01T11:05:00Z","rainfall_intensity",0,"mm/h"
"S01","2025-01-01T11:10:00Z","rainfall_intensity",0,"mm/h"
"S01","2025-01-01T11:15:00Z","rainfall_intensity",0,"mm/h"
"S01","2025-01-01T11:20:00Z","rainfall_intensity",0,"mm/h"
"S01","2025-01-01T11:25:00Z","rainfall_intensity",0,"mm/h"
"S01","2025-01-01T11:30:00Z","rainfall_intensity",0,"mm/h"
"S01","2025-01-01T11:35:00Z","rainfall_intensity",0,"mm/h"
"S01","2025-01-01T11:40:00Z","rainfall_intensity",0,"mm/h"
"S01","2025-01-01T11:45:00Z","rainfall_intensity",0,"mm/h"
"S01","2025-01-01T11:50:00Z","rainfall_intensity",0,"mm/h"
"S01","2025-01-01T11:55:00Z","rainfall_intensity",0,"mm/h"
"S01","2025-01-01T12:00:00Z","rainfall_intensity",0,"mm/h"
"S01","2025-01-01T12:05:00Z","rainfall_intensity",0,"mm/h"
"S01","2025-01-01T12:10:00Z","rainfall_intensity",0,"mm/h"
"S01","2025-01-01T12:15:00Z","rainfall_intensity",0,"mm/h"
"S01","2025-01-01T12:20:00Z","rainfall_intensity",0,"mm/h"
"S01","2025-01-01T12:25:00Z","rainfall_intensity",0.125411198170022,"mm/h"
"S01","2025-01-01T12:30:00Z","rainfall_intensity",0.548288812437054,"mm/h"
"S01","2025-01-01T12:35:00Z","rainfall_intensity",0,"mm/h"
"S01","2025-01-01T12:40:00Z","rainfall_intensity",2.30893444679117,"mm/h"
"S01","2025-01-01T12:45:00Z","rainfall_intensity",1.11911905839179,"mm/h"
"S01","2025-01-01T12:50:00Z","rainfall_intensity",0,"mm/h"
"S01","2025-01-01T12:55:00Z","rainfall_intensity",0,"mm/h"
"S01","2025-01-01T13:00:00Z","rainfall_intensity",0,"mm/h"
"S01","2025-01-01T13:05:00Z","rainfall_intensity",0,"mm/h"
"S01","2025-01-01T13:10:00Z","rainfall_intensity",0.764895040670739,"mm/h"
"S01","2025-01-01T13:15:00Z","rainfall_intensity",0,"mm/h"
"S01","2025-01-01T13:20:00Z","rainfall_intensity",0,"mm/h"
"S01","2025-01-01T13:25:00Z","rainfall_intensity",0,"mm/h"
"S01","2025-01-01T13:30:00Z","rainfall_intensity",0.280041866885482,"mm/h"
"S01","2025-01-01T13:35:00Z","rainfall_intensity",0,"mm/h"
"S01","2025-01-01T13:40:00Z","rainfall_intensity",0,"mm/h"
"S01","2025-01-01T13:45:00Z","rainfall_intensity",3.56836535004306,"mm/h"
"S01","2025-01-01T13:50:00Z","rainfall_intensity",0.0193786025387128,"mm/h"
"S01","2025-01-01T13:55:00Z","rainfall_intensity",0,"mm/h"
"S01","2025-01-01T14:00:00Z","rainfall_intensity",0.247065382233706,"mm/h"
"S01","2025-01-01T14:05:00Z","rainfall_intensity",0,"mm/h"
"S01","2025-01-01T14:10:00Z","rainfall_intensity",0,"mm/h"
"S01","2025-01-01T14:15:00Z","rainfall_intensity",1.13191347990869,"mm/h"
"S01","2025-01-01T14:20:00Z","rainfall_intensity",0,"mm/h"
"S01","2025-01-01T14:25:00Z","rainfall_intensity",1.85661408163158,"mm/h"
"S01","2025-01-01T14:30:00Z","rainfall_intensity",3.79188647690018,"mm/h"
"S01","2025-01-01T14:35:00Z","rainfall_intensity",0.251618257911967,"mm/h"
"S01","2025-01-01T14:40:00Z","rainfall_intensity",0.396786712073064,"mm/h"
"S01","2025-01-01T14:45:00Z","rainfall_intensity",0.337360318151402,"mm/h"
"S01","2025-01-01T14:50:00Z","rainfall_intensity",9.5962339727584,"mm/h"
"S01","2025-01-01T14:55:00Z","rainfall_intensity",5.24009192923339,"mm/h"
"S01","2025-01-01T15:00:00Z","rainfall_intensity",1.69170636468807,"mm/h"
"S01","2025-01-01T15:05:00Z","rainfall_intensity",0.0700364487403226,"mm/h"
"S01","2025-01-01T15:10:00Z","rainfall_intensity",0,"mm/h"
"S01","2025-01-01T15:15:00Z","rainfall_intensity",0.898968494681814,"mm/h"
"S01","2025-01-01T15:20:00Z","rainfall_intensity",0,"mm/h"
"S01","2025-01-01T15:25:00Z","rainfall_intensity",1.30360841503781,"mm/h"
"S01","2025-01-01T15:30:00Z","rainfall_intensity",3.58238601592481,"mm/h"
"S01","2025-01-01T15:35:00Z","rainfall_intensity",3.1745338252062,"mm/h"
"S01","2025-01-01T15:40:00Z","rainfall_intensity",2.90852524987129,"mm/h"
"S01","2025-01-01T15:45:00Z","rainfall_intensity",4.08744910750111,"mm/h"
"S01","2025-01-01T15:50:00Z","rainfall_intensity",1.09189877966561,"mm/h"
"S01","2025-01-01T15:55:00Z","rainfall_intensity",0.615921418201384,"mm/h"
"S01","2025-01-01T16:00:00Z","rainfall_intensity",4.4036060186738,"mm/h"
"S01","2025-01-01T16:05:00Z","rainfall_intensity",5.85047228045929,"mm/h"
"S01","2025-01-01T16:10:00Z","rainfall_intensity",0,"mm/h"
"S01","2025-01-01T16:15:00Z","rainfall_intensity",2.95349306869768,"mm/h"
"S01","2025-01-01T16:20:00Z","rainfall_intensity",2.22957331982094,"mm/h"
"S01","2025-01-01T16:25:00Z","rainfall_intensity",0,"mm/h"
"S01","2025-01-01T16:30:00Z","rainfall_intensity",2.29388411773643,"mm/h"
"S01","2025-01-01T16:35:00Z","rainfall_intensity",4.35908518413504,"mm/h"
"S01","2025-01-01T16:40:00Z","rainfall_intensity",0.959994186594861,"mm/h"
"S01","2025-01-01T16:45:00Z","rainfall_intensity",0,"mm/h"
"S01","2025-01-01T16:50:00Z","rainfall_intensity",0,"mm/h"
"S01","2025-01-01T16:55:00Z","rainfall_intensity",0,"mm/h"
"S01","2025-01-01T17:00:00Z","rainfall_intensity",1.49306277806143,"mm/h"
"S01","2025-01-01T17:05:00Z","rainfall_intensity",0,"mm/h"
"S01","2025-01-01T17:10:00Z","rainfall_intensity",0.150495697842207,"mm/h"
"S01","2025-01-01T17:15:00Z","rainfall_intensity",0,"mm/h"
"S01","2025-01-01T17:20:00Z","rainfall_intensity",0,"mm/h"
"S01","2025-01-01T17:25:00Z","rainfall_intensity",0,"mm/h"
"S01","2025-01-01T17:30:00Z","rainfall_intensity",0,"mm/h"
"S01","2025-01-01T17:35:00Z","rainfall_intensity",0,"mm/h"
"S01","2025-01-01T17:40:00Z","rainfall_intensity",0,"mm/h"
"S01","2025-01-01T17:45:00Z","rainfall_intensity",0,"mm/h"
"S01","2025-01-01T17:50:00Z","rainfall_intensity",0,"mm/h"
"S01","2025-01-01T17:55:00Z","rainfall_intensity",0,"mm/h"
"S01","2025-01-01T18:00:00Z","rainfall_intensity",0,"mm/h"
"S01","2025-01-01T18:05:00Z","rainfall_intensity",0,"mm/h"
"S01","2025-01-01T18:10:00Z","rainfall_intensity",0,"mm/h"
"S01","2025-01-01T18:15:00Z","rainfall_intensity",0.458769509632596,"mm/h"
"S01","2025-01-01T18:20:00Z","rainfall_intensity",0,"mm/h"
"S01","2025-01-01T18:25:00Z","rainfall_intensity",0,"mm/h"
"S01","2025-01-01T18:30:00Z","rainfall_intensity",0,"mm/h"
"S01","2025-01-01T18:35:00Z","rainfall_intensity",0,"mm/h"
"S01","2025-01-01T18:40:00Z","rainfall_intensity",0,"mm/h"
"S01","2025-01-01T18:45:00Z","rainfall_intensity",0,"mm/h"
"S01","2025-01-01T18:50:00Z","rainfall_intensity",0,"mm/h"
"S01","2025-01-01T18:55:00Z","rainfall_intensity",0,"mm/h"
"S01","2025-01-01T19:00:00Z","rainfall_intensity",0,"mm/h"
"S01","2025-01-01T19:05:00Z","rainfall_intensity",0,"mm/h"
"S01","2025-01-01T19:10:00Z","rainfall_intensity",0,"mm/h"
"S01","2025-01-01T19:15:00Z","rainfall_intensity",0,"mm/h"
"S01","2025-01-01T19:20:00Z","rainfall_intensity",0.0427459688000943,"mm/h"
"S01","2025-01-01T19:25:00Z","rainfall_intensity",0,"mm/h"
"S01","2025-01-01T19:30:00Z","rainfall_intensity",0,"mm/h"
"S01","2025-01-01T19:35:00Z","rainfall_intensity",0,"mm/h"
"S01","2025-01-01T19:40:00Z","rainfall_intensity",0.0942975549776262,"mm/h"
"S01","2025-01-01T19:45:00Z","rainfall_intensity",0,"mm/h"
"S01","2025-01-01T19:50:00Z","rainfall_intensity",0.95139532225012,"mm/h"
"S01","2025-01-01T19:55:00Z","rainfall_intensity",1.27605246199508,"mm/h"
"S01","2025-01-01T20:00:00Z","rainfall_intensity",0,"mm/h"
"S01","2025-01-01T20:05:00Z","rainfall_intensity",0,"mm/h"
"S01","2025-01-01T20:10:00Z","rainfall_intensity",0,"mm/h"
"S01","2025-01-01T20:15:00Z","rainfall_intensity",0,"mm/h"
"S01","2025-01-01T20:20:00Z","rainfall_intensity",2.31728897108083,"mm/h"
"S01","2025-01-01T20:25:00Z","rainfall_intensity",0,"mm/h"
"S01","2025-01-01T20:30:00Z","rainfall_intensity",2.62014712682798,"mm/h"
"S01","2025-01-01T20:35:00Z","rainfall_intensity",1.41791074281851,"mm/h"
"S01","2025-01-01T20:40:00Z","rainfall_intensity",1.97445526784876,"mm/h"
"S01","2025-01-01T20:45:00Z","rainfall_intensity",3.67018447414295,"mm/h"
"S01","2025-01-01T20:50:00Z","rainfall_intensity",1.92782954061251,"mm/h"
"S01","2025-01-01T20:55:00Z","rainfall_intensity",1.56474206413575,"mm/h"
"S01","2025-01-01T21:00:00Z","rainfall_intensity",0,"mm/h"
"S01","2025-01-01T21:05:00Z","rainfall_intensity",0,"mm/h"
"S01","2025-01-01T21:10:00Z","rainfall_intensity",0,"mm/h"
"S01","2025-01-01T21:15:00Z","rainfall_intensity",0.859569937893837,"mm/h"
"S01","2025-01-01T21:20:00Z","rainfall_intensity",2.77160092355637,"mm/h"
"S01","2025-01-01T21:25:00Z","rainfall_intensity",0.546384617073545,"mm/h"
"S01","2025-01-01T21:30:00Z","rainfall_intensity",0.592689664479088,"mm/h"
"S01","2025-01-01T21:35:00Z","rainfall_intensity",0.630783184052633,"mm/h"
"S01","2025-01-01T21:40:00Z","rainfall_intensity",0.0380401390313575,"mm/h"
"S01","2025-01-01T21:45:00Z","rainfall_intensity",0.0126934748343621,"mm/h"
"S01","2025-01-01T21:50:00Z","rainfall_intensity",0.723948623935141,"mm/h"
"S01","2025-01-01T21:55:00Z","rainfall_intensity",1.47719982453718,"mm/h"
"S01","2025-01-01T22:00:00Z","rainfall_intensity",0.962264584406363,"mm/h"
"S01","2025-01-01T22:05:00Z","rainfall_intensity",0,"mm/h"
"S01","2025-01-01T22:10:00Z","rainfall_intensity",0,"mm/h"
"S01","2025-01-01T22:15:00Z","rainfall_intensity",0,"mm/h"
"S01","2025-01-01T22:20:00Z","rainfall_intensity",0,"mm/h"
"S01","2025-01-01T22:25:00Z","rainfall_intensity",0,"mm/h"
"S01","2025-01-01T22:30:00Z","rainfall_intensity",0.34407944747588,"mm/h"
"S01","2025-01-01T22:35:00Z","rainfall_intensity",2.96433033566937,"mm/h"
"S01","2025-01-01T22:40:00Z","rainfall_intensity",4.44161935927438,"mm/h"
"S01","2025-01-01T22:45:00Z","rainfall_intensity",7.29814683852635,"mm/h"
"S01","2025-01-01T22:50:00Z","rainfall_intensity",4.89278442544216,"mm/h"
"S01","2025-01-01T22:55:00Z","rainfall_intensity",1.79004994658277,"mm/h"
"S01","2025-01-01T23:00:00Z","rainfall_intensity",1.55390940611828,"mm/h"
"S01","2025-01-01T23:05:00Z","rainfall_intensity",3.42713715613073,"mm/h"
"S01","2025-01-01T23:10:00Z","rainfall_intensity",7.37689898334572,"mm/h"
"S01","2025-01-01T23:15:00Z","rainfall_intensity",4.64341429703806,"mm/h"
"S01","2025-01-01T23:20:00Z","rainfall_intensity",1.89576799107791,"mm/h"
"S01","2025-01-01T23:25:00Z","rainfall_intensity",2.42171862828901,"mm/h"
"S01","2025-01-01T23:30:00Z","rainfall_intensity",0.553806481999465,"mm/h"
"S01","2025-01-01T23:35:00Z","rainfall_intensity",5.09110966804179,"mm/h"
"S01","2025-01-01T23:40:00Z","rainfall_intensity",2.12428554016926,"mm/h"
"S01","2025-01-01T23:45:00Z","rainfall_intensity",7.43230960287793,"mm/h"
"S01","2025-01-01T23:50:00Z","rainfall_intensity",1.92318103683977,"mm/h"
"S01","2025-01-01T23:55:00Z","rainfall_intensity",1.1803256006133,"mm/h"
"S01","2025-01-02T00:00:00Z","rainfall_intensity",1.05559597671543,"mm/h"
"S01","2025-01-02T00:05:00Z","rainfall_intensity",0.467557127799388,"mm/h"
"S01","2025-01-02T00:10:00Z","rainfall_intensity",0.304912024178001,"mm/h"
"S01","2025-01-02T00:15:00Z","rainfall_intensity",0,"mm/h"
"S01","2025-01-02T00:20:00Z","rainfall_intensity",0,"mm/h"
"S01","2025-01-02T00:25:00Z","rainfall_intensity",0,"mm/h"
"S01","2025-01-02T00:30:00Z","rainfall_intensity",1.84015377566313,"mm/h"
"S01","2025-01-02T00:35:00Z","rainfall_intensity",0.213131511946054,"mm/h"
"S01","2025-01-02T00:40:00Z","rainfall_intensity",1.00322693628215,"mm/h"
"S01","2025-01-02T00:45:00Z","rainfall_intensity",0.00251927550668105,"mm/h"
"S01","2025-01-02T00:50:00Z","rainfall_intensity",1.79406907582182,"mm/h"
"S01","2025-01-02T00:55:00Z","rainfall_intensity",0,"mm/h"
"S01","2025-01-02T01:00:00Z","rainfall_intensity",0,"mm/h"
"S01","2025-01-02T01:05:00Z","rainfall_intensity",0,"mm/h"
"S01","2025-01-02T01:10:00Z","rainfall_intensity",0,"mm/h"
"S01","2025-01-02T01:15:00Z","rainfall_intensity",0,"mm/h"
"S01","2025-01-02T01:20:00Z","rainfall_intensity",0,"mm/h"
"S01","2025-01-02T01:25:00Z","rainfall_intensity",0,"mm/h"
"S01","2025-01-02T01:30:00Z","rainfall_intensity",0,"mm/h"
"S01","2025-01-02T01:35:00Z","rainfall_intensity",0,"mm/h"
"S01","2025-01-02T01:40:00Z","rainfall_intensity",0.132596725348195,"mm/h"
"S01","2025-01-02T01:45:00Z","rainfall_intensity",0,"mm/h"
"S01","2025-01-02T01:50:00Z","rainfall_intensity",0.41757319670093,"mm/h"
"S01","2025-01-02T01:55:00Z","rainfall_intensity",0.0529538081568877,"mm/h"
"S01","2025-01-02T02:00:00Z","rainfall_intensity",0,"mm/h"
"S01","2025-01-02T02:05:00Z","rainfall_intensity",0,"mm/h"
"S01","2025-01-02T02:10:00Z","rainfall_intensity",1.46154786822486,"mm/h"
"S01","2025-01-02T02:15:00Z","rainfall_intensity",0,"mm/h"
"S01","2025-01-02T02:20:00Z","rainfall_intensity",0.00633619593751506,"mm/h"
"S01","2025-01-02T02:25:00Z","rainfall_intensity",0.279941213487321,"mm/h"
"S01","2025-01-02T02:30:00Z","rainfall_intensity",0,"mm/h"
"S01","2025-01-02T02:35:00Z","rainfall_intensity",0.360530606999501,"mm/h"
"S01","2025-01-02T02:40:00Z","rainfall_intensity",1.00709753128194,"mm/h"
"S01","2025-01-02T02:45:00Z","rainfall_intensity",0,"mm/h"
"S01","2025-01-02T02:50:00Z","rainfall_intensity",0.416333805880654,"mm/h"
"S01","2025-01-02T02:55:00Z","rainfall_intensity",1.74199461619091,"mm/h"
"S01","2025-01-02T03:00:00Z","rainfall_intensity",1.33072589020478,"mm/h"
"S01","2025-01-02T03:05:00Z","rainfall_intensity",0.645105952624177,"mm/h"
"S01","2025-01-02T03:10:00Z","rainfall_intensity",1.06232796943524,"mm/h"
"S01","2025-01-02T03:15:00Z","rainfall_intensity",0,"mm/h"
"S01","2025-01-02T03:20:00Z","rainfall_intensity",0,"mm/h"
"S01","2025-01-02T03:25:00Z","rainfall_intensity",0,"mm/h"
"S01","2025-01-02T03:30:00Z","rainfall_intensity",0,"mm/h"
"S01","2025-01-02T03:35:00Z","rainfall_intensity",0,"mm/h"
"S01","2025-01-02T03:40:00Z","rainfall_intensity",0,"mm/h"
"S01","2025-01-02T03:45:00Z","rainfall_intensity",0,"mm/h"
"S01","2025-01-02T03:50:00Z","rainfall_intensity",0,"mm/h"
"S01","2025-01-02T03:55:00Z","rainfall_intensity",0.29024046847028,"mm/h"
"S01","2025-01-02T04:00:00Z","rainfall_intensity",0,"mm/h"
"S01","2025-01-02T04:05:00Z","rainfall_intensity",0,"mm/h"
"S01","2025-01-02T04:10:00Z","rainfall_intensity",0,"mm/h"
"S01","2025-01-02T04:15:00Z","rainfall_intensity",0,"mm/h"
"S01","2025-01-02T04:20:00Z","rainfall_intensity",0,"mm/h"
"S01","2025-01-02T04:25:00Z","rainfall_intensity",0,"mm/h"
"S01","2025-01-02T04:30:00Z","rainfall_intensity",0,"mm/h"
"S01","2025-01-02T04:35:00Z","rainfall_intensity",0,"mm/h"
"S01","2025-01-02T04:40:00Z","rainfall_intensity",0,"mm/h"
"S01","2025-01-02T04:45:00Z","rainfall_intensity",0,"mm/h"
"S01","2025-01-02T04:50:00Z","rainfall_intensity",0,"mm/h"
"S01","2025-01-02T04:55:00Z","rainfall_intensity",1.03237039838943,"mm/h"
"S01","2025-01-02T05:00:00Z","rainfall_intensity",1.63819897957775,"mm/h"
"S01","2025-01-02T05:05:00Z","rainfall_intensity",1.88099140612909,"mm/h"
"S01","2025-01-02T05:10:00Z","rainfall_intensity",0,"mm/h"
"S01","2025-01-02T05:15:00Z","rainfall_intensity",0,"mm/h"
"S01","2025-01-02T05:20:00Z","rainfall_intensity",0,"mm/h"
"S01","2025-01-02T05:25:00Z","rainfall_intensity",0,"mm/h"
"S01","2025-01-02T05:30:00Z","rainfall_intensity",0.248952608560986,"mm/h"
"S01","2025-01-02T05:35:00Z","rainfall_intensity",0,"mm/h"
"S01","2025-01-02T05:40:00Z","rainfall_intensity",0.0262757474823923,"mm/h"
"S01","2025-01-02T05:45:00Z","rainfall_intensity",1.78383101529183,"mm/h"
"S01","2025-01-02T05:50:00Z","rainfall_intensity",1.22129389103179,"mm/h"
"S01","2025-01-02T05:55:00Z","rainfall_intensity",0,"mm/h"
"S01","2025-01-02T06:00:00Z","rainfall_intensity",0,"mm/h"
"S01","2025-01-02T06:05:00Z","rainfall_intensity",0.480690985845953,"mm/h"
"S01","2025-01-02T06:10:00Z","rainfall_intensity",0,"mm/h"
"S01","2025-01-02T06:15:00Z","rainfall_intensity",0,"mm/h"
"S01","2025-01-02T06:20:00Z","rainfall_intensity",1.20297163679919,"mm/h"
"S01","2025-01-02T06:25:00Z","rainfall_intensity",5.19844077540436,"mm/h"
"S01","2025-01-02T06:30:00Z","rainfall_intensity",2.29662565991586,"mm/h"
"S01","2025-01-02T06:35:00Z","rainfall_intensity",7.36627385044553,"mm/h"
"S01","2025-01-02T06:40:00Z","rainfall_intensity",1.67913066373558,"mm/h"
"S01","2025-01-02T06:45:00Z","rainfall_intensity",0.436324019317193,"mm/h"
"S01","2025-01-02T06:50:00Z","rainfall_intensity",0.527149917294143,"mm/h"
"S01","2025-01-02T06:55:00Z","rainfall_intensity",0,"mm/h"
"S01","2025-01-02T07:00:00Z","rainfall_intensity",1.26362569879663,"mm/h"
"S01","2025-01-02T07:05:00Z","rainfall_intensity",0.866998626289475,"mm/h"
"S01","2025-01-02T07:10:00Z","rainfall_intensity",0,"mm/h"
"S01","2025-01-02T07:15:00Z","rainfall_intensity",0,"mm/h"
"S01","2025-01-02T07:20:00Z","rainfall_intensity",0,"mm/h"
"S01","2025-01-02T07:25:00Z","rainfall_intensity",0,"mm/h"
"S01","2025-01-02T07:30:00Z","rainfall_intensity",0,"mm/h"
"S01","2025-01-02T07:35:00Z","rainfall_intensity",0.104102537017979,"mm/h"
"S01","2025-01-02T07:40:00Z","rainfall_intensity",0.881297025807504,"mm/h"
"S01","2025-01-02T07:45:00Z","rainfall_intensity",0.258027220856977,"mm/h"
"S01","2025-01-02T07:50:00Z","rainfall_intensity",0,"mm/h"
"S01","2025-01-02T07:55:00Z","rainfall_intensity",0,"mm/h"
"S01","2025-01-02T08:00:00Z","rainfall_intensity",0,"mm/h"
"S01","2025-01-02T08:05:00Z","rainfall_intensity",0,"mm/h"
"S01","2025-01-02T08:10:00Z","rainfall_intensity",0,"mm/h"
"S01","2025-01-02T08:15:00Z","rainfall_intensity",0,"mm/h"
"S01","2025-01-02T08:20:00Z","rainfall_intensity",0.345247546178332,"mm/h"
"S01","2025-01-02T08:25:00Z","rainfall_intensity",0,"mm/h"
"S01","2025-01-02T08:30:00Z","rainfall_intensity",0,"mm/h"
"S01","2025-01-02T08:35:00Z","rainfall_intensity",1.01127617630316,"mm/h"
"S01","2025-01-02T08:40:00Z","rainfall_intensity",0.256203997751905,"mm/h"
"S01","2025-01-02T08:45:00Z","rainfall_intensity",0.80246707756135,"mm/h"
"S01","2025-01-02T08:50:00Z","rainfall_intensity",0.182571437960848,"mm/h"
"S01","2025-01-02T08:55:00Z","rainfall_intensity",1.82789166163932,"mm/h"
"S01","2025-01-02T09:00:00Z","rainfall_intensity",5.74756164183529,"mm/h"
"S01","2025-01-02T09:05:00Z","rainfall_intensity",2.56155655746167,"mm/h"
"S01","2025-01-02T09:10:00Z","rainfall_intensity",0.464421125774832,"mm/h"
"S01","2025-01-02T09:15:00Z","rainfall_intensity",4.28734491966546,"mm/h"
"S01","2025-01-02T09:20:00Z","rainfall_intensity",0.284943725562491,"mm/h"
"S01","2025-01-02T09:25:00Z","rainfall_intensity",0,"mm/h"
"S01","2025-01-02T09:30:00Z","rainfall_intensity",0,"mm/h"
"S01","2025-01-02T09:35:00Z","rainfall_intensity",0,"mm/h"
"S01","2025-01-02T09:40:00Z","rainfall_intensity",0,"mm/h"
"S01","2025-01-02T09:45:00Z","rainfall_intensity",0,"mm/h"
"S01","2025-01-02T09:50:00Z","rainfall_intensity",0,"mm/h"
"S01","2025-01-02T09:55:00Z","rainfall_intensity",0,"mm/h"
"S01","2025-01-02T10:00:00Z","rainfall_intensity",0,"mm/h"
"S01","2025-01-02T10:05:00Z","rainfall_intensity",0,"mm/h"
"S01","2025-01-02T10:10:00Z","rainfall_intensity",0,"mm/h"
"S01","2025-01-02T10:15:00Z","rainfall_intensity",0,"mm/h"
"S01","2025-01-02T10:20:00Z","rainfall_intensity",0,"mm/h"
"S01","2025-01-02T10:25:00Z","rainfall_intensity",0,"mm/h"
"S01","2025-01-02T10:30:00Z","rainfall_intensity",0,"mm/h"
"S01","2025-01-02T10:35:00Z","rainfall_intensity",0,"mm/h"
"S01","2025-01-02T10:40:00Z","rainfall_intensity",0.683579621295403,"mm/h"
"S01","2025-01-02T10:45:00Z","rainfall_intensity",0.79179328320029,"mm/h"
"S01","2025-01-02T10:50:00Z","rainfall_intensity",0,"mm/h"
"S01","2025-01-02T10:55:00Z","rainfall_intensity",0,"mm/h"
"S01","2025-01-02T11:00:00Z","rainfall_intensity",0,"mm/h"
"S01","2025-01-02T11:05:00Z","rainfall_intensity",0,"mm/h"
"S01","2025-01-02T11:10:00Z","rainfall_intensity",0.0673243709256475,"mm/h"
"S01","2025-01-02T11:15:00Z","rainfall_intensity",0.201484735250116,"mm/h"
"S01","2025-01-02T11:20:00Z","rainfall_intensity",0,"mm/h"
"S01","2025-01-02T11:25:00Z","rainfall_intensity",0.409950442220945,"mm/h"
"S01","2025-01-02T11:30:00Z","rainfall_intensity",0,"mm/h"
"S01","2025-01-02T11:35:00Z","rainfall_intensity",0,"mm/h"
"S01","2025-01-02T11:40:00Z","rainfall_intensity",0,"mm/h"
"S01","2025-01-02T11:45:00Z","rainfall_intensity",0,"mm/h"
"S01","2025-01-02T11:50:00Z","rainfall_intensity",0,"mm/h"
"S01","2025-01-02T11:55:00Z","rainfall_intensity",0,"mm/h"
"S01","2025-01-02T12:00:00Z","rainfall_intensity",0.553822608289305,"mm/h"
"S01","2025-01-02T12:05:00Z","rainfall_intensity",0,"mm/h"
"S01","2025-01-02T12:10:00Z","rainfall_intensity",0,"mm/h"
"S01","2025-01-02T12:15:00Z","rainfall_intensity",0.277312817692222,"mm/h"
"S01","2025-01-02T12:20:00Z","rainfall_intensity",0,"mm/h"
"S01","2025-01-02T12:25:00Z","rainfall_intensity",0,"mm/h"
"S01","2025-01-02T12:30:00Z","rainfall_intensity",0.160104812662499,"mm/h"
"S01","2025-01-02T12:35:00Z","rainfall_intensity",0,"mm/h"
"S01","2025-01-02T12:40:00Z","rainfall_intensity",0,"mm/h"
"S01","2025-01-02T12:45:00Z","rainfall_intensity",0,"mm/h"
"S01","2025-01-02T12:50:00Z","rainfall_intensity",0,"mm/h"
"S01","2025-01-02T12:55:00Z","rainfall_intensity",0,"mm/h"
"S01","2025-01-02T13:00:00Z","rainfall_intensity",0,"mm/h"
"S01","2025-01-02T13:05:00Z","rainfall_intensity",0,"mm/h"
"S01","2025-01-02T13:10:00Z","rainfall_intensity",0.16697308862734,"mm/h"
"S01","2025-01-02T13:15:00Z","rainfall_intensity",0.410224416672013,"mm/h"
"S01","2025-01-02T13:20:00Z","rainfall_intensity",0,"mm/h"
"S01","2025-01-02T13:25:00Z","rainfall_intensity",1.1076572632752,"mm/h"
"S01","2025-01-02T13:30:00Z","rainfall_intensity",0,"mm/h"
"S01","2025-01-02T13:35:00Z","rainfall_intensity",0,"mm/h"
"S01","2025-01-02T13:40:00Z","rainfall_intensity",0,"mm/h"
"S01","2025-01-02T13:45:00Z","rainfall_intensity",0,"mm/h"
"S01","2025-01-02T13:50:00Z","rainfall_intensity",0.152491695958309,"mm/h"
"S01","2025-01-02T13:55:00Z","rainfall_intensity",0,"mm/h"
"S01","2025-01-02T14:00:00Z","rainfall_intensity",0,"mm/h"
"S01","2025-01-02T14:05:00Z","rainfall_intensity",0,"mm/h"
"S01","2025-01-02T14:10:00Z","rainfall_intensity",0,"mm/h"
"S01","2025-01-02T14:15:00Z","rainfall_intensity",0,"mm/h"
"S01","2025-01-02T14:20:00Z","rainfall_intensity",0,"mm/h"
"S01","2025-01-02T14:25:00Z","rainfall_intensity",0,"mm/h"
"S01","2025-01-02T14:30:00Z","rainfall_intensity",0,"mm/h"
"S01","2025-01-02T14:35:00Z","rainfall_intensity",0,"mm/h"
"S01","2025-01-02T14:40:00Z","rainfall_intensity",0.235589762233903,"mm/h"
"S01","2025-01-02T14:45:00Z","rainfall_intensity",0.849688322065953,"mm/h"
"S01","2025-01-02T14:50:00Z","rainfall_intensity",0.445823997964706,"mm/h"
"S01","2025-01-02T14:55:00Z","rainfall_intensity",0,"mm/h"
"S01","2025-01-02T15:00:00Z","rainfall_intensity",0,"mm/h"
"S01","2025-01-02T15:05:00Z","rainfall_intensity",0,"mm/h"
"S01","2025-01-02T15:10:00Z","rainfall_intensity",0.468723009660431,"mm/h"
"S01","2025-01-02T15:15:00Z","rainfall_intensity",0,"mm/h"
"S01","2025-01-02T15:20:00Z","rainfall_intensity",1.11530894665706,"mm/h"
"S01","2025-01-02T15:25:00Z","rainfall_intensity",2.21793899660355,"mm/h"
"S01","2025-01-02T15:30:00Z","rainfall_intensity",0,"mm/h"
"S01","2025-01-02T15:35:00Z","rainfall_intensity",0.34393481843644,"mm/h"
"S01","2025-01-02T15:40:00Z","rainfall_intensity",0.0165292500891308,"mm/h"
"S01","2025-01-02T15:45:00Z","rainfall_intensity",0.204690516509162,"mm/h"
"S01","2025-01-02T15:50:00Z","rainfall_intensity",0,"mm/h"
"S01","2025-01-02T15:55:00Z","rainfall_intensity",0,"mm/h"
"S01","2025-01-02T16:00:00Z","rainfall_intensity",0.10014950261761,"mm/h"
"S01","2025-01-02T16:05:00Z","rainfall_intensity",0,"mm/h"
"S01","2025-01-02T16:10:00Z","rainfall_intensity",0.244147008540651,"mm/h"
"S01","2025-01-02T16:15:00Z","rainfall_intensity",0,"mm/h"
"S01","2025-01-02T16:20:00Z","rainfall_intensity",0,"mm/h"
"S01","2025-01-02T16:25:00Z","rainfall_intensity",0,"mm/h"
"S01","2025-01-02T16:30:00Z","rainfall_intensity",0,"mm/h"
"S01","2025-01-02T16:35:00Z","rainfall_intensity",0,"mm/h"
"S01","2025-01-02T16:40:00Z","rainfall_intensity",0,"mm/h"
"S01","2025-01-02T16:45:00Z","rainfall_intensity",0,"mm/h"
"S01","2025-01-02T16:50:00Z","rainfall_intensity",0.445662538142316,"mm/h"
"S01","2025-01-02T16:55:00Z","rainfall_intensity",0,"mm/h"
"S01","2025-01-02T17:00:00Z","rainfall_intensity",0,"mm/h"
"S01","2025-01-02T17:05:00Z","rainfall_intensity",0,"mm/h"
"S01","2025-01-02T17:10:00Z","rainfall_intensity",2.13020498522136,"mm/h"
"S01","2025-01-02T17:15:00Z","rainfall_intensity",3.5202922800902,"mm/h"
"S01","2025-01-02T17:20:00Z","rainfall_intensity",0.744914843886218,"mm/h"
"S01","2025-01-02T17:25:00Z","rainfall_intensity",0,"mm/h"
"S01","2025-01-02T17:30:00Z","rainfall_intensity",0,"mm/h"
"S01","2025-01-02T17:35:00Z","rainfall_intensity",0.180633410958045,"mm/h"
"S01","2025-01-02T17:40:00Z","rainfall_intensity",0.22808275248516,"mm/h"
"S01","2025-01-02T17:45:00Z","rainfall_intensity",0,"mm/h"
"S01","2025-01-02T17:50:00Z","rainfall_intensity",1.57818688790049,"mm/h"
"S01","2025-01-02T17:55:00Z","rainfall_intensity",0,"mm/h"
"S01","2025-01-02T18:00:00Z","rainfall_intensity",0,"mm/h"
"S01","2025-01-02T18:05:00Z","rainfall_intensity",0.601822576125814,"mm/h"
"S01","2025-01-02T18:10:00Z","rainfall_intensity",0.766691191738869,"mm/h"
"S01","2025-01-02T18:15:00Z","rainfall_intensity",0.386538583764122,"mm/h"
"S01","2025-01-02T18:20:00Z","rainfall_intensity",0,"mm/h"
"S01","2025-01-02T18:25:00Z","rainfall_intensity",0,"mm/h"
"S01","2025-01-02T18:30:00Z","rainfall_intensity",0,"mm/h"
"S01","2025-01-02T18:35:00Z","rainfall_intensity",0,"mm/h"
"S01","2025-01-02T18:40:00Z","rainfall_intensity",0.0942891312386154,"mm/h"
"S01","2025-01-02T18:45:00Z","rainfall_intensity",1.03296715222694,"mm/h"
"S01","2025-01-02T18:50:00Z","rainfall_intensity",0,"mm/h"
"S01","2025-01-02T18:55:00Z","rainfall_intensity",0,"mm/h"
"S01","2025-01-02T19:00:00Z","rainfall_intensity",0,"mm/h"
"S01","2025-01-02T19:05:00Z","rainfall_intensity",0.572131781031411,"mm/h"
"S01","2025-01-02T19:10:00Z","rainfall_intensity",0,"mm/h"
"S01","2025-01-02T19:15:00Z","rainfall_intensity",0,"mm/h"
"S01","2025-01-02T19:20:00Z","rainfall_intensity",0,"mm/h"
"S01","2025-01-02T19:25:00Z","rainfall_intensity",0,"mm/h"
"S01","2025-01-02T19:30:00Z","rainfall_intensity",0,"mm/h"
"S01","2025-01-02T19:35:00Z","rainfall_intensity",0,"mm/h"
"S01","2025-01-02T19:40:00Z","rainfall_intensity",0,"mm/h"
"S01","2025-01-02T19:45:00Z","rainfall_intensity",0,"mm/h"
"S01","2025-01-02T19:50:00Z","rainfall_intensity",0,"mm/h"
"S01","2025-01-02T19:55:00Z","rainfall_intensity",0,"mm/h"
"S01","2025-01-02T20:00:00Z","rainfall_intensity",0,"mm/h"
"S01","2025-01-02T20:05:00Z","rainfall_intensity",0.160774620804443,"mm/h"
"S01","2025-01-02T20:10:00Z","rainfall_intensity",0.0847593009433199,"mm/h"
"S01","2025-01-02T20:15:00Z","rainfall_intensity",0,"mm/h"
"S01","2025-01-02T20:20:00Z","rainfall_intensity",0,"mm/h"
"S01","2025-01-02T20:25:00Z","rainfall_intensity",0,"mm/h"
"S01","2025-01-02T20:30:00Z","rainfall_intensity",0,"mm/h"
"S01","2025-01-02T20:35:00Z","rainfall_intensity",0,"mm/h"
"S01","2025-01-02T20:40:00Z","rainfall_intensity",0,"mm/h"
"S01","2025-01-02T20:45:00Z","rainfall_intensity",1.39639112691162,"mm/h"
"S01","2025-01-02T20:50:00Z","rainfall_intensity",0,"mm/h"
"S01","2025-01-02T20:55:00Z","rainfall_intensity",0,"mm/h"
"S01","2025-01-02T21:00:00Z","rainfall_intensity",0,"mm/h"
"S01","2025-01-02T21:05:00Z","rainfall_intensity",0,"mm/h"
"S01","2025-01-02T21:10:00Z","rainfall_intensity",0,"mm/h"
"S01","2025-01-02T21:15:00Z","rainfall_intensity",0,"mm/h"
"S01","2025-01-02T21:20:00Z","rainfall_intensity",0,"mm/h"
"S01","2025-01-02T21:25:00Z","rainfall_intensity",0,"mm/h"
"S01","2025-01-02T21:30:00Z","rainfall_intensity",0.0608703609770661,"mm/h"
"S01","2025-01-02T21:35:00Z","rainfall_intensity",0.294838019028219,"mm/h"
"S01","2025-01-02T21:40:00Z","rainfall_intensity",0,"mm/h"
"S01","2025-01-02T21:45:00Z","rainfall_intensity",0,"mm/h"
"S01","2025-01-02T21:50:00Z","rainfall_intensity",0,"mm/h"
"S01","2025-01-02T21:55:00Z","rainfall_intensity",0,"mm/h"
"S01","2025-01-02T22:00:00Z","rainfall_intensity",0,"mm/h"
"S01","2025-01-02T22:05:00Z","rainfall_intensity",0,"mm/h"
"S01","2025-01-02T22:10:00Z","rainfall_intensity",0,"mm/h"
"S01","2025-01-02T22:15:00Z","rainfall_intensity",0,"mm/h"
"S01","2025-01-02T22:20:00Z","rainfall_intensity",0,"mm/h"
"S01","2025-01-02T22:25:00Z","rainfall_intensity",0,"mm/h"
"S01","2025-01-02T22:30:00Z","rainfall_intensity",0,"mm/h"
"S01","2025-01-02T22:35:00Z","rainfall_intensity",0,"mm/h"
"S01","2025-01-02T22:40:00Z","rainfall_intensity",0,"mm/h"
"S01","2025-01-02T22:45:00Z","rainfall_intensity",0,"mm/h"
"S01","2025-01-02T22:50:00Z","rainfall_intensity",0,"mm/h"
"S01","2025-01-02T22:55:00Z","rainfall_intensity",0,"mm/h"
"S01","2025-01-02T23:00:00Z","rainfall_intensity",0,"mm/h"
"S01","2025-01-02T23:05:00Z","rainfall_intensity",0,"mm/h"
"S01","2025-01-02T23:10:00Z","rainfall_intensity",0,"mm/h"
"S01","2025-01-02T23:15:00Z","rainfall_intensity",0,"mm/h"
"S01","2025-01-02T23:20:00Z","rainfall_intensity",0,"mm/h"
"S01","2025-01-02T23:25:00Z","rainfall_intensity",0,"mm/h"
"S01","2025-01-02T23:30:00Z","rainfall_intensity",0,"mm/h"
"S01","2025-01-02T23:35:00Z","rainfall_intensity",0,"mm/h"
"S01","2025-01-02T23:40:00Z","rainfall_intensity",0,"mm/h"
"S01","2025-01-02T23:45:00Z","rainfall_intensity",0,"mm/h"
"S01","2025-01-02T23:50:00Z","rainfall_intensity",0,"mm/h"
"S01","2025-01-02T23:55:00Z","rainfall_intensity",0,"mm/h"
"S01","2025-01-03T00:00:00Z","rainfall_intensity",0,"mm/h"
"S01","2025-01-03T00:05:00Z","rainfall_intensity",0,"mm/h"
"S01","2025-01-03T00:10:00Z","rainfall_intensity",0,"mm/h"
"S01","2025-01-03T00:15:00Z","rainfall_intensity",0,"mm/h"
"S01","2025-01-03T00:20:00Z","rainfall_intensity",0,"mm/h"
"S01","2025-01-03T00:25:00Z","rainfall_intensity",0,"mm/h"
"S01","2025-01-03T00:30:00Z","rainfall_intensity",0,"mm/h"
"S01","2025-01-03T00:35:00Z","rainfall_intensity",0.734923590701178,"mm/h"
"S01","2025-01-03T00:40:00Z","rainfall_intensity",0.793010553116141,"mm/h"
"S01","2025-01-03T00:45:00Z","rainfall_intensity",0,"mm/h"
"S01","2025-01-03T00:50:00Z","rainfall_intensity",1.27154482854251,"mm/h"
"S01","2025-01-03T00:55:00Z","rainfall_intensity",0.900880476170344,"mm/h"
"S01","2025-01-03T01:00:00Z","rainfall_intensity",0.374669625610983,"mm/h"
"S01","2025-01-03T01:05:00Z","rainfall_intensity",0.485595120771177,"mm/h"
"S01","2025-01-03T01:10:00Z","rainfall_intensity",0,"mm/h"
"S01","2025-01-03T01:15:00Z","rainfall_intensity",0.94937658551593,"mm/h"
"S01","2025-01-03T01:20:00Z","rainfall_intensity",0.327378291661202,"mm/h"
"S01","2025-01-03T01:25:00Z","rainfall_intensity",2.48710091613125,"mm/h"
"S01","2025-01-03T01:30:00Z","rainfall_intensity",4.24898671733299,"mm/h"
"S01","2025-01-03T01:35:00Z","rainfall_intensity",9.79066277051843,"mm/h"
"S01","2025-01-03T01:40:00Z","rainfall_intensity",1.86288852725411,"mm/h"
"S01","2025-01-03T01:45:00Z","rainfall_intensity",2.19942451821133,"mm/h"
"S01","2025-01-03T01:50:00Z","rainfall_intensity",0,"mm/h"
"S01","2025-01-03T01:55:00Z","rainfall_intensity",0,"mm/h"
"S01","2025-01-03T02:00:00Z","rainfall_intensity",0,"mm/h"
"S01","2025-01-03T02:05:00Z","rainfall_intensity",0,"mm/h"
"S01","2025-01-03T02:10:00Z","rainfall_intensity",0,"mm/h"
"S01","2025-01-03T02:15:00Z","rainfall_intensity",0,"mm/h"
"S01","2025-01-03T02:20:00Z","rainfall_intensity",0,"mm/h"
"S01","2025-01-03T02:25:00Z","rainfall_intensity",0,"mm/h"
"S01","2025-01-03T02:30:00Z","rainfall_intensity",0,"mm/h"
"S01","2025-01-03T02:35:00Z","rainfall_intensity",0,"mm/h"
"S01","2025-01-03T02:40:00Z","rainfall_intensity",0,"mm/h"
"S01","2025-01-03T02:45:00Z","rainfall_intensity",0,"mm/h"
"S01","2025-01-03T02:50:00Z","rainfall_intensity",0,"mm/h"
"S01","2025-01-03T02:55:00Z","rainfall_intensity",0.296502895149708,"mm/h"
"S01","2025-01-03T03:00:00Z","rainfall_intensity",0,"mm/h"
"S01","2025-01-03T03:05:00Z","rainfall_intensity",0.99599714909823,"mm/h"
"S01","2025-01-03T03:10:00Z","rainfall_intensity",0,"mm/h"
"S01","2025-01-03T03:15:00Z","rainfall_intensity",0.233097295711213,"mm/h"
"S01","2025-01-03T03:20:00Z","rainfall_intensity",0,"mm/h"
"S01","2025-01-03T03:25:00Z","rainfall_intensity",0.74653214954083,"mm/h"
"S01","2025-01-03T03:30:00Z","rainfall_intensity",1.014039627198,"mm/h"
"S01","2025-01-03T03:35:00Z","rainfall_intensity",0.00258201704888872,"mm/h"
"S01","2025-01-03T03:40:00Z","rainfall_intensity",5.64799042158215,"mm/h"
"S01","2025-01-03T03:45:00Z","rainfall_intensity",2.15954010825502,"mm/h"
"S01","2025-01-03T03:50:00Z","rainfall_intensity",1.30736880144917,"mm/h"
"S01","2025-01-03T03:55:00Z","rainfall_intensity",0.347598582486929,"mm/h"
"S01","2025-01-03T04:00:00Z","rainfall_intensity",0,"mm/h"
"S01","2025-01-03T04:05:00Z","rainfall_intensity",1.04246288939826,"mm/h"
"S01","2025-01-03T04:10:00Z","rainfall_intensity",0,"mm/h"
"S01","2025-01-03T04:15:00Z","rainfall_intensity",0,"mm/h"
"S01","2025-01-03T04:20:00Z","rainfall_intensity",0,"mm/h"
"S01","2025-01-03T04:25:00Z","rainfall_intensity",0,"mm/h"
"S01","2025-01-03T04:30:00Z","rainfall_intensity",0,"mm/h"
"S01","2025-01-03T04:35:00Z","rainfall_intensity",0,"mm/h"
"S01","2025-01-03T04:40:00Z","rainfall_intensity",0,"mm/h"
"S01","2025-01-03T04:45:00Z","rainfall_intensity",0.0981111651479562,"mm/h"
"S01","2025-01-03T04:50:00Z","rainfall_intensity",0.807116593776066,"mm/h"
"S01","2025-01-03T04:55:00Z","rainfall_intensity",4.61232786451255,"mm/h"
"S01","2025-01-03T05:00:00Z","rainfall_intensity",0.752541683866841,"mm/h"
"S01","2025-01-03T05:05:00Z","rainfall_intensity",0.0830493110257862,"mm/h"
"S01","2025-01-03T05:10:00Z","rainfall_intensity",0,"mm/h"
"S01","2025-01-03T05:15:00Z","rainfall_intensity",0,"mm/h"
"S01","2025-01-03T05:20:00Z","rainfall_intensity",0.423370187291507,"mm/h"
"S01","2025-01-03T05:25:00Z","rainfall_intensity",0.914121860407391,"mm/h"
"S01","2025-01-03T05:30:00Z","rainfall_intensity",0,"mm/h"
"S01","2025-01-03T05:35:00Z","rainfall_intensity",0,"mm/h"
"S01","2025-01-03T05:40:00Z","rainfall_intensity",0,"mm/h"
"S01","2025-01-03T05:45:00Z","rainfall_intensity",0.00825018828116234,"mm/h"
"S01","2025-01-03T05:50:00Z","rainfall_intensity",0,"mm/h"
"S01","2025-01-03T05:55:00Z","rainfall_intensity",0,"mm/h"
"S01","2025-01-03T06:00:00Z","rainfall_intensity",0.34755931303597,"mm/h"
"S01","2025-01-03T06:05:00Z","rainfall_intensity",0.0399754931869162,"mm/h"
"S01","2025-01-03T06:10:00Z","rainfall_intensity",0.283967276969462,"mm/h"
"S01","2025-01-03T06:15:00Z","rainfall_intensity",0,"mm/h"
"S01","2025-01-03T06:20:00Z","rainfall_intensity",0,"mm/h"
"S01","2025-01-03T06:25:00Z","rainfall_intensity",0.00848714058041292,"mm/h"
"S01","2025-01-03T06:30:00Z","rainfall_intensity",0,"mm/h"
"S01","2025-01-03T06:35:00Z","rainfall_intensity",0,"mm/h"
"S01","2025-01-03T06:40:00Z","rainfall_intensity",0,"mm/h"
"S01","2025-01-03T06:45:00Z","rainfall_intensity",0,"mm/h"
"S01","2025-01-03T06:50:00Z","rainfall_intensity",0,"mm/h"
"S01","2025-01-03T06:55:00Z","rainfall_intensity",0,"mm/h"
"S01","2025-01-03T07:00:00Z","rainfall_intensity",0,"mm/h"
"S01","2025-01-03T07:05:00Z","rainfall_intensity",0.00363668374323778,"mm/h"
"S01","2025-01-03T07:10:00Z","rainfall_intensity",0.00185976055002108,"mm/h"
"S01","2025-01-03T07:15:00Z","rainfall_intensity",0,"mm/h"
"S01","2025-01-03T07:20:00Z","rainfall_intensity",0,"mm/h"
"S01","2025-01-03T07:25:00Z","rainfall_intensity",0,"mm/h"
"S01","2025-01-03T07:30:00Z","rainfall_intensity",2.3448467401313,"mm/h"
"S01","2025-01-03T07:35:00Z","rainfall_intensity",0.290051574777006,"mm/h"
"S01","2025-01-03T07:40:00Z","rainfall_intensity",0,"mm/h"
"S01","2025-01-03T07:45:00Z","rainfall_intensity",0,"mm/h"
"S01","2025-01-03T07:50:00Z","rainfall_intensity",0,"mm/h"
"S01","2025-01-03T07:55:00Z","rainfall_intensity",0,"mm/h"
"S01","2025-01-03T08:00:00Z","rainfall_intensity",0,"mm/h"
"S01","2025-01-03T08:05:00Z","rainfall_intensity",0,"mm/h"
"S01","2025-01-03T08:10:00Z","rainfall_intensity",0,"mm/h"
"S01","2025-01-03T08:15:00Z","rainfall_intensity",0,"mm/h"
"S01","2025-01-03T08:20:00Z","rainfall_intensity",0,"mm/h"
"S01","2025-01-03T08:25:00Z","rainfall_intensity",0,"mm/h"
"S01","2025-01-03T08:30:00Z","rainfall_intensity",0,"mm/h"
"S01","2025-01-03T08:35:00Z","rainfall_intensity",3.65901363312739,"mm/h"
"S01","2025-01-03T08:40:00Z","rainfall_intensity",3.71366320539906,"mm/h"
"S01","2025-01-03T08:45:00Z","rainfall_intensity",0.151083316545442,"mm/h"
"S01","2025-01-03T08:50:00Z","rainfall_intensity",0,"mm/h"
"S01","2025-01-03T08:55:00Z","rainfall_intensity",0.951911172816908,"mm/h"
"S01","2025-01-03T09:00:00Z","rainfall_intensity",0,"mm/h"
"S01","2025-01-03T09:05:00Z","rainfall_intensity",0,"mm/h"
"S01","2025-01-03T09:10:00Z","rainfall_intensity",0,"mm/h"
"S01","2025-01-03T09:15:00Z","rainfall_intensity",0,"mm/h"
"S01","2025-01-03T09:20:00Z","rainfall_intensity",0,"mm/h"
"S01","2025-01-03T09:25:00Z","rainfall_intensity",0,"mm/h"
"S01","2025-01-03T09:30:00Z","rainfall_intensity",0,"mm/h"
"S01","2025-01-03T09:35:00Z","rainfall_intensity",0,"mm/h"
"S01","2025-01-03T09:40:00Z","rainfall_intensity",0,"mm/h"
"S01","2025-01-03T09:45:00Z","rainfall_intensity",0,"mm/h"
"S01","2025-01-03T09:50:00Z","rainfall_intensity",0,"mm/h"
"S01","2025-01-03T09:55:00Z","rainfall_intensity",0,"mm/h"
"S01","2025-01-03T10:00:00Z","rainfall_intensity",0,"mm/h"
"S01","2025-01-03T10:05:00Z","rainfall_intensity",0,"mm/h"
"S01","2025-01-03T10:10:00Z","rainfall_intensity",0,"mm/h"
"S01","2025-01-03T10:15:00Z","rainfall_intensity",0,"mm/h"
"S01","2025-01-03T10:20:00Z","rainfall_intensity",0,"mm/h"
"S01","2025-01-03T10:25:00Z","rainfall_intensity",0,"mm/h"
"S01","2025-01-03T10:30:00Z","rainfall_intensity",0,"mm/h"
"S01","2025-01-03T10:35:00Z","rainfall_intensity",0.262448088123987,"mm/h"
"S01","2025-01-03T10:40:00Z","rainfall_intensity",0,"mm/h"
"S01","2025-01-03T10:45:00Z","rainfall_intensity",0.103442935050764,"mm/h"
"S01","2025-01-03T10:50:00Z","rainfall_intensity",0.405497837421938,"mm/h"
"S01","2025-01-03T10:55:00Z","rainfall_intensity",3.52701986062153,"mm/h"
"S01","2025-01-03T11:00:00Z","rainfall_intensity",4.22953973656766,"mm/h"
"S01","2025-01-03T11:05:00Z","rainfall_intensity",0.793109889601433,"mm/h"
"S01","2025-01-03T11:10:00Z","rainfall_intensity",0.659292265896375,"mm/h"
"S01","2025-01-03T11:15:00Z","rainfall_intensity",1.5651988878226,"mm/h"
"S01","2025-01-03T11:20:00Z","rainfall_intensity",1.30505959865952,"mm/h"
"S01","2025-01-03T11:25:00Z","rainfall_intensity",2.23753821363442,"mm/h"
"S01","2025-01-03T11:30:00Z","rainfall_intensity",0,"mm/h"
"S01","2025-01-03T11:35:00Z","rainfall_intensity",0,"mm/h"
"S01","2025-01-03T11:40:00Z","rainfall_intensity",0,"mm/h"
"S01","2025-01-03T11:45:00Z","rainfall_intensity",0.310731724173257,"mm/h"
"S01","2025-01-03T11:50:00Z","rainfall_intensity",1.17137726606577,"mm/h"
"S01","2025-01-03T11:55:00Z","rainfall_intensity",0,"mm/h"
"S01","2025-01-03T12:00:00Z","rainfall_intensity",0,"mm/h"
"S01","2025-01-03T12:05:00Z","rainfall_intensity",0,"mm/h"
"S01","2025-01-03T12:10:00Z","rainfall_intensity",0.0936319131204453,"mm/h"
"S01","2025-01-03T12:15:00Z","rainfall_intensity",0.752711732233826,"mm/h"
"S01","2025-01-03T12:20:00Z","rainfall_intensity",0,"mm/h"
"S01","2025-01-03T12:25:00Z","rainfall_intensity",0,"mm/h"
"S01","2025-01-03T12:30:00Z","rainfall_intensity",0,"mm/h"
"S01","2025-01-03T12:35:00Z","rainfall_intensity",0.181842718467755,"mm/h"
"S01","2025-01-03T12:40:00Z","rainfall_intensity",0,"mm/h"
"S01","2025-01-03T12:45:00Z","rainfall_intensity",0,"mm/h"
"S01","2025-01-03T12:50:00Z","rainfall_intensity",0,"mm/h"
"S01","2025-01-03T12:55:00Z","rainfall_intensity",0,"mm/h"
"S01","2025-01-03T13:00:00Z","rainfall_intensity",0,"mm/h"
"S01","2025-01-03T13:05:00Z","rainfall_intensity",0,"mm/h"
"S01","2025-01-03T13:10:00Z","rainfall_intensity",0,"mm/h"
"S01","2025-01-03T13:15:00Z","rainfall_intensity",0,"mm/h"
"S01","2025-01-03T13:20:00Z","rainfall_intensity",0,"mm/h"
"S01","2025-01-03T13:25:00Z","rainfall_intensity",0,"mm/h"
"S01","2025-01-03T13:30:00Z","rainfall_intensity",0,"mm/h"
"S01","2025-01-03T13:35:00Z","rainfall_intensity",0,"mm/h"
"S01","2025-01-03T13:40:00Z","rainfall_intensity",0,"mm/h"
"S01","2025-01-03T13:45:00Z","rainfall_intensity",0,"mm/h"
"S01","2025-01-03T13:50:00Z","rainfall_intensity",0,"mm/h"
"S01","2025-01-03T13:55:00Z","rainfall_intensity",0,"mm/h"
"S01","2025-01-03T14:00:00Z","rainfall_intensity",0,"mm/h"
"S01","2025-01-03T14:05:00Z","rainfall_intensity",0,"mm/h"
"S01","2025-01-03T14:10:00Z","rainfall_intensity",0,"mm/h"
"S01","2025-01-03T14:15:00Z","rainfall_intensity",0,"mm/h"
"S01","2025-01-03T14:20:00Z","rainfall_intensity",0,"mm/h"
"S01","2025-01-03T14:25:00Z","rainfall_intensity",0,"mm/h"
"S01","2025-01-03T14:30:00Z","rainfall_intensity",0,"mm/h"
"S01","2025-01-03T14:35:00Z","rainfall_intensity",0,"mm/h"
"S01","2025-01-03T14:40:00Z","rainfall_intensity",0,"mm/h"
"S01","2025-01-03T14:45:00Z","rainfall_intensity",0,"mm/h"
"S01","2025-01-03T14:50:00Z","rainfall_intensity",0.308007815707097,"mm/h"
"S01","2025-01-03T14:55:00Z","rainfall_intensity",0,"mm/h"
"S01","2025-01-03T15:00:00Z","rainfall_intensity",0,"mm/h"
"S01","2025-01-03T15:05:00Z","rainfall_intensity",0.0901813551977232,"mm/h"
"S01","2025-01-03T15:10:00Z","rainfall_intensity",0,"mm/h"
"S01","2025-01-03T15:15:00Z","rainfall_intensity",0.263034563185155,"mm/h"
"S01","2025-01-03T15:20:00Z","rainfall_intensity",0,"mm/h"
"S01","2025-01-03T15:25:00Z","rainfall_intensity",0,"mm/h"
"S01","2025-01-03T15:30:00Z","rainfall_intensity",0,"mm/h"
"S01","2025-01-03T15:35:00Z","rainfall_intensity",0,"mm/h"
"S01","2025-01-03T15:40:00Z","rainfall_intensity",0,"mm/h"
"S01","2025-01-03T15:45:00Z","rainfall_intensity",0,"mm/h"
"S01","2025-01-03T15:50:00Z","rainfall_intensity",0,"mm/h"
"S01","2025-01-03T15:55:00Z","rainfall_intensity",0,"mm/h"
"S01","2025-01-03T16:00:00Z","rainfall_intensity",0,"mm/h"
"S01","2025-01-03T16:05:00Z","rainfall_intensity",0,"mm/h"
"S01","2025-01-03T16:10:00Z","rainfall_intensity",0,"mm/h"
"S01","2025-01-03T16:15:00Z","rainfall_intensity",0,"mm/h"
"S01","2025-01-03T16:20:00Z","rainfall_intensity",0,"mm/h"
"S01","2025-01-03T16:25:00Z","rainfall_intensity",0.16844210074251,"mm/h"
"S01","2025-01-03T16:30:00Z","rainfall_intensity",0,"mm/h"
"S01","2025-01-03T16:35:00Z","rainfall_intensity",0.324621666003932,"mm/h"
"S01","2025-01-03T16:40:00Z","rainfall_intensity",0,"mm/h"
"S01","2025-01-03T16:45:00Z","rainfall_intensity",0,"mm/h"
"S01","2025-01-03T16:50:00Z","rainfall_intensity",0,"mm/h"
"S01","2025-01-03T16:55:00Z","rainfall_intensity",0.365160037276915,"mm/h"
"S01","2025-01-03T17:00:00Z","rainfall_intensity",0,"mm/h"
"S01","2025-01-03T17:05:00Z","rainfall_intensity",0,"mm/h"
"S01","2025-01-03T17:10:00Z","rainfall_intensity",0,"mm/h"
"S01","2025-01-03T17:15:00Z","rainfall_intensity",0,"mm/h"
"S01","2025-01-03T17:20:00Z","rainfall_intensity",0,"mm/h"
"S01","2025-01-03T17:25:00Z","rainfall_intensity",0,"mm/h"
"S01","2025-01-03T17:30:00Z","rainfall_intensity",0.317733971654012,"mm/h"
"S01","2025-01-03T17:35:00Z","rainfall_intensity",0,"mm/h"
"S01","2025-01-03T17:40:00Z","rainfall_intensity",0,"mm/h"
"S01","2025-01-03T17:45:00Z","rainfall_intensity",0,"mm/h"
"S01","2025-01-03T17:50:00Z","rainfall_intensity",0,"mm/h"
"S01","2025-01-03T17:55:00Z","rainfall_intensity",0,"mm/h"
"S01","2025-01-03T18:00:00Z","rainfall_intensity",0,"mm/h"
"S01","2025-01-03T18:05:00Z","rainfall_intensity",0,"mm/h"
"S01","2025-01-03T18:10:00Z","rainfall_intensity",0.125475982453445,"mm/h"
"S01","2025-01-03T18:15:00Z","rainfall_intensity",0.65133292856417,"mm/h"
"S01","2025-01-03T18:20:00Z","rainfall_intensity",2.57339237701493,"mm/h"
"S01","2025-01-03T18:25:00Z","rainfall_intensity",0.259108714973317,"mm/h"
"S01","2025-01-03T18:30:00Z","rainfall_intensity",0,"mm/h"
"S01","2025-01-03T18:35:00Z","rainfall_intensity",0.210617688985098,"mm/h"
"S01","2025-01-03T18:40:00Z","rainfall_intensity",1.41755396526192,"mm/h"
"S01","2025-01-03T18:45:00Z","rainfall_intensity",0.354169672177324,"mm/h"
"S01","2025-01-03T18:50:00Z","rainfall_intensity",0,"mm/h"
"S01","2025-01-03T18:55:00Z","rainfall_intensity",0,"mm/h"
"S01","2025-01-03T19:00:00Z","rainfall_intensity",0,"mm/h"
"S01","2025-01-03T19:05:00Z","rainfall_intensity",0.445211452919569,"mm/h"
"S01","2025-01-03T19:10:00Z","rainfall_intensity",0,"mm/h"
"S01","2025-01-03T19:15:00Z","rainfall_intensity",0.170986283875291,"mm/h"
"S01","2025-01-03T19:20:00Z","rainfall_intensity",1.80754995237606,"mm/h"
"S01","2025-01-03T19:25:00Z","rainfall_intensity",3.25440775081544,"mm/h"
"S01","2025-01-03T19:30:00Z","rainfall_intensity",3.47208034760662,"mm/h"
"S01","2025-01-03T19:35:00Z","rainfall_intensity",0,"mm/h"
"S01","2025-01-03T19:40:00Z","rainfall_intensity",0,"mm/h"
"S01","2025-01-03T19:45:00Z","rainfall_intensity",0.811980117878797,"mm/h"
"S01","2025-01-03T19:50:00Z","rainfall_intensity",0.357381474031444,"mm/h"
"S01","2025-01-03T19:55:00Z","rainfall_intensity",1.03292185099185,"mm/h"
"S01","2025-01-03T20:00:00Z","rainfall_intensity",1.14880876785827,"mm/h"
"S01","2025-01-03T20:05:00Z","rainfall_intensity",1.04504162958859,"mm/h"
"S01","2025-01-03T20:10:00Z","rainfall_intensity",0.620429452980319,"mm/h"
"S01","2025-01-03T20:15:00Z","rainfall_intensity",0.725689335368517,"mm/h"
"S01","2025-01-03T20:20:00Z","rainfall_intensity",0,"mm/h"
"S01","2025-01-03T20:25:00Z","rainfall_intensity",0,"mm/h"
"S01","2025-01-03T20:30:00Z","rainfall_intensity",0,"mm/h"
"S01","2025-01-03T20:35:00Z","rainfall_intensity",1.70656110003276,"mm/h"
"S01","2025-01-03T20:40:00Z","rainfall_intensity",0,"mm/h"
"S01","2025-01-03T20:45:00Z","rainfall_intensity",0,"mm/h"
"S01","2025-01-03T20:50:00Z","rainfall_intensity",0,"mm/h"
"S01","2025-01-03T20:55:00Z","rainfall_intensity",0,"mm/h"
"S01","2025-01-03T21:00:00Z","rainfall_intensity",0,"mm/h"
"S01","2025-01-03T21:05:00Z","rainfall_intensity",0,"mm/h"
"S01","2025-01-03T21:10:00Z","rainfall_intensity",0,"mm/h"
"S01","2025-01-03T21:15:00Z","rainfall_intensity",0,"mm/h"
"S01","2025-01-03T21:20:00Z","rainfall_intensity",0.0384665633955231,"mm/h"
"S01","2025-01-03T21:25:00Z","rainfall_intensity",0,"mm/h"
"S01","2025-01-03T21:30:00Z","rainfall_intensity",0,"mm/h"
"S01","2025-01-03T21:35:00Z","rainfall_intensity",0.631792180919876,"mm/h"
"S01","2025-01-03T21:40:00Z","rainfall_intensity",1.53010620144954,"mm/h"
"S01","2025-01-03T21:45:00Z","rainfall_intensity",0,"mm/h"
"S01","2025-01-03T21:50:00Z","rainfall_intensity",0,"mm/h"
"S01","2025-01-03T21:55:00Z","rainfall_intensity",0,"mm/h"
"S01","2025-01-03T22:00:00Z","rainfall_intensity",0,"mm/h"
"S01","2025-01-03T22:05:00Z","rainfall_intensity",0,"mm/h"
"S01","2025-01-03T22:10:00Z","rainfall_intensity",0,"mm/h"
"S01","2025-01-03T22:15:00Z","rainfall_intensity",0,"mm/h"
"S01","2025-01-03T22:20:00Z","rainfall_intensity",0.962681206055844,"mm/h"
"S01","2025-01-03T22:25:00Z","rainfall_intensity",1.12435527109734,"mm/h"
"S01","2025-01-03T22:30:00Z","rainfall_intensity",0,"mm/h"
"S01","2025-01-03T22:35:00Z","rainfall_intensity",0.119685612370457,"mm/h"
"S01","2025-01-03T22:40:00Z","rainfall_intensity",0.514161341150152,"mm/h"
"S01","2025-01-03T22:45:00Z","rainfall_intensity",0,"mm/h"
"S01","2025-01-03T22:50:00Z","rainfall_intensity",0,"mm/h"
"S01","2025-01-03T22:55:00Z","rainfall_intensity",0.373428768922616,"mm/h"
"S01","2024-12-31T23:00:00Z","water_level",1.31451805833468,"m"
"S01","2024-12-31T23:05:00Z","water_level",0.62672487530498,"m"
"S01","2024-12-31T23:10:00Z","water_level",1.35268843123589,"m"
"S01","2024-12-31T23:15:00Z","water_level",2.0951750363155,"m"
"S01","2024-12-31T23:20:00Z","water_level",0.898291263772672,"m"
"S01","2024-12-31T23:25:00Z","water_level",0.782222490979141,"m"
"S01","2024-12-31T23:30:00Z","water_level",1.31804088116204,"m"
"S01","2024-12-31T23:35:00Z","water_level",0.651231339979114,"m"
"S01","2024-12-31T23:40:00Z","water_level",1.29329044482594,"m"
"S01","2024-12-31T23:45:00Z","water_level",2.40396318574368,"m"
"S01","2024-12-31T23:50:00Z","water_level",1.88696346290105,"m"
"S01","2024-12-31T23:55:00Z","water_level",1.47829486079302,"m"
"S01","2025-01-01T00:00:00Z","water_level",3.57119785300033,"m"
"S01","2025-01-01T00:05:00Z","water_level",2.05877041628523,"m"
"S01","2025-01-01T00:10:00Z","water_level",4,"m"
"S01","2025-01-01T00:15:00Z","water_level",0.954506947364714,"m"
"S01","2025-01-01T00:20:00Z","water_level",1.80129539419043,"m"
"S01","2025-01-01T00:25:00Z","water_level",0.617939463820699,"m"
"S01","2025-01-01T00:30:00Z","water_level",1.37681669236218,"m"
"S01","2025-01-01T00:35:00Z","water_level",2.20234146212053,"m"
"S01","2025-01-01T00:40:00Z","water_level",0.387394509419552,"m"
"S01","2025-01-01T00:45:00Z","water_level",0.500060768059025,"m"
"S01","2025-01-01T00:50:00Z","water_level",0.613562685335581,"m"
"S01","2025-01-01T00:55:00Z","water_level",0.177137914076754,"m"
"S01","2025-01-01T01:00:00Z","water_level",1.91581132982869,"m"
"S01","2025-01-01T01:05:00Z","water_level",1.56925497770674,"m"
"S01","2025-01-01T01:10:00Z","water_level",0.433054161704538,"m"
"S01","2025-01-01T01:15:00Z","water_level",0.478397892734122,"m"
"S01","2025-01-01T01:20:00Z","water_level",0.185819593156906,"m"
"S01","2025-01-01T01:25:00Z","water_level",0.193470067667734,"m"
"S01","2025-01-01T01:30:00Z","water_level",1.00795668168069,"m"
"S01","2025-01-01T01:35:00Z","water_level",0.458679065941865,"m"
"S01","2025-01-01T01:40:00Z","water_level",0.505462275841655,"m"
"S01","2025-01-01T01:45:00Z","water_level",0.323174885105022,"m"
"S01","2025-01-01T01:50:00Z","water_level",0.241601617546481,"m"
"S01","2025-01-01T01:55:00Z","water_level",0.246547048247544,"m"
"S01","2025-01-01T02:00:00Z","water_level",0.590798554888245,"m"
"S01","2025-01-01T02:05:00Z","water_level",0.673255007703911,"m"
"S01","2025-01-01T02:10:00Z","water_level",0.0729142115545044,"m"
"S01","2025-01-01T02:15:00Z","water_level",0.193008468824591,"m"
"S01","2025-01-01T02:20:00Z","water_level",0.287122274160838,"m"
"S01","2025-01-01T02:25:00Z","water_level",0.640518789421028,"m"
"S01","2025-01-01T02:30:00Z","water_level",1.41404015333963,"m"
"S01","2025-01-01T02:35:00Z","water_level",1.27582283632239,"m"
"S01","2025-01-01T02:40:00Z","water_level",1.4258848729716,"m"
"S01","2025-01-01T02:45:00Z","water_level",0.689032431868742,"m"
"S01","2025-01-01T02:50:00Z","water_level",0.22680659592276,"m"
"S01","2025-01-01T02:55:00Z","water_level",0.238268022358412,"m"
"S01","2025-01-01T03:00:00Z","water_level",0.574296078037483,"m"
"S01","2025-01-01T03:05:00Z","water_level",0.263598424458872,"m"
"S01","2025-01-01T03:10:00Z","water_level",0.562248629585672,"m"
"S01","2025-01-01T03:15:00Z","water_level",0.371170196583028,"m"
"S01","2025-01-01T03:20:00Z","water_level",0.985184528794829,"m"
"S01","2025-01-01T03:25:00Z","water_level",0.931855120105898,"m"
"S01","2025-01-01T03:30:00Z","water_level",0.311261756390508,"m"
"S01","2025-01-01T03:35:00Z","water_level",0.414693885930481,"m"
"S01","2025-01-01T03:40:00Z","water_level",0.151293456992109,"m"
"S01","2025-01-01T03:45:00Z","water_level",0.216043116707416,"m"
"S01","2025-01-01T03:50:00Z","water_level",0.315630740627975,"m"
"S01","2025-01-01T03:55:00Z","water_level",1.1638625151252,"m"
"S01","2025-01-01T04:00:00Z","water_level",0.849970944413663,"m"
"S01","2025-01-01T04:05:00Z","water_level",0.15514566272102,"m"
"S01","2025-01-01T04:10:00Z","water_level",0.27505123380431,"m"
"S01","2025-01-01T04:15:00Z","water_level",0.166121460708174,"m"
"S01","2025-01-01T04:20:00Z","water_level",0.311403128876075,"m"
"S01","2025-01-01T04:25:00Z","water_level",0.0223491355969437,"m"
"S01","2025-01-01T04:30:00Z","water_level",0.65883170230071,"m"
"S01","2025-01-01T04:35:00Z","water_level",0.593548502157104,"m"
"S01","2025-01-01T04:40:00Z","water_level",0.588262578515041,"m"
"S01","2025-01-01T04:45:00Z","water_level",1.23939640643128,"m"
"S01","2025-01-01T04:50:00Z","water_level",0.441431855745151,"m"
"S01","2025-01-01T04:55:00Z","water_level",0.545499143319993,"m"
"S01","2025-01-01T05:00:00Z","water_level",0.77484864953851,"m"
"S01","2025-01-01T05:05:00Z","water_level",0.183729134522857,"m"
"S01","2025-01-01T05:10:00Z","water_level",0.135443402198417,"m"
"S01","2025-01-01T05:15:00Z","water_level",0.111255681280067,"m"
"S01","2025-01-01T05:20:00Z","water_level",0.282963488183457,"m"
"S01","2025-01-01T05:25:00Z","water_level",0.0969126059171727,"m"
"S01","2025-01-01T05:30:00Z","water_level",0.72444405443526,"m"
"S01","2025-01-01T05:35:00Z","water_level",0.918068475399604,"m"
"S01","2025-01-01T05:40:00Z","water_level",0.886443519819504,"m"
"S01","2025-01-01T05:45:00Z","water_level",0.433702059716826,"m"
"S01","2025-01-01T05:50:00Z","water_level",0.698651088239466,"m"
"S01","2025-01-01T05:55:00Z","water_level",0.593641847309407,"m"
"S01","2025-01-01T06:00:00Z","water_level",0.52627698987751,"m"
"S01","2025-01-01T06:05:00Z","water_level",0.723387871703962,"m"
"S01","2025-01-01T06:10:00Z","water_level",1.22895254491308,"m"
"S01","2025-01-01T06:15:00Z","water_level",0.119035213553706,"m"
"S01","2025-01-01T06:20:00Z","water_level",0.474029561839251,"m"
"S01","2025-01-01T06:25:00Z","water_level",0.259546149092256,"m"
"S01","2025-01-01T06:30:00Z","water_level",0.166759939099812,"m"
"S01","2025-01-01T06:35:00Z","water_level",0.218510766279593,"m"
"S01","2025-01-01T06:40:00Z","water_level",0.582290374234248,"m"
"S01","2025-01-01T06:45:00Z","water_level",0.369060807815893,"m"
"S01","2025-01-01T06:50:00Z","water_level",0.403510769999243,"m"
"S01","2025-01-01T06:55:00Z","water_level",0.120283051548721,"m"
"S01","2025-01-01T07:00:00Z","water_level",0.602192136843933,"m"
"S01","2025-01-01T07:05:00Z","water_level",0.0649779191846901,"m"
"S01","2025-01-01T07:10:00Z","water_level",0.397296817641239,"m"
"S01","2025-01-01T07:15:00Z","water_level",0.12063176276872,"m"
"S01","2025-01-01T07:20:00Z","water_level",0.202171658102018,"m"
"S01","2025-01-01T07:25:00Z","water_level",0.235713790482788,"m"
"S01","2025-01-01T07:30:00Z","water_level",0.421795765876334,"m"
"S01","2025-01-01T07:35:00Z","water_level",0.0504132286802598,"m"
"S01","2025-01-01T07:40:00Z","water_level",0.365288917046289,"m"
"S01","2025-01-01T07:45:00Z","water_level",0.155857864091456,"m"
"S01","2025-01-01T07:50:00Z","water_level",0.0729871843294433,"m"
"S01","2025-01-01T07:55:00Z","water_level",0.0886425448253249,"m"
"S01","2025-01-01T08:00:00Z","water_level",0.0965888019992603,"m"
"S01","2025-01-01T08:05:00Z","water_level",0.0684161246820482,"m"
"S01","2025-01-01T08:10:00Z","water_level",0.136717125146312,"m"
"S01","2025-01-01T08:15:00Z","water_level",0.57064843282442,"m"
"S01","2025-01-01T08:20:00Z","water_level",0.749953761652338,"m"
"S01","2025-01-01T08:25:00Z","water_level",0.230207499075326,"m"
"S01","2025-01-01T08:30:00Z","water_level",0.505988741485183,"m"
"S01","2025-01-01T08:35:00Z","water_level",0.206248346857664,"m"
"S01","2025-01-01T08:40:00Z","water_level",0.0276066455690509,"m"
"S01","2025-01-01T08:45:00Z","water_level",0.208744499743959,"m"
"S01","2025-01-01T08:50:00Z","water_level",0.0269083489621983,"m"
"S01","2025-01-01T08:55:00Z","water_level",0.0702772789480383,"m"
"S01","2025-01-01T09:00:00Z","water_level",0.0455912387221058,"m"
"S01","2025-01-01T09:05:00Z","water_level",0.0487296224894593,"m"
"S01","2025-01-01T09:10:00Z","water_level",0.187477474806794,"m"
"S01","2025-01-01T09:15:00Z","water_level",0.323907890325971,"m"
"S01","2025-01-01T09:20:00Z","water_level",1.29710284818432,"m"
"S01","2025-01-01T09:25:00Z","water_level",0.104779672190715,"m"
"S01","2025-01-01T09:30:00Z","water_level",0.439434485624718,"m"
"S01","2025-01-01T09:35:00Z","water_level",0.85428356385656,"m"
"S01","2025-01-01T09:40:00Z","water_level",1.27514988074914,"m"
"S01","2025-01-01T09:45:00Z","water_level",1.55567547406983,"m"
"S01","2025-01-01T09:50:00Z","water_level",0.0686403635960585,"m"
"S01","2025-01-01T09:55:00Z","water_level",0.244124878989655,"m"
"S01","2025-01-01T10:00:00Z","water_level",0.372766402514713,"m"
"S01","2025-01-01T10:05:00Z","water_level",0.473977113377532,"m"
"S01","2025-01-01T10:10:00Z","water_level",0.565982730722797,"m"
"S01","2025-01-01T10:15:00Z","water_level",1.25259884263399,"m"
"S01","2025-01-01T10:20:00Z","water_level",0.378044135275165,"m"
"S01","2025-01-01T10:25:00Z","water_level",0.800506984240825,"m"
"S01","2025-01-01T10:30:00Z","water_level",0.349632768879481,"m"
"S01","2025-01-01T10:35:00Z","water_level",0.463321356108634,"m"
"S01","2025-01-01T10:40:00Z","water_level",0.554984214389043,"m"
"S01","2025-01-01T10:45:00Z","water_level",0.310983131694038,"m"
"S01","2025-01-01T10:50:00Z","water_level",0.43603444019777,"m"
"S01","2025-01-01T10:55:00Z","water_level",1.28248442659549,"m"
"S01","2025-01-01T11:00:00Z","water_level",0.862455866389538,"m"
"S01","2025-01-01T11:05:00Z","water_level",1.40121306473132,"m"
"S01","2025-01-01T11:10:00Z","water_level",1.19220666669403,"m"
"S01","2025-01-01T11:15:00Z","water_level",1.55213733657311,"m"
"S01","2025-01-01T11:20:00Z","water_level",1.49256914382417,"m"
"S01","2025-01-01T11:25:00Z","water_level",1.79878653559022,"m"
"S01","2025-01-01T11:30:00Z","water_level",1.92251759372064,"m"
"S01","2025-01-01T11:35:00Z","water_level",0.439197650742929,"m"
"S01","2025-01-01T11:40:00Z","water_level",0.368608036160268,"m"
"S01","2025-01-01T11:45:00Z","water_level",1.5892020425022,"m"
"S01","2025-01-01T11:50:00Z","water_level",0.858745951009491,"m"
"S01","2025-01-01T11:55:00Z","water_level",0.271827531019463,"m"
"S01","2025-01-01T12:00:00Z","water_level",0.953072930912782,"m"
"S01","2025-01-01T12:05:00Z","water_level",1.01335895585371,"m"
"S01","2025-01-01T12:10:00Z","water_level",0.719383110694457,"m"
"S01","2025-01-01T12:15:00Z","water_level",0.570169300312613,"m"
"S01","2025-01-01T12:20:00Z","water_level",0.392746386526082,"m"
"S01","2025-01-01T12:25:00Z","water_level",1.31956601407017,"m"
"S01","2025-01-01T12:30:00Z","water_level",0.538260976844195,"m"
"S01","2025-01-01T12:35:00Z","water_level",0.49689149386439,"m"
"S01","2025-01-01T12:40:00Z","water_level",1.27279075858013,"m"
"S01","2025-01-01T12:45:00Z","water_level",1.59069991770321,"m"
"S01","2025-01-01T12:50:00Z","water_level",0.983749018756112,"m"
"S01","2025-01-01T12:55:00Z","water_level",0.853653709220446,"m"
"S01","2025-01-01T13:00:00Z","water_level",0.168054681041734,"m"
"S01","2025-01-01T13:05:00Z","water_level",1.08552850672493,"m"
"S01","2025-01-01T13:10:00Z","water_level",2.04081933512107,"m"
"S01","2025-01-01T13:15:00Z","water_level",1.71344800553419,"m"
"S01","2025-01-01T13:20:00Z","water_level",0.538700675833551,"m"
"S01","2025-01-01T13:25:00Z","water_level",0.853505112109192,"m"
"S01","2025-01-01T13:30:00Z","water_level",0.628038666792938,"m"
"S01","2025-01-01T13:35:00Z","water_level",0.692675687872844,"m"
"S01","2025-01-01T13:40:00Z","water_level",0.355849286979545,"m"
"S01","2025-01-01T13:45:00Z","water_level",0.756901077807953,"m"
"S01","2025-01-01T13:50:00Z","water_level",0.663096647655054,"m"
"S01","2025-01-01T13:55:00Z","water_level",0.922155840456655,"m"
"S01","2025-01-01T14:00:00Z","water_level",1.42837283037789,"m"
"S01","2025-01-01T14:05:00Z","water_level",1.20232653367373,"m"
"S01","2025-01-01T14:10:00Z","water_level",0.201832763031685,"m"
"S01","2025-01-01T14:15:00Z","water_level",0.640541284181386,"m"
"S01","2025-01-01T14:20:00Z","water_level",0.419142498644054,"m"
"S01","2025-01-01T14:25:00Z","water_level",1.44602847390852,"m"
"S01","2025-01-01T14:30:00Z","water_level",0.327123470192549,"m"
"S01","2025-01-01T14:35:00Z","water_level",0.428755340697134,"m"
"S01","2025-01-01T14:40:00Z","water_level",0.576363933822995,"m"
"S01","2025-01-01T14:45:00Z","water_level",0.416694559189298,"m"
"S01","2025-01-01T14:50:00Z","water_level",0.64045751207947,"m"
"S01","2025-01-01T14:55:00Z","water_level",0.191991052288779,"m"
"S01","2025-01-01T15:00:00Z","water_level",0.120547874448112,"m"
"S01","2025-01-01T15:05:00Z","water_level",0.350729710586374,"m"
"S01","2025-01-01T15:10:00Z","water_level",0.056113162568689,"m"
"S01","2025-01-01T15:15:00Z","water_level",0.218955571270745,"m"
"S01","2025-01-01T15:20:00Z","water_level",0.753147653059253,"m"
"S01","2025-01-01T15:25:00Z","water_level",0.192826171406378,"m"
"S01","2025-01-01T15:30:00Z","water_level",0.105018469037081,"m"
"S01","2025-01-01T15:35:00Z","water_level",0.271051968684446,"m"
"S01","2025-01-01T15:40:00Z","water_level",0.225304029746887,"m"
"S01","2025-01-01T15:45:00Z","water_level",0.839304256023994,"m"
"S01","2025-01-01T15:50:00Z","water_level",0.0984493329518243,"m"
"S01","2025-01-01T15:55:00Z","water_level",0.22246541756417,"m"
"S01","2025-01-01T16:00:00Z","water_level",0.482046244124755,"m"
"S01","2025-01-01T16:05:00Z","water_level",0.429360733451428,"m"
"S01","2025-01-01T16:10:00Z","water_level",1.24454750524181,"m"
"S01","2025-01-01T16:15:00Z","water_level",1.93959965832733,"m"
"S01","2025-01-01T16:20:00Z","water_level",1.29427806163452,"m"
"S01","2025-01-01T16:25:00Z","water_level",0.597209830276404,"m"
"S01","2025-01-01T16:30:00Z","water_level",0.597717637701379,"m"
"S01","2025-01-01T16:35:00Z","water_level",0.277944536203058,"m"
"S01","2025-01-01T16:40:00Z","water_level",0.378397642130819,"m"
"S01","2025-01-01T16:45:00Z","water_level",0.308368435610597,"m"
"S01","2025-01-01T16:50:00Z","water_level",0.209584094828072,"m"
"S01","2025-01-01T16:55:00Z","water_level",0.289829888193271,"m"
"S01","2025-01-01T17:00:00Z","water_level",0.413634547435969,"m"
"S01","2025-01-01T17:05:00Z","water_level",0.166986162157339,"m"
"S01","2025-01-01T17:10:00Z","water_level",0.0964950549415889,"m"
"S01","2025-01-01T17:15:00Z","water_level",0.064441175264958,"m"
"S01","2025-01-01T17:20:00Z","water_level",0.0213185633681407,"m"
"S01","2025-01-01T17:25:00Z","water_level",0.582620614605494,"m"
"S01","2025-01-01T17:30:00Z","water_level",0.476682579615042,"m"
"S01","2025-01-01T17:35:00Z","water_level",0.599228524634914,"m"
"S01","2025-01-01T17:40:00Z","water_level",0.267677774629691,"m"
"S01","2025-01-01T17:45:00Z","water_level",0.105397083644295,"m"
"S01","2025-01-01T17:50:00Z","water_level",0.218665622211998,"m"
"S01","2025-01-01T17:55:00Z","water_level",0.149230923905208,"m"
"S01","2025-01-01T18:00:00Z","water_level",0.259951609190898,"m"
"S01","2025-01-01T18:05:00Z","water_level",0.755022092082569,"m"
"S01","2025-01-01T18:10:00Z","water_level",0.523457908063043,"m"
"S01","2025-01-01T18:15:00Z","water_level",0.426135302700013,"m"
"S01","2025-01-01T18:20:00Z","water_level",0.0421237089151398,"m"
"S01","2025-01-01T18:25:00Z","water_level",0.0335372500595696,"m"
"S01","2025-01-01T18:30:00Z","water_level",0.0827256777759748,"m"
"S01","2025-01-01T18:35:00Z","water_level",0.0684303566712743,"m"
"S01","2025-01-01T18:40:00Z","water_level",0.123097974342793,"m"
"S01","2025-01-01T18:45:00Z","water_level",0.21456487361613,"m"
"S01","2025-01-01T18:50:00Z","water_level",0.370431602949573,"m"
"S01","2025-01-01T18:55:00Z","water_level",0.411587930966432,"m"
"S01","2025-01-01T19:00:00Z","water_level",1.23195176335904,"m"
"S01","2025-01-01T19:05:00Z","water_level",0.10915401412053,"m"
"S01","2025-01-01T19:10:00Z","water_level",0.459877089844527,"m"
"S01","2025-01-01T19:15:00Z","water_level",0.111675968509927,"m"
"S01","2025-01-01T19:20:00Z","water_level",0.0939731222083477,"m"
"S01","2025-01-01T19:25:00Z","water_level",0.259894327405574,"m"
"S01","2025-01-01T19:30:00Z","water_level",0.861459000172523,"m"
"S01","2025-01-01T19:35:00Z","water_level",1.36377659494484,"m"
"S01","2025-01-01T19:40:00Z","water_level",2.47896590942432,"m"
"S01","2025-01-01T19:45:00Z","water_level",2.27882539854144,"m"
"S01","2025-01-01T19:50:00Z","water_level",0.732719112607762,"m"
"S01","2025-01-01T19:55:00Z","water_level",0.648823030233297,"m"
"S01","2025-01-01T20:00:00Z","water_level",1.06160870880852,"m"
"S01","2025-01-01T20:05:00Z","water_level",0.350914713421711,"m"
"S01","2025-01-01T20:10:00Z","water_level",0.208994512868917,"m"
"S01","2025-01-01T20:15:00Z","water_level",0.294405309586802,"m"
"S01","2025-01-01T20:20:00Z","water_level",0.285809047387051,"m"
"S01","2025-01-01T20:25:00Z","water_level",1.11327780260949,"m"
"S01","2025-01-01T20:30:00Z","water_level",0.45288957219898,"m"
"S01","2025-01-01T20:35:00Z","water_level",0.033153801013737,"m"
"S01","2025-01-01T20:40:00Z","water_level",0.105022532183051,"m"
"S01","2025-01-01T20:45:00Z","water_level",0.345281093342061,"m"
"S01","2025-01-01T20:50:00Z","water_level",0.328106506983487,"m"
"S01","2025-01-01T20:55:00Z","water_level",0.466303335750301,"m"
"S01","2025-01-01T21:00:00Z","water_level",0.416099854708493,"m"
"S01","2025-01-01T21:05:00Z","water_level",1.46712955461223,"m"
"S01","2025-01-01T21:10:00Z","water_level",2.33187232028773,"m"
"S01","2025-01-01T21:15:00Z","water_level",0.502831928814428,"m"
"S01","2025-01-01T21:20:00Z","water_level",0.670214804052221,"m"
"S01","2025-01-01T21:25:00Z","water_level",1.53341762799655,"m"
"S01","2025-01-01T21:30:00Z","water_level",0.712914088856681,"m"
"S01","2025-01-01T21:35:00Z","water_level",0.377711029360327,"m"
"S01","2025-01-01T21:40:00Z","water_level",0.448956281335834,"m"
"S01","2025-01-01T21:45:00Z","water_level",0.828053148732893,"m"
"S01","2025-01-01T21:50:00Z","water_level",2.37150362412433,"m"
"S01","2025-01-01T21:55:00Z","water_level",0.132764346396106,"m"
"S01","2025-01-01T22:00:00Z","water_level",0.475216016223074,"m"
"S01","2025-01-01T22:05:00Z","water_level",0.164735502864819,"m"
"S01","2025-01-01T22:10:00Z","water_level",0.512594448894162,"m"
"S01","2025-01-01T22:15:00Z","water_level",0.544432699236147,"m"
"S01","2025-01-01T22:20:00Z","water_level",0.494416516343438,"m"
"S01","2025-01-01T22:25:00Z","water_level",0.554000352370419,"m"
"S01","2025-01-01T22:30:00Z","water_level",0.296866996748642,"m"
"S01","2025-01-01T22:35:00Z","water_level",0.649209287829327,"m"
"S01","2025-01-01T22:40:00Z","water_level",0.161337588547158,"m"
"S01","2025-01-01T22:45:00Z","water_level",0.240187075096893,"m"
"S01","2025-01-01T22:50:00Z","water_level",0.306571758439172,"m"
"S01","2025-01-01T22:55:00Z","water_level",0.180949317891566,"m"
"S01","2025-01-01T23:00:00Z","water_level",0.0799348967926838,"m"
"S01","2025-01-01T23:05:00Z","water_level",0.301501832546397,"m"
"S01","2025-01-01T23:10:00Z","water_level",0.327527562677799,"m"
"S01","2025-01-01T23:15:00Z","water_level",0.0919570373728175,"m"
"S01","2025-01-01T23:20:00Z","water_level",0.247213292315445,"m"
"S01","2025-01-01T23:25:00Z","water_level",0.809050892788557,"m"
"S01","2025-01-01T23:30:00Z","water_level",1.0088149848709,"m"
"S01","2025-01-01T23:35:00Z","water_level",1.03813871919641,"m"
"S01","2025-01-01T23:40:00Z","water_level",0.199652926493275,"m"
"S01","2025-01-01T23:45:00Z","water_level",0.38912420665463,"m"
"S01","2025-01-01T23:50:00Z","water_level",0.0864255639911175,"m"
"S01","2025-01-01T23:55:00Z","water_level",0.0637660988615792,"m"
"S01","2025-01-02T00:00:00Z","water_level",0.156397863084741,"m"
"S01","2025-01-02T00:05:00Z","water_level",0.16445138603084,"m"
"S01","2025-01-02T00:10:00Z","water_level",0.357227487763415,"m"
"S01","2025-01-02T00:15:00Z","water_level",0.101173717203171,"m"
"S01","2025-01-02T00:20:00Z","water_level",0.429415083799505,"m"
"S01","2025-01-02T00:25:00Z","water_level",0.261561357735152,"m"
"S01","2025-01-02T00:30:00Z","water_level",0.0527493417300663,"m"
"S01","2025-01-02T00:35:00Z","water_level",0.0102347542535901,"m"
"S01","2025-01-02T00:40:00Z","water_level",0.0281390674149228,"m"
"S01","2025-01-02T00:45:00Z","water_level",0.0154384853543356,"m"
"S01","2025-01-02T00:50:00Z","water_level",0.115778587959679,"m"
"S01","2025-01-02T00:55:00Z","water_level",0.201639925103209,"m"
"S01","2025-01-02T01:00:00Z","water_level",0.0331218444424048,"m"
"S01","2025-01-02T01:05:00Z","water_level",0.229648333654207,"m"
"S01","2025-01-02T01:10:00Z","water_level",0.0397016446902489,"m"
"S01","2025-01-02T01:15:00Z","water_level",0.160394332415486,"m"
"S01","2025-01-02T01:20:00Z","water_level",0.418409580775075,"m"
"S01","2025-01-02T01:25:00Z","water_level",0.200627166409311,"m"
"S01","2025-01-02T01:30:00Z","water_level",1.1313951699513,"m"
"S01","2025-01-02T01:35:00Z","water_level",0.29300415191221,"m"
"S01","2025-01-02T01:40:00Z","water_level",0.855411727291685,"m"
"S01","2025-01-02T01:45:00Z","water_level",1.31519780907054,"m"
"S01","2025-01-02T01:50:00Z","water_level",0.164780967009967,"m"
"S01","2025-01-02T01:55:00Z","water_level",0.394423969602801,"m"
"S01","2025-01-02T02:00:00Z","water_level",0.212590371029262,"m"
"S01","2025-01-02T02:05:00Z","water_level",0.0873938576654982,"m"
"S01","2025-01-02T02:10:00Z","water_level",0.438967768013524,"m"
"S01","2025-01-02T02:15:00Z","water_level",0.109935549215309,"m"
"S01","2025-01-02T02:20:00Z","water_level",1.17817512822891,"m"
"S01","2025-01-02T02:25:00Z","water_level",1.21784649986015,"m"
"S01","2025-01-02T02:30:00Z","water_level",1.63420406663702,"m"
"S01","2025-01-02T02:35:00Z","water_level",0.956535645824299,"m"
"S01","2025-01-02T02:40:00Z","water_level",2.34450336328505,"m"
"S01","2025-01-02T02:45:00Z","water_level",1.22943482852839,"m"
"S01","2025-01-02T02:50:00Z","water_level",0.113655806432788,"m"
"S01","2025-01-02T02:55:00Z","water_level",0.2135933696331,"m"
"S01","2025-01-02T03:00:00Z","water_level",0.120246197574764,"m"
"S01","2025-01-02T03:05:00Z","water_level",0.0975431548945565,"m"
"S01","2025-01-02T03:10:00Z","water_level",0.0965029301630261,"m"
"S01","2025-01-02T03:15:00Z","water_level",0.120009235453907,"m"
"S01","2025-01-02T03:20:00Z","water_level",0.128297359211289,"m"
"S01","2025-01-02T03:25:00Z","water_level",0.293828053529982,"m"
"S01","2025-01-02T03:30:00Z","water_level",0.180157261045771,"m"
"S01","2025-01-02T03:35:00Z","water_level",0.138845557203074,"m"
"S01","2025-01-02T03:40:00Z","water_level",0.511052083229683,"m"
"S01","2025-01-02T03:45:00Z","water_level",1.45858949018195,"m"
"S01","2025-01-02T03:50:00Z","water_level",0.680498884027577,"m"
"S01","2025-01-02T03:55:00Z","water_level",0.411289612086881,"m"
"S01","2025-01-02T04:00:00Z","water_level",0.70775886730715,"m"
"S01","2025-01-02T04:05:00Z","water_level",0.18290351608932,"m"
"S01","2025-01-02T04:10:00Z","water_level",0.906635317422256,"m"
"S01","2025-01-02T04:15:00Z","water_level",2.27227369847835,"m"
"S01","2025-01-02T04:20:00Z","water_level",0.675354257859346,"m"
"S01","2025-01-02T04:25:00Z","water_level",0.344690332306936,"m"
"S01","2025-01-02T04:30:00Z","water_level",0.677678770684108,"m"
"S01","2025-01-02T04:35:00Z","water_level",1.11339810877445,"m"
"S01","2025-01-02T04:40:00Z","water_level",0.60470813652961,"m"
"S01","2025-01-02T04:45:00Z","water_level",0.285002716539648,"m"
"S01","2025-01-02T04:50:00Z","water_level",0.0671006118109512,"m"
"S01","2025-01-02T04:55:00Z","water_level",0.495851696565282,"m"
"S01","2025-01-02T05:00:00Z","water_level",0.169357837880218,"m"
"S01","2025-01-02T05:05:00Z","water_level",0.584146465817947,"m"
"S01","2025-01-02T05:10:00Z","water_level",1.01251469690722,"m"
"S01","2025-01-02T05:15:00Z","water_level",1.77120365387811,"m"
"S01","2025-01-02T05:20:00Z","water_level",0.728425888946463,"m"
"S01","2025-01-02T05:25:00Z","water_level",0.845796335210407,"m"
"S01","2025-01-02T05:30:00Z","water_level",0.59912115645987,"m"
"S01","2025-01-02T05:35:00Z","water_level",0.361051374555923,"m"
"S01","2025-01-02T05:40:00Z","water_level",0.550391488503985,"m"
"S01","2025-01-02T05:45:00Z","water_level",1.49082468526637,"m"
"S01","2025-01-02T05:50:00Z","water_level",0.625476684428027,"m"
"S01","2025-01-02T05:55:00Z","water_level",0.360471544947099,"m"
"S01","2025-01-02T06:00:00Z","water_level",0.221331731173742,"m"
"S01","2025-01-02T06:05:00Z","water_level",0.979345302238827,"m"
"S01","2025-01-02T06:10:00Z","water_level",0.770736123808524,"m"
"S01","2025-01-02T06:15:00Z","water_level",1.07759583680653,"m"
"S01","2025-01-02T06:20:00Z","water_level",0.449697330782575,"m"
"S01","2025-01-02T06:25:00Z","water_level",0.275551943370277,"m"
"S01","2025-01-02T06:30:00Z","water_level",0.2752631776172,"m"
"S01","2025-01-02T06:35:00Z","water_level",0.333894091648469,"m"
"S01","2025-01-02T06:40:00Z","water_level",0.283679230356586,"m"
"S01","2025-01-02T06:45:00Z","water_level",0.283572884917362,"m"
"S01","2025-01-02T06:50:00Z","water_level",0.0315309222337428,"m"
"S01","2025-01-02T06:55:00Z","water_level",0.383352236426875,"m"
"S01","2025-01-02T07:00:00Z","water_level",0.289700941247107,"m"
"S01","2025-01-02T07:05:00Z","water_level",0.109416130851613,"m"
"S01","2025-01-02T07:10:00Z","water_level",0.134649560129063,"m"
"S01","2025-01-02T07:15:00Z","water_level",0.0451548422736695,"m"
"S01","2025-01-02T07:20:00Z","water_level",0.308989159100119,"m"
"S01","2025-01-02T07:25:00Z","water_level",1.01385543043531,"m"
"S01","2025-01-02T07:30:00Z","water_level",0.671006397293156,"m"
"S01","2025-01-02T07:35:00Z","water_level",0.577445925344516,"m"
"S01","2025-01-02T07:40:00Z","water_level",0.614907568235946,"m"
"S01","2025-01-02T07:45:00Z","water_level",0.170567659500185,"m"
"S01","2025-01-02T07:50:00Z","water_level",1.30331044922648,"m"
"S01","2025-01-02T07:55:00Z","water_level",0.874094764946906,"m"
"S01","2025-01-02T08:00:00Z","water_level",0.362306047552507,"m"
"S01","2025-01-02T08:05:00Z","water_level",0.462750693830183,"m"
"S01","2025-01-02T08:10:00Z","water_level",0.246215312749712,"m"
"S01","2025-01-02T08:15:00Z","water_level",0.180062130123927,"m"
"S01","2025-01-02T08:20:00Z","water_level",0.258098273703188,"m"
"S01","2025-01-02T08:25:00Z","water_level",0.911702023053397,"m"
"S01","2025-01-02T08:30:00Z","water_level",0.697007035610315,"m"
"S01","2025-01-02T08:35:00Z","water_level",0.652993940279976,"m"
"S01","2025-01-02T08:40:00Z","water_level",0.0446335164516217,"m"
"S01","2025-01-02T08:45:00Z","water_level",0.0362977388955802,"m"
"S01","2025-01-02T08:50:00Z","water_level",0.0447715943829305,"m"
"S01","2025-01-02T08:55:00Z","water_level",0.0463369763716988,"m"
"S01","2025-01-02T09:00:00Z","water_level",0.212238337110104,"m"
"S01","2025-01-02T09:05:00Z","water_level",0.229195371294726,"m"
"S01","2025-01-02T09:10:00Z","water_level",0.828453005563387,"m"
"S01","2025-01-02T09:15:00Z","water_level",0.32319720485909,"m"
"S01","2025-01-02T09:20:00Z","water_level",0.609226634467118,"m"
"S01","2025-01-02T09:25:00Z","water_level",0.856949863951718,"m"
"S01","2025-01-02T09:30:00Z","water_level",0.30567152961928,"m"
"S01","2025-01-02T09:35:00Z","water_level",0.0784701372798822,"m"
"S01","2025-01-02T09:40:00Z","water_level",0.300940919947467,"m"
"S01","2025-01-02T09:45:00Z","water_level",0.233569427559356,"m"
"S01","2025-01-02T09:50:00Z","water_level",0.0189465563628208,"m"
"S01","2025-01-02T09:55:00Z","water_level",0.166412438136588,"m"
"S01","2025-01-02T10:00:00Z","water_level",0.0396569106654645,"m"
"S01","2025-01-02T10:05:00Z","water_level",0.206722421769397,"m"
"S01","2025-01-02T10:10:00Z","water_level",0.186687958699658,"m"
"S01","2025-01-02T10:15:00Z","water_level",0.135677887627632,"m"
"S01","2025-01-02T10:20:00Z","water_level",0.0309148071197408,"m"
"S01","2025-01-02T10:25:00Z","water_level",0.0566303244298062,"m"
"S01","2025-01-02T10:30:00Z","water_level",0.507457421222389,"m"
"S01","2025-01-02T10:35:00Z","water_level",0.539461146430643,"m"
"S01","2025-01-02T10:40:00Z","water_level",1.15012949128604,"m"
"S01","2025-01-02T10:45:00Z","water_level",0.999840629726487,"m"
"S01","2025-01-02T10:50:00Z","water_level",1.36343198458577,"m"
"S01","2025-01-02T10:55:00Z","water_level",1.38838549357654,"m"
"S01","2025-01-02T11:00:00Z","water_level",0.751905675539469,"m"
"S01","2025-01-02T11:05:00Z","water_level",0.379929111569463,"m"
"S01","2025-01-02T11:10:00Z","water_level",0.164903608069965,"m"
"S01","2025-01-02T11:15:00Z","water_level",0.197213649980121,"m"
"S01","2025-01-02T11:20:00Z","water_level",0.187026388903474,"m"
"S01","2025-01-02T11:25:00Z","water_level",0.184422830099413,"m"
"S01","2025-01-02T11:30:00Z","water_level",0.544512291679519,"m"
"S01","2025-01-02T11:35:00Z","water_level",0.500537810394733,"m"
"S01","2025-01-02T11:40:00Z","water_level",1.07782572733943,"m"
"S01","2025-01-02T11:45:00Z","water_level",0.662329385378547,"m"
"S01","2025-01-02T11:50:00Z","water_level",0.923260067575336,"m"
"S01","2025-01-02T11:55:00Z","water_level",0.270646920526638,"m"
"S01","2025-01-02T12:00:00Z","water_level",0.811916159533927,"m"
"S01","2025-01-02T12:05:00Z","water_level",0.417989879202978,"m"
"S01","2025-01-02T12:10:00Z","water_level",0.152334417825506,"m"
"S01","2025-01-02T12:15:00Z","water_level",0.109910760126839,"m"
"S01","2025-01-02T12:20:00Z","water_level",0.0258238447977311,"m"
"S01","2025-01-02T12:25:00Z","water_level",0.139201172613627,"m"
"S01","2025-01-02T12:30:00Z","water_level",0.0121856796930484,"m"
"S01","2025-01-02T12:35:00Z","water_level",0.173231495806407,"m"
"S01","2025-01-02T12:40:00Z","water_level",0.165600892850077,"m"
"S01","2025-01-02T12:45:00Z","water_level",0.224608504949818,"m"
"S01","2025-01-02T12:50:00Z","water_level",0.0664468376200724,"m"
"S01","2025-01-02T12:55:00Z","water_level",0.251005948868149,"m"
"S01","2025-01-02T13:00:00Z","water_level",0.412542266718751,"m"
"S01","2025-01-02T13:05:00Z","water_level",0.15885573793417,"m"
"S01","2025-01-02T13:10:00Z","water_level",0.281889578187184,"m"
"S01","2025-01-02T13:15:00Z","water_level",1.40738256333409,"m"
"S01","2025-01-02T13:20:00Z","water_level",2.00554650492544,"m"
"S01","2025-01-02T13:25:00Z","water_level",2.86992906336839,"m"
"S01","2025-01-02T13:30:00Z","water_level",0.901992109309392,"m"
"S01","2025-01-02T13:35:00Z","water_level",1.36779899447664,"m"
"S01","2025-01-02T13:40:00Z","water_level",0.666480017538448,"m"
"S01","2025-01-02T13:45:00Z","water_level",0.065888735933733,"m"
"S01","2025-01-02T13:50:00Z","water_level",0.816933623429278,"m"
"S01","2025-01-02T13:55:00Z","water_level",0.569040605943359,"m"
"S01","2025-01-02T14:00:00Z","water_level",0.443592494782407,"m"
"S01","2025-01-02T14:05:00Z","water_level",0.678521914693047,"m"
"S01","2025-01-02T14:10:00Z","water_level",1.15724044384583,"m"
"S01","2025-01-02T14:15:00Z","water_level",0.553861106311537,"m"
"S01","2025-01-02T14:20:00Z","water_level",0.408901543361143,"m"
"S01","2025-01-02T14:25:00Z","water_level",0.354573253595246,"m"
"S01","2025-01-02T14:30:00Z","water_level",0.238078755774006,"m"
"S01","2025-01-02T14:35:00Z","water_level",0.357683958415756,"m"
"S01","2025-01-02T14:40:00Z","water_level",0.653706853998473,"m"
"S01","2025-01-02T14:45:00Z","water_level",0.742214440605704,"m"
"S01","2025-01-02T14:50:00Z","water_level",1.53250521991951,"m"
"S01","2025-01-02T14:55:00Z","water_level",0.883805491572534,"m"
"S01","2025-01-02T15:00:00Z","water_level",0.392357800770209,"m"
"S01","2025-01-02T15:05:00Z","water_level",1.46342974557475,"m"
"S01","2025-01-02T15:10:00Z","water_level",0.504937559260967,"m"
"S01","2025-01-02T15:15:00Z","water_level",0.0583496473358109,"m"
"S01","2025-01-02T15:20:00Z","water_level",0.0284622980743821,"m"
"S01","2025-01-02T15:25:00Z","water_level",0.369882314622426,"m"
"S01","2025-01-02T15:30:00Z","water_level",0.297596069651057,"m"
"S01","2025-01-02T15:35:00Z","water_level",0.69121303965634,"m"
"S01","2025-01-02T15:40:00Z","water_level",0.157101106079806,"m"
"S01","2025-01-02T15:45:00Z","water_level",0.276206373453559,"m"
"S01","2025-01-02T15:50:00Z","water_level",0.855316428615238,"m"
"S01","2025-01-02T15:55:00Z","water_level",0.951207313464033,"m"
"S01","2025-01-02T16:00:00Z","water_level",0.431128063195229,"m"
"S01","2025-01-02T16:05:00Z","water_level",0.582899961251416,"m"
"S01","2025-01-02T16:10:00Z","water_level",0.573666477076778,"m"
"S01","2025-01-02T16:15:00Z","water_level",0.649306726767819,"m"
"S01","2025-01-02T16:20:00Z","water_level",0.231696200938524,"m"
"S01","2025-01-02T16:25:00Z","water_level",0.990984138120075,"m"
"S01","2025-01-02T16:30:00Z","water_level",0.470703361293749,"m"
"S01","2025-01-02T16:35:00Z","water_level",0.820346305540332,"m"
"S01","2025-01-02T16:40:00Z","water_level",0.100554697366606,"m"
"S01","2025-01-02T16:45:00Z","water_level",0.566263673221599,"m"
"S01","2025-01-02T16:50:00Z","water_level",0.765737000154656,"m"
"S01","2025-01-02T16:55:00Z","water_level",0.320962147428539,"m"
"S01","2025-01-02T17:00:00Z","water_level",0.271515856326738,"m"
"S01","2025-01-02T17:05:00Z","water_level",0.00734906999388171,"m"
"S01","2025-01-02T17:10:00Z","water_level",0.325071379092836,"m"
"S01","2025-01-02T17:15:00Z","water_level",0.912001203634688,"m"
"S01","2025-01-02T17:20:00Z","water_level",2.14026458787662,"m"
"S01","2025-01-02T17:25:00Z","water_level",0.937221499447212,"m"
"S01","2025-01-02T17:30:00Z","water_level",0.237122817357438,"m"
"S01","2025-01-02T17:35:00Z","water_level",0.184319741903151,"m"
"S01","2025-01-02T17:40:00Z","water_level",0.0732423059833683,"m"
"S01","2025-01-02T17:45:00Z","water_level",0.387760975469619,"m"
"S01","2025-01-02T17:50:00Z","water_level",0.131928843307611,"m"
"S01","2025-01-02T17:55:00Z","water_level",0.901076894480474,"m"
"S01","2025-01-02T18:00:00Z","water_level",0.265144532491993,"m"
"S01","2025-01-02T18:05:00Z","water_level",0.530305842136366,"m"
"S01","2025-01-02T18:10:00Z","water_level",0.288056645690964,"m"
"S01","2025-01-02T18:15:00Z","water_level",0.724650405350277,"m"
"S01","2025-01-02T18:20:00Z","water_level",0.714551237700796,"m"
"S01","2025-01-02T18:25:00Z","water_level",0.0761176560729324,"m"
"S01","2025-01-02T18:30:00Z","water_level",0.473180362462601,"m"
"S01","2025-01-02T18:35:00Z","water_level",0.5457276995186,"m"
"S01","2025-01-02T18:40:00Z","water_level",0.892018019109754,"m"
"S01","2025-01-02T18:45:00Z","water_level",0.938074453257981,"m"
"S01","2025-01-02T18:50:00Z","water_level",0.116864152307595,"m"
"S01","2025-01-02T18:55:00Z","water_level",0.168199765760539,"m"
"S01","2025-01-02T19:00:00Z","water_level",0.310708023311408,"m"
"S01","2025-01-02T19:05:00Z","water_level",0.516195965355161,"m"
"S01","2025-01-02T19:10:00Z","water_level",0.414752608438919,"m"
"S01","2025-01-02T19:15:00Z","water_level",0.0246561329378221,"m"
"S01","2025-01-02T19:20:00Z","water_level",0.32488505044847,"m"
"S01","2025-01-02T19:25:00Z","water_level",0.633585746233708,"m"
"S01","2025-01-02T19:30:00Z","water_level",0.341871137797721,"m"
"S01","2025-01-02T19:35:00Z","water_level",0.0492761118729819,"m"
"S01","2025-01-02T19:40:00Z","water_level",0.80478767431386,"m"
"S01","2025-01-02T19:45:00Z","water_level",0.605967898001024,"m"
"S01","2025-01-02T19:50:00Z","water_level",1.28843507544337,"m"
"S01","2025-01-02T19:55:00Z","water_level",0.0392601072064349,"m"
"S01","2025-01-02T20:00:00Z","water_level",0.140417772713405,"m"
"S01","2025-01-02T20:05:00Z","water_level",0.416770912083942,"m"
"S01","2025-01-02T20:10:00Z","water_level",0.678429784285813,"m"
"S01","2025-01-02T20:15:00Z","water_level",0.6465586917452,"m"
"S01","2025-01-02T20:20:00Z","water_level",0.0237007162637433,"m"
"S01","2025-01-02T20:25:00Z","water_level",0.144309369649633,"m"
"S01","2025-01-02T20:30:00Z","water_level",0.0239841964717514,"m"
"S01","2025-01-02T20:35:00Z","water_level",0.252430779482958,"m"
"S01","2025-01-02T20:40:00Z","water_level",0.0318628585591167,"m"
"S01","2025-01-02T20:45:00Z","water_level",0.695801949476019,"m"
"S01","2025-01-02T20:50:00Z","water_level",0.0507755102863059,"m"
"S01","2025-01-02T20:55:00Z","water_level",0.20236643640239,"m"
"S01","2025-01-02T21:00:00Z","water_level",0.0627392377609406,"m"
"S01","2025-01-02T21:05:00Z","water_level",0.461176420337794,"m"
"S01","2025-01-02T21:10:00Z","water_level",0.824964891303305,"m"
"S01","2025-01-02T21:15:00Z","water_level",0.715784562530738,"m"
"S01","2025-01-02T21:20:00Z","water_level",0.481369888473677,"m"
"S01","2025-01-02T21:25:00Z","water_level",1.10984400473145,"m"
"S01","2025-01-02T21:30:00Z","water_level",2.36979563223002,"m"
"S01","2025-01-02T21:35:00Z","water_level",1.59021879550738,"m"
"S01","2025-01-02T21:40:00Z","water_level",2.27480402938543,"m"
"S01","2025-01-02T21:45:00Z","water_level",1.32009504964857,"m"
"S01","2025-01-02T21:50:00Z","water_level",3.32683488370824,"m"
"S01","2025-01-02T21:55:00Z","water_level",1.90978433810708,"m"
"S01","2025-01-02T22:00:00Z","water_level",1.76130019446409,"m"
"S01","2025-01-02T22:05:00Z","water_level",1.32073942255536,"m"
"S01","2025-01-02T22:10:00Z","water_level",1.7744673190557,"m"
"S01","2025-01-02T22:15:00Z","water_level",1.41635830140786,"m"
"S01","2025-01-02T22:20:00Z","water_level",1.41280258878472,"m"
"S01","2025-01-02T22:25:00Z","water_level",2.22126231256223,"m"
"S01","2025-01-02T22:30:00Z","water_level",2.87006135263029,"m"
"S01","2025-01-02T22:35:00Z","water_level",2.62030839865269,"m"
"S01","2025-01-02T22:40:00Z","water_level",2.32528622846579,"m"
"S01","2025-01-02T22:45:00Z","water_level",1.60776754609379,"m"
"S01","2025-01-02T22:50:00Z","water_level",0.416134984540155,"m"
"S01","2025-01-02T22:55:00Z","water_level",0.672465713401436,"m"
"S01","2025-01-02T23:00:00Z","water_level",0.181806327454636,"m"
"S01","2025-01-02T23:05:00Z","water_level",0.411524315717672,"m"
"S01","2025-01-02T23:10:00Z","water_level",0.355486438641942,"m"
"S01","2025-01-02T23:15:00Z","water_level",0.0402863276924208,"m"
"S01","2025-01-02T23:20:00Z","water_level",0.873155378285037,"m"
"S01","2025-01-02T23:25:00Z","water_level",0.131939587449578,"m"
"S01","2025-01-02T23:30:00Z","water_level",0.306075154714843,"m"
"S01","2025-01-02T23:35:00Z","water_level",0.335938381365988,"m"
"S01","2025-01-02T23:40:00Z","water_level",0.962246561964925,"m"
"S01","2025-01-02T23:45:00Z","water_level",0.851370774175817,"m"
"S01","2025-01-02T23:50:00Z","water_level",0.665133914606733,"m"
"S01","2025-01-02T23:55:00Z","water_level",0.696607640537914,"m"
"S01","2025-01-03T00:00:00Z","water_level",1.91194060218486,"m"
"S01","2025-01-03T00:05:00Z","water_level",1.065442891793,"m"
"S01","2025-01-03T00:10:00Z","water_level",1.14066124703005,"m"
"S01","2025-01-03T00:15:00Z","water_level",1.1712662734399,"m"
"S01","2025-01-03T00:20:00Z","water_level",1.44366871877856,"m"
"S01","2025-01-03T00:25:00Z","water_level",0.62532540176436,"m"
"S01","2025-01-03T00:30:00Z","water_level",1.24613375617742,"m"
"S01","2025-01-03T00:35:00Z","water_level",0.3615793663881,"m"
"S01","2025-01-03T00:40:00Z","water_level",0.15700804432071,"m"
"S01","2025-01-03T00:45:00Z","water_level",0.551230152142254,"m"
"S01","2025-01-03T00:50:00Z","water_level",1.18976203004581,"m"
"S01","2025-01-03T00:55:00Z","water_level",0.73609385346888,"m"
"S01","2025-01-03T01:00:00Z","water_level",0.844849267118262,"m"
"S01","2025-01-03T01:05:00Z","water_level",0.430819963685161,"m"
"S01","2025-01-03T01:10:00Z","water_level",0.611531591708904,"m"
"S01","2025-01-03T01:15:00Z","water_level",0.249133879694636,"m"
"S01","2025-01-03T01:20:00Z","water_level",0.446326102544566,"m"
"S01","2025-01-03T01:25:00Z","water_level",0.399241536848138,"m"
"S01","2025-01-03T01:30:00Z","water_level",0.142984196237279,"m"
"S01","2025-01-03T01:35:00Z","water_level",0.537203047018324,"m"
"S01","2025-01-03T01:40:00Z","water_level",1.08133418595314,"m"
"S01","2025-01-03T01:45:00Z","water_level",0.553599799958522,"m"
"S01","2025-01-03T01:50:00Z","water_level",0.0490628541509245,"m"
"S01","2025-01-03T01:55:00Z","water_level",0,"m"
"S01","2025-01-03T02:00:00Z","water_level",0.342562964672618,"m"
"S01","2025-01-03T02:05:00Z","water_level",0.0571352218605392,"m"
"S01","2025-01-03T02:10:00Z","water_level",0.118141106713262,"m"
"S01","2025-01-03T02:15:00Z","water_level",0.0867564451390019,"m"
"S01","2025-01-03T02:20:00Z","water_level",0.514802703880773,"m"
"S01","2025-01-03T02:25:00Z","water_level",0.218484901455021,"m"
"S01","2025-01-03T02:30:00Z","water_level",1.00579171550492,"m"
"S01","2025-01-03T02:35:00Z","water_level",1.24388309142551,"m"
"S01","2025-01-03T02:40:00Z","water_level",0.714176361892733,"m"
"S01","2025-01-03T02:45:00Z","water_level",0.486596557406634,"m"
"S01","2025-01-03T02:50:00Z","water_level",0.447940038977726,"m"
"S01","2025-01-03T02:55:00Z","water_level",0.181943949753251,"m"
"S01","2025-01-03T03:00:00Z","water_level",0.394839071661521,"m"
"S01","2025-01-03T03:05:00Z","water_level",1.24315221702281,"m"
"S01","2025-01-03T03:10:00Z","water_level",1.33851185027662,"m"
"S01","2025-01-03T03:15:00Z","water_level",0.0841786879299059,"m"
"S01","2025-01-03T03:20:00Z","water_level",0.00773344985639675,"m"
"S01","2025-01-03T03:25:00Z","water_level",0.0173082923251447,"m"
"S01","2025-01-03T03:30:00Z","water_level",0.036185419274461,"m"
"S01","2025-01-03T03:35:00Z","water_level",0.0909131820478501,"m"
"S01","2025-01-03T03:40:00Z","water_level",0.164433732140099,"m"
"S01","2025-01-03T03:45:00Z","water_level",0.460177977377185,"m"
"S01","2025-01-03T03:50:00Z","water_level",0.864047348175276,"m"
"S01","2025-01-03T03:55:00Z","water_level",0.923839934404128,"m"
"S01","2025-01-03T04:00:00Z","water_level",0.245299107815627,"m"
"S01","2025-01-03T04:05:00Z","water_level",0.0171048050559559,"m"
"S01","2025-01-03T04:10:00Z","water_level",0.0366559519748654,"m"
"S01","2025-01-03T04:15:00Z","water_level",0.348033620445639,"m"
"S01","2025-01-03T04:20:00Z","water_level",0.40867829781336,"m"
"S01","2025-01-03T04:25:00Z","water_level",0.0387600049078206,"m"
"S01","2025-01-03T04:30:00Z","water_level",0.0178625644194288,"m"
"S01","2025-01-03T04:35:00Z","water_level",0.0645152613395582,"m"
"S01","2025-01-03T04:40:00Z","water_level",0.162456248984749,"m"
"S01","2025-01-03T04:45:00Z","water_level",0.0982156328053837,"m"
"S01","2025-01-03T04:50:00Z","water_level",0.0606115970952073,"m"
"S01","2025-01-03T04:55:00Z","water_level",0.125734906032778,"m"
"S01","2025-01-03T05:00:00Z","water_level",0.014075268572667,"m"
"S01","2025-01-03T05:05:00Z","water_level",0.0595024307773953,"m"
"S01","2025-01-03T05:10:00Z","water_level",0.0463586524377509,"m"
"S01","2025-01-03T05:15:00Z","water_level",0.0163690330313758,"m"
"S01","2025-01-03T05:20:00Z","water_level",0.400758942691718,"m"
"S01","2025-01-03T05:25:00Z","water_level",0.0769183723696909,"m"
"S01","2025-01-03T05:30:00Z","water_level",0.0781337176981975,"m"
"S01","2025-01-03T05:35:00Z","water_level",0.546997042797312,"m"
"S01","2025-01-03T05:40:00Z","water_level",0.0848468333657282,"m"
"S01","2025-01-03T05:45:00Z","water_level",0.220416002199877,"m"
"S01","2025-01-03T05:50:00Z","water_level",0.123413980637595,"m"
"S01","2025-01-03T05:55:00Z","water_level",0.842894005954227,"m"
"S01","2025-01-03T06:00:00Z","water_level",0.183617837244735,"m"
"S01","2025-01-03T06:05:00Z","water_level",0.0924449453230902,"m"
"S01","2025-01-03T06:10:00Z","water_level",0.32890096811469,"m"
"S01","2025-01-03T06:15:00Z","water_level",0.0196085943816083,"m"
"S01","2025-01-03T06:20:00Z","water_level",0.118139794602037,"m"
"S01","2025-01-03T06:25:00Z","water_level",0.086741444137603,"m"
"S01","2025-01-03T06:30:00Z","water_level",0.187275635928465,"m"
"S01","2025-01-03T06:35:00Z","water_level",0.29320416310444,"m"
"S01","2025-01-03T06:40:00Z","water_level",0.719561571964822,"m"
"S01","2025-01-03T06:45:00Z","water_level",0.39293437451536,"m"
"S01","2025-01-03T06:50:00Z","water_level",1.58581244813441,"m"
"S01","2025-01-03T06:55:00Z","water_level",0.896740876501452,"m"
"S01","2025-01-03T07:00:00Z","water_level",0.18681378703039,"m"
"S01","2025-01-03T07:05:00Z","water_level",0.0379121283701999,"m"
"S01","2025-01-03T07:10:00Z","water_level",0.154151985543727,"m"
"S01","2025-01-03T07:15:00Z","water_level",0.0773018159724026,"m"
"S01","2025-01-03T07:20:00Z","water_level",0.026997631578148,"m"
"S01","2025-01-03T07:25:00Z","water_level",0.866184670736837,"m"
"S01","2025-01-03T07:30:00Z","water_level",0.0686731749224399,"m"
"S01","2025-01-03T07:35:00Z","water_level",0.270289497676334,"m"
"S01","2025-01-03T07:40:00Z","water_level",0.227082684783525,"m"
"S01","2025-01-03T07:45:00Z","water_level",0.768037352244058,"m"
"S01","2025-01-03T07:50:00Z","water_level",0.381240751264117,"m"
"S01","2025-01-03T07:55:00Z","water_level",0.923058724986483,"m"
"S01","2025-01-03T08:00:00Z","water_level",1.81215617170361,"m"
"S01","2025-01-03T08:05:00Z","water_level",0.564963820215119,"m"
"S01","2025-01-03T08:10:00Z","water_level",0.534670589422163,"m"
"S01","2025-01-03T08:15:00Z","water_level",0.787810212961091,"m"
"S01","2025-01-03T08:20:00Z","water_level",1.20600042249657,"m"
"S01","2025-01-03T08:25:00Z","water_level",0.408783428051996,"m"
"S01","2025-01-03T08:30:00Z","water_level",0.0871921710863141,"m"
"S01","2025-01-03T08:35:00Z","water_level",0.185991876588638,"m"
"S01","2025-01-03T08:40:00Z","water_level",0.241672520673146,"m"
"S01","2025-01-03T08:45:00Z","water_level",0.756316433810631,"m"
"S01","2025-01-03T08:50:00Z","water_level",1.01913594335304,"m"
"S01","2025-01-03T08:55:00Z","water_level",0.74202752184239,"m"
"S01","2025-01-03T09:00:00Z","water_level",0.489431806766524,"m"
"S01","2025-01-03T09:05:00Z","water_level",0.776968291654352,"m"
"S01","2025-01-03T09:10:00Z","water_level",0.564423577714214,"m"
"S01","2025-01-03T09:15:00Z","water_level",0.198076343179125,"m"
"S01","2025-01-03T09:20:00Z","water_level",0.227391095451997,"m"
"S01","2025-01-03T09:25:00Z","water_level",0.499709526001178,"m"
"S01","2025-01-03T09:30:00Z","water_level",0.127357081464625,"m"
"S01","2025-01-03T09:35:00Z","water_level",0.0923777771128421,"m"
"S01","2025-01-03T09:40:00Z","water_level",0.0460894307000565,"m"
"S01","2025-01-03T09:45:00Z","water_level",0.0272441325258189,"m"
"S01","2025-01-03T09:50:00Z","water_level",0.193153445304547,"m"
"S01","2025-01-03T09:55:00Z","water_level",0.0372517470654756,"m"
"S01","2025-01-03T10:00:00Z","water_level",0.226681851822839,"m"
"S01","2025-01-03T10:05:00Z","water_level",0.699050421661528,"m"
"S01","2025-01-03T10:10:00Z","water_level",0.132839780652003,"m"
"S01","2025-01-03T10:15:00Z","water_level",0.148214968294123,"m"
"S01","2025-01-03T10:20:00Z","water_level",0.0660795338202089,"m"
"S01","2025-01-03T10:25:00Z","water_level",0.563870951290512,"m"
"S01","2025-01-03T10:30:00Z","water_level",0.328590611324127,"m"
"S01","2025-01-03T10:35:00Z","water_level",0.102890290237767,"m"
"S01","2025-01-03T10:40:00Z","water_level",0.270505340861314,"m"
"S01","2025-01-03T10:45:00Z","water_level",0.0197045679270107,"m"
"S01","2025-01-03T10:50:00Z","water_level",0.609671693622203,"m"
"S01","2025-01-03T10:55:00Z","water_level",0.650064834913156,"m"
"S01","2025-01-03T11:00:00Z","water_level",0.505837317642196,"m"
"S01","2025-01-03T11:05:00Z","water_level",0.339419011666252,"m"
"S01","2025-01-03T11:10:00Z","water_level",0.566809997383765,"m"
"S01","2025-01-03T11:15:00Z","water_level",0.351345797681404,"m"
"S01","2025-01-03T11:20:00Z","water_level",0.396703749737267,"m"
"S01","2025-01-03T11:25:00Z","water_level",0.607072647275328,"m"
"S01","2025-01-03T11:30:00Z","water_level",0.211987973107368,"m"
"S01","2025-01-03T11:35:00Z","water_level",0.188326201186069,"m"
"S01","2025-01-03T11:40:00Z","water_level",0.0592025789710002,"m"
"S01","2025-01-03T11:45:00Z","water_level",0.439992321703405,"m"
"S01","2025-01-03T11:50:00Z","water_level",0.285353538932873,"m"
"S01","2025-01-03T11:55:00Z","water_level",0.0140520510916938,"m"
"S01","2025-01-03T12:00:00Z","water_level",0.0900088342184576,"m"
"S01","2025-01-03T12:05:00Z","water_level",0.0862839633830471,"m"
"S01","2025-01-03T12:10:00Z","water_level",1.2753383151173,"m"
"S01","2025-01-03T12:15:00Z","water_level",0.164733500953492,"m"
"S01","2025-01-03T12:20:00Z","water_level",0.105307074554669,"m"
"S01","2025-01-03T12:25:00Z","water_level",0.416443208484808,"m"
"S01","2025-01-03T12:30:00Z","water_level",0.270654971655647,"m"
"S01","2025-01-03T12:35:00Z","water_level",0.457243285766415,"m"
"S01","2025-01-03T12:40:00Z","water_level",0.185154419585619,"m"
"S01","2025-01-03T12:45:00Z","water_level",0.0649313948409517,"m"
"S01","2025-01-03T12:50:00Z","water_level",0.196067795865997,"m"
"S01","2025-01-03T12:55:00Z","water_level",0.262697836218666,"m"
"S01","2025-01-03T13:00:00Z","water_level",0.0557539311644866,"m"
"S01","2025-01-03T13:05:00Z","water_level",0.491027758579486,"m"
"S01","2025-01-03T13:10:00Z","water_level",0.671954070554625,"m"
"S01","2025-01-03T13:15:00Z","water_level",0.127840640760293,"m"
"S01","2025-01-03T13:20:00Z","water_level",0.152745651043656,"m"
"S01","2025-01-03T13:25:00Z","water_level",0.398295162599673,"m"
"S01","2025-01-03T13:30:00Z","water_level",0.175579181173537,"m"
"S01","2025-01-03T13:35:00Z","water_level",1.21059204408857,"m"
"S01","2025-01-03T13:40:00Z","water_level",1.06863343043876,"m"
"S01","2025-01-03T13:45:00Z","water_level",0.0342097150601138,"m"
"S01","2025-01-03T13:50:00Z","water_level",0.639660146972466,"m"
"S01","2025-01-03T13:55:00Z","water_level",0.302776805275062,"m"
"S01","2025-01-03T14:00:00Z","water_level",0.0172482529495689,"m"
"S01","2025-01-03T14:05:00Z","water_level",0.171147403558308,"m"
"S01","2025-01-03T14:10:00Z","water_level",0.0107557216897327,"m"
"S01","2025-01-03T14:15:00Z","water_level",0.234286495241489,"m"
"S01","2025-01-03T14:20:00Z","water_level",0.170724740949468,"m"
"S01","2025-01-03T14:25:00Z","water_level",0.148345410972336,"m"
"S01","2025-01-03T14:30:00Z","water_level",0.129534613839278,"m"
"S01","2025-01-03T14:35:00Z","water_level",0.630589228217947,"m"
"S01","2025-01-03T14:40:00Z","water_level",0.163408261648071,"m"
"S01","2025-01-03T14:45:00Z","water_level",0.992314546859194,"m"
"S01","2025-01-03T14:50:00Z","water_level",0.647147286037342,"m"
"S01","2025-01-03T14:55:00Z","water_level",0.42731858665057,"m"
"S01","2025-01-03T15:00:00Z","water_level",0.0805342957293054,"m"
"S01","2025-01-03T15:05:00Z","water_level",1.98487197649074,"m"
"S01","2025-01-03T15:10:00Z","water_level",1.18445850620467,"m"
"S01","2025-01-03T15:15:00Z","water_level",0.229951081913371,"m"
"S01","2025-01-03T15:20:00Z","water_level",1.22949197530343,"m"
"S01","2025-01-03T15:25:00Z","water_level",0.785934663545237,"m"
"S01","2025-01-03T15:30:00Z","water_level",0.376331712145688,"m"
"S01","2025-01-03T15:35:00Z","water_level",0.919963664095911,"m"
"S01","2025-01-03T15:40:00Z","water_level",1.23009597114227,"m"
"S01","2025-01-03T15:45:00Z","water_level",0.556026205072799,"m"
"S01","2025-01-03T15:50:00Z","water_level",0.441270218114445,"m"
"S01","2025-01-03T15:55:00Z","water_level",0.588080647783936,"m"
"S01","2025-01-03T16:00:00Z","water_level",1.54738087502827,"m"
"S01","2025-01-03T16:05:00Z","water_level",2.05889501282452,"m"
"S01","2025-01-03T16:10:00Z","water_level",0.443136537324387,"m"
"S01","2025-01-03T16:15:00Z","water_level",0.291143195843277,"m"
"S01","2025-01-03T16:20:00Z","water_level",0.896646498721777,"m"
"S01","2025-01-03T16:25:00Z","water_level",0.608247869516544,"m"
"S01","2025-01-03T16:30:00Z","water_level",0.961939076369435,"m"
"S01","2025-01-03T16:35:00Z","water_level",1.59524910146679,"m"
"S01","2025-01-03T16:40:00Z","water_level",2.04576660367467,"m"
"S01","2025-01-03T16:45:00Z","water_level",3.14682344612808,"m"
"S01","2025-01-03T16:50:00Z","water_level",1.23782941531872,"m"
"S01","2025-01-03T16:55:00Z","water_level",1.70669860564074,"m"
"S01","2025-01-03T17:00:00Z","water_level",2.13548021834611,"m"
"S01","2025-01-03T17:05:00Z","water_level",1.76260182563695,"m"
"S01","2025-01-03T17:10:00Z","water_level",0.595051608589036,"m"
"S01","2025-01-03T17:15:00Z","water_level",1.03531894735232,"m"
"S01","2025-01-03T17:20:00Z","water_level",0.375024419034742,"m"
"S01","2025-01-03T17:25:00Z","water_level",0.0344905394571125,"m"
"S01","2025-01-03T17:30:00Z","water_level",0.109692589736909,"m"
"S01","2025-01-03T17:35:00Z","water_level",0.261261812804261,"m"
"S01","2025-01-03T17:40:00Z","water_level",0.102432184519692,"m"
"S01","2025-01-03T17:45:00Z","water_level",0.0946938522423271,"m"
"S01","2025-01-03T17:50:00Z","water_level",0.548125933307221,"m"
"S01","2025-01-03T17:55:00Z","water_level",0.440546528264538,"m"
"S01","2025-01-03T18:00:00Z","water_level",0.363085467581787,"m"
"S01","2025-01-03T18:05:00Z","water_level",1.0815644932129,"m"
"S01","2025-01-03T18:10:00Z","water_level",2.37968387562689,"m"
"S01","2025-01-03T18:15:00Z","water_level",1.88010594883835,"m"
"S01","2025-01-03T18:20:00Z","water_level",0.962523448558901,"m"
"S01","2025-01-03T18:25:00Z","water_level",0.369391341307895,"m"
"S01","2025-01-03T18:30:00Z","water_level",1.22467949136273,"m"
"S01","2025-01-03T18:35:00Z","water_level",0.868866427678494,"m"
"S01","2025-01-03T18:40:00Z","water_level",0.82054026354352,"m"
"S01","2025-01-03T18:45:00Z","water_level",0.624465719238094,"m"
"S01","2025-01-03T18:50:00Z","water_level",0.416256829773544,"m"
"S01","2025-01-03T18:55:00Z","water_level",0.283864146682616,"m"
"S01","2025-01-03T19:00:00Z","water_level",0.0838591366036207,"m"
"S01","2025-01-03T19:05:00Z","water_level",0.570592126975463,"m"
"S01","2025-01-03T19:10:00Z","water_level",0.27388876491925,"m"
"S01","2025-01-03T19:15:00Z","water_level",0.455947475902806,"m"
"S01","2025-01-03T19:20:00Z","water_level",0.398238815641395,"m"
"S01","2025-01-03T19:25:00Z","water_level",0.518375060140027,"m"
"S01","2025-01-03T19:30:00Z","water_level",0.327339671749263,"m"
"S01","2025-01-03T19:35:00Z","water_level",0.119578246667048,"m"
"S01","2025-01-03T19:40:00Z","water_level",0.385415652254421,"m"
"S01","2025-01-03T19:45:00Z","water_level",0.477724362411451,"m"
"S01","2025-01-03T19:50:00Z","water_level",0.673222259201892,"m"
"S01","2025-01-03T19:55:00Z","water_level",0.669381086969241,"m"
"S01","2025-01-03T20:00:00Z","water_level",0.242331278054893,"m"
"S01","2025-01-03T20:05:00Z","water_level",0.8363404160728,"m"
"S01","2025-01-03T20:10:00Z","water_level",0.349228483855851,"m"
"S01","2025-01-03T20:15:00Z","water_level",0.547933927593792,"m"
"S01","2025-01-03T20:20:00Z","water_level",0.18552621122228,"m"
"S01","2025-01-03T20:25:00Z","water_level",0.412222416561985,"m"
"S01","2025-01-03T20:30:00Z","water_level",0.314732826588986,"m"
"S01","2025-01-03T20:35:00Z","water_level",0.257758318755371,"m"
"S01","2025-01-03T20:40:00Z","water_level",0.202770795556657,"m"
"S01","2025-01-03T20:45:00Z","water_level",0.498796482728767,"m"
"S01","2025-01-03T20:50:00Z","water_level",0.522670855228371,"m"
"S01","2025-01-03T20:55:00Z","water_level",1.22099793029585,"m"
"S01","2025-01-03T21:00:00Z","water_level",1.3475423760596,"m"
"S01","2025-01-03T21:05:00Z","water_level",1.07106048313123,"m"
"S01","2025-01-03T21:10:00Z","water_level",1.55802977373155,"m"
"S01","2025-01-03T21:15:00Z","water_level",1.19312907588768,"m"
"S01","2025-01-03T21:20:00Z","water_level",0.883681857597783,"m"
"S01","2025-01-03T21:25:00Z","water_level",0.38998267497711,"m"
"S01","2025-01-03T21:30:00Z","water_level",1.58034593929761,"m"
"S01","2025-01-03T21:35:00Z","water_level",0.739458199477332,"m"
"S01","2025-01-03T21:40:00Z","water_level",0.210236248251549,"m"
"S01","2025-01-03T21:45:00Z","water_level",0.189235608234666,"m"
"S01","2025-01-03T21:50:00Z","water_level",0.181596977509674,"m"
"S01","2025-01-03T21:55:00Z","water_level",0.0103699184180198,"m"
"S01","2025-01-03T22:00:00Z","water_level",0.17211003463996,"m"
"S01","2025-01-03T22:05:00Z","water_level",0.00474279360770804,"m"
"S01","2025-01-03T22:10:00Z","water_level",0.429073992293809,"m"
"S01","2025-01-03T22:15:00Z","water_level",0.205736022153856,"m"
"S01","2025-01-03T22:20:00Z","water_level",0.11628247787257,"m"
"S01","2025-01-03T22:25:00Z","water_level",0.33885984883465,"m"
"S01","2025-01-03T22:30:00Z","water_level",0.153607224608983,"m"
"S01","2025-01-03T22:35:00Z","water_level",0.0901308957147224,"m"
"S01","2025-01-03T22:40:00Z","water_level",0.117478570754299,"m"
"S01","2025-01-03T22:45:00Z","water_level",0.457329398127364,"m"
"S01","2025-01-03T22:50:00Z","water_level",0.201851250812337,"m"
"S01","2025-01-03T22:55:00Z","water_level",0.484414857998587,"m"
"S01","2024-12-31T23:00:00Z","soil_moisture",40.7572568282454,"%"
"S01","2024-12-31T23:05:00Z","soil_moisture",28.8079815160251,"%"
"S01","2024-12-31T23:10:00Z","soil_moisture",6.21049100813369,"%"
"S01","2024-12-31T23:15:00Z","soil_moisture",18.3308612532671,"%"
"S01","2024-12-31T23:20:00Z","soil_moisture",33.5900136238031,"%"
"S01","2024-12-31T23:25:00Z","soil_moisture",49.7497925444245,"%"
"S01","2024-12-31T23:30:00Z","soil_moisture",49.6649819526907,"%"
"S01","2024-12-31T23:35:00Z","soil_moisture",23.2921946954158,"%"
"S01","2024-12-31T23:40:00Z","soil_moisture",1.71908958967347,"%"
"S01","2024-12-31T23:45:00Z","soil_moisture",31.914433750397,"%"
"S01","2024-12-31T23:50:00Z","soil_moisture",40.6884536265359,"%"
"S01","2024-12-31T23:55:00Z","soil_moisture",9.50034037003038,"%"
"S01","2025-01-01T00:00:00Z","soil_moisture",9.49228706444464,"%"
"S01","2025-01-01T00:05:00Z","soil_moisture",25.221570945652,"%"
"S01","2025-01-01T00:10:00Z","soil_moisture",10.5071686168776,"%"
"S01","2025-01-01T00:15:00Z","soil_moisture",15.477628395317,"%"
"S01","2025-01-01T00:20:00Z","soil_moisture",8.59079675333422,"%"
"S01","2025-01-01T00:25:00Z","soil_moisture",12.2954319173791,"%"
"S01","2025-01-01T00:30:00Z","soil_moisture",5.51663462129559,"%"
"S01","2025-01-01T00:35:00Z","soil_moisture",2.33125996386896,"%"
"S01","2025-01-01T00:40:00Z","soil_moisture",7.34989847889896,"%"
"S01","2025-01-01T00:45:00Z","soil_moisture",25.3728921249484,"%"
"S01","2025-01-01T00:50:00Z","soil_moisture",28.1966922023053,"%"
"S01","2025-01-01T00:55:00Z","soil_moisture",32.469399900231,"%"
"S01","2025-01-01T01:00:00Z","soil_moisture",10.3450443995737,"%"
"S01","2025-01-01T01:05:00Z","soil_moisture",12.6505555796361,"%"
"S01","2025-01-01T01:10:00Z","soil_moisture",0.992996263982281,"%"
"S01","2025-01-01T01:15:00Z","soil_moisture",4.01082528595309,"%"
"S01","2025-01-01T01:20:00Z","soil_moisture",15.4214622309669,"%"
"S01","2025-01-01T01:25:00Z","soil_moisture",35.8032545225004,"%"
"S01","2025-01-01T01:30:00Z","soil_moisture",27.4599237748509,"%"
"S01","2025-01-01T01:35:00Z","soil_moisture",34.7140999196027,"%"
"S01","2025-01-01T01:40:00Z","soil_moisture",16.4845081793772,"%"
"S01","2025-01-01T01:45:00Z","soil_moisture",9.50747518170868,"%"
"S01","2025-01-01T01:50:00Z","soil_moisture",26.6633829824042,"%"
"S01","2025-01-01T01:55:00Z","soil_moisture",20.6674018221757,"%"
"S01","2025-01-01T02:00:00Z","soil_moisture",10.8453482327178,"%"
"S01","2025-01-01T02:05:00Z","soil_moisture",18.0066615169386,"%"
"S01","2025-01-01T02:10:00Z","soil_moisture",16.831780956736,"%"
"S01","2025-01-01T02:15:00Z","soil_moisture",50.9065976088058,"%"
"S01","2025-01-01T02:20:00Z","soil_moisture",36.9541056504353,"%"
"S01","2025-01-01T02:25:00Z","soil_moisture",23.9723993949915,"%"
"S01","2025-01-01T02:30:00Z","soil_moisture",18.6942269950907,"%"
"S01","2025-01-01T02:35:00Z","soil_moisture",23.2175397089737,"%"
"S01","2025-01-01T02:40:00Z","soil_moisture",22.1666395320908,"%"
"S01","2025-01-01T02:45:00Z","soil_moisture",20.2443506897017,"%"
"S01","2025-01-01T02:50:00Z","soil_moisture",37.3556675224369,"%"
"S01","2025-01-01T02:55:00Z","soil_moisture",33.9110765152662,"%"
"S01","2025-01-01T03:00:00Z","soil_moisture",15.3791485435568,"%"
"S01","2025-01-01T03:05:00Z","soil_moisture",15.1671817792449,"%"
"S01","2025-01-01T03:10:00Z","soil_moisture",26.0936366169068,"%"
"S01","2025-01-01T03:15:00Z","soil_moisture",50.4547712924794,"%"
"S01","2025-01-01T03:20:00Z","soil_moisture",61.1954868727086,"%"
"S01","2025-01-01T03:25:00Z","soil_moisture",34.5962662358216,"%"
"S01","2025-01-01T03:30:00Z","soil_moisture",56.3585983469826,"%"
"S01","2025-01-01T03:35:00Z","soil_moisture",34.3376952669974,"%"
"S01","2025-01-01T03:40:00Z","soil_moisture",45.22000854243,"%"
"S01","2025-01-01T03:45:00Z","soil_moisture",19.258073656873,"%"
"S01","2025-01-01T03:50:00Z","soil_moisture",30.2931619220085,"%"
"S01","2025-01-01T03:55:00Z","soil_moisture",16.2756917706494,"%"
"S01","2025-01-01T04:00:00Z","soil_moisture",15.9563207868458,"%"
"S01","2025-01-01T04:05:00Z","soil_moisture",35.892322555586,"%"
"S01","2025-01-01T04:10:00Z","soil_moisture",41.8993876453615,"%"
"S01","2025-01-01T04:15:00Z","soil_moisture",16.3882903137596,"%"
"S01","2025-01-01T04:20:00Z","soil_moisture",39.9615051077529,"%"
"S01","2025-01-01T04:25:00Z","soil_moisture",49.416112942662,"%"
"S01","2025-01-01T04:30:00Z","soil_moisture",47.4479001002794,"%"
"S01","2025-01-01T04:35:00Z","soil_moisture",67.1749809359215,"%"
"S01","2025-01-01T04:40:00Z","soil_moisture",19.1255633190664,"%"
"S01","2025-01-01T04:45:00Z","soil_moisture",34.2275153536289,"%"
"S01","2025-01-01T04:50:00Z","soil_moisture",15.8728094501071,"%"
"S01","2025-01-01T04:55:00Z","soil_moisture",13.9897133094275,"%"
"S01","2025-01-01T05:00:00Z","soil_moisture",7.72117102838745,"%"
"S01","2025-01-01T05:05:00Z","soil_moisture",8.55272312800212,"%"
"S01","2025-01-01T05:10:00Z","soil_moisture",7.06563292935404,"%"
"S01","2025-01-01T05:15:00Z","soil_moisture",22.6466501952536,"%"
"S01","2025-01-01T05:20:00Z","soil_moisture",52.0682545752184,"%"
"S01","2025-01-01T05:25:00Z","soil_moisture",38.61056572024,"%"
"S01","2025-01-01T05:30:00Z","soil_moisture",9.56637465739916,"%"
"S01","2025-01-01T05:35:00Z","soil_moisture",19.008242186415,"%"
"S01","2025-01-01T05:40:00Z","soil_moisture",20.556550637797,"%"
"S01","2025-01-01T05:45:00Z","soil_moisture",21.7663613130698,"%"
"S01","2025-01-01T05:50:00Z","soil_moisture",30.7292073054422,"%"
"S01","2025-01-01T05:55:00Z","soil_moisture",22.055506495418,"%"
"S01","2025-01-01T06:00:00Z","soil_moisture",23.4502149311448,"%"
"S01","2025-01-01T06:05:00Z","soil_moisture",31.7160281300092,"%"
"S01","2025-01-01T06:10:00Z","soil_moisture",13.1889961822485,"%"
"S01","2025-01-01T06:15:00Z","soil_moisture",38.8792505755808,"%"
"S01","2025-01-01T06:20:00Z","soil_moisture",12.6181349806061,"%"
"S01","2025-01-01T06:25:00Z","soil_moisture",9.44904847173032,"%"
"S01","2025-01-01T06:30:00Z","soil_moisture",17.5835356890947,"%"
"S01","2025-01-01T06:35:00Z","soil_moisture",35.3628150182911,"%"
"S01","2025-01-01T06:40:00Z","soil_moisture",18.9331668975456,"%"
"S01","2025-01-01T06:45:00Z","soil_moisture",21.3745189525754,"%"
"S01","2025-01-01T06:50:00Z","soil_moisture",15.3078278796372,"%"
"S01","2025-01-01T06:55:00Z","soil_moisture",56.2167111823083,"%"
"S01","2025-01-01T07:00:00Z","soil_moisture",63.0555892104584,"%"
"S01","2025-01-01T07:05:00Z","soil_moisture",54.4779452574703,"%"
"S01","2025-01-01T07:10:00Z","soil_moisture",46.1034099895406,"%"
"S01","2025-01-01T07:15:00Z","soil_moisture",10.1793210113417,"%"
"S01","2025-01-01T07:20:00Z","soil_moisture",9.7203816839561,"%"
"S01","2025-01-01T07:25:00Z","soil_moisture",23.2473326669674,"%"
"S01","2025-01-01T07:30:00Z","soil_moisture",36.3226687881873,"%"
"S01","2025-01-01T07:35:00Z","soil_moisture",24.2798649955597,"%"
"S01","2025-01-01T07:40:00Z","soil_moisture",31.6269498245463,"%"
"S01","2025-01-01T07:45:00Z","soil_moisture",11.4079487997551,"%"
"S01","2025-01-01T07:50:00Z","soil_moisture",12.2551343889262,"%"
"S01","2025-01-01T07:55:00Z","soil_moisture",21.5904816330561,"%"
"S01","2025-01-01T08:00:00Z","soil_moisture",27.5721114917723,"%"
"S01","2025-01-01T08:05:00Z","soil_moisture",11.471797492845,"%"
"S01","2025-01-01T08:10:00Z","soil_moisture",22.6529362902173,"%"
"S01","2025-01-01T08:15:00Z","soil_moisture",37.9900604720687,"%"
"S01","2025-01-01T08:20:00Z","soil_moisture",25.0303044486671,"%"
"S01","2025-01-01T08:25:00Z","soil_moisture",60.760715004666,"%"
"S01","2025-01-01T08:30:00Z","soil_moisture",37.1239311603017,"%"
"S01","2025-01-01T08:35:00Z","soil_moisture",63.2941936337021,"%"
"S01","2025-01-01T08:40:00Z","soil_moisture",16.9897101591266,"%"
"S01","2025-01-01T08:45:00Z","soil_moisture",9.80040696166838,"%"
"S01","2025-01-01T08:50:00Z","soil_moisture",7.24166863318407,"%"
"S01","2025-01-01T08:55:00Z","soil_moisture",15.4119286518279,"%"
"S01","2025-01-01T09:00:00Z","soil_moisture",17.5145891027615,"%"
"S01","2025-01-01T09:05:00Z","soil_moisture",10.6049184792759,"%"
"S01","2025-01-01T09:10:00Z","soil_moisture",6.00355193790411,"%"
"S01","2025-01-01T09:15:00Z","soil_moisture",8.79524561054525,"%"
"S01","2025-01-01T09:20:00Z","soil_moisture",18.4648507567879,"%"
"S01","2025-01-01T09:25:00Z","soil_moisture",14.1464523828677,"%"
"S01","2025-01-01T09:30:00Z","soil_moisture",34.4937125101408,"%"
"S01","2025-01-01T09:35:00Z","soil_moisture",21.8097996778459,"%"
"S01","2025-01-01T09:40:00Z","soil_moisture",1.64160164550452,"%"
"S01","2025-01-01T09:45:00Z","soil_moisture",3.79834422912988,"%"
"S01","2025-01-01T09:50:00Z","soil_moisture",16.0313149336066,"%"
"S01","2025-01-01T09:55:00Z","soil_moisture",25.5839876017328,"%"
"S01","2025-01-01T10:00:00Z","soil_moisture",22.0731672652235,"%"
"S01","2025-01-01T10:05:00Z","soil_moisture",36.467080046816,"%"
"S01","2025-01-01T10:10:00Z","soil_moisture",26.8728297633953,"%"
"S01","2025-01-01T10:15:00Z","soil_moisture",40.2984404604322,"%"
"S01","2025-01-01T10:20:00Z","soil_moisture",20.6713342474602,"%"
"S01","2025-01-01T10:25:00Z","soil_moisture",14.9735167443028,"%"
"S01","2025-01-01T10:30:00Z","soil_moisture",15.5295439173709,"%"
"S01","2025-01-01T10:35:00Z","soil_moisture",10.9386416973214,"%"
"S01","2025-01-01T10:40:00Z","soil_moisture",14.5250343147528,"%"
"S01","2025-01-01T10:45:00Z","soil_moisture",50.5539495825362,"%"
"S01","2025-01-01T10:50:00Z","soil_moisture",30.0995416470344,"%"
"S01","2025-01-01T10:55:00Z","soil_moisture",55.248162445831,"%"
"S01","2025-01-01T11:00:00Z","soil_moisture",47.2069795471769,"%"
"S01","2025-01-01T11:05:00Z","soil_moisture",65.1207322373739,"%"
"S01","2025-01-01T11:10:00Z","soil_moisture",45.8301822622638,"%"
"S01","2025-01-01T11:15:00Z","soil_moisture",48.4092323328406,"%"
"S01","2025-01-01T11:20:00Z","soil_moisture",18.4066961457745,"%"
"S01","2025-01-01T11:25:00Z","soil_moisture",31.3153436884415,"%"
"S01","2025-01-01T11:30:00Z","soil_moisture",11.1694423282121,"%"
"S01","2025-01-01T11:35:00Z","soil_moisture",19.1660588664689,"%"
"S01","2025-01-01T11:40:00Z","soil_moisture",8.96449825231275,"%"
"S01","2025-01-01T11:45:00Z","soil_moisture",7.77244093702565,"%"
"S01","2025-01-01T11:50:00Z","soil_moisture",28.0259038798946,"%"
"S01","2025-01-01T11:55:00Z","soil_moisture",16.5284618946143,"%"
"S01","2025-01-01T12:00:00Z","soil_moisture",10.3266730363361,"%"
"S01","2025-01-01T12:05:00Z","soil_moisture",9.46451738148067,"%"
"S01","2025-01-01T12:10:00Z","soil_moisture",10.8395589163154,"%"
"S01","2025-01-01T12:15:00Z","soil_moisture",8.12751501091799,"%"
"S01","2025-01-01T12:20:00Z","soil_moisture",5.36030377297362,"%"
"S01","2025-01-01T12:25:00Z","soil_moisture",1.57621325162535,"%"
"S01","2025-01-01T12:30:00Z","soil_moisture",5.283234371163,"%"
"S01","2025-01-01T12:35:00Z","soil_moisture",4.19237125413143,"%"
"S01","2025-01-01T12:40:00Z","soil_moisture",3.02528685167333,"%"
"S01","2025-01-01T12:45:00Z","soil_moisture",2.92815900044517,"%"
"S01","2025-01-01T12:50:00Z","soil_moisture",23.1759371531969,"%"
"S01","2025-01-01T12:55:00Z","soil_moisture",30.4916513821357,"%"
"S01","2025-01-01T13:00:00Z","soil_moisture",27.6477826957229,"%"
"S01","2025-01-01T13:05:00Z","soil_moisture",22.2119403393594,"%"
"S01","2025-01-01T13:10:00Z","soil_moisture",38.2969636792778,"%"
"S01","2025-01-01T13:15:00Z","soil_moisture",23.2741182109273,"%"
"S01","2025-01-01T13:20:00Z","soil_moisture",31.7543749190926,"%"
"S01","2025-01-01T13:25:00Z","soil_moisture",18.6550052914651,"%"
"S01","2025-01-01T13:30:00Z","soil_moisture",25.8343513664044,"%"
"S01","2025-01-01T13:35:00Z","soil_moisture",55.7022710680227,"%"
"S01","2025-01-01T13:40:00Z","soil_moisture",54.9713976995274,"%"
"S01","2025-01-01T13:45:00Z","soil_moisture",20.6356891551061,"%"
"S01","2025-01-01T13:50:00Z","soil_moisture",25.2194905827306,"%"
"S01","2025-01-01T13:55:00Z","soil_moisture",27.726187049781,"%"
"S01","2025-01-01T14:00:00Z","soil_moisture",27.0895796504388,"%"
"S01","2025-01-01T14:05:00Z","soil_moisture",18.6371668500658,"%"
"S01","2025-01-01T14:10:00Z","soil_moisture",36.7292788316848,"%"
"S01","2025-01-01T14:15:00Z","soil_moisture",28.866088642474,"%"
"S01","2025-01-01T14:20:00Z","soil_moisture",44.408880218079,"%"
"S01","2025-01-01T14:25:00Z","soil_moisture",12.1454339039191,"%"
"S01","2025-01-01T14:30:00Z","soil_moisture",20.7220740226248,"%"
"S01","2025-01-01T14:35:00Z","soil_moisture",35.7656240632355,"%"
"S01","2025-01-01T14:40:00Z","soil_moisture",23.9536256790379,"%"
"S01","2025-01-01T14:45:00Z","soil_moisture",31.578019530545,"%"
"S01","2025-01-01T14:50:00Z","soil_moisture",52.5919979165029,"%"
"S01","2025-01-01T14:55:00Z","soil_moisture",32.6072561291579,"%"
"S01","2025-01-01T15:00:00Z","soil_moisture",23.1642350701852,"%"
"S01","2025-01-01T15:05:00Z","soil_moisture",26.8517410704697,"%"
"S01","2025-01-01T15:10:00Z","soil_moisture",42.6334253417583,"%"
"S01","2025-01-01T15:15:00Z","soil_moisture",36.8880841477587,"%"
"S01","2025-01-01T15:20:00Z","soil_moisture",35.2686113458364,"%"
"S01","2025-01-01T15:25:00Z","soil_moisture",41.7297985548775,"%"
"S01","2025-01-01T15:30:00Z","soil_moisture",17.6673748405679,"%"
"S01","2025-01-01T15:35:00Z","soil_moisture",29.9657219907559,"%"
"S01","2025-01-01T15:40:00Z","soil_moisture",48.9630480713672,"%"
"S01","2025-01-01T15:45:00Z","soil_moisture",55.4680971531959,"%"
"S01","2025-01-01T15:50:00Z","soil_moisture",21.9088652592534,"%"
"S01","2025-01-01T15:55:00Z","soil_moisture",19.9482423304479,"%"
"S01","2025-01-01T16:00:00Z","soil_moisture",25.546065672433,"%"
"S01","2025-01-01T16:05:00Z","soil_moisture",52.461378911526,"%"
"S01","2025-01-01T16:10:00Z","soil_moisture",46.7916120713789,"%"
"S01","2025-01-01T16:15:00Z","soil_moisture",40.5329039141855,"%"
"S01","2025-01-01T16:20:00Z","soil_moisture",32.8407812776746,"%"
"S01","2025-01-01T16:25:00Z","soil_moisture",42.7525855394308,"%"
"S01","2025-01-01T16:30:00Z","soil_moisture",21.0861986364294,"%"
"S01","2025-01-01T16:35:00Z","soil_moisture",18.9675869417927,"%"
"S01","2025-01-01T16:40:00Z","soil_moisture",18.4286933003569,"%"
"S01","2025-01-01T16:45:00Z","soil_moisture",40.6658682318276,"%"
"S01","2025-01-01T16:50:00Z","soil_moisture",27.9761248111632,"%"
"S01","2025-01-01T16:55:00Z","soil_moisture",37.5640381235652,"%"
"S01","2025-01-01T17:00:00Z","soil_moisture",37.8121136033126,"%"
"S01","2025-01-01T17:05:00Z","soil_moisture",4.80589996900366,"%"
"S01","2025-01-01T17:10:00Z","soil_moisture",17.9202478181316,"%"
"S01","2025-01-01T17:15:00Z","soil_moisture",41.9719148939226,"%"
"S01","2025-01-01T17:20:00Z","soil_moisture",28.7910085690273,"%"
"S01","2025-01-01T17:25:00Z","soil_moisture",35.661952881531,"%"
"S01","2025-01-01T17:30:00Z","soil_moisture",30.5087032132469,"%"
"S01","2025-01-01T17:35:00Z","soil_moisture",32.9986719828429,"%"
"S01","2025-01-01T17:40:00Z","soil_moisture",37.2670733530623,"%"
"S01","2025-01-01T17:45:00Z","soil_moisture",38.3935293059356,"%"
"S01","2025-01-01T17:50:00Z","soil_moisture",9.38786159259069,"%"
"S01","2025-01-01T17:55:00Z","soil_moisture",39.5542283786364,"%"
"S01","2025-01-01T18:00:00Z","soil_moisture",52.412068564147,"%"
"S01","2025-01-01T18:05:00Z","soil_moisture",35.6543456266391,"%"
"S01","2025-01-01T18:10:00Z","soil_moisture",22.8109920336225,"%"
"S01","2025-01-01T18:15:00Z","soil_moisture",37.8468425176197,"%"
"S01","2025-01-01T18:20:00Z","soil_moisture",50.3887037025043,"%"
"S01","2025-01-01T18:25:00Z","soil_moisture",19.0663816853126,"%"
"S01","2025-01-01T18:30:00Z","soil_moisture",3.66101777032059,"%"
"S01","2025-01-01T18:35:00Z","soil_moisture",8.95296701203064,"%"
"S01","2025-01-01T18:40:00Z","soil_moisture",12.9801206634863,"%"
"S01","2025-01-01T18:45:00Z","soil_moisture",12.4415844867661,"%"
"S01","2025-01-01T18:50:00Z","soil_moisture",12.2977113240844,"%"
"S01","2025-01-01T18:55:00Z","soil_moisture",7.08684304324185,"%"
"S01","2025-01-01T19:00:00Z","soil_moisture",7.96824548771399,"%"
"S01","2025-01-01T19:05:00Z","soil_moisture",27.3367376855309,"%"
"S01","2025-01-01T19:10:00Z","soil_moisture",40.5939198989056,"%"
"S01","2025-01-01T19:15:00Z","soil_moisture",36.2160782520628,"%"
"S01","2025-01-01T19:20:00Z","soil_moisture",22.3112605809317,"%"
"S01","2025-01-01T19:25:00Z","soil_moisture",37.6849830528669,"%"
"S01","2025-01-01T19:30:00Z","soil_moisture",32.7830369290507,"%"
"S01","2025-01-01T19:35:00Z","soil_moisture",33.3203736620788,"%"
"S01","2025-01-01T19:40:00Z","soil_moisture",47.3327171627691,"%"
"S01","2025-01-01T19:45:00Z","soil_moisture",29.6272578738173,"%"
"S01","2025-01-01T19:50:00Z","soil_moisture",40.6143637348882,"%"
"S01","2025-01-01T19:55:00Z","soil_moisture",12.4287225073833,"%"
"S01","2025-01-01T20:00:00Z","soil_moisture",23.2078963529388,"%"
"S01","2025-01-01T20:05:00Z","soil_moisture",26.1343604042175,"%"
"S01","2025-01-01T20:10:00Z","soil_moisture",10.0466345301833,"%"
"S01","2025-01-01T20:15:00Z","soil_moisture",5.63765208339142,"%"
"S01","2025-01-01T20:20:00Z","soil_moisture",9.46361662853115,"%"
"S01","2025-01-01T20:25:00Z","soil_moisture",3.55362967251655,"%"
"S01","2025-01-01T20:30:00Z","soil_moisture",25.183389900067,"%"
"S01","2025-01-01T20:35:00Z","soil_moisture",23.8484856240577,"%"
"S01","2025-01-01T20:40:00Z","soil_moisture",44.691167092454,"%"
"S01","2025-01-01T20:45:00Z","soil_moisture",25.2109502445238,"%"
"S01","2025-01-01T20:50:00Z","soil_moisture",26.9850787348376,"%"
"S01","2025-01-01T20:55:00Z","soil_moisture",27.3544112630283,"%"
"S01","2025-01-01T21:00:00Z","soil_moisture",10.3422495883656,"%"
"S01","2025-01-01T21:05:00Z","soil_moisture",29.9420777350704,"%"
"S01","2025-01-01T21:10:00Z","soil_moisture",36.3901020233437,"%"
"S01","2025-01-01T21:15:00Z","soil_moisture",54.5568676398916,"%"
"S01","2025-01-01T21:20:00Z","soil_moisture",74.4475200833285,"%"
"S01","2025-01-01T21:25:00Z","soil_moisture",52.7604542566709,"%"
"S01","2025-01-01T21:30:00Z","soil_moisture",41.7603346634181,"%"
"S01","2025-01-01T21:35:00Z","soil_moisture",74.6725022980868,"%"
"S01","2025-01-01T21:40:00Z","soil_moisture",33.0946592901957,"%"
"S01","2025-01-01T21:45:00Z","soil_moisture",28.4304398134223,"%"
"S01","2025-01-01T21:50:00Z","soil_moisture",21.4287894666271,"%"
"S01","2025-01-01T21:55:00Z","soil_moisture",18.5969705700404,"%"
"S01","2025-01-01T22:00:00Z","soil_moisture",23.1201362461619,"%"
"S01","2025-01-01T22:05:00Z","soil_moisture",40.3095005035666,"%"
"S01","2025-01-01T22:10:00Z","soil_moisture",50.5732633964674,"%"
"S01","2025-01-01T22:15:00Z","soil_moisture",65.1010003984621,"%"
"S01","2025-01-01T22:20:00Z","soil_moisture",74.9164926030001,"%"
"S01","2025-01-01T22:25:00Z","soil_moisture",30.4769277478275,"%"
"S01","2025-01-01T22:30:00Z","soil_moisture",6.11459832962478,"%"
"S01","2025-01-01T22:35:00Z","soil_moisture",43.1748194186703,"%"
"S01","2025-01-01T22:40:00Z","soil_moisture",45.350615714955,"%"
"S01","2025-01-01T22:45:00Z","soil_moisture",48.8918272285076,"%"
"S01","2025-01-01T22:50:00Z","soil_moisture",62.5680365881999,"%"
"S01","2025-01-01T22:55:00Z","soil_moisture",66.6300851696626,"%"
"S01","2025-01-01T23:00:00Z","soil_moisture",41.7684374169091,"%"
"S01","2025-01-01T23:05:00Z","soil_moisture",48.2533222981643,"%"
"S01","2025-01-01T23:10:00Z","soil_moisture",29.1072564993109,"%"
"S01","2025-01-01T23:15:00Z","soil_moisture",34.8215890021395,"%"
"S01","2025-01-01T23:20:00Z","soil_moisture",18.4231676329925,"%"
"S01","2025-01-01T23:25:00Z","soil_moisture",16.332937663763,"%"
"S01","2025-01-01T23:30:00Z","soil_moisture",9.13165598337888,"%"
"S01","2025-01-01T23:35:00Z","soil_moisture",32.6383786632194,"%"
"S01","2025-01-01T23:40:00Z","soil_moisture",22.2470019554903,"%"
"S01","2025-01-01T23:45:00Z","soil_moisture",37.078331314418,"%"
"S01","2025-01-01T23:50:00Z","soil_moisture",53.4417060063674,"%"
"S01","2025-01-01T23:55:00Z","soil_moisture",30.0449038871714,"%"
"S01","2025-01-02T00:00:00Z","soil_moisture",23.6839713490016,"%"
"S01","2025-01-02T00:05:00Z","soil_moisture",17.0685914278367,"%"
"S01","2025-01-02T00:10:00Z","soil_moisture",4.0376409786039,"%"
"S01","2025-01-02T00:15:00Z","soil_moisture",27.2493375773391,"%"
"S01","2025-01-02T00:20:00Z","soil_moisture",41.0403565395387,"%"
"S01","2025-01-02T00:25:00Z","soil_moisture",40.0916798339005,"%"
"S01","2025-01-02T00:30:00Z","soil_moisture",8.83460536245128,"%"
"S01","2025-01-02T00:35:00Z","soil_moisture",14.0998330331821,"%"
"S01","2025-01-02T00:40:00Z","soil_moisture",27.1117071059173,"%"
"S01","2025-01-02T00:45:00Z","soil_moisture",22.5752013707145,"%"
"S01","2025-01-02T00:50:00Z","soil_moisture",9.437051263013,"%"
"S01","2025-01-02T00:55:00Z","soil_moisture",17.310989876177,"%"
"S01","2025-01-02T01:00:00Z","soil_moisture",10.2270836336405,"%"
"S01","2025-01-02T01:05:00Z","soil_moisture",19.1820096464722,"%"
"S01","2025-01-02T01:10:00Z","soil_moisture",19.5484141860416,"%"
"S01","2025-01-02T01:15:00Z","soil_moisture",12.7600497451045,"%"
"S01","2025-01-02T01:20:00Z","soil_moisture",16.3149357585381,"%"
"S01","2025-01-02T01:25:00Z","soil_moisture",43.533518872613,"%"
"S01","2025-01-02T01:30:00Z","soil_moisture",27.6569179681621,"%"
"S01","2025-01-02T01:35:00Z","soil_moisture",41.1213565332252,"%"
"S01","2025-01-02T01:40:00Z","soil_moisture",60.0023853194806,"%"
"S01","2025-01-02T01:45:00Z","soil_moisture",22.5441125053178,"%"
"S01","2025-01-02T01:50:00Z","soil_moisture",11.4358111939633,"%"
"S01","2025-01-02T01:55:00Z","soil_moisture",19.0105009753046,"%"
"S01","2025-01-02T02:00:00Z","soil_moisture",30.4973723534166,"%"
"S01","2025-01-02T02:05:00Z","soil_moisture",50.9373530056038,"%"
"S01","2025-01-02T02:10:00Z","soil_moisture",40.6944896915258,"%"
"S01","2025-01-02T02:15:00Z","soil_moisture",39.1062532059978,"%"
"S01","2025-01-02T02:20:00Z","soil_moisture",9.39130962798184,"%"
"S01","2025-01-02T02:25:00Z","soil_moisture",7.61948597104556,"%"
"S01","2025-01-02T02:30:00Z","soil_moisture",0.716168249611483,"%"
"S01","2025-01-02T02:35:00Z","soil_moisture",1.86822853807551,"%"
"S01","2025-01-02T02:40:00Z","soil_moisture",3.32755153157874,"%"
"S01","2025-01-02T02:45:00Z","soil_moisture",33.0969873130725,"%"
"S01","2025-01-02T02:50:00Z","soil_moisture",50.0021463820643,"%"
"S01","2025-01-02T02:55:00Z","soil_moisture",37.5765371977169,"%"
"S01","2025-01-02T03:00:00Z","soil_moisture",24.4275014401632,"%"
"S01","2025-01-02T03:05:00Z","soil_moisture",30.5864511896714,"%"
"S01","2025-01-02T03:10:00Z","soil_moisture",21.2524299955954,"%"
"S01","2025-01-02T03:15:00Z","soil_moisture",13.4545898962247,"%"
"S01","2025-01-02T03:20:00Z","soil_moisture",14.3551879359424,"%"
"S01","2025-01-02T03:25:00Z","soil_moisture",20.0884249818022,"%"
"S01","2025-01-02T03:30:00Z","soil_moisture",18.1059780091722,"%"
"S01","2025-01-02T03:35:00Z","soil_moisture",23.7657044943763,"%"
"S01","2025-01-02T03:40:00Z","soil_moisture",21.6385529638884,"%"
"S01","2025-01-02T03:45:00Z","soil_moisture",1.48316071327791,"%"
"S01","2025-01-02T03:50:00Z","soil_moisture",1.93435044830616,"%"
"S01","2025-01-02T03:55:00Z","soil_moisture",13.102755312267,"%"
"S01","2025-01-02T04:00:00Z","soil_moisture",16.1556181918544,"%"
"S01","2025-01-02T04:05:00Z","soil_moisture",33.3048669568156,"%"
"S01","2025-01-02T04:10:00Z","soil_moisture",14.3119831628344,"%"
"S01","2025-01-02T04:15:00Z","soil_moisture",19.4797326869212,"%"
"S01","2025-01-02T04:20:00Z","soil_moisture",15.1133899562243,"%"
"S01","2025-01-02T04:25:00Z","soil_moisture",19.6050890012986,"%"
"S01","2025-01-02T04:30:00Z","soil_moisture",1.54622853445862,"%"
"S01","2025-01-02T04:35:00Z","soil_moisture",12.7873103339417,"%"
"S01","2025-01-02T04:40:00Z","soil_moisture",16.2898572280021,"%"
"S01","2025-01-02T04:45:00Z","soil_moisture",28.872235014144,"%"
"S01","2025-01-02T04:50:00Z","soil_moisture",7.01941875639757,"%"
"S01","2025-01-02T04:55:00Z","soil_moisture",26.001040357298,"%"
"S01","2025-01-02T05:00:00Z","soil_moisture",7.77490581486141,"%"
"S01","2025-01-02T05:05:00Z","soil_moisture",14.5318073550893,"%"
"S01","2025-01-02T05:10:00Z","soil_moisture",20.67409203157,"%"
"S01","2025-01-02T05:15:00Z","soil_moisture",14.0081547689203,"%"
"S01","2025-01-02T05:20:00Z","soil_moisture",1.56249376015322,"%"
"S01","2025-01-02T05:25:00Z","soil_moisture",3.06127011312682,"%"
"S01","2025-01-02T05:30:00Z","soil_moisture",34.621503973354,"%"
"S01","2025-01-02T05:35:00Z","soil_moisture",20.5885705601427,"%"
"S01","2025-01-02T05:40:00Z","soil_moisture",19.1016394488995,"%"
"S01","2025-01-02T05:45:00Z","soil_moisture",17.5040871314764,"%"
"S01","2025-01-02T05:50:00Z","soil_moisture",19.4761167044161,"%"
"S01","2025-01-02T05:55:00Z","soil_moisture",7.67211820821944,"%"
"S01","2025-01-02T06:00:00Z","soil_moisture",22.220287321722,"%"
"S01","2025-01-02T06:05:00Z","soil_moisture",12.3808744077823,"%"
"S01","2025-01-02T06:10:00Z","soil_moisture",6.25850424228392,"%"
"S01","2025-01-02T06:15:00Z","soil_moisture",6.31649207092021,"%"
"S01","2025-01-02T06:20:00Z","soil_moisture",4.549299634727,"%"
"S01","2025-01-02T06:25:00Z","soil_moisture",21.490475572945,"%"
"S01","2025-01-02T06:30:00Z","soil_moisture",8.55750451610762,"%"
"S01","2025-01-02T06:35:00Z","soil_moisture",12.7655673195818,"%"
"S01","2025-01-02T06:40:00Z","soil_moisture",9.42647139019612,"%"
"S01","2025-01-02T06:45:00Z","soil_moisture",9.84029156728763,"%"
"S01","2025-01-02T06:50:00Z","soil_moisture",27.7646292135034,"%"
"S01","2025-01-02T06:55:00Z","soil_moisture",10.401770695614,"%"
"S01","2025-01-02T07:00:00Z","soil_moisture",4.01731719433573,"%"
"S01","2025-01-02T07:05:00Z","soil_moisture",28.5443385725832,"%"
"S01","2025-01-02T07:10:00Z","soil_moisture",20.0431208775809,"%"
"S01","2025-01-02T07:15:00Z","soil_moisture",8.10276736184047,"%"
"S01","2025-01-02T07:20:00Z","soil_moisture",7.20322619529488,"%"
"S01","2025-01-02T07:25:00Z","soil_moisture",20.1058536491643,"%"
"S01","2025-01-02T07:30:00Z","soil_moisture",5.29230914556139,"%"
"S01","2025-01-02T07:35:00Z","soil_moisture",11.1211642324306,"%"
"S01","2025-01-02T07:40:00Z","soil_moisture",14.7933748426241,"%"
"S01","2025-01-02T07:45:00Z","soil_moisture",8.0372634867854,"%"
"S01","2025-01-02T07:50:00Z","soil_moisture",5.08558518226998,"%"
"S01","2025-01-02T07:55:00Z","soil_moisture",0.465636772478596,"%"
"S01","2025-01-02T08:00:00Z","soil_moisture",18.1895906832888,"%"
"S01","2025-01-02T08:05:00Z","soil_moisture",8.23832954780521,"%"
"S01","2025-01-02T08:10:00Z","soil_moisture",15.3571091978844,"%"
"S01","2025-01-02T08:15:00Z","soil_moisture",14.6309116569672,"%"
"S01","2025-01-02T08:20:00Z","soil_moisture",32.6893247186422,"%"
"S01","2025-01-02T08:25:00Z","soil_moisture",38.7934678723445,"%"
"S01","2025-01-02T08:30:00Z","soil_moisture",3.4200075340292,"%"
"S01","2025-01-02T08:35:00Z","soil_moisture",18.0963788645865,"%"
"S01","2025-01-02T08:40:00Z","soil_moisture",21.8999026654986,"%"
"S01","2025-01-02T08:45:00Z","soil_moisture",47.3065305655085,"%"
"S01","2025-01-02T08:50:00Z","soil_moisture",57.6724394256294,"%"
"S01","2025-01-02T08:55:00Z","soil_moisture",47.7937220286864,"%"
"S01","2025-01-02T09:00:00Z","soil_moisture",73.7285584002989,"%"
"S01","2025-01-02T09:05:00Z","soil_moisture",41.8100603226437,"%"
"S01","2025-01-02T09:10:00Z","soil_moisture",32.0324249890778,"%"
"S01","2025-01-02T09:15:00Z","soil_moisture",31.7460186932279,"%"
"S01","2025-01-02T09:20:00Z","soil_moisture",45.8740122102857,"%"
"S01","2025-01-02T09:25:00Z","soil_moisture",54.21291958081,"%"
"S01","2025-01-02T09:30:00Z","soil_moisture",54.5877246375044,"%"
"S01","2025-01-02T09:35:00Z","soil_moisture",25.8971831350357,"%"
"S01","2025-01-02T09:40:00Z","soil_moisture",51.0654631524633,"%"
"S01","2025-01-02T09:45:00Z","soil_moisture",43.5512638783077,"%"
"S01","2025-01-02T09:50:00Z","soil_moisture",40.3559139317307,"%"
"S01","2025-01-02T09:55:00Z","soil_moisture",34.0982129573688,"%"
"S01","2025-01-02T10:00:00Z","soil_moisture",28.0021544107468,"%"
"S01","2025-01-02T10:05:00Z","soil_moisture",6.48278015967674,"%"
"S01","2025-01-02T10:10:00Z","soil_moisture",9.03850244595684,"%"
"S01","2025-01-02T10:15:00Z","soil_moisture",23.5302174354146,"%"
"S01","2025-01-02T10:20:00Z","soil_moisture",8.83076074496759,"%"
"S01","2025-01-02T10:25:00Z","soil_moisture",14.8401513021567,"%"
"S01","2025-01-02T10:30:00Z","soil_moisture",26.4848551955779,"%"
"S01","2025-01-02T10:35:00Z","soil_moisture",41.7791780635776,"%"
"S01","2025-01-02T10:40:00Z","soil_moisture",43.4637713141756,"%"
"S01","2025-01-02T10:45:00Z","soil_moisture",43.3253135467233,"%"
"S01","2025-01-02T10:50:00Z","soil_moisture",33.0039910188784,"%"
"S01","2025-01-02T10:55:00Z","soil_moisture",46.6006797487297,"%"
"S01","2025-01-02T11:00:00Z","soil_moisture",28.9038212403485,"%"
"S01","2025-01-02T11:05:00Z","soil_moisture",26.9324543363835,"%"
"S01","2025-01-02T11:10:00Z","soil_moisture",37.3960111947129,"%"
"S01","2025-01-02T11:15:00Z","soil_moisture",47.2933142757133,"%"
"S01","2025-01-02T11:20:00Z","soil_moisture",37.7850287909881,"%"
"S01","2025-01-02T11:25:00Z","soil_moisture",24.9760308800174,"%"
"S01","2025-01-02T11:30:00Z","soil_moisture",36.8661350350117,"%"
"S01","2025-01-02T11:35:00Z","soil_moisture",27.0176479364666,"%"
"S01","2025-01-02T11:40:00Z","soil_moisture",34.1588216393861,"%"
"S01","2025-01-02T11:45:00Z","soil_moisture",50.7129815718194,"%"
"S01","2025-01-02T11:50:00Z","soil_moisture",40.8475485830825,"%"
"S01","2025-01-02T11:55:00Z","soil_moisture",26.2412764388421,"%"
"S01","2025-01-02T12:00:00Z","soil_moisture",27.3614065356117,"%"
"S01","2025-01-02T12:05:00Z","soil_moisture",22.3889353388152,"%"
"S01","2025-01-02T12:10:00Z","soil_moisture",37.8162572180849,"%"
"S01","2025-01-02T12:15:00Z","soil_moisture",30.7760362250702,"%"
"S01","2025-01-02T12:20:00Z","soil_moisture",25.8483179798917,"%"
"S01","2025-01-02T12:25:00Z","soil_moisture",34.0561303933041,"%"
"S01","2025-01-02T12:30:00Z","soil_moisture",27.6748602442933,"%"
"S01","2025-01-02T12:35:00Z","soil_moisture",37.718419181316,"%"
"S01","2025-01-02T12:40:00Z","soil_moisture",32.7476181410787,"%"
"S01","2025-01-02T12:45:00Z","soil_moisture",33.1890067534633,"%"
"S01","2025-01-02T12:50:00Z","soil_moisture",11.0121765332853,"%"
"S01","2025-01-02T12:55:00Z","soil_moisture",23.3197154894724,"%"
"S01","2025-01-02T13:00:00Z","soil_moisture",25.0769686378547,"%"
"S01","2025-01-02T13:05:00Z","soil_moisture",36.9961397444992,"%"
"S01","2025-01-02T13:10:00Z","soil_moisture",67.4699438547519,"%"
"S01","2025-01-02T13:15:00Z","soil_moisture",34.9694997903808,"%"
"S01","2025-01-02T13:20:00Z","soil_moisture",6.86476236442223,"%"
"S01","2025-01-02T13:25:00Z","soil_moisture",13.8737052743,"%"
"S01","2025-01-02T13:30:00Z","soil_moisture",20.0895395963053,"%"
"S01","2025-01-02T13:35:00Z","soil_moisture",14.67591556347,"%"
"S01","2025-01-02T13:40:00Z","soil_moisture",29.9604398258117,"%"
"S01","2025-01-02T13:45:00Z","soil_moisture",20.051578849183,"%"
"S01","2025-01-02T13:50:00Z","soil_moisture",25.6790680603066,"%"
"S01","2025-01-02T13:55:00Z","soil_moisture",6.38084151296815,"%"
"S01","2025-01-02T14:00:00Z","soil_moisture",35.821362861119,"%"
"S01","2025-01-02T14:05:00Z","soil_moisture",42.0019025290955,"%"
"S01","2025-01-02T14:10:00Z","soil_moisture",22.0436683247474,"%"
"S01","2025-01-02T14:15:00Z","soil_moisture",31.4219032788714,"%"
"S01","2025-01-02T14:20:00Z","soil_moisture",26.0511379588457,"%"
"S01","2025-01-02T14:25:00Z","soil_moisture",18.2270873748059,"%"
"S01","2025-01-02T14:30:00Z","soil_moisture",34.6969541781112,"%"
"S01","2025-01-02T14:35:00Z","soil_moisture",48.6565823357404,"%"
"S01","2025-01-02T14:40:00Z","soil_moisture",17.4145374074265,"%"
"S01","2025-01-02T14:45:00Z","soil_moisture",24.2709026818632,"%"
"S01","2025-01-02T14:50:00Z","soil_moisture",24.3788398335315,"%"
"S01","2025-01-02T14:55:00Z","soil_moisture",45.8237946211677,"%"
"S01","2025-01-02T15:00:00Z","soil_moisture",8.88098400194409,"%"
"S01","2025-01-02T15:05:00Z","soil_moisture",16.7765888079162,"%"
"S01","2025-01-02T15:10:00Z","soil_moisture",27.2121564851161,"%"
"S01","2025-01-02T15:15:00Z","soil_moisture",40.4767526445082,"%"
"S01","2025-01-02T15:20:00Z","soil_moisture",37.0509688696146,"%"
"S01","2025-01-02T15:25:00Z","soil_moisture",15.3387123340401,"%"
"S01","2025-01-02T15:30:00Z","soil_moisture",19.9785605381685,"%"
"S01","2025-01-02T15:35:00Z","soil_moisture",15.1119204225155,"%"
"S01","2025-01-02T15:40:00Z","soil_moisture",11.8644237115798,"%"
"S01","2025-01-02T15:45:00Z","soil_moisture",2.56444932447827,"%"
"S01","2025-01-02T15:50:00Z","soil_moisture",18.8753915267169,"%"
"S01","2025-01-02T15:55:00Z","soil_moisture",19.6221756928538,"%"
"S01","2025-01-02T16:00:00Z","soil_moisture",17.6377479672009,"%"
"S01","2025-01-02T16:05:00Z","soil_moisture",11.5793899403255,"%"
"S01","2025-01-02T16:10:00Z","soil_moisture",19.0891002012684,"%"
"S01","2025-01-02T16:15:00Z","soil_moisture",39.7397366066569,"%"
"S01","2025-01-02T16:20:00Z","soil_moisture",4.74917637725727,"%"
"S01","2025-01-02T16:25:00Z","soil_moisture",32.4055444515868,"%"
"S01","2025-01-02T16:30:00Z","soil_moisture",48.3022846929643,"%"
"S01","2025-01-02T16:35:00Z","soil_moisture",17.693505856843,"%"
"S01","2025-01-02T16:40:00Z","soil_moisture",20.9379884430998,"%"
"S01","2025-01-02T16:45:00Z","soil_moisture",34.3090623183411,"%"
"S01","2025-01-02T16:50:00Z","soil_moisture",41.3051151091679,"%"
"S01","2025-01-02T16:55:00Z","soil_moisture",37.602271093649,"%"
"S01","2025-01-02T17:00:00Z","soil_moisture",35.1743941289844,"%"
"S01","2025-01-02T17:05:00Z","soil_moisture",34.180322127808,"%"
"S01","2025-01-02T17:10:00Z","soil_moisture",17.1951766498819,"%"
"S01","2025-01-02T17:15:00Z","soil_moisture",39.1939995543646,"%"
"S01","2025-01-02T17:20:00Z","soil_moisture",43.9411986174471,"%"
"S01","2025-01-02T17:25:00Z","soil_moisture",24.1627246353203,"%"
"S01","2025-01-02T17:30:00Z","soil_moisture",17.5284114177738,"%"
"S01","2025-01-02T17:35:00Z","soil_moisture",34.6787865605683,"%"
"S01","2025-01-02T17:40:00Z","soil_moisture",21.6269169771913,"%"
"S01","2025-01-02T17:45:00Z","soil_moisture",40.7358842603144,"%"
"S01","2025-01-02T17:50:00Z","soil_moisture",28.9838409924395,"%"
"S01","2025-01-02T17:55:00Z","soil_moisture",52.1277936169759,"%"
"S01","2025-01-02T18:00:00Z","soil_moisture",60.2933648015743,"%"
"S01","2025-01-02T18:05:00Z","soil_moisture",17.423887521146,"%"
"S01","2025-01-02T18:10:00Z","soil_moisture",21.2353467021448,"%"
"S01","2025-01-02T18:15:00Z","soil_moisture",56.4666370435942,"%"
"S01","2025-01-02T18:20:00Z","soil_moisture",61.8034333023861,"%"
"S01","2025-01-02T18:25:00Z","soil_moisture",26.7023368610796,"%"
"S01","2025-01-02T18:30:00Z","soil_moisture",28.4785047315229,"%"
"S01","2025-01-02T18:35:00Z","soil_moisture",38.2178924187439,"%"
"S01","2025-01-02T18:40:00Z","soil_moisture",24.5675958144497,"%"
"S01","2025-01-02T18:45:00Z","soil_moisture",36.5740470065173,"%"
"S01","2025-01-02T18:50:00Z","soil_moisture",13.7075307263653,"%"
"S01","2025-01-02T18:55:00Z","soil_moisture",11.2821908003143,"%"
"S01","2025-01-02T19:00:00Z","soil_moisture",9.09691887172609,"%"
"S01","2025-01-02T19:05:00Z","soil_moisture",31.131381181798,"%"
"S01","2025-01-02T19:10:00Z","soil_moisture",16.3173057888975,"%"
"S01","2025-01-02T19:15:00Z","soil_moisture",28.5130751266758,"%"
"S01","2025-01-02T19:20:00Z","soil_moisture",13.1305178678048,"%"
"S01","2025-01-02T19:25:00Z","soil_moisture",17.6903777533153,"%"
"S01","2025-01-02T19:30:00Z","soil_moisture",27.6824516306795,"%"
"S01","2025-01-02T19:35:00Z","soil_moisture",15.0719822654157,"%"
"S01","2025-01-02T19:40:00Z","soil_moisture",53.7006669597171,"%"
"S01","2025-01-02T19:45:00Z","soil_moisture",36.1589576323929,"%"
"S01","2025-01-02T19:50:00Z","soil_moisture",50.04190796929,"%"
"S01","2025-01-02T19:55:00Z","soil_moisture",50.149365883704,"%"
"S01","2025-01-02T20:00:00Z","soil_moisture",61.1185795306816,"%"
"S01","2025-01-02T20:05:00Z","soil_moisture",32.9863872795114,"%"
"S01","2025-01-02T20:10:00Z","soil_moisture",38.2696307076358,"%"
"S01","2025-01-02T20:15:00Z","soil_moisture",31.6082954228238,"%"
"S01","2025-01-02T20:20:00Z","soil_moisture",25.6095154072511,"%"
"S01","2025-01-02T20:25:00Z","soil_moisture",14.4651508658518,"%"
"S01","2025-01-02T20:30:00Z","soil_moisture",8.20641562517071,"%"
"S01","2025-01-02T20:35:00Z","soil_moisture",9.99500578420369,"%"
"S01","2025-01-02T20:40:00Z","soil_moisture",17.4487192255212,"%"
"S01","2025-01-02T20:45:00Z","soil_moisture",30.5650627413713,"%"
"S01","2025-01-02T20:50:00Z","soil_moisture",18.3657566559988,"%"
"S01","2025-01-02T20:55:00Z","soil_moisture",19.2211960989112,"%"
"S01","2025-01-02T21:00:00Z","soil_moisture",43.4549179455482,"%"
"S01","2025-01-02T21:05:00Z","soil_moisture",59.778455999561,"%"
"S01","2025-01-02T21:10:00Z","soil_moisture",44.8579225144071,"%"
"S01","2025-01-02T21:15:00Z","soil_moisture",53.2273922114558,"%"
"S01","2025-01-02T21:20:00Z","soil_moisture",54.1300409137023,"%"
"S01","2025-01-02T21:25:00Z","soil_moisture",56.0117646462256,"%"
"S01","2025-01-02T21:30:00Z","soil_moisture",55.0412894262277,"%"
"S01","2025-01-02T21:35:00Z","soil_moisture",80.0257577310054,"%"
"S01","2025-01-02T21:40:00Z","soil_moisture",43.6496983192741,"%"
"S01","2025-01-02T21:45:00Z","soil_moisture",46.1525094173725,"%"
"S01","2025-01-02T21:50:00Z","soil_moisture",27.6649456318143,"%"
"S01","2025-01-02T21:55:00Z","soil_moisture",14.7429781707335,"%"
"S01","2025-01-02T22:00:00Z","soil_moisture",12.9028243302317,"%"
"S01","2025-01-02T22:05:00Z","soil_moisture",31.1970484633483,"%"
"S01","2025-01-02T22:10:00Z","soil_moisture",20.6804115722552,"%"
"S01","2025-01-02T22:15:00Z","soil_moisture",22.3538620666458,"%"
"S01","2025-01-02T22:20:00Z","soil_moisture",8.45209928939103,"%"
"S01","2025-01-02T22:25:00Z","soil_moisture",11.6793482722974,"%"
"S01","2025-01-02T22:30:00Z","soil_moisture",5.85468989932034,"%"
"S01","2025-01-02T22:35:00Z","soil_moisture",8.32819776976213,"%"
"S01","2025-01-02T22:40:00Z","soil_moisture",7.2073045201819,"%"
"S01","2025-01-02T22:45:00Z","soil_moisture",29.5978166828102,"%"
"S01","2025-01-02T22:50:00Z","soil_moisture",17.9222826000551,"%"
"S01","2025-01-02T22:55:00Z","soil_moisture",25.9330665249077,"%"
"S01","2025-01-02T23:00:00Z","soil_moisture",27.3255266982211,"%"
"S01","2025-01-02T23:05:00Z","soil_moisture",24.5026535073215,"%"
"S01","2025-01-02T23:10:00Z","soil_moisture",45.924625282658,"%"
"S01","2025-01-02T23:15:00Z","soil_moisture",52.2106101821544,"%"
"S01","2025-01-02T23:20:00Z","soil_moisture",57.5546491479815,"%"
"S01","2025-01-02T23:25:00Z","soil_moisture",21.2314436240649,"%"
"S01","2025-01-02T23:30:00Z","soil_moisture",14.2867153169478,"%"
"S01","2025-01-02T23:35:00Z","soil_moisture",13.0414191097586,"%"
"S01","2025-01-02T23:40:00Z","soil_moisture",23.245645105746,"%"
"S01","2025-01-02T23:45:00Z","soil_moisture",23.3442416752211,"%"
"S01","2025-01-02T23:50:00Z","soil_moisture",10.3555726654898,"%"
"S01","2025-01-02T23:55:00Z","soil_moisture",12.9616686373076,"%"
"S01","2025-01-03T00:00:00Z","soil_moisture",11.2642839995222,"%"
"S01","2025-01-03T00:05:00Z","soil_moisture",15.6155784151388,"%"
"S01","2025-01-03T00:10:00Z","soil_moisture",52.6161733543601,"%"
"S01","2025-01-03T00:15:00Z","soil_moisture",47.8805666188354,"%"
"S01","2025-01-03T00:20:00Z","soil_moisture",52.1510215059214,"%"
"S01","2025-01-03T00:25:00Z","soil_moisture",25.2878719327091,"%"
"S01","2025-01-03T00:30:00Z","soil_moisture",19.3862862374784,"%"
"S01","2025-01-03T00:35:00Z","soil_moisture",25.969365643292,"%"
"S01","2025-01-03T00:40:00Z","soil_moisture",25.9346972974649,"%"
"S01","2025-01-03T00:45:00Z","soil_moisture",31.4369583015357,"%"
"S01","2025-01-03T00:50:00Z","soil_moisture",39.9241380665888,"%"
"S01","2025-01-03T00:55:00Z","soil_moisture",37.3250218295122,"%"
"S01","2025-01-03T01:00:00Z","soil_moisture",30.5825450184668,"%"
"S01","2025-01-03T01:05:00Z","soil_moisture",74.8197463695214,"%"
"S01","2025-01-03T01:10:00Z","soil_moisture",33.0600279322623,"%"
"S01","2025-01-03T01:15:00Z","soil_moisture",20.603988040203,"%"
"S01","2025-01-03T01:20:00Z","soil_moisture",27.9686059758497,"%"
"S01","2025-01-03T01:25:00Z","soil_moisture",41.0223111425386,"%"
"S01","2025-01-03T01:30:00Z","soil_moisture",30.7586767471489,"%"
"S01","2025-01-03T01:35:00Z","soil_moisture",37.8306087422857,"%"
"S01","2025-01-03T01:40:00Z","soil_moisture",20.4233108350696,"%"
"S01","2025-01-03T01:45:00Z","soil_moisture",44.5628117613123,"%"
"S01","2025-01-03T01:50:00Z","soil_moisture",40.6429676465707,"%"
"S01","2025-01-03T01:55:00Z","soil_moisture",37.9172661881696,"%"
"S01","2025-01-03T02:00:00Z","soil_moisture",37.3502703559308,"%"
"S01","2025-01-03T02:05:00Z","soil_moisture",47.2732160771626,"%"
"S01","2025-01-03T02:10:00Z","soil_moisture",53.3880290641965,"%"
"S01","2025-01-03T02:15:00Z","soil_moisture",55.1224025722612,"%"
"S01","2025-01-03T02:20:00Z","soil_moisture",52.0985540232769,"%"
"S01","2025-01-03T02:25:00Z","soil_moisture",55.3176980376262,"%"
"S01","2025-01-03T02:30:00Z","soil_moisture",34.1320633355165,"%"
"S01","2025-01-03T02:35:00Z","soil_moisture",49.8016876808112,"%"
"S01","2025-01-03T02:40:00Z","soil_moisture",69.2591521674454,"%"
"S01","2025-01-03T02:45:00Z","soil_moisture",37.4245770108678,"%"
"S01","2025-01-03T02:50:00Z","soil_moisture",26.0349088783518,"%"
"S01","2025-01-03T02:55:00Z","soil_moisture",36.4501770373852,"%"
"S01","2025-01-03T03:00:00Z","soil_moisture",71.3101616583673,"%"
"S01","2025-01-03T03:05:00Z","soil_moisture",40.7986394717203,"%"
"S01","2025-01-03T03:10:00Z","soil_moisture",10.2026590628723,"%"
"S01","2025-01-03T03:15:00Z","soil_moisture",52.6112257127453,"%"
"S01","2025-01-03T03:20:00Z","soil_moisture",21.8532698355079,"%"
"S01","2025-01-03T03:25:00Z","soil_moisture",29.817308896556,"%"
"S01","2025-01-03T03:30:00Z","soil_moisture",14.9169485107758,"%"
"S01","2025-01-03T03:35:00Z","soil_moisture",38.9903488631951,"%"
"S01","2025-01-03T03:40:00Z","soil_moisture",51.9583653194024,"%"
"S01","2025-01-03T03:45:00Z","soil_moisture",17.4604314443337,"%"
"S01","2025-01-03T03:50:00Z","soil_moisture",17.0905796199507,"%"
"S01","2025-01-03T03:55:00Z","soil_moisture",4.83158308802349,"%"
"S01","2025-01-03T04:00:00Z","soil_moisture",10.8097734060084,"%"
"S01","2025-01-03T04:05:00Z","soil_moisture",28.611872049184,"%"
"S01","2025-01-03T04:10:00Z","soil_moisture",16.239921104755,"%"
"S01","2025-01-03T04:15:00Z","soil_moisture",26.6409528700176,"%"
"S01","2025-01-03T04:20:00Z","soil_moisture",19.4956285532096,"%"
"S01","2025-01-03T04:25:00Z","soil_moisture",29.1561864251018,"%"
"S01","2025-01-03T04:30:00Z","soil_moisture",33.9491068557926,"%"
"S01","2025-01-03T04:35:00Z","soil_moisture",24.7692239945063,"%"
"S01","2025-01-03T04:40:00Z","soil_moisture",4.26784767252381,"%"
"S01","2025-01-03T04:45:00Z","soil_moisture",12.507268652657,"%"
"S01","2025-01-03T04:50:00Z","soil_moisture",36.2610977270622,"%"
"S01","2025-01-03T04:55:00Z","soil_moisture",40.5627748375172,"%"
"S01","2025-01-03T05:00:00Z","soil_moisture",25.2795730035707,"%"
"S01","2025-01-03T05:05:00Z","soil_moisture",14.9090210317533,"%"
"S01","2025-01-03T05:10:00Z","soil_moisture",20.9176729795813,"%"
"S01","2025-01-03T05:15:00Z","soil_moisture",30.5494848215364,"%"
"S01","2025-01-03T05:20:00Z","soil_moisture",36.9683275939379,"%"
"S01","2025-01-03T05:25:00Z","soil_moisture",40.5908542026423,"%"
"S01","2025-01-03T05:30:00Z","soil_moisture",29.5584640225496,"%"
"S01","2025-01-03T05:35:00Z","soil_moisture",31.4931216206813,"%"
"S01","2025-01-03T05:40:00Z","soil_moisture",31.4413810850639,"%"
"S01","2025-01-03T05:45:00Z","soil_moisture",34.7671125948234,"%"
"S01","2025-01-03T05:50:00Z","soil_moisture",24.0431204164767,"%"
"S01","2025-01-03T05:55:00Z","soil_moisture",4.89730936309795,"%"
"S01","2025-01-03T06:00:00Z","soil_moisture",38.8675864527086,"%"
"S01","2025-01-03T06:05:00Z","soil_moisture",21.0114599219223,"%"
"S01","2025-01-03T06:10:00Z","soil_moisture",36.9205723960393,"%"
"S01","2025-01-03T06:15:00Z","soil_moisture",12.1760367388415,"%"
"S01","2025-01-03T06:20:00Z","soil_moisture",6.25111421140187,"%"
"S01","2025-01-03T06:25:00Z","soil_moisture",2.75979164052787,"%"
"S01","2025-01-03T06:30:00Z","soil_moisture",38.6411125954188,"%"
"S01","2025-01-03T06:35:00Z","soil_moisture",31.0144380687347,"%"
"S01","2025-01-03T06:40:00Z","soil_moisture",31.1829358881329,"%"
"S01","2025-01-03T06:45:00Z","soil_moisture",7.49522721756925,"%"
"S01","2025-01-03T06:50:00Z","soil_moisture",12.7317084195286,"%"
"S01","2025-01-03T06:55:00Z","soil_moisture",6.11876423741982,"%"
"S01","2025-01-03T07:00:00Z","soil_moisture",13.0349469844574,"%"
"S01","2025-01-03T07:05:00Z","soil_moisture",31.5490287441379,"%"
"S01","2025-01-03T07:10:00Z","soil_moisture",11.0873297895677,"%"
"S01","2025-01-03T07:15:00Z","soil_moisture",11.4428011573952,"%"
"S01","2025-01-03T07:20:00Z","soil_moisture",31.5987553838885,"%"
"S01","2025-01-03T07:25:00Z","soil_moisture",6.91996287871327,"%"
"S01","2025-01-03T07:30:00Z","soil_moisture",25.4663082241273,"%"
"S01","2025-01-03T07:35:00Z","soil_moisture",53.5835042247896,"%"
"S01","2025-01-03T07:40:00Z","soil_moisture",29.5001003326252,"%"
"S01","2025-01-03T07:45:00Z","soil_moisture",45.6121421861205,"%"
"S01","2025-01-03T07:50:00Z","soil_moisture",17.010141008414,"%"
"S01","2025-01-03T07:55:00Z","soil_moisture",35.4863313261846,"%"
"S01","2025-01-03T08:00:00Z","soil_moisture",16.8871700855831,"%"
"S01","2025-01-03T08:05:00Z","soil_moisture",3.54529650314831,"%"
"S01","2025-01-03T08:10:00Z","soil_moisture",14.1590732543694,"%"
"S01","2025-01-03T08:15:00Z","soil_moisture",13.2861085765552,"%"
"S01","2025-01-03T08:20:00Z","soil_moisture",15.7270115056408,"%"
"S01","2025-01-03T08:25:00Z","soil_moisture",21.0085701176029,"%"
"S01","2025-01-03T08:30:00Z","soil_moisture",43.0344646608442,"%"
"S01","2025-01-03T08:35:00Z","soil_moisture",27.3172869061182,"%"
"S01","2025-01-03T08:40:00Z","soil_moisture",46.6565627934891,"%"
"S01","2025-01-03T08:45:00Z","soil_moisture",21.4518250158367,"%"
"S01","2025-01-03T08:50:00Z","soil_moisture",24.7583487176802,"%"
"S01","2025-01-03T08:55:00Z","soil_moisture",29.4979605352719,"%"
"S01","2025-01-03T09:00:00Z","soil_moisture",21.293646661768,"%"
"S01","2025-01-03T09:05:00Z","soil_moisture",42.6598766607482,"%"
"S01","2025-01-03T09:10:00Z","soil_moisture",37.8213411143024,"%"
"S01","2025-01-03T09:15:00Z","soil_moisture",50.022474761372,"%"
"S01","2025-01-03T09:20:00Z","soil_moisture",18.6091504464834,"%"
"S01","2025-01-03T09:25:00Z","soil_moisture",6.49470462591924,"%"
"S01","2025-01-03T09:30:00Z","soil_moisture",10.739387559382,"%"
"S01","2025-01-03T09:35:00Z","soil_moisture",17.679207536151,"%"
"S01","2025-01-03T09:40:00Z","soil_moisture",27.6799766301419,"%"
"S01","2025-01-03T09:45:00Z","soil_moisture",21.098505002801,"%"
"S01","2025-01-03T09:50:00Z","soil_moisture",29.9039541622479,"%"
"S01","2025-01-03T09:55:00Z","soil_moisture",39.7356042611273,"%"
"S01","2025-01-03T10:00:00Z","soil_moisture",32.9229959668688,"%"
"S01","2025-01-03T10:05:00Z","soil_moisture",33.4013429939029,"%"
"S01","2025-01-03T10:10:00Z","soil_moisture",35.5374765315367,"%"
"S01","2025-01-03T10:15:00Z","soil_moisture",39.0659702826649,"%"
"S01","2025-01-03T10:20:00Z","soil_moisture",53.0367786684175,"%"
"S01","2025-01-03T10:25:00Z","soil_moisture",26.7575759602205,"%"
"S01","2025-01-03T10:30:00Z","soil_moisture",23.5318591732582,"%"
"S01","2025-01-03T10:35:00Z","soil_moisture",7.59965980963228,"%"
"S01","2025-01-03T10:40:00Z","soil_moisture",5.12038324010317,"%"
"S01","2025-01-03T10:45:00Z","soil_moisture",8.64453389189047,"%"
"S01","2025-01-03T10:50:00Z","soil_moisture",2.6416152701898,"%"
"S01","2025-01-03T10:55:00Z","soil_moisture",22.8784976354531,"%"
"S01","2025-01-03T11:00:00Z","soil_moisture",15.9333238031271,"%"
"S01","2025-01-03T11:05:00Z","soil_moisture",8.74608166817035,"%"
"S01","2025-01-03T11:10:00Z","soil_moisture",43.3753293845068,"%"
"S01","2025-01-03T11:15:00Z","soil_moisture",18.6921049117121,"%"
"S01","2025-01-03T11:20:00Z","soil_moisture",41.5305085863032,"%"
"S01","2025-01-03T11:25:00Z","soil_moisture",54.0103626166538,"%"
"S01","2025-01-03T11:30:00Z","soil_moisture",33.3972298548509,"%"
"S01","2025-01-03T11:35:00Z","soil_moisture",39.2239475415753,"%"
"S01","2025-01-03T11:40:00Z","soil_moisture",62.6260822229773,"%"
"S01","2025-01-03T11:45:00Z","soil_moisture",49.6338352171197,"%"
"S01","2025-01-03T11:50:00Z","soil_moisture",26.7870054350529,"%"
"S01","2025-01-03T11:55:00Z","soil_moisture",42.0640228631643,"%"
"S01","2025-01-03T12:00:00Z","soil_moisture",43.2181288254053,"%"
"S01","2025-01-03T12:05:00Z","soil_moisture",17.4882732160609,"%"
"S01","2025-01-03T12:10:00Z","soil_moisture",8.25696657478035,"%"
"S01","2025-01-03T12:15:00Z","soil_moisture",58.6808769813476,"%"
"S01","2025-01-03T12:20:00Z","soil_moisture",23.1985089570176,"%"
"S01","2025-01-03T12:25:00Z","soil_moisture",35.3961297332893,"%"
"S01","2025-01-03T12:30:00Z","soil_moisture",54.2084692887926,"%"
"S01","2025-01-03T12:35:00Z","soil_moisture",30.0956947171162,"%"
"S01","2025-01-03T12:40:00Z","soil_moisture",25.5064782775818,"%"
"S01","2025-01-03T12:45:00Z","soil_moisture",31.7941515721957,"%"
"S01","2025-01-03T12:50:00Z","soil_moisture",36.2659982943817,"%"
"S01","2025-01-03T12:55:00Z","soil_moisture",27.1769871759964,"%"
"S01","2025-01-03T13:00:00Z","soil_moisture",11.0444715311479,"%"
"S01","2025-01-03T13:05:00Z","soil_moisture",3.94250223279195,"%"
"S01","2025-01-03T13:10:00Z","soil_moisture",41.4261573963638,"%"
"S01","2025-01-03T13:15:00Z","soil_moisture",18.0657524622642,"%"
"S01","2025-01-03T13:20:00Z","soil_moisture",16.7835143880865,"%"
"S01","2025-01-03T13:25:00Z","soil_moisture",45.681306948236,"%"
"S01","2025-01-03T13:30:00Z","soil_moisture",45.6626371488759,"%"
"S01","2025-01-03T13:35:00Z","soil_moisture",41.6735259625207,"%"
"S01","2025-01-03T13:40:00Z","soil_moisture",31.8786249997331,"%"
"S01","2025-01-03T13:45:00Z","soil_moisture",33.8921534862063,"%"
"S01","2025-01-03T13:50:00Z","soil_moisture",29.6728359507699,"%"
"S01","2025-01-03T13:55:00Z","soil_moisture",24.6207152909402,"%"
"S01","2025-01-03T14:00:00Z","soil_moisture",18.1701923795071,"%"
"S01","2025-01-03T14:05:00Z","soil_moisture",38.3434104184438,"%"
"S01","2025-01-03T14:10:00Z","soil_moisture",64.3302915317265,"%"
"S01","2025-01-03T14:15:00Z","soil_moisture",49.0854802943067,"%"
"S01","2025-01-03T14:20:00Z","soil_moisture",42.7817189923709,"%"
"S01","2025-01-03T14:25:00Z","soil_moisture",38.4811986321813,"%"
"S01","2025-01-03T14:30:00Z","soil_moisture",62.5299964166905,"%"
"S01","2025-01-03T14:35:00Z","soil_moisture",57.3371281356147,"%"
"S01","2025-01-03T14:40:00Z","soil_moisture",35.3371588332922,"%"
"S01","2025-01-03T14:45:00Z","soil_moisture",53.059602408196,"%"
"S01","2025-01-03T14:50:00Z","soil_moisture",46.3068036684026,"%"
"S01","2025-01-03T14:55:00Z","soil_moisture",23.9103715580885,"%"
"S01","2025-01-03T15:00:00Z","soil_moisture",56.7914173870322,"%"
"S01","2025-01-03T15:05:00Z","soil_moisture",51.4843159979461,"%"
"S01","2025-01-03T15:10:00Z","soil_moisture",42.2199250548544,"%"
"S01","2025-01-03T15:15:00Z","soil_moisture",32.333218257351,"%"
"S01","2025-01-03T15:20:00Z","soil_moisture",26.3706676032684,"%"
"S01","2025-01-03T15:25:00Z","soil_moisture",18.0605027083313,"%"
"S01","2025-01-03T15:30:00Z","soil_moisture",36.6942171696031,"%"
"S01","2025-01-03T15:35:00Z","soil_moisture",15.0798303651045,"%"
"S01","2025-01-03T15:40:00Z","soil_moisture",18.2954343304729,"%"
"S01","2025-01-03T15:45:00Z","soil_moisture",0.943809653499681,"%"
"S01","2025-01-03T15:50:00Z","soil_moisture",9.41933300907467,"%"
"S01","2025-01-03T15:55:00Z","soil_moisture",11.462201596107,"%"
"S01","2025-01-03T16:00:00Z","soil_moisture",11.2695717883237,"%"
"S01","2025-01-03T16:05:00Z","soil_moisture",21.8573506046905,"%"
"S01","2025-01-03T16:10:00Z","soil_moisture",18.9358181940678,"%"
"S01","2025-01-03T16:15:00Z","soil_moisture",8.3699365347905,"%"
"S01","2025-01-03T16:20:00Z","soil_moisture",12.4353024518755,"%"
"S01","2025-01-03T16:25:00Z","soil_moisture",29.4382217811443,"%"
"S01","2025-01-03T16:30:00Z","soil_moisture",20.0413178731022,"%"
"S01","2025-01-03T16:35:00Z","soil_moisture",50.6869552423773,"%"
"S01","2025-01-03T16:40:00Z","soil_moisture",51.4625938360239,"%"
"S01","2025-01-03T16:45:00Z","soil_moisture",45.2329312204228,"%"
"S01","2025-01-03T16:50:00Z","soil_moisture",23.2056296238162,"%"
"S01","2025-01-03T16:55:00Z","soil_moisture",43.2946319062454,"%"
"S01","2025-01-03T17:00:00Z","soil_moisture",15.6295793051614,"%"
"S01","2025-01-03T17:05:00Z","soil_moisture",26.7355457744581,"%"
"S01","2025-01-03T17:10:00Z","soil_moisture",37.0823683293075,"%"
"S01","2025-01-03T17:15:00Z","soil_moisture",49.6121286924579,"%"
"S01","2025-01-03T17:20:00Z","soil_moisture",29.3690602001549,"%"
"S01","2025-01-03T17:25:00Z","soil_moisture",17.8486795947614,"%"
"S01","2025-01-03T17:30:00Z","soil_moisture",29.6276951178421,"%"
"S01","2025-01-03T17:35:00Z","soil_moisture",6.95967553146579,"%"
"S01","2025-01-03T17:40:00Z","soil_moisture",29.7766937021958,"%"
"S01","2025-01-03T17:45:00Z","soil_moisture",6.44998008017108,"%"
"S01","2025-01-03T17:50:00Z","soil_moisture",47.7026622627427,"%"
"S01","2025-01-03T17:55:00Z","soil_moisture",5.67048230229932,"%"
"S01","2025-01-03T18:00:00Z","soil_moisture",20.0261374036234,"%"
"S01","2025-01-03T18:05:00Z","soil_moisture",22.1682530819726,"%"
"S01","2025-01-03T18:10:00Z","soil_moisture",37.0384023199163,"%"
"S01","2025-01-03T18:15:00Z","soil_moisture",25.2401228888406,"%"
"S01","2025-01-03T18:20:00Z","soil_moisture",17.9457273574746,"%"
"S01","2025-01-03T18:25:00Z","soil_moisture",8.05716580600233,"%"
"S01","2025-01-03T18:30:00Z","soil_moisture",32.9206938036873,"%"
"S01","2025-01-03T18:35:00Z","soil_moisture",31.3117237410564,"%"
"S01","2025-01-03T18:40:00Z","soil_moisture",25.2915215923604,"%"
"S01","2025-01-03T18:45:00Z","soil_moisture",53.2492324670565,"%"
"S01","2025-01-03T18:50:00Z","soil_moisture",30.8197170690844,"%"
"S01","2025-01-03T18:55:00Z","soil_moisture",20.1882487238139,"%"
"S01","2025-01-03T19:00:00Z","soil_moisture",38.9478582018772,"%"
"S01","2025-01-03T19:05:00Z","soil_moisture",21.2716587204643,"%"
"S01","2025-01-03T19:10:00Z","soil_moisture",49.1712710476644,"%"
"S01","2025-01-03T19:15:00Z","soil_moisture",60.0889038603156,"%"
"S01","2025-01-03T19:20:00Z","soil_moisture",60.4941423296491,"%"
"S01","2025-01-03T19:25:00Z","soil_moisture",52.5120481856486,"%"
"S01","2025-01-03T19:30:00Z","soil_moisture",35.4887612919666,"%"
"S01","2025-01-03T19:35:00Z","soil_moisture",25.3425879222799,"%"
"S01","2025-01-03T19:40:00Z","soil_moisture",3.18286269392698,"%"
"S01","2025-01-03T19:45:00Z","soil_moisture",20.1159590976898,"%"
"S01","2025-01-03T19:50:00Z","soil_moisture",37.9866984634578,"%"
"S01","2025-01-03T19:55:00Z","soil_moisture",14.5369704045513,"%"
"S01","2025-01-03T20:00:00Z","soil_moisture",41.0713252614979,"%"
"S01","2025-01-03T20:05:00Z","soil_moisture",51.2515676860414,"%"
"S01","2025-01-03T20:10:00Z","soil_moisture",5.17714575330015,"%"
"S01","2025-01-03T20:15:00Z","soil_moisture",3.99962933839192,"%"
"S01","2025-01-03T20:20:00Z","soil_moisture",27.6685750786539,"%"
"S01","2025-01-03T20:25:00Z","soil_moisture",30.0579786093347,"%"
"S01","2025-01-03T20:30:00Z","soil_moisture",21.1344574293949,"%"
"S01","2025-01-03T20:35:00Z","soil_moisture",29.151438488485,"%"
"S01","2025-01-03T20:40:00Z","soil_moisture",29.9640520230222,"%"
"S01","2025-01-03T20:45:00Z","soil_moisture",5.28476926130755,"%"
"S01","2025-01-03T20:50:00Z","soil_moisture",25.0060698727983,"%"
"S01","2025-01-03T20:55:00Z","soil_moisture",41.1712026802961,"%"
"S01","2025-01-03T21:00:00Z","soil_moisture",9.95117010096681,"%"
"S01","2025-01-03T21:05:00Z","soil_moisture",27.6394986029442,"%"
"S01","2025-01-03T21:10:00Z","soil_moisture",38.5191151056821,"%"
"S01","2025-01-03T21:15:00Z","soil_moisture",66.3531005080054,"%"
"S01","2025-01-03T21:20:00Z","soil_moisture",63.9297617321058,"%"
"S01","2025-01-03T21:25:00Z","soil_moisture",56.1337102663248,"%"
"S01","2025-01-03T21:30:00Z","soil_moisture",18.4751273526982,"%"
"S01","2025-01-03T21:35:00Z","soil_moisture",50.2986773131092,"%"
"S01","2025-01-03T21:40:00Z","soil_moisture",31.3369500111375,"%"
"S01","2025-01-03T21:45:00Z","soil_moisture",37.7998905663162,"%"
"S01","2025-01-03T21:50:00Z","soil_moisture",17.5748687645387,"%"
"S01","2025-01-03T21:55:00Z","soil_moisture",28.3101357968926,"%"
"S01","2025-01-03T22:00:00Z","soil_moisture",42.4063855988404,"%"
"S01","2025-01-03T22:05:00Z","soil_moisture",63.7061898815209,"%"
"S01","2025-01-03T22:10:00Z","soil_moisture",45.9055950999151,"%"
"S01","2025-01-03T22:15:00Z","soil_moisture",38.7669708783073,"%"
"S01","2025-01-03T22:20:00Z","soil_moisture",60.5921811879958,"%"
"S01","2025-01-03T22:25:00Z","soil_moisture",37.4661876984082,"%"
"S01","2025-01-03T22:30:00Z","soil_moisture",42.8041023399392,"%"
"S01","2025-01-03T22:35:00Z","soil_moisture",30.9738987743014,"%"
"S01","2025-01-03T22:40:00Z","soil_moisture",13.5618317549578,"%"
"S01","2025-01-03T22:45:00Z","soil_moisture",17.3601804919254,"%"
"S01","2025-01-03T22:50:00Z","soil_moisture",7.64007110488781,"%"
"S01","2025-01-03T22:55:00Z","soil_moisture",14.9276490184263,"%"
