"sensor_id","timestamp","variable","value","unit"
"S01","2024-12-31T23:00:00Z","rainfall_intensity",0,"mm/h"
"S01","2024-12-31T23:05:00Z","rainfall_intensity",0,"mm/h"
"S01","2024-12-31T23:10:00Z","rainfall_intensity",0,"mm/h"
"S01","2024-12-31T23:15:00Z","rainfall_intensity",0,"mm/h"
"S01","2024-12-31T23:20:00Z","rainfall_intensity",0,"mm/h"
"S01","2024-12-31T23:25:00Z","rainfall_intensity",0,"mm/h"
"S01","2024-12-31T23:30:00Z","rainfall_intensity",0,"mm/h"
"S01","2024-12-31T23:35:00Z","rainfall_intensity",0,"mm/h"
"S01","2024-12-31T23:40:00Z","rainfall_intensity",0,"mm/h"
"S01","2024-12-31T23:45:00Z","rainfall_intensity",0,"mm/h"
"S01","2024-12-31T23:50:00Z","rainfall_intensity",0,"mm/h"
"S01","2024-12-31T23:55:00Z","rainfall_intensity",0,"mm/h"
"S01","2025-01-01T00:00:00Z","rainfall_intensity",0,"mm/h"
"S01","2025-01-01T00:05:00Z","rainfall_intensity",0,"mm/h"
"S01","2025-01-01T00:10:00Z","rainfall_intensity",2.07897895025156,"mm/h"
"S01","2025-01-01T00:15:00Z","rainfall_intensity",0,"mm/h"
"S01","2025-01-01T00:20:00Z","rainfall_intensity",0,"mm/h"
"S01","2025-01-01T00:25:00Z","rainfall_intensity",1.25350388473693,"mm/h"
"S01","2025-01-01T00:30:00Z","rainfall_intensity",0.0152449909056108,"mm/h"
"S01","2025-01-01T00:35:00Z","rainfall_intensity",0.359890219106533,"mm/h"
"S01","2025-01-01T00:40:00Z","rainfall_intensity",1.77499254245997,"mm/h"
"S01","2025-01-01T00:45:00Z","rainfall_intensity",0.449621012045235,"mm/h"
"S01","2025-01-01T00:50:00Z","rainfall_intensity",0,"mm/h"
"S01","2025-01-01T00:55:00Z","rainfall_intensity",0.62346018428761,"mm/h"
"S01","2025-01-01T01:00:00Z","rainfall_intensity",1.5969224745866,"mm/h"
"S01","2025-01-01T01:05:00Z","rainfall_intensity",0,"mm/h"
"S01","2025-01-01T01:10:00Z","rainfall_intensity",0,"mm/h"
"S01","2025-01-01T01:15:00Z","rainfall_intensity",0,"mm/h"
"S01","2025-01-01T01:20:00Z","rainfall_intensity",0.152866274328405,"mm/h"
"S01","2025-01-01T01:25:00Z","rainfall_intensity",1.10866891816907,"mm/h"
"S01","2025-01-01T01:30:00Z","rainfall_intensity",0,"mm/h"
"S01","2025-01-01T01:35:00Z","rainfall_intensity",0,"mm/h"
"S01","2025-01-01T01:40:00Z","rainfall_intensity",0,"mm/h"
"S01","2025-01-01T01:45:00Z","rainfall_intensity",0,"mm/h"
"S01","2025-01-01T01:50:00Z","rainfall_intensity",0,"mm/h"
"S01","2025-01-01T01:55:00Z","rainfall_intensity",0,"mm/h"
"S01","2025-01-01T02:00:00Z","rainfall_intensity",0,"mm/h"
"S01","2025-01-01T02:05:00Z","rainfall_intensity",0,"mm/h"
"S01","2025-01-01T02:10:00Z","rainfall_intensity",0,"mm/h"
"S01","2025-01-01T02:15:00Z","rainfall_intensity",0,"mm/h"
"S01","2025-01-01T02:20:00Z","rainfall_intensity",0,"mm/h"
"S01","2025-01-01T02:25:00Z","rainfall_intensity",0,"mm/h"
"S01","2025-01-01T02:30:00Z","rainfall_intensity",0,"mm/h"
"S01","2025-01-01T02:35:00Z","rainfall_intensity",0,"mm/h"
"S01","2025-01-01T02:40:00Z","rainfall_intensity",0.116255101365183,"mm/h"
"S01","2025-01-01T02:45:00Z","rainfall_intensity",0,"mm/h"
"S01","2025-01-01T02:50:00Z","rainfall_intensity",0,"mm/h"
"S01","2025-01-01T02:55:00Z","rainfall_intensity",0,"mm/h"
"S01","2025-01-01T03:00:00Z","rainfall_intensity",0,"mm/h"
"S01","2025-01-01T03:05:00Z","rainfall_intensity",0.194604968585182,"mm/h"
"S01","2025-01-01T03:10:00Z","rainfall_intensity",0,"mm/h"
"S01","2025-01-01T03:15:00Z","rainfall_intensity",0.597964565262706,"mm/h"
"S01","2025-01-01T03:20:00Z","rainfall_intensity",0,"mm/h"
"S01","2025-01-01T03:25:00Z","rainfall_intensity",0.00455815465048674,"mm/h"
"S01","2025-01-01T03:30:00Z","rainfall_intensity",0,"mm/h"
"S01","2025-01-01T03:35:00Z","rainfall_intensity",0,"mm/h"
"S01","2025-01-01T03:40:00Z","rainfall_intensity",0,"mm/h"
"S01","2025-01-01T03:45:00Z","rainfall_intensity",0,"mm/h"
"S01","2025-01-01T03:50:00Z","rainfall_intensity",0,"mm/h"
"S01","2025-01-01T03:55:00Z","rainfall_intensity",0,"mm/h"
"S01","2025-01-01T04:00:00Z","rainfall_intensity",0,"mm/h"
"S01","2025-01-01T04:05:00Z","rainfall_intensity",0,"mm/h"
"S01","2025-01-01T04:10:00Z","rainfall_intensity",0,"mm/h"
"S01","2025-01-01T04:15:00Z","rainfall_intensity",0,"mm/h"
"S01","2025-01-01T04:20:00Z","rainfall_intensity",0,"mm/h"
"S01","2025-01-01T04:25:00Z","rainfall_intensity",0,"mm/h"
"S01","2025-01-01T04:30:00Z","rainfall_intensity",0,"mm/h"
"S01","2025-01-01T04:35:00Z","rainfall_intensity",0,"mm/h"
"S01","2025-01-01T04:40:00Z","rainfall_intensity",0,"mm/h"
"S01","2025-01-01T04:45:00Z","rainfall_intensity",0,"mm/h"
"S01","2025-01-01T04:50:00Z","rainfall_intensity",0,"mm/h"
"S01","2025-01-01T04:55:00Z","rainfall_intensity",0,"mm/h"
"S01","2025-01-01T05:00:00Z","rainfall_intensity",0.371227081895782,"mm/h"
"S01","2025-01-01T05:05:00Z","rainfall_intensity",0,"mm/h"
"S01","2025-01-01T05:10:00Z","rainfall_intensity",0,"mm/h"
"S01","2025-01-01T05:15:00Z","rainfall_intensity",0,"mm/h"
"S01","2025-01-01T05:20:00Z","rainfall_intensity",0,"mm/h"
"S01","2025-01-01T05:25:00Z","rainfall_intensity",0,"mm/h"
"S01","2025-01-01T05:30:00Z","rainfall_intensity",0,"mm/h"
"S01","2025-01-01T05:35:00Z","rainfall_intensity",0,"mm/h"
"S01","2025-01-01T05:40:00Z","rainfall_intensity",0.383632653337261,"mm/h"
"S01","2025-01-01T05:45:00Z","rainfall_intensity",0.0357261682608014,"mm/h"
"S01","2025-01-01T05:50:00Z","rainfall_intensity",0.232311423257337,"mm/h"
"S01","2025-01-01T05:55:00Z","rainfall_intensity",0.0484742787382587,"mm/h"
"S01","2025-01-01T06:00:00Z","rainfall_intensity",0.130937473012223,"mm/h"
"S01","2025-01-01T06:05:00Z","rainfall_intensity",1.35605774378925,"mm/h"
"S01","2025-01-01T06:10:00Z","rainfall_intensity",0,"mm/h"
"S01","2025-01-01T06:15:00Z","rainfall_intensity",1.68264796422013,"mm/h"
"S01","2025-01-01T06:20:00Z","rainfall_intensity",4.69427225943109,"mm/h"
"S01","2025-01-01T06:25:00Z","rainfall_intensity",0.63348794478698,"mm/h"
"S01","2025-01-01T06:30:00Z","rainfall_intensity",3.94223513295779,"mm/h"
"S01","2025-01-01T06:35:00Z","rainfall_intensity",1.21021020286961,"mm/h"
"S01","2025-01-01T06:40:00Z","rainfall_intensity",3.31833291551103,"mm/h"
"S01","2025-01-01T06:45:00Z","rainfall_intensity",0,"mm/h"
"S01","2025-01-01T06:50:00Z","rainfall_intensity",0.292578401552693,"mm/h"
"S01","2025-01-01T06:55:00Z","rainfall_intensity",0.0147768424398118,"mm/h"
"S01","2025-01-01T07:00:00Z","rainfall_intensity",4.26204200658468,"mm/h"
"S01","2025-01-01T07:05:00Z","rainfall_intensity",3.14374373037598,"mm/h"
"S01","2025-01-01T07:10:00Z","rainfall_intensity",0,"mm/h"
"S01","2025-01-01T07:15:00Z","rainfall_intensity",0.0732409702440144,"mm/h"
"S01","2025-01-01T07:20:00Z","rainfall_intensity",1.8890222259485,"mm/h"
"S01","2025-01-01T07:25:00Z","rainfall_intensity",0.239384775567677,"mm/h"
"S01","2025-01-01T07:30:00Z","rainfall_intensity",0,"mm/h"
"S01","2025-01-01T07:35:00Z","rainfall_intensity",0,"mm/h"
"S01","2025-01-01T07:40:00Z","rainfall_intensity",0,"mm/h"
"S01","2025-01-01T07:45:00Z","rainfall_intensity",0,"mm/h"
"S01","2025-01-01T07:50:00Z","rainfall_intensity",1.28928798171525,"mm/h"
"S01","2025-01-01T07:55:00Z","rainfall_intensity",0,"mm/h"
"S01","2025-01-01T08:00:00Z","rainfall_intensity",0,"mm/h"
"S01","2025-01-01T08:05:00Z","rainfall_intensity",2.00218038748834,"mm/h"
"S01","2025-01-01T08:10:00Z","rainfall_intensity",2.57703584359067,"mm/h"
"S01","2025-01-01T08:15:00Z","rainfall_intensity",2.32169122672756,"mm/h"
"S01","2025-01-01T08:20:00Z","rainfall_intensity",0,"mm/h"
"S01","2025-01-01T08:25:00Z","rainfall_intensity",0,"mm/h"
"S01","2025-01-01T08:30:00Z","rainfall_intensity",0,"mm/h"
"S01","2025-01-01T08:35:00Z","rainfall_intensity",0,"mm/h"
"S01","2025-01-01T08:40:00Z","rainfall_intensity",0.189572995702473,"mm/h"
"S01","2025-01-01T08:45:00Z","rainfall_intensity",1.30571545215106,"mm/h"
"S01","2025-01-01T08:50:00Z","rainfall_intensity",0.590890968662174,"mm/h"
"S01","2025-01-01T08:55:00Z","rainfall_intensity",0,"mm/h"
"S01","2025-01-01T09:00:00Z","rainfall_intensity",0,"mm/h"
"S01","2025-01-01T09:05:00Z","rainfall_intensity",0.02696591751705,"mm/h"
"S01","2025-01-01T09:10:00Z","rainfall_intensity",0,"mm/h"
"S01","2025-01-01T09:15:00Z","rainfall_intensity",1.08041584666233,"mm/h"
"S01","2025-01-01T09:20:00Z","rainfall_intensity",0.26523690000766,"mm/h"
"S01","2025-01-01T09:25:00Z","rainfall_intensity",0,"mm/h"
"S01","2025-01-01T09:30:00Z","rainfall_intensity",0,"mm/h"
"S01","2025-01-01T09:35:00Z","rainfall_intensity",0,"mm/h"
"S01","2025-01-01T09:40:00Z","rainfall_intensity",0.124107768846433,"mm/h"
"S01","2025-01-01T09:45:00Z","rainfall_intensity",0,"mm/h"
"S01","2025-01-01T09:50:00Z","rainfall_intensity",0,"mm/h"
"S01","2025-01-01T09:55:00Z","rainfall_intensity",0,"mm/h"
"S01","2025-01-01T10:00:00Z","rainfall_intensity",0,"mm/h"
"S01","2025-01-01T10:05:00Z","rainfall_intensity",0,"mm/h"
"S01","2025-01-01T10:10:00Z","rainfall_intensity",0,"mm/h"
"S01","2025-01-01T10:15:00Z","rainfall_intensity",0,"mm/h"
"S01","2025-01-01T10:20:00Z","rainfall_intensity",0,"mm/h"
"S01","2025-01-01T10:25:00Z","rainfall_intensity",0,"mm/h"
"S01","2025-01-01T10:30:00Z","rainfall_intensity",0.0987666373190238,"mm/h"
"S01","2025-01-01T10:35:00Z","rainfall_intensity",0,"mm/h"
"S01","2025-01-01T10:40:00Z","rainfall_intensity",0,"mm/h"
"S01","2025-01-01T10:45:00Z","rainfall_intensity",0,"mm/h"
"S01","2025-01-01T10:50:00Z","rainfall_intensity",0,"mm/h"
"S01","2025-01-01T10:55:00Z","rainfall_intensity",0,"mm/h"
"S01","2025-01-01T11:00:00Z","rainfall_intensity",0,"mm/h"
"S01","2025-01-01T11:05:00Z","rainfall_intensity",0,"mm/h"
"S01","2025-01-01T11:10:00Z","rainfall_intensity",0,"mm/h"
"S01","2025-01-01T11:15:00Z","rainfall_intensity",0,"mm/h"
"S01","2025-01-01T11:20:00Z","rainfall_intensity",0,"mm/h"
"S01","2025-01-01T11:25:00Z","rainfall_intensity",0,"mm/h"
"S01","2025-01-01T11:30:00Z","rainfall_intensity",0,"mm/h"
"S01","2025-01-01T11:35:00Z","rainfall_intensity",0,"mm/h"
"S01","2025-01-01T11:40:00Z","rainfall_intensity",0,"mm/h"
"S01","2025-01-01T11:45:00Z","rainfall_intensity",0,"mm/h"
"S01","2025-01-01T11:50:00Z","rainfall_intensity",0,"mm/h"
"S01","2025-01-01T11:55:00Z","rainfall_intensity",0.115489703856488,"mm/h"
"S01","2025-01-01T12:00:00Z","rainfall_intensity",0.146867334798595,"mm/h"
"S01","2025-01-01T12:05:00Z","rainfall_intensity",0,"mm/h"
"S01","2025-01-01T12:10:00Z","rainfall_intensity",0.000894452386275288,"mm/h"
"S01","2025-01-01T12:15:00Z","rainfall_intensity",0.506679633713803,"mm/h"
"S01","2025-01-01T12:20:00Z","rainfall_intensity",0,"mm/h"
"S01","2025-01-01T12:25:00Z","rainfall_intensity",0,"mm/h"
"S01","2025-01-01T12:30:00Z","rainfall_intensity",0.903905239089996,"mm/h"
"S01","2025-01-01T12:35:00Z","rainfall_intensity",1.34246719569324,"mm/h"
"S01","2025-01-01T12:40:00Z","rainfall_intensity",0,"mm/h"
"S01","2025-01-01T12:45:00Z","rainfall_intensity",0,"mm/h"
"S01","2025-01-01T12:50:00Z","rainfall_intensity",0.788863390153208,"mm/h"
"S01","2025-01-01T12:55:00Z","rainfall_intensity",0.600505171460593,"mm/h"
"S01","2025-01-01T13:00:00Z","rainfall_intensity",0,"mm/h"
"S01","2025-01-01T13:05:00Z","rainfall_intensity",1.07184352780546,"mm/h"
"S01","2025-01-01T13:10:00Z","rainfall_intensity",0.308417568522105,"mm/h"
"S01","2025-01-01T13:15:00Z","rainfall_intensity",0.387434835344805,"mm/h"
"S01","2025-01-01T13:20:00Z","rainfall_intensity",0.879892911809871,"mm/h"
"S01","2025-01-01T13:25:00Z","rainfall_intensity",0.05258753158847,"mm/h"
"S01","2025-01-01T13:30:00Z","rainfall_intensity",0.288587952484735,"mm/h"
"S01","2025-01-01T13:35:00Z","rainfall_intensity",0.871598256449384,"mm/h"
"S01","2025-01-01T13:40:00Z","rainfall_intensity",0,"mm/h"
"S01","2025-01-01T13:45:00Z","rainfall_intensity",0.844270362793819,"mm/h"
"S01","2025-01-01T13:50:00Z","rainfall_intensity",0.435814682740071,"mm/h"
"S01","2025-01-01T13:55:00Z","rainfall_intensity",0,"mm/h"
"S01","2025-01-01T14:00:00Z","rainfall_intensity",0.025797800694642,"mm/h"
"S01","2025-01-01T14:05:00Z","rainfall_intensity",0,"mm/h"
"S01","2025-01-01T14:10:00Z","rainfall_intensity",0.15269901173489,"mm/h"
"S01","2025-01-01T14:15:00Z","rainfall_intensity",0,"mm/h"
"S01","2025-01-01T14:20:00Z","rainfall_intensity",0,"mm/h"
"S01","2025-01-01T14:25:00Z","rainfall_intensity",0,"mm/h"
"S01","2025-01-01T14:30:00Z","rainfall_intensity",0,"mm/h"
"S01","2025-01-01T14:35:00Z","rainfall_intensity",0,"mm/h"
"S01","2025-01-01T14:40:00Z","rainfall_intensity",0,"mm/h"
"S01","2025-01-01T14:45:00Z","rainfall_intensity",0,"mm/h"
"S01","2025-01-01T14:50:00Z","rainfall_intensity",0,"mm/h"
"S01","2025-01-01T14:55:00Z","rainfall_intensity",0,"mm/h"
"S01","2025-01-01T15:00:00Z","rainfall_intensity",0,"mm/h"
"S01","2025-01-01T15:05:00Z","rainfall_intensity",0,"mm/h"
"S01","2025-01-01T15:10:00Z","rainfall_intensity",0,"mm/h"
"S01","2025-01-01T15:15:00Z","rainfall_intensity",0,"mm/h"
"S01","2025-01-01T15:20:00Z","rainfall_intensity",0,"mm/h"
"S01","2025-01-01T15:25:00Z","rainfall_intensity",1.44012434800183,"mm/h"
"S01","2025-01-01T15:30:00Z","rainfall_intensity",0,"mm/h"
"S01","2025-01-01T15:35:00Z","rainfall_intensity",0,"mm/h"
"S01","2025-01-01T15:40:00Z","rainfall_intensity",0,"mm/h"
"S01","2025-01-01T15:45:00Z","rainfall_intensity",0.169618284051295,"mm/h"
"S01","2025-01-01T15:50:00Z","rainfall_intensity",0.935923549141982,"mm/h"
"S01","2025-01-01T15:55:00Z","rainfall_intensity",3.87870773268941,"mm/h"
"S01","2025-01-01T16:00:00Z","rainfall_intensity",0.565558921628925,"mm/h"
"S01","2025-01-01T16:05:00Z","rainfall_intensity",1.58119309303666,"mm/h"
"S01","2025-01-01T16:10:00Z","rainfall_intensity",1.77834044961452,"mm/h"
"S01","2025-01-01T16:15:00Z","rainfall_intensity",0,"mm/h"
"S01","2025-01-01T16:20:00Z","rainfall_intensity",0.163238925838966,"mm/h"
"S01","2025-01-01T16:25:00Z","rainfall_intensity",1.45594335161614,"mm/h"
"S01","2025-01-01T16:30:00Z","rainfall_intensity",0,"mm/h"
"S01","2025-01-01T16:35:00Z","rainfall_intensity",0,"mm/h"
"S01","2025-01-01T16:40:00Z","rainfall_intensity",0,"mm/h"
"S01","2025-01-01T16:45:00Z","rainfall_intensity",0,"mm/h"
"S01","2025-01-01T16:50:00Z","rainfall_intensity",0,"mm/h"
"S01","2025-01-01T16:55:00Z","rainfall_intensity",0.200668196311908,"mm/h"
"S01","2025-01-01T17:00:00Z","rainfall_intensity",0.582595099443846,"mm/h"
"S01","2025-01-01T17:05:00Z","rainfall_intensity",0,"mm/h"
"S01","2025-01-01T17:10:00Z","rainfall_intensity",0,"mm/h"
"S01","2025-01-01T17:15:00Z","rainfall_intensity",0,"mm/h"
"S01","2025-01-01T17:20:00Z","rainfall_intensity",0,"mm/h"
"S01","2025-01-01T17:25:00Z","rainfall_intensity",0,"mm/h"
"S01","2025-01-01T17:30:00Z","rainfall_intensity",0,"mm/h"
"S01","2025-01-01T17:35:00Z","rainfall_intensity",0.150026427294081,"mm/h"
"S01","2025-01-01T17:40:00Z","rainfall_intensity",0,"mm/h"
"S01","2025-01-01T17:45:00Z","rainfall_intensity",0.548822656485657,"mm/h"
"S01","2025-01-01T17:50:00Z","rainfall_intensity",0,"mm/h"
"S01","2025-01-01T17:55:00Z","rainfall_intensity",0,"mm/h"
"S01","2025-01-01T18:00:00Z","rainfall_intensity",0,"mm/h"
"S01","2025-01-01T18:05:00Z","rainfall_intensity",0,"mm/h"
"S01","2025-01-01T18:10:00Z","rainfall_intensity",0.267486906258162,"mm/h"
"S01","2025-01-01T18:15:00Z","rainfall_intensity",0,"mm/h"
"S01","2025-01-01T18:20:00Z","rainfall_intensity",1.95653796198372,"mm/h"
"S01","2025-01-01T18:25:00Z","rainfall_intensity",2.34374518311993,"mm/h"
"S01","2025-01-01T18:30:00Z","rainfall_intensity",1.54499740539704,"mm/h"
"S01","2025-01-01T18:35:00Z","rainfall_intensity",9.57135979741728,"mm/h"
"S01","2025-01-01T18:40:00Z","rainfall_intensity",2.61863225300477,"mm/h"
"S01","2025-01-01T18:45:00Z","rainfall_intensity",1.17921451092186,"mm/h"
"S01","2025-01-01T18:50:00Z","rainfall_intensity",1.73864828588507,"mm/h"
"S01","2025-01-01T18:55:00Z","rainfall_intensity",0,"mm/h"
"S01","2025-01-01T19:00:00Z","rainfall_intensity",0.553616590198475,"mm/h"
"S01","2025-01-01T19:05:00Z","rainfall_intensity",3.89245602043083,"mm/h"
"S01","2025-01-01T19:10:00Z","rainfall_intensity",9.52588126123898,"mm/h"
"S01","2025-01-01T19:15:00Z","rainfall_intensity",0.494870581008816,"mm/h"
"S01","2025-01-01T19:20:00Z","rainfall_intensity",2.30658570853412,"mm/h"
"S01","2025-01-01T19:25:00Z","rainfall_intensity",2.62161536788354,"mm/h"
"S01","2025-01-01T19:30:00Z","rainfall_intensity",3.55974089340249,"mm/h"
"S01","2025-01-01T19:35:00Z","rainfall_intensity",7.90724596375579,"mm/h"
"S01","2025-01-01T19:40:00Z","rainfall_intensity",2.83165160183052,"mm/h"
"S01","2025-01-01T19:45:00Z","rainfall_intensity",5.92375415438966,"mm/h"
"S01","2025-01-01T19:50:00Z","rainfall_intensity",1.25273962412485,"mm/h"
"S01","2025-01-01T19:55:00Z","rainfall_intensity",1.4422848317288,"mm/h"
"S01","2025-01-01T20:00:00Z","rainfall_intensity",5.43640117998691,"mm/h"
"S01","2025-01-01T20:05:00Z","rainfall_intensity",3.36574355177522,"mm/h"
"S01","2025-01-01T20:10:00Z","rainfall_intensity",0.957233235162461,"mm/h"
"S01","2025-01-01T20:15:00Z","rainfall_intensity",0,"mm/h"
"S01","2025-01-01T20:20:00Z","rainfall_intensity",0,"mm/h"
"S01","2025-01-01T20:25:00Z","rainfall_intensity",0.583416649553721,"mm/h"
"S01","2025-01-01T20:30:00Z","rainfall_intensity",0.0397304200939177,"mm/h"
"S01","2025-01-01T20:35:00Z","rainfall_intensity",0,"mm/h"
"S01","2025-01-01T20:40:00Z","rainfall_intensity",0,"mm/h"
"S01","2025-01-01T20:45:00Z","rainfall_intensity",1.22421004187609,"mm/h"
"S01","2025-01-01T20:50:00Z","rainfall_intensity",2.52831317782516,"mm/h"
"S01","2025-01-01T20:55:00Z","rainfall_intensity",0.390913987310661,"mm/h"
"S01","2025-01-01T21:00:00Z","rainfall_intensity",0.948733294136774,"mm/h"
"S01","2025-01-01T21:05:00Z","rainfall_intensity",0,"mm/h"
"S01","2025-01-01T21:10:00Z","rainfall_intensity",0,"mm/h"
"S01","2025-01-01T21:15:00Z","rainfall_intensity",0,"mm/h"
"S01","2025-01-01T21:20:00Z","rainfall_intensity",0,"mm/h"
"S01","2025-01-01T21:25:00Z","rainfall_intensity",0,"mm/h"
"S01","2025-01-01T21:30:00Z","rainfall_intensity",0,"mm/h"
"S01","2025-01-01T21:35:00Z","rainfall_intensity",0,"mm/h"
"S01","2025-01-01T21:40:00Z","rainfall_intensity",0,"mm/h"
"S01","2025-01-01T21:45:00Z","rainfall_intensity",0,"mm/h"
"S01","2025-01-01T21:50:00Z","rainfall_intensity",0,"mm/h"
"S01","2025-01-01T21:55:00Z","rainfall_intensity",0,"mm/h"
"S01","2025-01-01T22:00:00Z","rainfall_intensity",0,"mm/h"
"S01","2025-01-01T22:05:00Z","rainfall_intensity",0,"mm/h"
"S01","2025-01-01T22:10:00Z","rainfall_intensity",0,"mm/h"
"S01","2025-01-01T22:15:00Z","rainfall_intensity",0,"mm/h"
"S01","2025-01-01T22:20:00Z","rainfall_intensity",0,"mm/h"
"S01","2025-01-01T22:25:00Z","rainfall_intensity",0.302080533652011,"mm/h"
"S01","2025-01-01T22:30:00Z","rainfall_intensity",0.129050614192475,"mm/h"
"S01","2025-01-01T22:35:00Z","rainfall_intensity",0,"mm/h"
"S01","2025-01-01T22:40:00Z","rainfall_intensity",0,"mm/h"
"S01","2025-01-01T22:45:00Z","rainfall_intensity",0,"mm/h"
"S01","2025-01-01T22:50:00Z","rainfall_intensity",0,"mm/h"
"S01","2025-01-01T22:55:00Z","rainfall_intensity",0,"mm/h"
"S01","2025-01-01T23:00:00Z","rainfall_intensity",0,"mm/h"
"S01","2025-01-01T23:05:00Z","rainfall_intensity",0,"mm/h"
"S01","2025-01-01T23:10:00Z","rainfall_intensity",0,"mm/h"
"S01","2025-01-01T23:15:00Z","rainfall_intensity",0,"mm/h"
"S01","2025-01-01T23:20:00Z","rainfall_intensity",0,"mm/h"
"S01","2025-01-01T23:25:00Z","rainfall_intensity",0,"mm/h"
"S01","2025-01-01T23:30:00Z","rainfall_intensity",0,"mm/h"
"S01","2025-01-01T23:35:00Z","rainfall_intensity",0,"mm/h"
"S01","2025-01-01T23:40:00Z","rainfall_intensity",0,"mm/h"
"S01","2025-01-01T23:45:00Z","rainfall_intensity",0,"mm/h"
"S01","2025-01-01T23:50:00Z","rainfall_intensity",0,"mm/h"
"S01","2025-01-01T23:55:00Z","rainfall_intensity",0,"mm/h"
"S01","2025-01-02T00:00:00Z","rainfall_intensity",0,"mm/h"
"S01","2025-01-02T00:05:00Z","rainfall_intensity",0,"mm/h"
"S01","2025-01-02T00:10:00Z","rainfall_intensity",0,"mm/h"
"S01","2025-01-02T00:15:00Z","rainfall_intensity",0,"mm/h"
"S01","2025-01-02T00:20:00Z","rainfall_intensity",0,"mm/h"
"S01","2025-01-02T00:25:00Z","rainfall_intensity",0,"mm/h"
"S01","2025-01-02T00:30:00Z","rainfall_intensity",0,"mm/h"
"S01","2025-01-02T00:35:00Z","rainfall_intensity",0,"mm/h"
"S01","2025-01-02T00:40:00Z","rainfall_intensity",0,"mm/h"
"S01","2025-01-02T00:45:00Z","rainfall_intensity",0,"mm/h"
"S01","2025-01-02T00:50:00Z","rainfall_intensity",0,"mm/h"
"S01","2025-01-02T00:55:00Z","rainfall_intensity",0,"mm/h"
"S01","2025-01-02T01:00:00Z","rainfall_intensity",0,"mm/h"
"S01","2025-01-02T01:05:00Z","rainfall_intensity",0,"mm/h"
"S01","2025-01-02T01:10:00Z","rainfall_intensity",0,"mm/h"
"S01","2025-01-02T01:15:00Z","rainfall_intensity",0,"mm/h"
"S01","2025-01-02T01:20:00Z","rainfall_intensity",0,"mm/h"
"S01","2025-01-02T01:25:00Z","rainfall_intensity",0,"mm/h"
"S01","2025-01-02T01:30:00Z","rainfall_intensity",0.163742561024526,"mm/h"
"S01","2025-01-02T01:35:00Z","rainfall_intensity",0,"mm/h"
"S01","2025-01-02T01:40:00Z","rainfall_intensity",0,"mm/h"
"S01","2025-01-02T01:45:00Z","rainfall_intensity",0,"mm/h"
"S01","2025-01-02T01:50:00Z","rainfall_intensity",0,"mm/h"
"S01","2025-01-02T01:55:00Z","rainfall_intensity",0,"mm/h"
"S01","2025-01-02T02:00:00Z","rainfall_intensity",0.0186074960974613,"mm/h"
"S01","2025-01-02T02:05:00Z","rainfall_intensity",0,"mm/h"
"S01","2025-01-02T02:10:00Z","rainfall_intensity",0,"mm/h"
"S01","2025-01-02T02:15:00Z","rainfall_intensity",0,"mm/h"
"S01","2025-01-02T02:20:00Z","rainfall_intensity",4.27842609307971,"mm/h"
"S01","2025-01-02T02:25:00Z","rainfall_intensity",0.361464188185828,"mm/h"
"S01","2025-01-02T02:30:00Z","rainfall_intensity",0,"mm/h"
"S01","2025-01-02T02:35:00Z","rainfall_intensity",0,"mm/h"
"S01","2025-01-02T02:40:00Z","rainfall_intensity",1.05036446856234,"mm/h"
"S01","2025-01-02T02:45:00Z","rainfall_intensity",0.213103313269631,"mm/h"
"S01","2025-01-02T02:50:00Z","rainfall_intensity",0,"mm/h"
"S01","2025-01-02T02:55:00Z","rainfall_intensity",0,"mm/h"
"S01","2025-01-02T03:00:00Z","rainfall_intensity",0,"mm/h"
"S01","2025-01-02T03:05:00Z","rainfall_intensity",0,"mm/h"
"S01","2025-01-02T03:10:00Z","rainfall_intensity",0.0337387411273778,"mm/h"
"S01","2025-01-02T03:15:00Z","rainfall_intensity",0,"mm/h"
"S01","2025-01-02T03:20:00Z","rainfall_intensity",0,"mm/h"
"S01","2025-01-02T03:25:00Z","rainfall_intensity",0,"mm/h"
"S01","2025-01-02T03:30:00Z","rainfall_intensity",0,"mm/h"
"S01","2025-01-02T03:35:00Z","rainfall_intensity",0,"mm/h"
"S01","2025-01-02T03:40:00Z","rainfall_intensity",0.469394382778186,"mm/h"
"S01","2025-01-02T03:45:00Z","rainfall_intensity",0,"mm/h"
"S01","2025-01-02T03:50:00Z","rainfall_intensity",0.225575863806066,"mm/h"
"S01","2025-01-02T03:55:00Z","rainfall_intensity",0,"mm/h"
"S01","2025-01-02T04:00:00Z","rainfall_intensity",0.209045628136095,"mm/h"
"S01","2025-01-02T04:05:00Z","rainfall_intensity",0.651572441107072,"mm/h"
"S01","2025-01-02T04:10:00Z","rainfall_intensity",1.21200413529204,"mm/h"
"S01","2025-01-02T04:15:00Z","rainfall_intensity",1.13613166418327,"mm/h"
"S01","2025-01-02T04:20:00Z","rainfall_intensity",0.174195998557526,"mm/h"
"S01","2025-01-02T04:25:00Z","rainfall_intensity",0,"mm/h"
"S01","2025-01-02T04:30:00Z","rainfall_intensity",0,"mm/h"
"S01","2025-01-02T04:35:00Z","rainfall_intensity",0,"mm/h"
"S01","2025-01-02T04:40:00Z","rainfall_intensity",0.303699159788807,"mm/h"
"S01","2025-01-02T04:45:00Z","rainfall_intensity",0,"mm/h"
"S01","2025-01-02T04:50:00Z","rainfall_intensity",0,"mm/h"
"S01","2025-01-02T04:55:00Z","rainfall_intensity",0,"mm/h"
"S01","2025-01-02T05:00:00Z","rainfall_intensity",0,"mm/h"
"S01","2025-01-02T05:05:00Z","rainfall_intensity",0,"mm/h"
"S01","2025-01-02T05:10:00Z","rainfall_intensity",0,"mm/h"
"S01","2025-01-02T05:15:00Z","rainfall_intensity",0.325387507695428,"mm/h"
"S01","2025-01-02T05:20:00Z","rainfall_intensity",0,"mm/h"
"S01","2025-01-02T05:25:00Z","rainfall_intensity",0,"mm/h"
"S01","2025-01-02T05:30:00Z","rainfall_intensity",0,"mm/h"
"S01","2025-01-02T05:35:00Z","rainfall_intensity",0,"mm/h"
"S01","2025-01-02T05:40:00Z","rainfall_intensity",0,"mm/h"
"S01","2025-01-02T05:45:00Z","rainfall_intensity",0,"mm/h"
"S01","2025-01-02T05:50:00Z","rainfall_intensity",0,"mm/h"
"S01","2025-01-02T05:55:00Z","rainfall_intensity",0,"mm/h"
"S01","2025-01-02T06:00:00Z","rainfall_intensity",0,"mm/h"
"S01","2025-01-02T06:05:00Z","rainfall_intensity",1.01493685878025,"mm/h"
"S01","2025-01-02T06:10:00Z","rainfall_intensity",0,"mm/h"
"S01","2025-01-02T06:15:00Z","rainfall_intensity",0,"mm/h"
"S01","2025-01-02T06:20:00Z","rainfall_intensity",0,"mm/h"
"S01","2025-01-02T06:25:00Z","rainfall_intensity",0,"mm/h"
"S01","2025-01-02T06:30:00Z","rainfall_intensity",0,"mm/h"
"S01","2025-01-02T06:35:00Z","rainfall_intensity",0,"mm/h"
"S01","2025-01-02T06:40:00Z","rainfall_intensity",0,"mm/h"
"S01","2025-01-02T06:45:00Z","rainfall_intensity",0,"mm/h"
"S01","2025-01-02T06:50:00Z","rainfall_intensity",0,"mm/h"
"S01","2025-01-02T06:55:00Z","rainfall_intensity",0,"mm/h"
"S01","2025-01-02T07:00:00Z","rainfall_intensity",0,"mm/h"
"S01","2025-01-02T07:05:00Z","rainfall_intensity",0,"mm/h"
"S01","2025-01-02T07:10:00Z","rainfall_intensity",0,"mm/h"
"S01","2025-01-02T07:15:00Z","rainfall_intensity",0,"mm/h"
"S01","2025-01-02T07:20:00Z","rainfall_intensity",0,"mm/h"
"S01","2025-01-02T07:25:00Z","rainfall_intensity",0,"mm/h"
"S01","2025-01-02T07:30:00Z","rainfall_intensity",0,"mm/h"
"S01","2025-01-02T07:35:00Z","rainfall_intensity",0,"mm/h"
"S01","2025-01-02T07:40:00Z","rainfall_intensity",0,"mm/h"
"S01","2025-01-02T07:45:00Z","rainfall_intensity",0,"mm/h"
"S01","2025-01-02T07:50:00Z","rainfall_intensity",0,"mm/h"
"S01","2025-01-02T07:55:00Z","rainfall_intensity",0,"mm/h"
"S01","2025-01-02T08:00:00Z","rainfall_intensity",0,"mm/h"
"S01","2025-01-02T08:05:00Z","rainfall_intensity",0,"mm/h"
"S01","2025-01-02T08:10:00Z","rainfall_intensity",0,"mm/h"
"S01","2025-01-02T08:15:00Z","rainfall_intensity",0,"mm/h"
"S01","2025-01-02T08:20:00Z","rainfall_intensity",0,"mm/h"
"S01","2025-01-02T08:25:00Z","rainfall_intensity",0,"mm/h"
"S01","2025-01-02T08:30:00Z","rainfall_intensity",0.272663490543001,"mm/h"
"S01","2025-01-02T08:35:00Z","rainfall_intensity",0.202017899700602,"mm/h"
"S01","2025-01-02T08:40:00Z","rainfall_intensity",0,"mm/h"
"S01","2025-01-02T08:45:00Z","rainfall_intensity",0,"mm/h"
"S01","2025-01-02T08:50:00Z","rainfall_intensity",0,"mm/h"
"S01","2025-01-02T08:55:00Z","rainfall_intensity",0,"mm/h"
"S01","2025-01-02T09:00:00Z","rainfall_intensity",0,"mm/h"
"S01","2025-01-02T09:05:00Z","rainfall_intensity",0,"mm/h"
"S01","2025-01-02T09:10:00Z","rainfall_intensity",0,"mm/h"
"S01","2025-01-02T09:15:00Z","rainfall_intensity",0,"mm/h"
"S01","2025-01-02T09:20:00Z","rainfall_intensity",0.26463127703133,"mm/h"
"S01","2025-01-02T09:25:00Z","rainfall_intensity",0,"mm/h"
"S01","2025-01-02T09:30:00Z","rainfall_intensity",0,"mm/h"
"S01","2025-01-02T09:35:00Z","rainfall_intensity",0,"mm/h"
"S01","2025-01-02T09:40:00Z","rainfall_intensity",0,"mm/h"
"S01","2025-01-02T09:45:00Z","rainfall_intensity",0,"mm/h"
"S01","2025-01-02T09:50:00Z","rainfall_intensity",0,"mm/h"
"S01","2025-01-02T09:55:00Z","rainfall_intensity",0,"mm/h"
"S01","2025-01-02T10:00:00Z","rainfall_intensity",0,"mm/h"
"S01","2025-01-02T10:05:00Z","rainfall_intensity",0,"mm/h"
"S01","2025-01-02T10:10:00Z","rainfall_intensity",0,"mm/h"
"S01","2025-01-02T10:15:00Z","rainfall_intensity",0,"mm/h"
"S01","2025-01-02T10:20:00Z","rainfall_intensity",0,"mm/h"
"S01","2025-01-02T10:25:00Z","rainfall_intensity",0,"mm/h"
"S01","2025-01-02T10:30:00Z","rainfall_intensity",0,"mm/h"
"S01","2025-01-02T10:35:00Z","rainfall_intensity",0,"mm/h"
"S01","2025-01-02T10:40:00Z","rainfall_intensity",0,"mm/h"
"S01","2025-01-02T10:45:00Z","rainfall_intensity",0,"mm/h"
"S01","2025-01-02T10:50:00Z","rainfall_intensity",0.390138189174172,"mm/h"
"S01","2025-01-02T10:55:00Z","rainfall_intensity",0,"mm/h"
"S01","2025-01-02T11:00:00Z","rainfall_intensity",0,"mm/h"
"S01","2025-01-02T11:05:00Z","rainfall_intensity",0,"mm/h"
"S01","2025-01-02T11:10:00Z","rainfall_intensity",0,"mm/h"
"S01","2025-01-02T11:15:00Z","rainfall_intensity",0,"mm/h"
"S01","2025-01-02T11:20:00Z","rainfall_intensity",0,"mm/h"
"S01","2025-01-02T11:25:00Z","rainfall_intensity",0,"mm/h"
"S01","2025-01-02T11:30:00Z","rainfall_intensity",1.72676816185966,"mm/h"
"S01","2025-01-02T11:35:00Z","rainfall_intensity",0,"mm/h"
"S01","2025-01-02T11:40:00Z","rainfall_intensity",0,"mm/h"
"S01","2025-01-02T11:45:00Z","rainfall_intensity",0,"mm/h"
"S01","2025-01-02T11:50:00Z","rainfall_intensity",0,"mm/h"
"S01","2025-01-02T11:55:00Z","rainfall_intensity",0,"mm/h"
"S01","2025-01-02T12:00:00Z","rainfall_intensity",0,"mm/h"
"S01","2025-01-02T12:05:00Z","rainfall_intensity",0,"mm/h"
"S01","2025-01-02T12:10:00Z","rainfall_intensity",0,"mm/h"
"S01","2025-01-02T12:15:00Z","rainfall_intensity",0,"mm/h"
"S01","2025-01-02T12:20:00Z","rainfall_intensity",0,"mm/h"
"S01","2025-01-02T12:25:00Z","rainfall_intensity",0,"mm/h"
"S01","2025-01-02T12:30:00Z","rainfall_intensity",0,"mm/h"
"S01","2025-01-02T12:35:00Z","rainfall_intensity",0,"mm/h"
"S01","2025-01-02T12:40:00Z","rainfall_intensity",1.39450471151447,"mm/h"
"S01","2025-01-02T12:45:00Z","rainfall_intensity",0,"mm/h"
"S01","2025-01-02T12:50:00Z","rainfall_intensity",0,"mm/h"
"S01","2025-01-02T12:55:00Z","rainfall_intensity",0,"mm/h"
"S01","2025-01-02T13:00:00Z","rainfall_intensity",0.0697843030193044,"mm/h"
"S01","2025-01-02T13:05:00Z","rainfall_intensity",0.713722563247505,"mm/h"
"S01","2025-01-02T13:10:00Z","rainfall_intensity",0,"mm/h"
"S01","2025-01-02T13:15:00Z","rainfall_intensity",0,"mm/h"
"S01","2025-01-02T13:20:00Z","rainfall_intensity",0,"mm/h"
"S01","2025-01-02T13:25:00Z","rainfall_intensity",0,"mm/h"
"S01","2025-01-02T13:30:00Z","rainfall_intensity",0,"mm/h"
"S01","2025-01-02T13:35:00Z","rainfall_intensity",0,"mm/h"
"S01","2025-01-02T13:40:00Z","rainfall_intensity",0,"mm/h"
"S01","2025-01-02T13:45:00Z","rainfall_intensity",0,"mm/h"
"S01","2025-01-02T13:50:00Z","rainfall_intensity",0,"mm/h"
"S01","2025-01-02T13:55:00Z","rainfall_intensity",0,"mm/h"
"S01","2025-01-02T14:00:00Z","rainfall_intensity",0,"mm/h"
"S01","2025-01-02T14:05:00Z","rainfall_intensity",0,"mm/h"
"S01","2025-01-02T14:10:00Z","rainfall_intensity",0.0451738115190392,"mm/h"
"S01","2025-01-02T14:15:00Z","rainfall_intensity",0,"mm/h"
"S01","2025-01-02T14:20:00Z","rainfall_intensity",0,"mm/h"
"S01","2025-01-02T14:25:00Z","rainfall_intensity",0,"mm/h"
"S01","2025-01-02T14:30:00Z","rainfall_intensity",0,"mm/h"
"S01","2025-01-02T14:35:00Z","rainfall_intensity",0,"mm/h"
"S01","2025-01-02T14:40:00Z","rainfall_intensity",0,"mm/h"
"S01","2025-01-02T14:45:00Z","rainfall_intensity",0,"mm/h"
"S01","2025-01-02T14:50:00Z","rainfall_intensity",0,"mm/h"
"S01","2025-01-02T14:55:00Z","rainfall_intensity",0,"mm/h"
"S01","2025-01-02T15:00:00Z","rainfall_intensity",0,"mm/h"
"S01","2025-01-02T15:05:00Z","rainfall_intensity",0,"mm/h"
"S01","2025-01-02T15:10:00Z","rainfall_intensity",0.868256483319087,"mm/h"
"S01","2025-01-02T15:15:00Z","rainfall_intensity",0.0227332769684525,"mm/h"
"S01","2025-01-02T15:20:00Z","rainfall_intensity",1.39741632064407,"mm/h"
"S01","2025-01-02T15:25:00Z","rainfall_intensity",3.00869214895166,"mm/h"
"S01","2025-01-02T15:30:00Z","rainfall_intensity",0.17526488604696,"mm/h"
"S01","2025-01-02T15:35:00Z","rainfall_intensity",0.835531246905399,"mm/h"
"S01","2025-01-02T15:40:00Z","rainfall_intensity",0,"mm/h"
"S01","2025-01-02T15:45:00Z","rainfall_intensity",0,"mm/h"
"S01","2025-01-02T15:50:00Z","rainfall_intensity",0,"mm/h"
"S01","2025-01-02T15:55:00Z","rainfall_intensity",0,"mm/h"
"S01","2025-01-02T16:00:00Z","rainfall_intensity",0,"mm/h"
"S01","2025-01-02T16:05:00Z","rainfall_intensity",0,"mm/h"
"S01","2025-01-02T16:10:00Z","rainfall_intensity",0,"mm/h"
"S01","2025-01-02T16:15:00Z","rainfall_intensity",0,"mm/h"
"S01","2025-01-02T16:20:00Z","rainfall_intensity",0,"mm/h"
"S01","2025-01-02T16:25:00Z","rainfall_intensity",0,"mm/h"
"S01","2025-01-02T16:30:00Z","rainfall_intensity",0,"mm/h"
"S01","2025-01-02T16:35:00Z","rainfall_intensity",0,"mm/h"
"S01","2025-01-02T16:40:00Z","rainfall_intensity",0,"mm/h"
"S01","2025-01-02T16:45:00Z","rainfall_intensity",0,"mm/h"
"S01","2025-01-02T16:50:00Z","rainfall_intensity",0,"mm/h"
"S01","2025-01-02T16:55:00Z","rainfall_intensity",0,"mm/h"
"S01","2025-01-02T17:00:00Z","rainfall_intensity",0,"mm/h"
"S01","2025-01-02T17:05:00Z","rainfall_intensity",0,"mm/h"
"S01","2025-01-02T17:10:00Z","rainfall_intensity",0,"mm/h"
"S01","2025-01-02T17:15:00Z","rainfall_intensity",0,"mm/h"
"S01","2025-01-02T17:20:00Z","rainfall_intensity",0,"mm/h"
"S01","2025-01-02T17:25:00Z","rainfall_intensity",0,"mm/h"
"S01","2025-01-02T17:30:00Z","rainfall_intensity",0,"mm/h"
"S01","2025-01-02T17:35:00Z","rainfall_intensity",0,"mm/h"
"S01","2025-01-02T17:40:00Z","rainfall_intensity",0,"mm/h"
"S01","2025-01-02T17:45:00Z","rainfall_intensity",0,"mm/h"
"S01","2025-01-02T17:50:00Z","rainfall_intensity",0,"mm/h"
"S01","2025-01-02T17:55:00Z","rainfall_intensity",0,"mm/h"
"S01","2025-01-02T18:00:00Z","rainfall_intensity",0.0449332517567138,"mm/h"
"S01","2025-01-02T18:05:00Z","rainfall_intensity",0,"mm/h"
"S01","2025-01-02T18:10:00Z","rainfall_intensity",0,"mm/h"
"S01","2025-01-02T18:15:00Z","rainfall_intensity",0,"mm/h"
"S01","2025-01-02T18:20:00Z","rainfall_intensity",0,"mm/h"
"S01","2025-01-02T18:25:00Z","rainfall_intensity",0,"mm/h"
"S01","2025-01-02T18:30:00Z","rainfall_intensity",0,"mm/h"
"S01","2025-01-02T18:35:00Z","rainfall_intensity",0,"mm/h"
"S01","2025-01-02T18:40:00Z","rainfall_intensity",0,"mm/h"
"S01","2025-01-02T18:45:00Z","rainfall_intensity",0,"mm/h"
"S01","2025-01-02T18:50:00Z","rainfall_intensity",0,"mm/h"
"S01","2025-01-02T18:55:00Z","rainfall_intensity",0,"mm/h"
"S01","2025-01-02T19:00:00Z","rainfall_intensity",0,"mm/h"
"S01","2025-01-02T19:05:00Z","rainfall_intensity",0,"mm/h"
"S01","2025-01-02T19:10:00Z","rainfall_intensity",0,"mm/h"
"S01","2025-01-02T19:15:00Z","rainfall_intensity",0,"mm/h"
"S01","2025-01-02T19:20:00Z","rainfall_intensity",0,"mm/h"
"S01","2025-01-02T19:25:00Z","rainfall_intensity",0,"mm/h"
"S01","2025-01-02T19:30:00Z","rainfall_intensity",0,"mm/h"
"S01","2025-01-02T19:35:00Z","rainfall_intensity",0,"mm/h"
"S01","2025-01-02T19:40:00Z","rainfall_intensity",0,"mm/h"
"S01","2025-01-02T19:45:00Z","rainfall_intensity",0,"mm/h"
"S01","2025-01-02T19:50:00Z","rainfall_intensity",0,"mm/h"
"S01","2025-01-02T19:55:00Z","rainfall_intensity",0,"mm/h"
"S01","2025-01-02T20:00:00Z","rainfall_intensity",0,"mm/h"
"S01","2025-01-02T20:05:00Z","rainfall_intensity",0,"mm/h"
"S01","2025-01-02T20:10:00Z","rainfall_intensity",0,"mm/h"
"S01","2025-01-02T20:15:00Z","rainfall_intensity",0,"mm/h"
"S01","2025-01-02T20:20:00Z","rainfall_intensity",0,"mm/h"
"S01","2025-01-02T20:25:00Z","rainfall_intensity",0,"mm/h"
"S01","2025-01-02T20:30:00Z","rainfall_intensity",0,"mm/h"
"S01","2025-01-02T20:35:00Z","rainfall_intensity",0,"mm/h"
"S01","2025-01-02T20:40:00Z","rainfall_intensity",0.0443333848205042,"mm/h"
"S01","2025-01-02T20:45:00Z","rainfall_intensity",0.180141673240964,"mm/h"
"S01","2025-01-02T20:50:00Z","rainfall_intensity",0,"mm/h"
"S01","2025-01-02T20:55:00Z","rainfall_intensity",0,"mm/h"
"S01","2025-01-02T21:00:00Z","rainfall_intensity",0,"mm/h"
"S01","2025-01-02T21:05:00Z","rainfall_intensity",0,"mm/h"
"S01","2025-01-02T21:10:00Z","rainfall_intensity",0,"mm/h"
"S01","2025-01-02T21:15:00Z","rainfall_intensity",0,"mm/h"
"S01","2025-01-02T21:20:00Z","rainfall_intensity",0,"mm/h"
"S01","2025-01-02T21:25:00Z","rainfall_intensity",0,"mm/h"
"S01","2025-01-02T21:30:00Z","rainfall_intensity",0,"mm/h"
"S01","2025-01-02T21:35:00Z","rainfall_intensity",0,"mm/h"
"S01","2025-01-02T21:40:00Z","rainfall_intensity",0.188812001465042,"mm/h"
"S01","2025-01-02T21:45:00Z","rainfall_intensity",0,"mm/h"
"S01","2025-01-02T21:50:00Z","rainfall_intensity",0,"mm/h"
"S01","2025-01-02T21:55:00Z","rainfall_intensity",0,"mm/h"
"S01","2025-01-02T22:00:00Z","rainfall_intensity",0.644527152386374,"mm/h"
"S01","2025-01-02T22:05:00Z","rainfall_intensity",0.432953714999397,"mm/h"
"S01","2025-01-02T22:10:00Z","rainfall_intensity",0,"mm/h"
"S01","2025-01-02T22:15:00Z","rainfall_intensity",0,"mm/h"
"S01","2025-01-02T22:20:00Z","rainfall_intensity",0,"mm/h"
"S01","2025-01-02T22:25:00Z","rainfall_intensity",0,"mm/h"
"S01","2025-01-02T22:30:00Z","rainfall_intensity",0,"mm/h"
"S01","2025-01-02T22:35:00Z","rainfall_intensity",0,"mm/h"
"S01","2025-01-02T22:40:00Z","rainfall_intensity",0,"mm/h"
"S01","2025-01-02T22:45:00Z","rainfall_intensity",0,"mm/h"
"S01","2025-01-02T22:50:00Z","rainfall_intensity",0,"mm/h"
"S01","2025-01-02T22:55:00Z","rainfall_intensity",0,"mm/h"
"S01","2025-01-02T23:00:00Z","rainfall_intensity",0,"mm/h"
"S01","2025-01-02T23:05:00Z","rainfall_intensity",0,"mm/h"
"S01","2025-01-02T23:10:00Z","rainfall_intensity",0.0834159903178895,"mm/h"
"S01","2025-01-02T23:15:00Z","rainfall_intensity",1.10180649428715,"mm/h"
"S01","2025-01-02T23:20:00Z","rainfall_intensity",0.30918155128364,"mm/h"
"S01","2025-01-02T23:25:00Z","rainfall_intensity",0,"mm/h"
"S01","2025-01-02T23:30:00Z","rainfall_intensity",0,"mm/h"
"S01","2025-01-02T23:35:00Z","rainfall_intensity",0,"mm/h"
"S01","2025-01-02T23:40:00Z","rainfall_intensity",0,"mm/h"
"S01","2025-01-02T23:45:00Z","rainfall_intensity",0,"mm/h"
"S01","2025-01-02T23:50:00Z","rainfall_intensity",0,"mm/h"
"S01","2025-01-02T23:55:00Z","rainfall_intensity",0,"mm/h"
"S01","2025-01-03T00:00:00Z","rainfall_intensity",0,"mm/h"
"S01","2025-01-03T00:05:00Z","rainfall_intensity",0.363587378071876,"mm/h"
"S01","2025-01-03T00:10:00Z","rainfall_intensity",0.839308479260176,"mm/h"
"S01","2025-01-03T00:15:00Z","rainfall_intensity",0,"mm/h"
"S01","2025-01-03T00:20:00Z","rainfall_intensity",0,"mm/h"
"S01","2025-01-03T00:25:00Z","rainfall_intensity",1.59014848483361,"mm/h"
"S01","2025-01-03T00:30:00Z","rainfall_intensity",0,"mm/h"
"S01","2025-01-03T00:35:00Z","rainfall_intensity",0,"mm/h"
"S01","2025-01-03T00:40:00Z","rainfall_intensity",0.191142774945352,"mm/h"
"S01","2025-01-03T00:45:00Z","rainfall_intensity",0.406123792782683,"mm/h"
"S01","2025-01-03T00:50:00Z","rainfall_intensity",0.593128482922965,"mm/h"
"S01","2025-01-03T00:55:00Z","rainfall_intensity",0,"mm/h"
"S01","2025-01-03T01:00:00Z","rainfall_intensity",0.329331892927592,"mm/h"
"S01","2025-01-03T01:05:00Z","rainfall_intensity",0.214781808342337,"mm/h"
"S01","2025-01-03T01:10:00Z","rainfall_intensity",2.71444604036179,"mm/h"
"S01","2025-01-03T01:15:00Z","rainfall_intensity",0.402064984246384,"mm/h"
"S01","2025-01-03T01:20:00Z","rainfall_intensity",0.360150029966101,"mm/h"
"S01","2025-01-03T01:25:00Z","rainfall_intensity",3.24009095153865,"mm/h"
"S01","2025-01-03T01:30:00Z","rainfall_intensity",0.0824653268406938,"mm/h"
"S01","2025-01-03T01:35:00Z","rainfall_intensity",2.76167678151264,"mm/h"
"S01","2025-01-03T01:40:00Z","rainfall_intensity",3.55532895086342,"mm/h"
"S01","2025-01-03T01:45:00Z","rainfall_intensity",1.43121371252731,"mm/h"
"S01","2025-01-03T01:50:00Z","rainfall_intensity",0,"mm/h"
"S01","2025-01-03T01:55:00Z","rainfall_intensity",0,"mm/h"
"S01","2025-01-03T02:00:00Z","rainfall_intensity",0,"mm/h"
"S01","2025-01-03T02:05:00Z","rainfall_intensity",0,"mm/h"
"S01","2025-01-03T02:10:00Z","rainfall_intensity",0,"mm/h"
"S01","2025-01-03T02:15:00Z","rainfall_intensity",0.311844308105558,"mm/h"
"S01","2025-01-03T02:20:00Z","rainfall_intensity",0,"mm/h"
"S01","2025-01-03T02:25:00Z","rainfall_intensity",0,"mm/h"
"S01","2025-01-03T02:30:00Z","rainfall_intensity",0.0315432708775536,"mm/h"
"S01","2025-01-03T02:35:00Z","rainfall_intensity",0,"mm/h"
"S01","2025-01-03T02:40:00Z","rainfall_intensity",0,"mm/h"
"S01","2025-01-03T02:45:00Z","rainfall_intensity",0,"mm/h"
"S01","2025-01-03T02:50:00Z","rainfall_intensity",0,"mm/h"
"S01","2025-01-03T02:55:00Z","rainfall_intensity",0,"mm/h"
"S01","2025-01-03T03:00:00Z","rainfall_intensity",0,"mm/h"
"S01","2025-01-03T03:05:00Z","rainfall_intensity",0,"mm/h"
"S01","2025-01-03T03:10:00Z","rainfall_intensity",0,"mm/h"
"S01","2025-01-03T03:15:00Z","rainfall_intensity",0,"mm/h"
"S01","2025-01-03T03:20:00Z","rainfall_intensity",0,"mm/h"
"S01","2025-01-03T03:25:00Z","rainfall_intensity",0,"mm/h"
"S01","2025-01-03T03:30:00Z","rainfall_intensity",0,"mm/h"
"S01","2025-01-03T03:35:00Z","rainfall_intensity",0,"mm/h"
"S01","2025-01-03T03:40:00Z","rainfall_intensity",0,"mm/h"
"S01","2025-01-03T03:45:00Z","rainfall_intensity",0.0260368724396891,"mm/h"
"S01","2025-01-03T03:50:00Z","rainfall_intensity",0,"mm/h"
"S01","2025-01-03T03:55:00Z","rainfall_intensity",0,"mm/h"
"S01","2025-01-03T04:00:00Z","rainfall_intensity",0,"mm/h"
"S01","2025-01-03T04:05:00Z","rainfall_intensity",1.97393073933237,"mm/h"
"S01","2025-01-03T04:10:00Z","rainfall_intensity",0.634046320693349,"mm/h"
"S01","2025-01-03T04:15:00Z","rainfall_intensity",0,"mm/h"
"S01","2025-01-03T04:20:00Z","rainfall_intensity",0,"mm/h"
"S01","2025-01-03T04:25:00Z","rainfall_intensity",0,"mm/h"
"S01","2025-01-03T04:30:00Z","rainfall_intensity",0,"mm/h"
"S01","2025-01-03T04:35:00Z","rainfall_intensity",0.432051910895661,"mm/h"
"S01","2025-01-03T04:40:00Z","rainfall_intensity",2.17048024811013,"mm/h"
"S01","2025-01-03T04:45:00Z","rainfall_intensity",0,"mm/h"
"S01","2025-01-03T04:50:00Z","rainfall_intensity",0,"mm/h"
"S01","2025-01-03T04:55:00Z","rainfall_intensity",0,"mm/h"
"S01","2025-01-03T05:00:00Z","rainfall_intensity",0,"mm/h"
"S01","2025-01-03T05:05:00Z","rainfall_intensity",0,"mm/h"
"S01","2025-01-03T05:10:00Z","rainfall_intensity",0,"mm/h"
"S01","2025-01-03T05:15:00Z","rainfall_intensity",0,"mm/h"
"S01","2025-01-03T05:20:00Z","rainfall_intensity",0,"mm/h"
"S01","2025-01-03T05:25:00Z","rainfall_intensity",0,"mm/h"
"S01","2025-01-03T05:30:00Z","rainfall_intensity",0,"mm/h"
"S01","2025-01-03T05:35:00Z","rainfall_intensity",0,"mm/h"
"S01","2025-01-03T05:40:00Z","rainfall_intensity",0,"mm/h"
"S01","2025-01-03T05:45:00Z","rainfall_intensity",0,"mm/h"
"S01","2025-01-03T05:50:00Z","rainfall_intensity",0,"mm/h"
"S01","2025-01-03T05:55:00Z","rainfall_intensity",0,"mm/h"
"S01","2025-01-03T06:00:00Z","rainfall_intensity",0,"mm/h"
"S01","2025-01-03T06:05:00Z","rainfall_intensity",0,"mm/h"
"S01","2025-01-03T06:10:00Z","rainfall_intensity",0,"mm/h"
"S01","2025-01-03T06:15:00Z","rainfall_intensity",0,"mm/h"
"S01","2025-01-03T06:20:00Z","rainfall_intensity",0,"mm/h"
"S01","2025-01-03T06:25:00Z","rainfall_intensity",0,"mm/h"
"S01","2025-01-03T06:30:00Z","rainfall_intensity",0,"mm/h"
"S01","2025-01-03T06:35:00Z","rainfall_intensity",0,"mm/h"
"S01","2025-01-03T06:40:00Z","rainfall_intensity",0.217797129130059,"mm/h"
"S01","2025-01-03T06:45:00Z","rainfall_intensity",0,"mm/h"
"S01","2025-01-03T06:50:00Z","rainfall_intensity",0,"mm/h"
"S01","2025-01-03T06:55:00Z","rainfall_intensity",0.202775119723068,"mm/h"
"S01","2025-01-03T07:00:00Z","rainfall_intensity",0,"mm/h"
"S01","2025-01-03T07:05:00Z","rainfall_intensity",1.66022174622891,"mm/h"
"S01","2025-01-03T07:10:00Z","rainfall_intensity",6.10807852077352,"mm/h"
"S01","2025-01-03T07:15:00Z","rainfall_intensity",2.44793774385767,"mm/h"
"S01","2025-01-03T07:20:00Z","rainfall_intensity",1.22640010824962,"mm/h"
"S01","2025-01-03T07:25:00Z","rainfall_intensity",1.79905518150585,"mm/h"
"S01","2025-01-03T07:30:00Z","rainfall_intensity",0.875997544988861,"mm/h"
"S01","2025-01-03T07:35:00Z","rainfall_intensity",2.84849339480691,"mm/h"
"S01","2025-01-03T07:40:00Z","rainfall_intensity",0.0913563724535921,"mm/h"
"S01","2025-01-03T07:45:00Z","rainfall_intensity",0,"mm/h"
"S01","2025-01-03T07:50:00Z","rainfall_intensity",0,"mm/h"
"S01","2025-01-03T07:55:00Z","rainfall_intensity",0,"mm/h"
"S01","2025-01-03T08:00:00Z","rainfall_intensity",0,"mm/h"
"S01","2025-01-03T08:05:00Z","rainfall_intensity",0,"mm/h"
"S01","2025-01-03T08:10:00Z","rainfall_intensity",0,"mm/h"
"S01","2025-01-03T08:15:00Z","rainfall_intensity",0.230793845135242,"mm/h"
"S01","2025-01-03T08:20:00Z","rainfall_intensity",0,"mm/h"
"S01","2025-01-03T08:25:00Z","rainfall_intensity",0,"mm/h"
"S01","2025-01-03T08:30:00Z","rainfall_intensity",0,"mm/h"
"S01","2025-01-03T08:35:00Z","rainfall_intensity",0,"mm/h"
"S01","2025-01-03T08:40:00Z","rainfall_intensity",0,"mm/h"
"S01","2025-01-03T08:45:00Z","rainfall_intensity",0,"mm/h"
"S01","2025-01-03T08:50:00Z","rainfall_intensity",0,"mm/h"
"S01","2025-01-03T08:55:00Z","rainfall_intensity",0,"mm/h"
"S01","2025-01-03T09:00:00Z","rainfall_intensity",0,"mm/h"
"S01","2025-01-03T09:05:00Z","rainfall_intensity",0,"mm/h"
"S01","2025-01-03T09:10:00Z","rainfall_intensity",0,"mm/h"
"S01","2025-01-03T09:15:00Z","rainfall_intensity",0,"mm/h"
"S01","2025-01-03T09:20:00Z","rainfall_intensity",0,"mm/h"
"S01","2025-01-03T09:25:00Z","rainfall_intensity",0,"mm/h"
"S01","2025-01-03T09:30:00Z","rainfall_intensity",0,"mm/h"
"S01","2025-01-03T09:35:00Z","rainfall_intensity",0,"mm/h"
"S01","2025-01-03T09:40:00Z","rainfall_intensity",0,"mm/h"
"S01","2025-01-03T09:45:00Z","rainfall_intensity",0,"mm/h"
"S01","2025-01-03T09:50:00Z","rainfall_intensity",0,"mm/h"
"S01","2025-01-03T09:55:00Z","rainfall_intensity",0,"mm/h"
"S01","2025-01-03T10:00:00Z","rainfall_intensity",0,"mm/h"
"S01","2025-01-03T10:05:00Z","rainfall_intensity",0,"mm/h"
"S01","2025-01-03T10:10:00Z","rainfall_intensity",0,"mm/h"
"S01","2025-01-03T10:15:00Z","rainfall_intensity",0,"mm/h"
"S01","2025-01-03T10:20:00Z","rainfall_intensity",0,"mm/h"
"S01","2025-01-03T10:25:00Z","rainfall_intensity",0,"mm/h"
"S01","2025-01-03T10:30:00Z","rainfall_intensity",0,"mm/h"
"S01","2025-01-03T10:35:00Z","rainfall_intensity",0,"mm/h"
"S01","2025-01-03T10:40:00Z","rainfall_intensity",0,"mm/h"
"S01","2025-01-03T10:45:00Z","rainfall_intensity",0,"mm/h"
"S01","2025-01-03T10:50:00Z","rainfall_intensity",0.406419878438624,"mm/h"
"S01","2025-01-03T10:55:00Z","rainfall_intensity",0.357861338462194,"mm/h"
"S01","2025-01-03T11:00:00Z","rainfall_intensity",0.380710790889895,"mm/h"
"S01","2025-01-03T11:05:00Z","rainfall_intensity",0,"mm/h"
"S01","2025-01-03T11:10:00Z","rainfall_intensity",0,"mm/h"
"S01","2025-01-03T11:15:00Z","rainfall_intensity",0,"mm/h"
"S01","2025-01-03T11:20:00Z","rainfall_intensity",0,"mm/h"
"S01","2025-01-03T11:25:00Z","rainfall_intensity",0,"mm/h"
"S01","2025-01-03T11:30:00Z","rainfall_intensity",0,"mm/h"
"S01","2025-01-03T11:35:00Z","rainfall_intensity",0,"mm/h"
"S01","2025-01-03T11:40:00Z","rainfall_intensity",0,"mm/h"
"S01","2025-01-03T11:45:00Z","rainfall_intensity",0,"mm/h"
"S01","2025-01-03T11:50:00Z","rainfall_intensity",0,"mm/h"
"S01","2025-01-03T11:55:00Z","rainfall_intensity",0,"mm/h"
"S01","2025-01-03T12:00:00Z","rainfall_intensity",0,"mm/h"
"S01","2025-01-03T12:05:00Z","rainfall_intensity",0,"mm/h"
"S01","2025-01-03T12:10:00Z","rainfall_intensity",0,"mm/h"
"S01","2025-01-03T12:15:00Z","rainfall_intensity",0,"mm/h"
"S01","2025-01-03T12:20:00Z","rainfall_intensity",0,"mm/h"
"S01","2025-01-03T12:25:00Z","rainfall_intensity",0,"mm/h"
"S01","2025-01-03T12:30:00Z","rainfall_intensity",0.103340752920553,"mm/h"
"S01","2025-01-03T12:35:00Z","rainfall_intensity",0.425680582595042,"mm/h"
"S01","2025-01-03T12:40:00Z","rainfall_intensity",0.530120519902567,"mm/h"
"S01","2025-01-03T12:45:00Z","rainfall_intensity",0.0429019989182119,"mm/h"
"S01","2025-01-03T12:50:00Z","rainfall_intensity",1.65819222012124,"mm/h"
"S01","2025-01-03T12:55:00Z","rainfall_intensity",3.79083528045046,"mm/h"
"S01","2025-01-03T13:00:00Z","rainfall_intensity",4.67906230396589,"mm/h"
"S01","2025-01-03T13:05:00Z","rainfall_intensity",0,"mm/h"
"S01","2025-01-03T13:10:00Z","rainfall_intensity",0,"mm/h"
"S01","2025-01-03T13:15:00Z","rainfall_intensity",0,"mm/h"
"S01","2025-01-03T13:20:00Z","rainfall_intensity",0,"mm/h"
"S01","2025-01-03T13:25:00Z","rainfall_intensity",0,"mm/h"
"S01","2025-01-03T13:30:00Z","rainfall_intensity",0,"mm/h"
"S01","2025-01-03T13:35:00Z","rainfall_intensity",0,"mm/h"
"S01","2025-01-03T13:40:00Z","rainfall_intensity",0,"mm/h"
"S01","2025-01-03T13:45:00Z","rainfall_intensity",0,"mm/h"
"S01","2025-01-03T13:50:00Z","rainfall_intensity",0,"mm/h"
"S01","2025-01-03T13:55:00Z","rainfall_intensity",0,"mm/h"
"S01","2025-01-03T14:00:00Z","rainfall_intensity",0,"mm/h"
"S01","2025-01-03T14:05:00Z","rainfall_intensity",0,"mm/h"
"S01","2025-01-03T14:10:00Z","rainfall_intensity",0,"mm/h"
"S01","2025-01-03T14:15:00Z","rainfall_intensity",0,"mm/h"
"S01","2025-01-03T14:20:00Z","rainfall_intensity",0,"mm/h"
"S01","2025-01-03T14:25:00Z","rainfall_intensity",0,"mm/h"
"S01","2025-01-03T14:30:00Z","rainfall_intensity",0,"mm/h"
"S01","2025-01-03T14:35:00Z","rainfall_intensity",0.0479239633037844,"mm/h"
"S01","2025-01-03T14:40:00Z","rainfall_intensity",2.47807365650693,"mm/h"
"S01","2025-01-03T14:45:00Z","rainfall_intensity",0.813567178451777,"mm/h"
"S01","2025-01-03T14:50:00Z","rainfall_intensity",0.522448640866411,"mm/h"
"S01","2025-01-03T14:55:00Z","rainfall_intensity",2.30363930922583,"mm/h"
"S01","2025-01-03T15:00:00Z","rainfall_intensity",2.49993340061154,"mm/h"
"S01","2025-01-03T15:05:00Z","rainfall_intensity",0.0280050525000586,"mm/h"
"S01","2025-01-03T15:10:00Z","rainfall_intensity",2.17447684712645,"mm/h"
"S01","2025-01-03T15:15:00Z","rainfall_intensity",0.185069705188859,"mm/h"
"S01","2025-01-03T15:20:00Z","rainfall_intensity",0,"mm/h"
"S01","2025-01-03T15:25:00Z","rainfall_intensity",1.96531928639221,"mm/h"
"S01","2025-01-03T15:30:00Z","rainfall_intensity",0.0208668238186934,"mm/h"
"S01","2025-01-03T15:35:00Z","rainfall_intensity",1.01641550744836,"mm/h"
"S01","2025-01-03T15:40:00Z","rainfall_intensity",0,"mm/h"
"S01","2025-01-03T15:45:00Z","rainfall_intensity",0.362639205951745,"mm/h"
"S01","2025-01-03T15:50:00Z","rainfall_intensity",0,"mm/h"
"S01","2025-01-03T15:55:00Z","rainfall_intensity",0,"mm/h"
"S01","2025-01-03T16:00:00Z","rainfall_intensity",3.47658463497286,"mm/h"
"S01","2025-01-03T16:05:00Z","rainfall_intensity",0.485424193047843,"mm/h"
"S01","2025-01-03T16:10:00Z","rainfall_intensity",1.72760074756487,"mm/h"
"S01","2025-01-03T16:15:00Z","rainfall_intensity",0.873880087767273,"mm/h"
"S01","2025-01-03T16:20:00Z","rainfall_intensity",0.473070292145818,"mm/h"
"S01","2025-01-03T16:25:00Z","rainfall_intensity",0,"mm/h"
"S01","2025-01-03T16:30:00Z","rainfall_intensity",0.16535396324073,"mm/h"
"S01","2025-01-03T16:35:00Z","rainfall_intensity",1.85552640416479,"mm/h"
"S01","2025-01-03T16:40:00Z","rainfall_intensity",3.75125720059402,"mm/h"
"S01","2025-01-03T16:45:00Z","rainfall_intensity",3.02830735040959,"mm/h"
"S01","2025-01-03T16:50:00Z","rainfall_intensity",1.20978034516201,"mm/h"
"S01","2025-01-03T16:55:00Z","rainfall_intensity",0,"mm/h"
"S01","2025-01-03T17:00:00Z","rainfall_intensity",0,"mm/h"
"S01","2025-01-03T17:05:00Z","rainfall_intensity",0,"mm/h"
"S01","2025-01-03T17:10:00Z","rainfall_intensity",0,"mm/h"
"S01","2025-01-03T17:15:00Z","rainfall_intensity",0,"mm/h"
"S01","2025-01-03T17:20:00Z","rainfall_intensity",0,"mm/h"
"S01","2025-01-03T17:25:00Z","rainfall_intensity",0,"mm/h"
"S01","2025-01-03T17:30:00Z","rainfall_intensity",0,"mm/h"
"S01","2025-01-03T17:35:00Z","rainfall_intensity",0,"mm/h"
"S01","2025-01-03T17:40:00Z","rainfall_intensity",0,"mm/h"
"S01","2025-01-03T17:45:00Z","rainfall_intensity",0.338816306112257,"mm/h"
"S01","2025-01-03T17:50:00Z","rainfall_intensity",0,"mm/h"
"S01","2025-01-03T17:55:00Z","rainfall_intensity",0,"mm/h"
"S01","2025-01-03T18:00:00Z","rainfall_intensity",0,"mm/h"
"S01","2025-01-03T18:05:00Z","rainfall_intensity",0,"mm/h"
"S01","2025-01-03T18:10:00Z","rainfall_intensity",0,"mm/h"
"S01","2025-01-03T18:15:00Z","rainfall_intensity",0,"mm/h"
"S01","2025-01-03T18:20:00Z","rainfall_intensity",0,"mm/h"
"S01","2025-01-03T18:25:00Z","rainfall_intensity",0,"mm/h"
"S01","2025-01-03T18:30:00Z","rainfall_intensity",0.434191388049399,"mm/h"
"S01","2025-01-03T18:35:00Z","rainfall_intensity",0.779722154025569,"mm/h"
"S01","2025-01-03T18:40:00Z","rainfall_intensity",0.170342374573508,"mm/h"
"S01","2025-01-03T18:45:00Z","rainfall_intensity",0.710177558248579,"mm/h"
"S01","2025-01-03T18:50:00Z","rainfall_intensity",1.11014190642983,"mm/h"
"S01","2025-01-03T18:55:00Z","rainfall_intensity",1.48639637963659,"mm/h"
"S01","2025-01-03T19:00:00Z","rainfall_intensity",2.87260895099487,"mm/h"
"S01","2025-01-03T19:05:00Z","rainfall_intensity",0.733230691027008,"mm/h"
"S01","2025-01-03T19:10:00Z","rainfall_intensity",4.08792190029514,"mm/h"
"S01","2025-01-03T19:15:00Z","rainfall_intensity",4.48454206943621,"mm/h"
"S01","2025-01-03T19:20:00Z","rainfall_intensity",2.75300535830839,"mm/h"
"S01","2025-01-03T19:25:00Z","rainfall_intensity",0,"mm/h"
"S01","2025-01-03T19:30:00Z","rainfall_intensity",1.36747393417318,"mm/h"
"S01","2025-01-03T19:35:00Z","rainfall_intensity",0,"mm/h"
"S01","2025-01-03T19:40:00Z","rainfall_intensity",0,"mm/h"
"S01","2025-01-03T19:45:00Z","rainfall_intensity",1.18767799836154,"mm/h"
"S01","2025-01-03T19:50:00Z","rainfall_intensity",3.70347244069113,"mm/h"
"S01","2025-01-03T19:55:00Z","rainfall_intensity",2.2175651400855,"mm/h"
"S01","2025-01-03T20:00:00Z","rainfall_intensity",0.841451882211425,"mm/h"
"S01","2025-01-03T20:05:00Z","rainfall_intensity",1.09656880053769,"mm/h"
"S01","2025-01-03T20:10:00Z","rainfall_intensity",0.9844768095584,"mm/h"
"S01","2025-01-03T20:15:00Z","rainfall_intensity",1.73135510263112,"mm/h"
"S01","2025-01-03T20:20:00Z","rainfall_intensity",0.906435574304493,"mm/h"
"S01","2025-01-03T20:25:00Z","rainfall_intensity",0,"mm/h"
"S01","2025-01-03T20:30:00Z","rainfall_intensity",0,"mm/h"
"S01","2025-01-03T20:35:00Z","rainfall_intensity",0,"mm/h"
"S01","2025-01-03T20:40:00Z","rainfall_intensity",0,"mm/h"
"S01","2025-01-03T20:45:00Z","rainfall_intensity",0,"mm/h"
"S01","2025-01-03T20:50:00Z","rainfall_intensity",0,"mm/h"
"S01","2025-01-03T20:55:00Z","rainfall_intensity",0,"mm/h"
"S01","2025-01-03T21:00:00Z","rainfall_intensity",0,"mm/h"
"S01","2025-01-03T21:05:00Z","rainfall_intensity",0,"mm/h"
"S01","2025-01-03T21:10:00Z","rainfall_intensity",0,"mm/h"
"S01","2025-01-03T21:15:00Z","rainfall_intensity",0,"mm/h"
"S01","2025-01-03T21:20:00Z","rainfall_intensity",0,"mm/h"
"S01","2025-01-03T21:25:00Z","rainfall_intensity",0,"mm/h"
"S01","2025-01-03T21:30:00Z","rainfall_intensity",0,"mm/h"
"S01","2025-01-03T21:35:00Z","rainfall_intensity",0,"mm/h"
"S01","2025-01-03T21:40:00Z","rainfall_intensity",1.59333101908767,"mm/h"
"S01","2025-01-03T21:45:00Z","rainfall_intensity",0.402714078674037,"mm/h"
"S01","2025-01-03T21:50:00Z","rainfall_intensity",1.43222190157181,"mm/h"
"S01","2025-01-03T21:55:00Z","rainfall_intensity",0.754414450552773,"mm/h"
"S01","2025-01-03T22:00:00Z","rainfall_intensity",0,"mm/h"
"S01","2025-01-03T22:05:00Z","rainfall_intensity",0,"mm/h"
"S01","2025-01-03T22:10:00Z","rainfall_intensity",0,"mm/h"
"S01","2025-01-03T22:15:00Z","rainfall_intensity",0,"mm/h"
"S01","2025-01-03T22:20:00Z","rainfall_intensity",0,"mm/h"
"S01","2025-01-03T22:25:00Z","rainfall_intensity",0,"mm/h"
"S01","2025-01-03T22:30:00Z","rainfall_intensity",0,"mm/h"
"S01","2025-01-03T22:35:00Z","rainfall_intensity",0.000629365008520476,"mm/h"
"S01","2025-01-03T22:40:00Z","rainfall_intensity",0,"mm/h"
"S01","2025-01-03T22:45:00Z","rainfall_intensity",0,"mm/h"
"S01","2025-01-03T22:50:00Z","rainfall_intensity",0.148438193277891,"mm/h"
"S01","2025-01-03T22:55:00Z","rainfall_intensity",0,"mm/h"
"S01","2024-12-31T23:00:00Z","water_level",0.158965760897283,"m"
"S01","2024-12-31T23:05:00Z","water_level",0.379507514285795,"m"
"S01","2024-12-31T23:10:00Z","water_level",0.0351754188367399,"m"
"S01","2024-12-31T23:15:00Z","water_level",0,"m"
"S01","2024-12-31T23:20:00Z","water_level",0.00145190184526785,"m"
"S01","2024-12-31T23:25:00Z","water_level",0.491689582639825,"m"
"S01","2024-12-31T23:30:00Z","water_level",0.345843837418304,"m"
"S01","2024-12-31T23:35:00Z","water_level",0.495416653128534,"m"
"S01","2024-12-31T23:40:00Z","water_level",0.520025160399075,"m"
"S01","2024-12-31T23:45:00Z","water_level",0.0907343335618004,"m"
"S01","2024-12-31T23:50:00Z","water_level",0.498105542254979,"m"
"S01","2024-12-31T23:55:00Z","water_level",0.411956471550684,"m"
"S01","2025-01-01T00:00:00Z","water_level",0.0765477937030261,"m"
"S01","2025-01-01T00:05:00Z","water_level",0.275439584692811,"m"
"S01","2025-01-01T00:10:00Z","water_level",0.102568857581158,"m"
"S01","2025-01-01T00:15:00Z","water_level",0.82763472396938,"m"
"S01","2025-01-01T00:20:00Z","water_level",1.12756750113998,"m"
"S01","2025-01-01T00:25:00Z","water_level",1.4772968776034,"m"
"S01","2025-01-01T00:30:00Z","water_level",0.955148563692163,"m"
"S01","2025-01-01T00:35:00Z","water_level",0.996879303205211,"m"
"S01","2025-01-01T00:40:00Z","water_level",0.51507532144022,"m"
"S01","2025-01-01T00:45:00Z","water_level",0.253096477924355,"m"
"S01","2025-01-01T00:50:00Z","water_level",0.0141534446473114,"m"
"S01","2025-01-01T00:55:00Z","water_level",0.635691445649674,"m"
"S01","2025-01-01T01:00:00Z","water_level",0.280220229273149,"m"
"S01","2025-01-01T01:05:00Z","water_level",0.353583183310374,"m"
"S01","2025-01-01T01:10:00Z","water_level",0.211905481331074,"m"
"S01","2025-01-01T01:15:00Z","water_level",0.00764704302658175,"m"
"S01","2025-01-01T01:20:00Z","water_level",0.247483854614189,"m"
"S01","2025-01-01T01:25:00Z","water_level",0.358351449159611,"m"
"S01","2025-01-01T01:30:00Z","water_level",0.425327819656688,"m"
"S01","2025-01-01T01:35:00Z","water_level",0.905968403390164,"m"
"S01","2025-01-01T01:40:00Z","water_level",0.678216239055693,"m"
"S01","2025-01-01T01:45:00Z","water_level",0.207902630805258,"m"
"S01","2025-01-01T01:50:00Z","water_level",0.046560271177524,"m"
"S01","2025-01-01T01:55:00Z","water_level",0.185333039149633,"m"
"S01","2025-01-01T02:00:00Z","water_level",0.780334032712893,"m"
"S01","2025-01-01T02:05:00Z","water_level",0.321211381481171,"m"
"S01","2025-01-01T02:10:00Z","water_level",0.520920970605282,"m"
"S01","2025-01-01T02:15:00Z","water_level",0.696939242879559,"m"
"S01","2025-01-01T02:20:00Z","water_level",0.823045105334745,"m"
"S01","2025-01-01T02:25:00Z","water_level",0.0596578622572639,"m"
"S01","2025-01-01T02:30:00Z","water_level",0.926503313229424,"m"
"S01","2025-01-01T02:35:00Z","water_level",0.0381623147620796,"m"
"S01","2025-01-01T02:40:00Z","water_level",0.305519511029804,"m"
"S01","2025-01-01T02:45:00Z","water_level",0.1627474129635,"m"
"S01","2025-01-01T02:50:00Z","water_level",0.0445940537977123,"m"
"S01","2025-01-01T02:55:00Z","water_level",0.000168032564593884,"m"
"S01","2025-01-01T03:00:00Z","water_level",0.255001021942252,"m"
"S01","2025-01-01T03:05:00Z","water_level",0.0767558703048052,"m"
"S01","2025-01-01T03:10:00Z","water_level",0.292277793954953,"m"
"S01","2025-01-01T03:15:00Z","water_level",0.025861031002463,"m"
"S01","2025-01-01T03:20:00Z","water_level",0.0112943339133302,"m"
"S01","2025-01-01T03:25:00Z","water_level",0.122246946305584,"m"
"S01","2025-01-01T03:30:00Z","water_level",0.106948098957486,"m"
"S01","2025-01-01T03:35:00Z","water_level",0.110432727473098,"m"
"S01","2025-01-01T03:40:00Z","water_level",0.762360843994462,"m"
"S01","2025-01-01T03:45:00Z","water_level",0.357304358952288,"m"
"S01","2025-01-01T03:50:00Z","water_level",0.19785549838939,"m"
"S01","2025-01-01T03:55:00Z","water_level",0.47528292984713,"m"
"S01","2025-01-01T04:00:00Z","water_level",0.186501717044535,"m"
"S01","2025-01-01T04:05:00Z","water_level",0.110557156053749,"m"
"S01","2025-01-01T04:10:00Z","water_level",0.656895160837999,"m"
"S01","2025-01-01T04:15:00Z","water_level",0.220477511123324,"m"
"S01","2025-01-01T04:20:00Z","water_level",0.480411043122108,"m"
"S01","2025-01-01T04:25:00Z","water_level",1.03084558497757,"m"
"S01","2025-01-01T04:30:00Z","water_level",0.547961084650401,"m"
"S01","2025-01-01T04:35:00Z","water_level",0.43461029955231,"m"
"S01","2025-01-01T04:40:00Z","water_level",1.05831457970591,"m"
"S01","2025-01-01T04:45:00Z","water_level",0.434667373898408,"m"
"S01","2025-01-01T04:50:00Z","water_level",0.494259363853852,"m"
"S01","2025-01-01T04:55:00Z","water_level",0.31107526055009,"m"
"S01","2025-01-01T05:00:00Z","water_level",0.220681816383639,"m"
"S01","2025-01-01T05:05:00Z","water_level",0.409701648361704,"m"
"S01","2025-01-01T05:10:00Z","water_level",0.836877312218153,"m"
"S01","2025-01-01T05:15:00Z","water_level",0.171767333972308,"m"
"S01","2025-01-01T05:20:00Z","water_level",0.269735489691569,"m"
"S01","2025-01-01T05:25:00Z","water_level",0.115469093105021,"m"
"S01","2025-01-01T05:30:00Z","water_level",0.571115260528854,"m"
"S01","2025-01-01T05:35:00Z","water_level",0.461007085085705,"m"
"S01","2025-01-01T05:40:00Z","water_level",0.677095973764469,"m"
"S01","2025-01-01T05:45:00Z","water_level",0.878473937484935,"m"
"S01","2025-01-01T05:50:00Z","water_level",2.12197653219767,"m"
"S01","2025-01-01T05:55:00Z","water_level",0.593734803476356,"m"
"S01","2025-01-01T06:00:00Z","water_level",0.413115019969423,"m"
"S01","2025-01-01T06:05:00Z","water_level",0.307040037944927,"m"
"S01","2025-01-01T06:10:00Z","water_level",1.33360197933325,"m"
"S01","2025-01-01T06:15:00Z","water_level",0.438506696409656,"m"
"S01","2025-01-01T06:20:00Z","water_level",0.270489252840542,"m"
"S01","2025-01-01T06:25:00Z","water_level",0.29284705568801,"m"
"S01","2025-01-01T06:30:00Z","water_level",0.734397901289733,"m"
"S01","2025-01-01T06:35:00Z","water_level",0.446581355348442,"m"
"S01","2025-01-01T06:40:00Z","water_level",0.582016905321661,"m"
"S01","2025-01-01T06:45:00Z","water_level",0.389810322208005,"m"
"S01","2025-01-01T06:50:00Z","water_level",0.71874969303706,"m"
"S01","2025-01-01T06:55:00Z","water_level",0.463558177836854,"m"
"S01","2025-01-01T07:00:00Z","water_level",0.484600929838474,"m"
"S01","2025-01-01T07:05:00Z","water_level",0.317360977674092,"m"
"S01","2025-01-01T07:10:00Z","water_level",0.496182993850138,"m"
"S01","2025-01-01T07:15:00Z","water_level",0.288941004020581,"m"
"S01","2025-01-01T07:20:00Z","water_level",0.580771715312757,"m"
"S01","2025-01-01T07:25:00Z","water_level",0.652358719336584,"m"
"S01","2025-01-01T07:30:00Z","water_level",0.0350831117282766,"m"
"S01","2025-01-01T07:35:00Z","water_level",0.545843512846415,"m"
"S01","2025-01-01T07:40:00Z","water_level",0.214170832299797,"m"
"S01","2025-01-01T07:45:00Z","water_level",0.387350130543851,"m"
"S01","2025-01-01T07:50:00Z","water_level",0.842068004581626,"m"
"S01","2025-01-01T07:55:00Z","water_level",1.86681965204275,"m"
"S01","2025-01-01T08:00:00Z","water_level",0.66127085783481,"m"
"S01","2025-01-01T08:05:00Z","water_level",0.95351315553377,"m"
"S01","2025-01-01T08:10:00Z","water_level",0.649564867419331,"m"
"S01","2025-01-01T08:15:00Z","water_level",0.286525198929769,"m"
"S01","2025-01-01T08:20:00Z","water_level",0.271606603595463,"m"
"S01","2025-01-01T08:25:00Z","water_level",0.533840775808125,"m"
"S01","2025-01-01T08:30:00Z","water_level",0.377192885453673,"m"
"S01","2025-01-01T08:35:00Z","water_level",0.955634629622128,"m"
"S01","2025-01-01T08:40:00Z","water_level",0.89639695929737,"m"
"S01","2025-01-01T08:45:00Z","water_level",0.42707734329646,"m"
"S01","2025-01-01T08:50:00Z","water_level",0.0885594276641986,"m"
"S01","2025-01-01T08:55:00Z","water_level",0.284106498439575,"m"
"S01","2025-01-01T09:00:00Z","water_level",0.237343997034921,"m"
"S01","2025-01-01T09:05:00Z","water_level",0.183853761312159,"m"
"S01","2025-01-01T09:10:00Z","water_level",0.0322680072852783,"m"
"S01","2025-01-01T09:15:00Z","water_level",0.217997478414041,"m"
"S01","2025-01-01T09:20:00Z","water_level",0.0715244333851596,"m"
"S01","2025-01-01T09:25:00Z","water_level",0.664580893019851,"m"
"S01","2025-01-01T09:30:00Z","water_level",0.518092307643018,"m"
"S01","2025-01-01T09:35:00Z","water_level",0.104712809763943,"m"
"S01","2025-01-01T09:40:00Z","water_level",0.384270581931205,"m"
"S01","2025-01-01T09:45:00Z","water_level",0.0396067857801762,"m"
"S01","2025-01-01T09:50:00Z","water_level",0.109637390058649,"m"
"S01","2025-01-01T09:55:00Z","water_level",0.112148604400242,"m"
"S01","2025-01-01T10:00:00Z","water_level",0.287428383216327,"m"
"S01","2025-01-01T10:05:00Z","water_level",0.555399443098086,"m"
"S01","2025-01-01T10:10:00Z","water_level",0.0602908314251335,"m"
"S01","2025-01-01T10:15:00Z","water_level",0.233628507706869,"m"
"S01","2025-01-01T10:20:00Z","water_level",0.0305042645613959,"m"
"S01","2025-01-01T10:25:00Z","water_level",0.148142277817458,"m"
"S01","2025-01-01T10:30:00Z","water_level",1.14674060648117,"m"
"S01","2025-01-01T10:35:00Z","water_level",0.355251587839734,"m"
"S01","2025-01-01T10:40:00Z","water_level",0.306816799783375,"m"
"S01","2025-01-01T10:45:00Z","water_level",0.410462382672928,"m"
"S01","2025-01-01T10:50:00Z","water_level",1.04987072609543,"m"
"S01","2025-01-01T10:55:00Z","water_level",0.411014892003506,"m"
"S01","2025-01-01T11:00:00Z","water_level",0.615066924952879,"m"
"S01","2025-01-01T11:05:00Z","water_level",0.952005671536106,"m"
"S01","2025-01-01T11:10:00Z","water_level",0.129120781198102,"m"
"S01","2025-01-01T11:15:00Z","water_level",1.50430315592479,"m"
"S01","2025-01-01T11:20:00Z","water_level",1.74800300850274,"m"
"S01","2025-01-01T11:25:00Z","water_level",0.46596223444355,"m"
"S01","2025-01-01T11:30:00Z","water_level",0.00889830876499576,"m"
"S01","2025-01-01T11:35:00Z","water_level",0.0264386678536305,"m"
"S01","2025-01-01T11:40:00Z","water_level",0.139547339945694,"m"
"S01","2025-01-01T11:45:00Z","water_level",0.205119063874197,"m"
"S01","2025-01-01T11:50:00Z","water_level",0.0795240143778822,"m"
"S01","2025-01-01T11:55:00Z","water_level",0.532800627886575,"m"
"S01","2025-01-01T12:00:00Z","water_level",0.378648060812939,"m"
"S01","2025-01-01T12:05:00Z","water_level",0.251955999268686,"m"
"S01","2025-01-01T12:10:00Z","water_level",0.705165714580396,"m"
"S01","2025-01-01T12:15:00Z","water_level",0.221267351526513,"m"
"S01","2025-01-01T12:20:00Z","water_level",0.403690419975073,"m"
"S01","2025-01-01T12:25:00Z","water_level",0.26372157233367,"m"
"S01","2025-01-01T12:30:00Z","water_level",0.377211491905944,"m"
"S01","2025-01-01T12:35:00Z","water_level",0.142474587094918,"m"
"S01","2025-01-01T12:40:00Z","water_level",1.60290148530794,"m"
"S01","2025-01-01T12:45:00Z","water_level",0.581858532034552,"m"
"S01","2025-01-01T12:50:00Z","water_level",0.431804893259961,"m"
"S01","2025-01-01T12:55:00Z","water_level",1.98100527482718,"m"
"S01","2025-01-01T13:00:00Z","water_level",1.90272526912591,"m"
"S01","2025-01-01T13:05:00Z","water_level",0.964373810655617,"m"
"S01","2025-01-01T13:10:00Z","water_level",0.353069148853896,"m"
"S01","2025-01-01T13:15:00Z","water_level",0.507440196556186,"m"
"S01","2025-01-01T13:20:00Z","water_level",0.386063692785274,"m"
"S01","2025-01-01T13:25:00Z","water_level",0.415818561688907,"m"
"S01","2025-01-01T13:30:00Z","water_level",0.346024264283595,"m"
"S01","2025-01-01T13:35:00Z","water_level",0.370701704505366,"m"
"S01","2025-01-01T13:40:00Z","water_level",0.129116011125239,"m"
"S01","2025-01-01T13:45:00Z","water_level",0.432803625807169,"m"
"S01","2025-01-01T13:50:00Z","water_level",0.42426982370679,"m"
"S01","2025-01-01T13:55:00Z","water_level",0.447019725522788,"m"
"S01","2025-01-01T14:00:00Z","water_level",0.0942962162778783,"m"
"S01","2025-01-01T14:05:00Z","water_level",0.445655290623916,"m"
"S01","2025-01-01T14:10:00Z","water_level",0.14097991170859,"m"
"S01","2025-01-01T14:15:00Z","water_level",0.67458243249664,"m"
"S01","2025-01-01T14:20:00Z","water_level",0.953815747035887,"m"
"S01","2025-01-01T14:25:00Z","water_level",0.564676719259242,"m"
"S01","2025-01-01T14:30:00Z","water_level",0.368715659334833,"m"
"S01","2025-01-01T14:35:00Z","water_level",0.0611140876016069,"m"
"S01","2025-01-01T14:40:00Z","water_level",0.0559754320274533,"m"
"S01","2025-01-01T14:45:00Z","water_level",0.0325052948045995,"m"
"S01","2025-01-01T14:50:00Z","water_level",0.21025090844414,"m"
"S01","2025-01-01T14:55:00Z","water_level",0.330285539175661,"m"
"S01","2025-01-01T15:00:00Z","water_level",0.147024138186543,"m"
"S01","2025-01-01T15:05:00Z","water_level",0.223759358892476,"m"
"S01","2025-01-01T15:10:00Z","water_level",0.164892774684812,"m"
"S01","2025-01-01T15:15:00Z","water_level",0.0940168472135047,"m"
"S01","2025-01-01T15:20:00Z","water_level",0.0196807869932182,"m"
"S01","2025-01-01T15:25:00Z","water_level",0.404029424160035,"m"
"S01","2025-01-01T15:30:00Z","water_level",0.299414858354122,"m"
"S01","2025-01-01T15:35:00Z","water_level",0.083952756962495,"m"
"S01","2025-01-01T15:40:00Z","water_level",0.163256536537943,"m"
"S01","2025-01-01T15:45:00Z","water_level",0.505647158766541,"m"
"S01","2025-01-01T15:50:00Z","water_level",0.295531202307811,"m"
"S01","2025-01-01T15:55:00Z","water_level",0.370715305850168,"m"
"S01","2025-01-01T16:00:00Z","water_level",0.812501851977854,"m"
"S01","2025-01-01T16:05:00Z","water_level",0.471025351275545,"m"
"S01","2025-01-01T16:10:00Z","water_level",0.134049449211028,"m"
"S01","2025-01-01T16:15:00Z","water_level",0.155416722356673,"m"
"S01","2025-01-01T16:20:00Z","water_level",0.211277309931481,"m"
"S01","2025-01-01T16:25:00Z","water_level",0.0653092495531936,"m"
"S01","2025-01-01T16:30:00Z","water_level",0.113597898777603,"m"
"S01","2025-01-01T16:35:00Z","water_level",0.276729505842043,"m"
"S01","2025-01-01T16:40:00Z","water_level",0.0844114790527903,"m"
"S01","2025-01-01T16:45:00Z","water_level",0.236658876291295,"m"
"S01","2025-01-01T16:50:00Z","water_level",0.427928095573989,"m"
"S01","2025-01-01T16:55:00Z","water_level",0.209307141320099,"m"
"S01","2025-01-01T17:00:00Z","water_level",0.294998015044168,"m"
"S01","2025-01-01T17:05:00Z","water_level",0.477370537064467,"m"
"S01","2025-01-01T17:10:00Z","water_level",2.15378812583562,"m"
"S01","2025-01-01T17:15:00Z","water_level",1.93628786084187,"m"
"S01","2025-01-01T17:20:00Z","water_level",0.682829244515275,"m"
"S01","2025-01-01T17:25:00Z","water_level",0.80206999240774,"m"
"S01","2025-01-01T17:30:00Z","water_level",0.675819887201182,"m"
"S01","2025-01-01T17:35:00Z","water_level",1.05699664254324,"m"
"S01","2025-01-01T17:40:00Z","water_level",0.469049764962945,"m"
"S01","2025-01-01T17:45:00Z","water_level",0.553353144197279,"m"
"S01","2025-01-01T17:50:00Z","water_level",0.380450756955091,"m"
"S01","2025-01-01T17:55:00Z","water_level",0.778650834086843,"m"
"S01","2025-01-01T18:00:00Z","water_level",0.840190790423586,"m"
"S01","2025-01-01T18:05:00Z","water_level",0.456296348538057,"m"
"S01","2025-01-01T18:10:00Z","water_level",0.356102476092648,"m"
"S01","2025-01-01T18:15:00Z","water_level",1.3609298937283,"m"
"S01","2025-01-01T18:20:00Z","water_level",1.04856960410091,"m"
"S01","2025-01-01T18:25:00Z","water_level",0.405126937064365,"m"
"S01","2025-01-01T18:30:00Z","water_level",0.27650541253518,"m"
"S01","2025-01-01T18:35:00Z","water_level",0.215958156895942,"m"
"S01","2025-01-01T18:40:00Z","water_level",0.676514892679052,"m"
"S01","2025-01-01T18:45:00Z","water_level",0.292588383119151,"m"
"S01","2025-01-01T18:50:00Z","water_level",0.0772895114384841,"m"
"S01","2025-01-01T18:55:00Z","water_level",0.0157456804083911,"m"
"S01","2025-01-01T19:00:00Z","water_level",0.057208629624824,"m"
"S01","2025-01-01T19:05:00Z","water_level",0.115841888129362,"m"
"S01","2025-01-01T19:10:00Z","water_level",0.385933811103045,"m"
"S01","2025-01-01T19:15:00Z","water_level",0.722459137419313,"m"
"S01","2025-01-01T19:20:00Z","water_level",0.910779900289172,"m"
"S01","2025-01-01T19:25:00Z","water_level",0.179519519291132,"m"
"S01","2025-01-01T19:30:00Z","water_level",0.656095876302296,"m"
"S01","2025-01-01T19:35:00Z","water_level",0.920568707756614,"m"
"S01","2025-01-01T19:40:00Z","water_level",2.6005807746013,"m"
"S01","2025-01-01T19:45:00Z","water_level",1.05487204910002,"m"
"S01","2025-01-01T19:50:00Z","water_level",0.0280543235781719,"m"
"S01","2025-01-01T19:55:00Z","water_level",0.0306918913975544,"m"
"S01","2025-01-01T20:00:00Z","water_level",0.697243990604007,"m"
"S01","2025-01-01T20:05:00Z","water_level",0.245042960063167,"m"
"S01","2025-01-01T20:10:00Z","water_level",0.142737495157033,"m"
"S01","2025-01-01T20:15:00Z","water_level",0.105424959872611,"m"
"S01","2025-01-01T20:20:00Z","water_level",0.591938729561827,"m"
"S01","2025-01-01T20:25:00Z","water_level",0.984802012732139,"m"
"S01","2025-01-01T20:30:00Z","water_level",0.0282411869173767,"m"
"S01","2025-01-01T20:35:00Z","water_level",0.0108094788083043,"m"
"S01","2025-01-01T20:40:00Z","water_level",0.296325733233296,"m"
"S01","2025-01-01T20:45:00Z","water_level",0.0488193614575589,"m"
"S01","2025-01-01T20:50:00Z","water_level",0.0879740320017265,"m"
"S01","2025-01-01T20:55:00Z","water_level",0.34039546687087,"m"
"S01","2025-01-01T21:00:00Z","water_level",0.147343771426203,"m"
"S01","2025-01-01T21:05:00Z","water_level",0.0223679628797423,"m"
"S01","2025-01-01T21:10:00Z","water_level",0.0531517058597161,"m"
"S01","2025-01-01T21:15:00Z","water_level",0.0236319798114435,"m"
"S01","2025-01-01T21:20:00Z","water_level",0.192515124850357,"m"
"S01","2025-01-01T21:25:00Z","water_level",0.144522355311674,"m"
"S01","2025-01-01T21:30:00Z","water_level",0.208420921291723,"m"
"S01","2025-01-01T21:35:00Z","water_level",0.305623734261344,"m"
"S01","2025-01-01T21:40:00Z","water_level",0.621497266551776,"m"
"S01","2025-01-01T21:45:00Z","water_level",0.660656529112339,"m"
"S01","2025-01-01T21:50:00Z","water_level",0.367475734007583,"m"
"S01","2025-01-01T21:55:00Z","water_level",0.0299669486723298,"m"
"S01","2025-01-01T22:00:00Z","water_level",0.438495695463544,"m"
"S01","2025-01-01T22:05:00Z","water_level",1.00032464511486,"m"
"S01","2025-01-01T22:10:00Z","water_level",1.17080944322132,"m"
"S01","2025-01-01T22:15:00Z","water_level",4,"m"
"S01","2025-01-01T22:20:00Z","water_level",0.533313345465447,"m"
"S01","2025-01-01T22:25:00Z","water_level",1.01177794316256,"m"
"S01","2025-01-01T22:30:00Z","water_level",0.440455378699354,"m"
"S01","2025-01-01T22:35:00Z","water_level",0.483276654934757,"m"
"S01","2025-01-01T22:40:00Z","water_level",0.0182882691934706,"m"
"S01","2025-01-01T22:45:00Z","water_level",0.284265534633337,"m"
"S01","2025-01-01T22:50:00Z","water_level",0.791464020738385,"m"
"S01","2025-01-01T22:55:00Z","water_level",0.372943569245631,"m"
"S01","2025-01-01T23:00:00Z","water_level",0.644640667938291,"m"
"S01","2025-01-01T23:05:00Z","water_level",0.166442815866194,"m"
"S01","2025-01-01T23:10:00Z","water_level",0.325159509416106,"m"
"S01","2025-01-01T23:15:00Z","water_level",0.106205926363812,"m"
"S01","2025-01-01T23:20:00Z","water_level",0.00480964388940524,"m"
"S01","2025-01-01T23:25:00Z","water_level",0.0620354325398295,"m"
"S01","2025-01-01T23:30:00Z","water_level",1.17098563765483,"m"
"S01","2025-01-01T23:35:00Z","water_level",0.474093689787138,"m"
"S01","2025-01-01T23:40:00Z","water_level",0.758540304103481,"m"
"S01","2025-01-01T23:45:00Z","water_level",0.445625029659899,"m"
"S01","2025-01-01T23:50:00Z","water_level",1.16158839901129,"m"
"S01","2025-01-01T23:55:00Z","water_level",0.293521297839587,"m"
"S01","2025-01-02T00:00:00Z","water_level",0.142890377661602,"m"
"S01","2025-01-02T00:05:00Z","water_level",0.0758296300716917,"m"
"S01","2025-01-02T00:10:00Z","water_level",0.220511954427113,"m"
"S01","2025-01-02T00:15:00Z","water_level",1.77881601252496,"m"
"S01","2025-01-02T00:20:00Z","water_level",0.902271115778014,"m"
"S01","2025-01-02T00:25:00Z","water_level",0.0585582900806469,"m"
"S01","2025-01-02T00:30:00Z","water_level",0.243443425643681,"m"
"S01","2025-01-02T00:35:00Z","water_level",0.222624330213317,"m"
"S01","2025-01-02T00:40:00Z","water_level",0.801041546663749,"m"
"S01","2025-01-02T00:45:00Z","water_level",3.25822819699702,"m"
"S01","2025-01-02T00:50:00Z","water_level",0.662796076390067,"m"
"S01","2025-01-02T00:55:00Z","water_level",1.14955327457804,"m"
"S01","2025-01-02T01:00:00Z","water_level",1.55321567430092,"m"
"S01","2025-01-02T01:05:00Z","water_level",2.07256433564785,"m"
"S01","2025-01-02T01:10:00Z","water_level",0.0638803628729694,"m"
"S01","2025-01-02T01:15:00Z","water_level",0.0520035279946979,"m"
"S01","2025-01-02T01:20:00Z","water_level",0.0296378681944159,"m"
"S01","2025-01-02T01:25:00Z","water_level",0.0930433997958652,"m"
"S01","2025-01-02T01:30:00Z","water_level",0.364399276326032,"m"
"S01","2025-01-02T01:35:00Z","water_level",0.0573910159582723,"m"
"S01","2025-01-02T01:40:00Z","water_level",0.092786893298321,"m"
"S01","2025-01-02T01:45:00Z","water_level",0.121128114553101,"m"
"S01","2025-01-02T01:50:00Z","water_level",0.185053009255899,"m"
"S01","2025-01-02T01:55:00Z","water_level",0.0654201259432646,"m"
"S01","2025-01-02T02:00:00Z","water_level",0.235333255648896,"m"
"S01","2025-01-02T02:05:00Z","water_level",0.662440767464979,"m"
"S01","2025-01-02T02:10:00Z","water_level",0.500076237136272,"m"
"S01","2025-01-02T02:15:00Z","water_level",0.430399574702218,"m"
"S01","2025-01-02T02:20:00Z","water_level",0.758650134899756,"m"
"S01","2025-01-02T02:25:00Z","water_level",1.30235294255314,"m"
"S01","2025-01-02T02:30:00Z","water_level",1.19208024393633,"m"
"S01","2025-01-02T02:35:00Z","water_level",0.633872870348265,"m"
"S01","2025-01-02T02:40:00Z","water_level",0.715278511342908,"m"
"S01","2025-01-02T02:45:00Z","water_level",0.144741550795112,"m"
"S01","2025-01-02T02:50:00Z","water_level",0.080607367408666,"m"
"S01","2025-01-02T02:55:00Z","water_level",0.88298807037944,"m"
"S01","2025-01-02T03:00:00Z","water_level",0.0292329559173873,"m"
"S01","2025-01-02T03:05:00Z","water_level",0.667589917011556,"m"
"S01","2025-01-02T03:10:00Z","water_level",0.43974911941506,"m"
"S01","2025-01-02T03:15:00Z","water_level",0.249915170357689,"m"
"S01","2025-01-02T03:20:00Z","water_level",0.643253189827762,"m"
"S01","2025-01-02T03:25:00Z","water_level",0.436904312733793,"m"
"S01","2025-01-02T03:30:00Z","water_level",0.323114239543498,"m"
"S01","2025-01-02T03:35:00Z","water_level",0.226849463120273,"m"
"S01","2025-01-02T03:40:00Z","water_level",0.060280681223351,"m"
"S01","2025-01-02T03:45:00Z","water_level",0.0310414614959316,"m"
"S01","2025-01-02T03:50:00Z","water_level",0.229512310804213,"m"
"S01","2025-01-02T03:55:00Z","water_level",0.128963656210529,"m"
"S01","2025-01-02T04:00:00Z","water_level",0.213403032139685,"m"
"S01","2025-01-02T04:05:00Z","water_level",0.0533263740232429,"m"
"S01","2025-01-02T04:10:00Z","water_level",0.161073971755279,"m"
"S01","2025-01-02T04:15:00Z","water_level",0.0546955540140391,"m"
"S01","2025-01-02T04:20:00Z","water_level",0.0579773753377281,"m"
"S01","2025-01-02T04:25:00Z","water_level",0.0934678326940508,"m"
"S01","2025-01-02T04:30:00Z","water_level",0.0492950039317613,"m"
"S01","2025-01-02T04:35:00Z","water_level",0.0459676453490146,"m"
"S01","2025-01-02T04:40:00Z","water_level",0.0696410022324013,"m"
"S01","2025-01-02T04:45:00Z","water_level",0.237138534755252,"m"
"S01","2025-01-02T04:50:00Z","water_level",0.150339320925808,"m"
"S01","2025-01-02T04:55:00Z","water_level",0.30103902500731,"m"
"S01","2025-01-02T05:00:00Z","water_level",0.593095745137743,"m"
"S01","2025-01-02T05:05:00Z","water_level",2.19335141459198,"m"
"S01","2025-01-02T05:10:00Z","water_level",2.31470090562595,"m"
"S01","2025-01-02T05:15:00Z","water_level",1.3814697608827,"m"
"S01","2025-01-02T05:20:00Z","water_level",0.338512354144,"m"
"S01","2025-01-02T05:25:00Z","water_level",0.135379185175991,"m"
"S01","2025-01-02T05:30:00Z","water_level",0.536984365519896,"m"
"S01","2025-01-02T05:35:00Z","water_level",0.411745159616485,"m"
"S01","2025-01-02T05:40:00Z","water_level",0.0958655905600796,"m"
"S01","2025-01-02T05:45:00Z","water_level",0.155570619678326,"m"
"S01","2025-01-02T05:50:00Z","water_level",0.349973908046751,"m"
"S01","2025-01-02T05:55:00Z","water_level",1.02853443454756,"m"
"S01","2025-01-02T06:00:00Z","water_level",1.95291494866226,"m"
"S01","2025-01-02T06:05:00Z","water_level",0.903681542979707,"m"
"S01","2025-01-02T06:10:00Z","water_level",0.491218296994871,"m"
"S01","2025-01-02T06:15:00Z","water_level",1.12761507848695,"m"
"S01","2025-01-02T06:20:00Z","water_level",0.307374377207191,"m"
"S01","2025-01-02T06:25:00Z","water_level",0.518806051243562,"m"
"S01","2025-01-02T06:30:00Z","water_level",0.576733381211427,"m"
"S01","2025-01-02T06:35:00Z","water_level",0.471707727910849,"m"
"S01","2025-01-02T06:40:00Z","water_level",0.148989094871298,"m"
"S01","2025-01-02T06:45:00Z","water_level",0.0267873249323188,"m"
"S01","2025-01-02T06:50:00Z","water_level",0.827202169481979,"m"
"S01","2025-01-02T06:55:00Z","water_level",0.273631188437202,"m"
"S01","2025-01-02T07:00:00Z","water_level",3.30985098406442,"m"
"S01","2025-01-02T07:05:00Z","water_level",0.858051961708646,"m"
"S01","2025-01-02T07:10:00Z","water_level",0.727725271624333,"m"
"S01","2025-01-02T07:15:00Z","water_level",1.10097549988357,"m"
"S01","2025-01-02T07:20:00Z","water_level",0.393542150397987,"m"
"S01","2025-01-02T07:25:00Z","water_level",0.507862488372236,"m"
"S01","2025-01-02T07:30:00Z","water_level",0.232311648724394,"m"
"S01","2025-01-02T07:35:00Z","water_level",0.526742853582758,"m"
"S01","2025-01-02T07:40:00Z","water_level",0.0314080312670114,"m"
"S01","2025-01-02T07:45:00Z","water_level",0.961197783851251,"m"
"S01","2025-01-02T07:50:00Z","water_level",0.171021698749845,"m"
"S01","2025-01-02T07:55:00Z","water_level",0.196952310662117,"m"
"S01","2025-01-02T08:00:00Z","water_level",0.0459740706725706,"m"
"S01","2025-01-02T08:05:00Z","water_level",0.670173292697695,"m"
"S01","2025-01-02T08:10:00Z","water_level",1.4175098269592,"m"
"S01","2025-01-02T08:15:00Z","water_level",1.10789003078842,"m"
"S01","2025-01-02T08:20:00Z","water_level",0.328328758011312,"m"
"S01","2025-01-02T08:25:00Z","water_level",1.08600465544211,"m"
"S01","2025-01-02T08:30:00Z","water_level",0.952267860719553,"m"
"S01","2025-01-02T08:35:00Z","water_level",0.422835835596313,"m"
"S01","2025-01-02T08:40:00Z","water_level",0.475966638626991,"m"
"S01","2025-01-02T08:45:00Z","water_level",0.884380455767198,"m"
"S01","2025-01-02T08:50:00Z","water_level",1.27055844372244,"m"
"S01","2025-01-02T08:55:00Z","water_level",1.91961981868655,"m"
"S01","2025-01-02T09:00:00Z","water_level",2.82040996255292,"m"
"S01","2025-01-02T09:05:00Z","water_level",0.516491679640239,"m"
"S01","2025-01-02T09:10:00Z","water_level",0.697516755088865,"m"
"S01","2025-01-02T09:15:00Z","water_level",1.64886738680222,"m"
"S01","2025-01-02T09:20:00Z","water_level",1.89639824150155,"m"
"S01","2025-01-02T09:25:00Z","water_level",1.36901799507174,"m"
"S01","2025-01-02T09:30:00Z","water_level",1.41437536173727,"m"
"S01","2025-01-02T09:35:00Z","water_level",0.879085963543055,"m"
"S01","2025-01-02T09:40:00Z","water_level",0.653450316434482,"m"
"S01","2025-01-02T09:45:00Z","water_level",0.785784442310576,"m"
"S01","2025-01-02T09:50:00Z","water_level",1.55163089982322,"m"
"S01","2025-01-02T09:55:00Z","water_level",1.93790492502891,"m"
"S01","2025-01-02T10:00:00Z","water_level",1.09831046254654,"m"
"S01","2025-01-02T10:05:00Z","water_level",1.19025892946655,"m"
"S01","2025-01-02T10:10:00Z","water_level",0.0989807461124832,"m"
"S01","2025-01-02T10:15:00Z","water_level",0.172829869330682,"m"
"S01","2025-01-02T10:20:00Z","water_level",0.509711419858563,"m"
"S01","2025-01-02T10:25:00Z","water_level",0.624848741636301,"m"
"S01","2025-01-02T10:30:00Z","water_level",0.289619459373871,"m"
"S01","2025-01-02T10:35:00Z","water_level",0.683869570448134,"m"
"S01","2025-01-02T10:40:00Z","water_level",0.732350078957482,"m"
"S01","2025-01-02T10:45:00Z","water_level",0.205544703373648,"m"
"S01","2025-01-02T10:50:00Z","water_level",0.653039972550537,"m"
"S01","2025-01-02T10:55:00Z","water_level",0.68388180843986,"m"
"S01","2025-01-02T11:00:00Z","water_level",0.751737406526363,"m"
"S01","2025-01-02T11:05:00Z","water_level",0.804325172317823,"m"
"S01","2025-01-02T11:10:00Z","water_level",1.99096955387795,"m"
"S01","2025-01-02T11:15:00Z","water_level",3.31718787901511,"m"
"S01","2025-01-02T11:20:00Z","water_level",3.29439799156736,"m"
"S01","2025-01-02T11:25:00Z","water_level",2.32958429500132,"m"
"S01","2025-01-02T11:30:00Z","water_level",3.45947574331319,"m"
"S01","2025-01-02T11:35:00Z","water_level",1.6897792224771,"m"
"S01","2025-01-02T11:40:00Z","water_level",1.79760023373271,"m"
"S01","2025-01-02T11:45:00Z","water_level",3.2696426232286,"m"
"S01","2025-01-02T11:50:00Z","water_level",0.920927913238631,"m"
"S01","2025-01-02T11:55:00Z","water_level",0.806216339461107,"m"
"S01","2025-01-02T12:00:00Z","water_level",1.46675723154946,"m"
"S01","2025-01-02T12:05:00Z","water_level",0.49110593571005,"m"
"S01","2025-01-02T12:10:00Z","water_level",1.80495584370374,"m"
"S01","2025-01-02T12:15:00Z","water_level",1.37412128932916,"m"
"S01","2025-01-02T12:20:00Z","water_level",1.96439183252524,"m"
"S01","2025-01-02T12:25:00Z","water_level",0.93269202310196,"m"
"S01","2025-01-02T12:30:00Z","water_level",0.0573445349822246,"m"
"S01","2025-01-02T12:35:00Z","water_level",0.416041491456816,"m"
"S01","2025-01-02T12:40:00Z","water_level",0.945060165089333,"m"
"S01","2025-01-02T12:45:00Z","water_level",0.0933990919055966,"m"
"S01","2025-01-02T12:50:00Z","water_level",0.0545257047415594,"m"
"S01","2025-01-02T12:55:00Z","water_level",0.0252263781575732,"m"
"S01","2025-01-02T13:00:00Z","water_level",0.255463494403017,"m"
"S01","2025-01-02T13:05:00Z","water_level",0.156162702957397,"m"
"S01","2025-01-02T13:10:00Z","water_level",0.294981666504173,"m"
"S01","2025-01-02T13:15:00Z","water_level",0.145146485092662,"m"
"S01","2025-01-02T13:20:00Z","water_level",0.566245661554145,"m"
"S01","2025-01-02T13:25:00Z","water_level",1.04950677952165,"m"
"S01","2025-01-02T13:30:00Z","water_level",0.987262496794567,"m"
"S01","2025-01-02T13:35:00Z","water_level",0.0460307453238883,"m"
"S01","2025-01-02T13:40:00Z","water_level",1.3171123922379,"m"
"S01","2025-01-02T13:45:00Z","water_level",1.50618432801919,"m"
"S01","2025-01-02T13:50:00Z","water_level",0.167946550582467,"m"
"S01","2025-01-02T13:55:00Z","water_level",0.157914226252934,"m"
"S01","2025-01-02T14:00:00Z","water_level",0.157534963041863,"m"
"S01","2025-01-02T14:05:00Z","water_level",0.47139964803881,"m"
"S01","2025-01-02T14:10:00Z","water_level",0.252466798829013,"m"
"S01","2025-01-02T14:15:00Z","water_level",0.492160961792649,"m"
"S01","2025-01-02T14:20:00Z","water_level",0.408258492433757,"m"
"S01","2025-01-02T14:25:00Z","water_level",0.270106521679976,"m"
"S01","2025-01-02T14:30:00Z","water_level",0.512567982606356,"m"
"S01","2025-01-02T14:35:00Z","water_level",0.540730455712866,"m"
"S01","2025-01-02T14:40:00Z","water_level",0.326790835514982,"m"
"S01","2025-01-02T14:45:00Z","water_level",0.969410092935038,"m"
"S01","2025-01-02T14:50:00Z","water_level",0.298044025363356,"m"
"S01","2025-01-02T14:55:00Z","water_level",0.240851794194412,"m"
"S01","2025-01-02T15:00:00Z","water_level",0.209184976134517,"m"
"S01","2025-01-02T15:05:00Z","water_level",0.31829003470424,"m"
"S01","2025-01-02T15:10:00Z","water_level",0.0352457427212408,"m"
"S01","2025-01-02T15:15:00Z","water_level",0.0111965558663687,"m"
"S01","2025-01-02T15:20:00Z","water_level",0.248220698100148,"m"
"S01","2025-01-02T15:25:00Z","water_level",0.12523005533111,"m"
"S01","2025-01-02T15:30:00Z","water_level",0.104877274873106,"m"
"S01","2025-01-02T15:35:00Z","water_level",0.86230915134835,"m"
"S01","2025-01-02T15:40:00Z","water_level",0.345885069290266,"m"
"S01","2025-01-02T15:45:00Z","water_level",0.485811092404541,"m"
"S01","2025-01-02T15:50:00Z","water_level",0.295249815181321,"m"
"S01","2025-01-02T15:55:00Z","water_level",0.144085818424857,"m"
"S01","2025-01-02T16:00:00Z","water_level",0.334664203451506,"m"
"S01","2025-01-02T16:05:00Z","water_level",0.262304419336343,"m"
"S01","2025-01-02T16:10:00Z","water_level",0.178551331825233,"m"
"S01","2025-01-02T16:15:00Z","water_level",0.223288368794949,"m"
"S01","2025-01-02T16:20:00Z","water_level",0.157536949411528,"m"
"S01","2025-01-02T16:25:00Z","water_level",0.30549611993413,"m"
"S01","2025-01-02T16:30:00Z","water_level",0.419695346492983,"m"
"S01","2025-01-02T16:35:00Z","water_level",0.0767489308315803,"m"
"S01","2025-01-02T16:40:00Z","water_level",0.376955600783314,"m"
"S01","2025-01-02T16:45:00Z","water_level",0.183410286282799,"m"
"S01","2025-01-02T16:50:00Z","water_level",1.51409241609396,"m"
"S01","2025-01-02T16:55:00Z","water_level",1.10781320438721,"m"
"S01","2025-01-02T17:00:00Z","water_level",0.144502153949579,"m"
"S01","2025-01-02T17:05:00Z","water_level",0.53349076978312,"m"
"S01","2025-01-02T17:10:00Z","water_level",0.302702337240804,"m"
"S01","2025-01-02T17:15:00Z","water_level",0.117816957286404,"m"
"S01","2025-01-02T17:20:00Z","water_level",0.0743466907364814,"m"
"S01","2025-01-02T17:25:00Z","water_level",0.531382777242532,"m"
"S01","2025-01-02T17:30:00Z","water_level",0.294431677673713,"m"
"S01","2025-01-02T17:35:00Z","water_level",0.246854545588418,"m"
"S01","2025-01-02T17:40:00Z","water_level",0.0543326312275278,"m"
"S01","2025-01-02T17:45:00Z","water_level",0.0800068666667094,"m"
"S01","2025-01-02T17:50:00Z","water_level",0.0887604859440547,"m"
"S01","2025-01-02T17:55:00Z","water_level",0.0922705423938529,"m"
"S01","2025-01-02T18:00:00Z","water_level",0.322908411810473,"m"
"S01","2025-01-02T18:05:00Z","water_level",0.0825004136193997,"m"
"S01","2025-01-02T18:10:00Z","water_level",0.0184909835749261,"m"
"S01","2025-01-02T18:15:00Z","water_level",0.156537525928098,"m"
"S01","2025-01-02T18:20:00Z","water_level",0.528173934924351,"m"
"S01","2025-01-02T18:25:00Z","water_level",0.600824531032202,"m"
"S01","2025-01-02T18:30:00Z","water_level",1.01613344890425,"m"
"S01","2025-01-02T18:35:00Z","water_level",0.521600989970659,"m"
"S01","2025-01-02T18:40:00Z","water_level",0.183037196229607,"m"
"S01","2025-01-02T18:45:00Z","water_level",0.729373698421284,"m"
"S01","2025-01-02T18:50:00Z","water_level",1.79630563831603,"m"
"S01","2025-01-02T18:55:00Z","water_level",0.499039292367517,"m"
"S01","2025-01-02T19:00:00Z","water_level",0.156009725510503,"m"
"S01","2025-01-02T19:05:00Z","water_level",0.526216789942276,"m"
"S01","2025-01-02T19:10:00Z","water_level",1.88170796927475,"m"
"S01","2025-01-02T19:15:00Z","water_level",0.214180515063354,"m"
"S01","2025-01-02T19:20:00Z","water_level",0.687318547133438,"m"
"S01","2025-01-02T19:25:00Z","water_level",0.0489379191435533,"m"
"S01","2025-01-02T19:30:00Z","water_level",0.382572222435734,"m"
"S01","2025-01-02T19:35:00Z","water_level",0.300970756823132,"m"
"S01","2025-01-02T19:40:00Z","water_level",0.267835870205661,"m"
"S01","2025-01-02T19:45:00Z","water_level",0.0998928253954604,"m"
"S01","2025-01-02T19:50:00Z","water_level",0.115340482362222,"m"
"S01","2025-01-02T19:55:00Z","water_level",0.025173630794225,"m"
"S01","2025-01-02T20:00:00Z","water_level",0.0892045484616455,"m"
"S01","2025-01-02T20:05:00Z","water_level",0.129938387238573,"m"
"S01","2025-01-02T20:10:00Z","water_level",0.0888407521425693,"m"
"S01","2025-01-02T20:15:00Z","water_level",0.704160250729909,"m"
"S01","2025-01-02T20:20:00Z","water_level",0.715395491901669,"m"
"S01","2025-01-02T20:25:00Z","water_level",0.0321040860844596,"m"
"S01","2025-01-02T20:30:00Z","water_level",0.507353603817777,"m"
"S01","2025-01-02T20:35:00Z","water_level",1.37183964523048,"m"
"S01","2025-01-02T20:40:00Z","water_level",1.01012897506907,"m"
"S01","2025-01-02T20:45:00Z","water_level",0.224502996796058,"m"
"S01","2025-01-02T20:50:00Z","water_level",0.151735283146621,"m"
"S01","2025-01-02T20:55:00Z","water_level",0.0860279126755527,"m"
"S01","2025-01-02T21:00:00Z","water_level",0.370808031457033,"m"
"S01","2025-01-02T21:05:00Z","water_level",0.308339960071715,"m"
"S01","2025-01-02T21:10:00Z","water_level",1.51928219969583,"m"
"S01","2025-01-02T21:15:00Z","water_level",1.24861568561213,"m"
"S01","2025-01-02T21:20:00Z","water_level",1.45872017739101,"m"
"S01","2025-01-02T21:25:00Z","water_level",1.60801058300651,"m"
"S01","2025-01-02T21:30:00Z","water_level",1.07693644988628,"m"
"S01","2025-01-02T21:35:00Z","water_level",0.128281896059787,"m"
"S01","2025-01-02T21:40:00Z","water_level",0.421748354121746,"m"
"S01","2025-01-02T21:45:00Z","water_level",0.10181443134893,"m"
"S01","2025-01-02T21:50:00Z","water_level",0.373800985601583,"m"
"S01","2025-01-02T21:55:00Z","water_level",0.862584672688685,"m"
"S01","2025-01-02T22:00:00Z","water_level",1.76018055968599,"m"
"S01","2025-01-02T22:05:00Z","water_level",0.122077732457852,"m"
"S01","2025-01-02T22:10:00Z","water_level",0.31138199098203,"m"
"S01","2025-01-02T22:15:00Z","water_level",0.147144448763128,"m"
"S01","2025-01-02T22:20:00Z","water_level",0.196179931819787,"m"
"S01","2025-01-02T22:25:00Z","water_level",0.102842449630112,"m"
"S01","2025-01-02T22:30:00Z","water_level",0.0913632472628934,"m"
"S01","2025-01-02T22:35:00Z","water_level",0.110064929010294,"m"
"S01","2025-01-02T22:40:00Z","water_level",0.0861871943484773,"m"
"S01","2025-01-02T22:45:00Z","water_level",0.000141737684209352,"m"
"S01","2025-01-02T22:50:00Z","water_level",0.0348145452363887,"m"
"S01","2025-01-02T22:55:00Z","water_level",0.0394117263716761,"m"
"S01","2025-01-02T23:00:00Z","water_level",0.0308358703687957,"m"
"S01","2025-01-02T23:05:00Z","water_level",0.0769533697225879,"m"
"S01","2025-01-02T23:10:00Z","water_level",0.302090155651243,"m"
"S01","2025-01-02T23:15:00Z","water_level",0.904736658129398,"m"
"S01","2025-01-02T23:20:00Z","water_level",0.885918559033508,"m"
"S01","2025-01-02T23:25:00Z","water_level",0.858165249855084,"m"
"S01","2025-01-02T23:30:00Z","water_level",2.16456781388664,"m"
"S01","2025-01-02T23:35:00Z","water_level",1.86749610801214,"m"
"S01","2025-01-02T23:40:00Z","water_level",1.00121115104165,"m"
"S01","2025-01-02T23:45:00Z","water_level",0.962953332776918,"m"
"S01","2025-01-02T23:50:00Z","water_level",0.410824873059008,"m"
"S01","2025-01-02T23:55:00Z","water_level",1.8503419205583,"m"
"S01","2025-01-03T00:00:00Z","water_level",0.10687323449427,"m"
"S01","2025-01-03T00:05:00Z","water_level",0.181956169897079,"m"
"S01","2025-01-03T00:10:00Z","water_level",0.122623870652459,"m"
"S01","2025-01-03T00:15:00Z","water_level",0.204770550273149,"m"
"S01","2025-01-03T00:20:00Z","water_level",0.481516263797967,"m"
"S01","2025-01-03T00:25:00Z","water_level",0.206342744490719,"m"
"S01","2025-01-03T00:30:00Z","water_level",0.0972302397616317,"m"
"S01","2025-01-03T00:35:00Z","water_level",0.320199357230439,"m"
"S01","2025-01-03T00:40:00Z","water_level",0.128915456759373,"m"
"S01","2025-01-03T00:45:00Z","water_level",0.154932078423098,"m"
"S01","2025-01-03T00:50:00Z","water_level",0.349265259943827,"m"
"S01","2025-01-03T00:55:00Z","water_level",0.119330544651422,"m"
"S01","2025-01-03T01:00:00Z","water_level",1.2564120952484,"m"
"S01","2025-01-03T01:05:00Z","water_level",0.336985634322457,"m"
"S01","2025-01-03T01:10:00Z","water_level",0.487059760450137,"m"
"S01","2025-01-03T01:15:00Z","water_level",0.532216652684764,"m"
"S01","2025-01-03T01:20:00Z","water_level",0.34026133831952,"m"
"S01","2025-01-03T01:25:00Z","water_level",0.158046373081532,"m"
"S01","2025-01-03T01:30:00Z","water_level",0.114530656132173,"m"
"S01","2025-01-03T01:35:00Z","water_level",0.0944524175874146,"m"
"S01","2025-01-03T01:40:00Z","water_level",0.134956301127702,"m"
"S01","2025-01-03T01:45:00Z","water_level",0.100446574322485,"m"
"S01","2025-01-03T01:50:00Z","water_level",0.762177991164345,"m"
"S01","2025-01-03T01:55:00Z","water_level",1.24895027870844,"m"
"S01","2025-01-03T02:00:00Z","water_level",0.394066472240745,"m"
"S01","2025-01-03T02:05:00Z","water_level",0.298001483999664,"m"
"S01","2025-01-03T02:10:00Z","water_level",0.408596274444383,"m"
"S01","2025-01-03T02:15:00Z","water_level",0.734000073848541,"m"
"S01","2025-01-03T02:20:00Z","water_level",0.660866275989612,"m"
"S01","2025-01-03T02:25:00Z","water_level",0.268977161174539,"m"
"S01","2025-01-03T02:30:00Z","water_level",2.48652270604201,"m"
"S01","2025-01-03T02:35:00Z","water_level",1.51393657348614,"m"
"S01","2025-01-03T02:40:00Z","water_level",0.475036931840321,"m"
"S01","2025-01-03T02:45:00Z","water_level",0.562767729675722,"m"
"S01","2025-01-03T02:50:00Z","water_level",1.31526240969686,"m"
"S01","2025-01-03T02:55:00Z","water_level",0.381021545038928,"m"
"S01","2025-01-03T03:00:00Z","water_level",0.777011078370477,"m"
"S01","2025-01-03T03:05:00Z","water_level",1.17467278368262,"m"
"S01","2025-01-03T03:10:00Z","water_level",1.12796386822515,"m"
"S01","2025-01-03T03:15:00Z","water_level",1.70829948956669,"m"
"S01","2025-01-03T03:20:00Z","water_level",2.33003847126005,"m"
"S01","2025-01-03T03:25:00Z","water_level",1.49864542714467,"m"
"S01","2025-01-03T03:30:00Z","water_level",1.97650118954265,"m"
"S01","2025-01-03T03:35:00Z","water_level",3.19185998123007,"m"
"S01","2025-01-03T03:40:00Z","water_level",2.14277434849619,"m"
"S01","2025-01-03T03:45:00Z","water_level",2.44621368454692,"m"
"S01","2025-01-03T03:50:00Z","water_level",1.66387682643741,"m"
"S01","2025-01-03T03:55:00Z","water_level",0.404397127303345,"m"
"S01","2025-01-03T04:00:00Z","water_level",0.371357807757123,"m"
"S01","2025-01-03T04:05:00Z","water_level",0.430465202979923,"m"
"S01","2025-01-03T04:10:00Z","water_level",0.42421675271432,"m"
"S01","2025-01-03T04:15:00Z","water_level",0.62224498508319,"m"
"S01","2025-01-03T04:20:00Z","water_level",0.331327513608922,"m"
"S01","2025-01-03T04:25:00Z","water_level",0.500867071949257,"m"
"S01","2025-01-03T04:30:00Z","water_level",1.52658981194782,"m"
"S01","2025-01-03T04:35:00Z","water_level",0.556620299917898,"m"
"S01","2025-01-03T04:40:00Z","water_level",1.70438078021159,"m"
"S01","2025-01-03T04:45:00Z","water_level",1.23246188654079,"m"
"S01","2025-01-03T04:50:00Z","water_level",2.19480203994592,"m"
"S01","2025-01-03T04:55:00Z","water_level",0.297198110207589,"m"
"S01","2025-01-03T05:00:00Z","water_level",0.393002742939807,"m"
"S01","2025-01-03T05:05:00Z","water_level",0.208523590404797,"m"
"S01","2025-01-03T05:10:00Z","water_level",1.15056468421885,"m"
"S01","2025-01-03T05:15:00Z","water_level",1.46057873754801,"m"
"S01","2025-01-03T05:20:00Z","water_level",0.859629538334153,"m"
"S01","2025-01-03T05:25:00Z","water_level",0.556563119937464,"m"
"S01","2025-01-03T05:30:00Z","water_level",1.22290812321694,"m"
"S01","2025-01-03T05:35:00Z","water_level",0.496638287144736,"m"
"S01","2025-01-03T05:40:00Z","water_level",0.84730435666773,"m"
"S01","2025-01-03T05:45:00Z","water_level",1.98802258776222,"m"
"S01","2025-01-03T05:50:00Z","water_level",0.216219904511543,"m"
"S01","2025-01-03T05:55:00Z","water_level",0.251299080660801,"m"
"S01","2025-01-03T06:00:00Z","water_level",1.41030250247676,"m"
"S01","2025-01-03T06:05:00Z","water_level",0.257724483365926,"m"
"S01","2025-01-03T06:10:00Z","water_level",0.1065087262111,"m"
"S01","2025-01-03T06:15:00Z","water_level",0.110007094190303,"m"
"S01","2025-01-03T06:20:00Z","water_level",0.878978998758281,"m"
"S01","2025-01-03T06:25:00Z","water_level",0.138104801341113,"m"
"S01","2025-01-03T06:30:00Z","water_level",0.29309093816341,"m"
"S01","2025-01-03T06:35:00Z","water_level",0.73283388830791,"m"
"S01","2025-01-03T06:40:00Z","water_level",0.192827727079162,"m"
"S01","2025-01-03T06:45:00Z","water_level",0.318808281861587,"m"
"S01","2025-01-03T06:50:00Z","water_level",0.0909593504648937,"m"
"S01","2025-01-03T06:55:00Z","water_level",0.507076383833334,"m"
"S01","2025-01-03T07:00:00Z","water_level",0.892423567213923,"m"
"S01","2025-01-03T07:05:00Z","water_level",0.174119439530609,"m"
"S01","2025-01-03T07:10:00Z","water_level",0.967476413469613,"m"
"S01","2025-01-03T07:15:00Z","water_level",0.489592317908927,"m"
"S01","2025-01-03T07:20:00Z","water_level",0.350582632895248,"m"
"S01","2025-01-03T07:25:00Z","water_level",0.0825560855654761,"m"
"S01","2025-01-03T07:30:00Z","water_level",0.107456735924194,"m"
"S01","2025-01-03T07:35:00Z","water_level",0.465032753282831,"m"
"S01","2025-01-03T07:40:00Z","water_level",0.285577249660449,"m"
"S01","2025-01-03T07:45:00Z","water_level",0.143255229817077,"m"
"S01","2025-01-03T07:50:00Z","water_level",0.306245178323996,"m"
"S01","2025-01-03T07:55:00Z","water_level",0.163730203595539,"m"
"S01","2025-01-03T08:00:00Z","water_level",0.394018732983795,"m"
"S01","2025-01-03T08:05:00Z","water_level",0.480229141003841,"m"
"S01","2025-01-03T08:10:00Z","water_level",0.269670430911541,"m"
"S01","2025-01-03T08:15:00Z","water_level",0.254424663765142,"m"
"S01","2025-01-03T08:20:00Z","water_level",0.468135906622577,"m"
"S01","2025-01-03T08:25:00Z","water_level",0.234153680053648,"m"
"S01","2025-01-03T08:30:00Z","water_level",0.484605941186046,"m"
"S01","2025-01-03T08:35:00Z","water_level",0.208855456669533,"m"
"S01","2025-01-03T08:40:00Z","water_level",0.214667511929714,"m"
"S01","2025-01-03T08:45:00Z","water_level",0.486610227243775,"m"
"S01","2025-01-03T08:50:00Z","water_level",0.404671900636391,"m"
"S01","2025-01-03T08:55:00Z","water_level",0.282844409016722,"m"
"S01","2025-01-03T09:00:00Z","water_level",0.0238814070558087,"m"
"S01","2025-01-03T09:05:00Z","water_level",0.16163904041017,"m"
"S01","2025-01-03T09:10:00Z","water_level",0.0779900592337705,"m"
"S01","2025-01-03T09:15:00Z","water_level",0.0253810303807222,"m"
"S01","2025-01-03T09:20:00Z","water_level",0.473297050401179,"m"
"S01","2025-01-03T09:25:00Z","water_level",0.938797788995091,"m"
"S01","2025-01-03T09:30:00Z","water_level",0.228473739069118,"m"
"S01","2025-01-03T09:35:00Z","water_level",1.42574666459553,"m"
"S01","2025-01-03T09:40:00Z","water_level",1.70291777150841,"m"
"S01","2025-01-03T09:45:00Z","water_level",2.15551681945248,"m"
"S01","2025-01-03T09:50:00Z","water_level",0.287236239909707,"m"
"S01","2025-01-03T09:55:00Z","water_level",0.265333395271331,"m"
"S01","2025-01-03T10:00:00Z","water_level",0.265374562258411,"m"
"S01","2025-01-03T10:05:00Z","water_level",0.519953352155169,"m"
"S01","2025-01-03T10:10:00Z","water_level",0.519680129302501,"m"
"S01","2025-01-03T10:15:00Z","water_level",0.302630752664694,"m"
"S01","2025-01-03T10:20:00Z","water_level",0.146243542170404,"m"
"S01","2025-01-03T10:25:00Z","water_level",0.408240304301432,"m"
"S01","2025-01-03T10:30:00Z","water_level",0.196117841065384,"m"
"S01","2025-01-03T10:35:00Z","water_level",0.172051742640131,"m"
"S01","2025-01-03T10:40:00Z","water_level",0.0917346100274881,"m"
"S01","2025-01-03T10:45:00Z","water_level",0.242966808171289,"m"
"S01","2025-01-03T10:50:00Z","water_level",0.0621406182773663,"m"
"S01","2025-01-03T10:55:00Z","water_level",0.61457144382956,"m"
"S01","2025-01-03T11:00:00Z","water_level",1.13211007583426,"m"
"S01","2025-01-03T11:05:00Z","water_level",1.18631173115719,"m"
"S01","2025-01-03T11:10:00Z","water_level",1.24832222513355,"m"
"S01","2025-01-03T11:15:00Z","water_level",1.03138864970668,"m"
"S01","2025-01-03T11:20:00Z","water_level",1.00368820611301,"m"
"S01","2025-01-03T11:25:00Z","water_level",1.68901941116769,"m"
"S01","2025-01-03T11:30:00Z","water_level",2.23702387716985,"m"
"S01","2025-01-03T11:35:00Z","water_level",0.118914638902319,"m"
"S01","2025-01-03T11:40:00Z","water_level",0.238502112634109,"m"
"S01","2025-01-03T11:45:00Z","water_level",0.611056104619733,"m"
"S01","2025-01-03T11:50:00Z","water_level",0.811835246063475,"m"
"S01","2025-01-03T11:55:00Z","water_level",0.385078851224528,"m"
"S01","2025-01-03T12:00:00Z","water_level",0.370159664868549,"m"
"S01","2025-01-03T12:05:00Z","water_level",1.42470423711609,"m"
"S01","2025-01-03T12:10:00Z","water_level",0.782250471468304,"m"
"S01","2025-01-03T12:15:00Z","water_level",1.00955901180355,"m"
"S01","2025-01-03T12:20:00Z","water_level",0.229780161602251,"m"
"S01","2025-01-03T12:25:00Z","water_level",0.928887836758682,"m"
"S01","2025-01-03T12:30:00Z","water_level",0.650383233558131,"m"
"S01","2025-01-03T12:35:00Z","water_level",0.967833243378471,"m"
"S01","2025-01-03T12:40:00Z","water_level",1.6253252610431,"m"
"S01","2025-01-03T12:45:00Z","water_level",1.46470889925244,"m"
"S01","2025-01-03T12:50:00Z","water_level",0.204382874265008,"m"
"S01","2025-01-03T12:55:00Z","water_level",0.493000963591048,"m"
"S01","2025-01-03T13:00:00Z","water_level",0.369763236247474,"m"
"S01","2025-01-03T13:05:00Z","water_level",0.890363071917612,"m"
"S01","2025-01-03T13:10:00Z","water_level",0.0976268716509282,"m"
"S01","2025-01-03T13:15:00Z","water_level",0.0112731701698037,"m"
"S01","2025-01-03T13:20:00Z","water_level",0.0317756884081085,"m"
"S01","2025-01-03T13:25:00Z","water_level",0.282963833468076,"m"
"S01","2025-01-03T13:30:00Z","water_level",0.663627529249957,"m"
"S01","2025-01-03T13:35:00Z","water_level",0.0972670233739781,"m"
"S01","2025-01-03T13:40:00Z","water_level",0.377680209362107,"m"
"S01","2025-01-03T13:45:00Z","water_level",0.831578854850731,"m"
"S01","2025-01-03T13:50:00Z","water_level",0.424114930122149,"m"
"S01","2025-01-03T13:55:00Z","water_level",0.530451937391568,"m"
"S01","2025-01-03T14:00:00Z","water_level",1.11630140220276,"m"
"S01","2025-01-03T14:05:00Z","water_level",0.857126875408546,"m"
"S01","2025-01-03T14:10:00Z","water_level",1.590502735216,"m"
"S01","2025-01-03T14:15:00Z","water_level",1.5953673615388,"m"
"S01","2025-01-03T14:20:00Z","water_level",1.05267501774044,"m"
"S01","2025-01-03T14:25:00Z","water_level",1.14998458412842,"m"
"S01","2025-01-03T14:30:00Z","water_level",0.844448668717019,"m"
"S01","2025-01-03T14:35:00Z","water_level",1.07585322843687,"m"
"S01","2025-01-03T14:40:00Z","water_level",0.83761006944563,"m"
"S01","2025-01-03T14:45:00Z","water_level",0.559444086396004,"m"
"S01","2025-01-03T14:50:00Z","water_level",1.08285982173552,"m"
"S01","2025-01-03T14:55:00Z","water_level",0.582722740606647,"m"
"S01","2025-01-03T15:00:00Z","water_level",0.630378624581307,"m"
"S01","2025-01-03T15:05:00Z","water_level",0.314064168287072,"m"
"S01","2025-01-03T15:10:00Z","water_level",0.245531831289525,"m"
"S01","2025-01-03T15:15:00Z","water_level",0.443494055186957,"m"
"S01","2025-01-03T15:20:00Z","water_level",0.058304291288104,"m"
"S01","2025-01-03T15:25:00Z","water_level",0.125239135334561,"m"
"S01","2025-01-03T15:30:00Z","water_level",0.102074868302604,"m"
"S01","2025-01-03T15:35:00Z","water_level",0.391140059562136,"m"
"S01","2025-01-03T15:40:00Z","water_level",0.0321058813034135,"m"
"S01","2025-01-03T15:45:00Z","water_level",0.00802965757845319,"m"
"S01","2025-01-03T15:50:00Z","water_level",0.20373758510697,"m"
"S01","2025-01-03T15:55:00Z","water_level",0.523809243534567,"m"
"S01","2025-01-03T16:00:00Z","water_level",2.12656798986083,"m"
"S01","2025-01-03T16:05:00Z","water_level",1.7143680254069,"m"
"S01","2025-01-03T16:10:00Z","water_level",0.102491058418048,"m"
"S01","2025-01-03T16:15:00Z","water_level",0.319267880489171,"m"
"S01","2025-01-03T16:20:00Z","water_level",0.119896006585906,"m"
"S01","2025-01-03T16:25:00Z","water_level",0.0764728243063131,"m"
"S01","2025-01-03T16:30:00Z","water_level",0.200779170348254,"m"
"S01","2025-01-03T16:35:00Z","water_level",0.264426974936068,"m"
"S01","2025-01-03T16:40:00Z","water_level",0.841875410589544,"m"
"S01","2025-01-03T16:45:00Z","water_level",0.326026829516666,"m"
"S01","2025-01-03T16:50:00Z","water_level",0.649221479716746,"m"
"S01","2025-01-03T16:55:00Z","water_level",0.573620237879428,"m"
"S01","2025-01-03T17:00:00Z","water_level",0.356238889562304,"m"
"S01","2025-01-03T17:05:00Z","water_level",0.0975744470029139,"m"
"S01","2025-01-03T17:10:00Z","water_level",0.0638455582935425,"m"
"S01","2025-01-03T17:15:00Z","water_level",0.0929919408603528,"m"
"S01","2025-01-03T17:20:00Z","water_level",0.869848152455301,"m"
"S01","2025-01-03T17:25:00Z","water_level",0.83101075883975,"m"
"S01","2025-01-03T17:30:00Z","water_level",0.287428221170121,"m"
"S01","2025-01-03T17:35:00Z","water_level",1.5113626014268,"m"
"S01","2025-01-03T17:40:00Z","water_level",1.37889288021693,"m"
"S01","2025-01-03T17:45:00Z","water_level",1.09516704334567,"m"
"S01","2025-01-03T17:50:00Z","water_level",0.312085518990076,"m"
"S01","2025-01-03T17:55:00Z","water_level",0.764920294421649,"m"
"S01","2025-01-03T18:00:00Z","water_level",0.917478585840337,"m"
"S01","2025-01-03T18:05:00Z","water_level",1.66491593540485,"m"
"S01","2025-01-03T18:10:00Z","water_level",1.42389487663099,"m"
"S01","2025-01-03T18:15:00Z","water_level",0.833040028132021,"m"
"S01","2025-01-03T18:20:00Z","water_level",0.117908460350371,"m"
"S01","2025-01-03T18:25:00Z","water_level",0.0302341972811145,"m"
"S01","2025-01-03T18:30:00Z","water_level",0.623894767320247,"m"
"S01","2025-01-03T18:35:00Z","water_level",0.117070439124836,"m"
"S01","2025-01-03T18:40:00Z","water_level",0.314530259611537,"m"
"S01","2025-01-03T18:45:00Z","water_level",0.344635029399805,"m"
"S01","2025-01-03T18:50:00Z","water_level",0.852710868520478,"m"
"S01","2025-01-03T18:55:00Z","water_level",0.588316882645645,"m"
"S01","2025-01-03T19:00:00Z","water_level",0.805355853434702,"m"
"S01","2025-01-03T19:05:00Z","water_level",0.169052631665924,"m"
"S01","2025-01-03T19:10:00Z","water_level",0.334177590398905,"m"
"S01","2025-01-03T19:15:00Z","water_level",0.153777491086431,"m"
"S01","2025-01-03T19:20:00Z","water_level",0.0710733312980706,"m"
"S01","2025-01-03T19:25:00Z","water_level",0.110499700981014,"m"
"S01","2025-01-03T19:30:00Z","water_level",0.163639935931505,"m"
"S01","2025-01-03T19:35:00Z","water_level",0.0184414542864642,"m"
"S01","2025-01-03T19:40:00Z","water_level",0.20786348370447,"m"
"S01","2025-01-03T19:45:00Z","water_level",0.441999032359069,"m"
"S01","2025-01-03T19:50:00Z","water_level",0.745983379309689,"m"
"S01","2025-01-03T19:55:00Z","water_level",0.599486039519383,"m"
"S01","2025-01-03T20:00:00Z","water_level",0.310232035423584,"m"
"S01","2025-01-03T20:05:00Z","water_level",0.109212065830572,"m"
"S01","2025-01-03T20:10:00Z","water_level",0.140551198847844,"m"
"S01","2025-01-03T20:15:00Z","water_level",0.886998903437623,"m"
"S01","2025-01-03T20:20:00Z","water_level",0.177102323029876,"m"
"S01","2025-01-03T20:25:00Z","water_level",0.502654384434968,"m"
"S01","2025-01-03T20:30:00Z","water_level",0.103375975774065,"m"
"S01","2025-01-03T20:35:00Z","water_level",0.0684406557104511,"m"
"S01","2025-01-03T20:40:00Z","water_level",0.198992873599172,"m"
"S01","2025-01-03T20:45:00Z","water_level",0.116382275327137,"m"
"S01","2025-01-03T20:50:00Z","water_level",0.0117326266052601,"m"
"S01","2025-01-03T20:55:00Z","water_level",0.00589490163880317,"m"
"S01","2025-01-03T21:00:00Z","water_level",0.293698619647055,"m"
"S01","2025-01-03T21:05:00Z","water_level",0.0334826839215827,"m"
"S01","2025-01-03T21:10:00Z","water_level",0.00936922873594398,"m"
"S01","2025-01-03T21:15:00Z","water_level",0.0560354045932513,"m"
"S01","2025-01-03T21:20:00Z","water_level",0.0579753208333405,"m"
"S01","2025-01-03T21:25:00Z","water_level",0.330727248377206,"m"
"S01","2025-01-03T21:30:00Z","water_level",0.422817409265408,"m"
"S01","2025-01-03T21:35:00Z","water_level",0.0404312535173846,"m"
"S01","2025-01-03T21:40:00Z","water_level",0.0560474889206432,"m"
"S01","2025-01-03T21:45:00Z","water_level",0.521803491025757,"m"
"S01","2025-01-03T21:50:00Z","water_level",0.72939243703994,"m"
"S01","2025-01-03T21:55:00Z","water_level",0.559570244782363,"m"
"S01","2025-01-03T22:00:00Z","water_level",0.263788377611502,"m"
"S01","2025-01-03T22:05:00Z","water_level",0.10131869319127,"m"
"S01","2025-01-03T22:10:00Z","water_level",0.193910839784804,"m"
"S01","2025-01-03T22:15:00Z","water_level",0.422562238897929,"m"
"S01","2025-01-03T22:20:00Z","water_level",0.969748075637656,"m"
"S01","2025-01-03T22:25:00Z","water_level",0.127422871704178,"m"
"S01","2025-01-03T22:30:00Z","water_level",0.624870827054617,"m"
"S01","2025-01-03T22:35:00Z","water_level",0.3871002555449,"m"
"S01","2025-01-03T22:40:00Z","water_level",0.709940688558951,"m"
"S01","2025-01-03T22:45:00Z","water_level",1.55766391772236,"m"
"S01","2025-01-03T22:50:00Z","water_level",2.786801054508,"m"
"S01","2025-01-03T22:55:00Z","water_level",1.58033025219356,"m"
"S01","2024-12-31T23:00:00Z","soil_moisture",24.4139326462115,"%"
"S01","2024-12-31T23:05:00Z","soil_moisture",35.0311573048411,"%"
"S01","2024-12-31T23:10:00Z","soil_moisture",44.8925332375889,"%"
"S01","2024-12-31T23:15:00Z","soil_moisture",26.08907052174,"%"
"S01","2024-12-31T23:20:00Z","soil_moisture",27.2092325936162,"%"
"S01","2024-12-31T23:25:00Z","soil_moisture",19.5338318244563,"%"
"S01","2024-12-31T23:30:00Z","soil_moisture",16.9833763714255,"%"
"S01","2024-12-31T23:35:00Z","soil_moisture",1.48812186057239,"%"
"S01","2024-12-31T23:40:00Z","soil_moisture",8.16960571414345,"%"
"S01","2024-12-31T23:45:00Z","soil_moisture",12.6940842103327,"%"
"S01","2024-12-31T23:50:00Z","soil_moisture",16.6145243703151,"%"
"S01","2024-12-31T23:55:00Z","soil_moisture",32.1723606363052,"%"
"S01","2025-01-01T00:00:00Z","soil_moisture",24.654967398561,"%"
"S01","2025-01-01T00:05:00Z","soil_moisture",38.7182373679518,"%"
"S01","2025-01-01T00:10:00Z","soil_moisture",30.1682385854398,"%"
"S01","2025-01-01T00:15:00Z","soil_moisture",17.6254716948316,"%"
"S01","2025-01-01T00:20:00Z","soil_moisture",20.2295443507846,"%"
"S01","2025-01-01T00:25:00Z","soil_moisture",28.4500967994416,"%"
"S01","2025-01-01T00:30:00Z","soil_moisture",16.036432048286,"%"
"S01","2025-01-01T00:35:00Z","soil_moisture",27.4137852550565,"%"
"S01","2025-01-01T00:40:00Z","soil_moisture",29.1293317155267,"%"
"S01","2025-01-01T00:45:00Z","soil_moisture",8.37794462269269,"%"
"S01","2025-01-01T00:50:00Z","soil_moisture",7.57616109880315,"%"
"S01","2025-01-01T00:55:00Z","soil_moisture",27.9145614422966,"%"
"S01","2025-01-01T01:00:00Z","soil_moisture",22.9602713971398,"%"
"S01","2025-01-01T01:05:00Z","soil_moisture",50.1649020125466,"%"
"S01","2025-01-01T01:10:00Z","soil_moisture",41.7046931587032,"%"
"S01","2025-01-01T01:15:00Z","soil_moisture",24.7459527023055,"%"
"S01","2025-01-01T01:20:00Z","soil_moisture",14.5098342481042,"%"
"S01","2025-01-01T01:25:00Z","soil_moisture",42.3559500773477,"%"
"S01","2025-01-01T01:30:00Z","soil_moisture",14.2131654470063,"%"
"S01","2025-01-01T01:35:00Z","soil_moisture",45.8331974681457,"%"
"S01","2025-01-01T01:40:00Z","soil_moisture",22.2938961447236,"%"
"S01","2025-01-01T01:45:00Z","soil_moisture",44.8435150621625,"%"
"S01","2025-01-01T01:50:00Z","soil_moisture",33.892080283714,"%"
"S01","2025-01-01T01:55:00Z","soil_moisture",16.0308285630838,"%"
"S01","2025-01-01T02:00:00Z","soil_moisture",18.593576771203,"%"
"S01","2025-01-01T02:05:00Z","soil_moisture",11.6667929292007,"%"
"S01","2025-01-01T02:10:00Z","soil_moisture",21.2216261112098,"%"
"S01","2025-01-01T02:15:00Z","soil_moisture",20.181142086068,"%"
"S01","2025-01-01T02:20:00Z","soil_moisture",14.4378918673146,"%"
"S01","2025-01-01T02:25:00Z","soil_moisture",28.4394839485164,"%"
"S01","2025-01-01T02:30:00Z","soil_moisture",16.8647981306156,"%"
"S01","2025-01-01T02:35:00Z","soil_moisture",14.601793867189,"%"
"S01","2025-01-01T02:40:00Z","soil_moisture",11.6350969715027,"%"
"S01","2025-01-01T02:45:00Z","soil_moisture",14.7446611744458,"%"
"S01","2025-01-01T02:50:00Z","soil_moisture",26.8159503076587,"%"
"S01","2025-01-01T02:55:00Z","soil_moisture",36.355770386867,"%"
"S01","2025-01-01T03:00:00Z","soil_moisture",14.0369544666518,"%"
"S01","2025-01-01T03:05:00Z","soil_moisture",24.5729886394253,"%"
"S01","2025-01-01T03:10:00Z","soil_moisture",25.2328534345306,"%"
"S01","2025-01-01T03:15:00Z","soil_moisture",22.8865238369737,"%"
"S01","2025-01-01T03:20:00Z","soil_moisture",45.1740635860547,"%"
"S01","2025-01-01T03:25:00Z","soil_moisture",28.4291369245509,"%"
"S01","2025-01-01T03:30:00Z","soil_moisture",17.1023063639427,"%"
"S01","2025-01-01T03:35:00Z","soil_moisture",29.1946501009664,"%"
"S01","2025-01-01T03:40:00Z","soil_moisture",26.517105006078,"%"
"S01","2025-01-01T03:45:00Z","soil_moisture",13.4144701274495,"%"
"S01","2025-01-01T03:50:00Z","soil_moisture",37.8282174356864,"%"
"S01","2025-01-01T03:55:00Z","soil_moisture",47.2899149407153,"%"
"S01","2025-01-01T04:00:00Z","soil_moisture",26.9917386199193,"%"
"S01","2025-01-01T04:05:00Z","soil_moisture",66.3685686992277,"%"
"S01","2025-01-01T04:10:00Z","soil_moisture",46.9197091778111,"%"
"S01","2025-01-01T04:15:00Z","soil_moisture",20.0904985143905,"%"
"S01","2025-01-01T04:20:00Z","soil_moisture",25.8998730398572,"%"
"S01","2025-01-01T04:25:00Z","soil_moisture",7.54012372480624,"%"
"S01","2025-01-01T04:30:00Z","soil_moisture",9.14462547446513,"%"
"S01","2025-01-01T04:35:00Z","soil_moisture",25.581312807105,"%"
"S01","2025-01-01T04:40:00Z","soil_moisture",35.1098152180549,"%"
"S01","2025-01-01T04:45:00Z","soil_moisture",31.7352407553054,"%"
"S01","2025-01-01T04:50:00Z","soil_moisture",19.838687627275,"%"
"S01","2025-01-01T04:55:00Z","soil_moisture",31.8212160864849,"%"
"S01","2025-01-01T05:00:00Z","soil_moisture",36.8170518068844,"%"
"S01","2025-01-01T05:05:00Z","soil_moisture",35.7730550249671,"%"
"S01","2025-01-01T05:10:00Z","soil_moisture",28.3713854921579,"%"
"S01","2025-01-01T05:15:00Z","soil_moisture",53.9156360299481,"%"
"S01","2025-01-01T05:20:00Z","soil_moisture",14.9195605478498,"%"
"S01","2025-01-01T05:25:00Z","soil_moisture",5.75596187857186,"%"
"S01","2025-01-01T05:30:00Z","soil_moisture",7.11036574089978,"%"
"S01","2025-01-01T05:35:00Z","soil_moisture",9.74319339243999,"%"
"S01","2025-01-01T05:40:00Z","soil_moisture",37.2675878289014,"%"
"S01","2025-01-01T05:45:00Z","soil_moisture",20.1918019034585,"%"
"S01","2025-01-01T05:50:00Z","soil_moisture",37.7324128621788,"%"
"S01","2025-01-01T05:55:00Z","soil_moisture",18.3514141605574,"%"
"S01","2025-01-01T06:00:00Z","soil_moisture",8.82897866670147,"%"
"S01","2025-01-01T06:05:00Z","soil_moisture",19.3675613895185,"%"
"S01","2025-01-01T06:10:00Z","soil_moisture",14.0196649961195,"%"
"S01","2025-01-01T06:15:00Z","soil_moisture",39.1428698456106,"%"
"S01","2025-01-01T06:20:00Z","soil_moisture",20.3558627473135,"%"
"S01","2025-01-01T06:25:00Z","soil_moisture",13.5384813568127,"%"
"S01","2025-01-01T06:30:00Z","soil_moisture",23.4269740521985,"%"
"S01","2025-01-01T06:35:00Z","soil_moisture",31.4726791973388,"%"
"S01","2025-01-01T06:40:00Z","soil_moisture",21.6843386384339,"%"
"S01","2025-01-01T06:45:00Z","soil_moisture",6.41295487838155,"%"
"S01","2025-01-01T06:50:00Z","soil_moisture",7.50372641781858,"%"
"S01","2025-01-01T06:55:00Z","soil_moisture",23.4641408868932,"%"
"S01","2025-01-01T07:00:00Z","soil_moisture",40.5828909610284,"%"
"S01","2025-01-01T07:05:00Z","soil_moisture",28.291050756271,"%"
"S01","2025-01-01T07:10:00Z","soil_moisture",29.1929790350477,"%"
"S01","2025-01-01T07:15:00Z","soil_moisture",16.6989246244872,"%"
"S01","2025-01-01T07:20:00Z","soil_moisture",16.7909453005443,"%"
"S01","2025-01-01T07:25:00Z","soil_moisture",11.7983004824183,"%"
"S01","2025-01-01T07:30:00Z","soil_moisture",21.9900861082826,"%"
"S01","2025-01-01T07:35:00Z","soil_moisture",50.4482338321096,"%"
"S01","2025-01-01T07:40:00Z","soil_moisture",24.6841839791717,"%"
"S01","2025-01-01T07:45:00Z","soil_moisture",28.2417685342602,"%"
"S01","2025-01-01T07:50:00Z","soil_moisture",20.5751697558971,"%"
"S01","2025-01-01T07:55:00Z","soil_moisture",4.96167422026741,"%"
"S01","2025-01-01T08:00:00Z","soil_moisture",16.811498134204,"%"
"S01","2025-01-01T08:05:00Z","soil_moisture",11.8863416143955,"%"
"S01","2025-01-01T08:10:00Z","soil_moisture",6.68505902620293,"%"
"S01","2025-01-01T08:15:00Z","soil_moisture",10.631015876586,"%"
"S01","2025-01-01T08:20:00Z","soil_moisture",28.0656573148518,"%"
"S01","2025-01-01T08:25:00Z","soil_moisture",28.4696542390746,"%"
"S01","2025-01-01T08:30:00Z","soil_moisture",8.11109458561346,"%"
"S01","2025-01-01T08:35:00Z","soil_moisture",32.6157325275248,"%"
"S01","2025-01-01T08:40:00Z","soil_moisture",42.9862694226241,"%"
"S01","2025-01-01T08:45:00Z","soil_moisture",30.293377158154,"%"
"S01","2025-01-01T08:50:00Z","soil_moisture",12.6854666852528,"%"
"S01","2025-01-01T08:55:00Z","soil_moisture",44.6204147140126,"%"
"S01","2025-01-01T09:00:00Z","soil_moisture",9.63422222216288,"%"
"S01","2025-01-01T09:05:00Z","soil_moisture",4.03638211676206,"%"
"S01","2025-01-01T09:10:00Z","soil_moisture",4.29083949472531,"%"
"S01","2025-01-01T09:15:00Z","soil_moisture",24.214228461561,"%"
"S01","2025-01-01T09:20:00Z","soil_moisture",8.87468894027659,"%"
"S01","2025-01-01T09:25:00Z","soil_moisture",6.49538163147685,"%"
"S01","2025-01-01T09:30:00Z","soil_moisture",30.014026323001,"%"
"S01","2025-01-01T09:35:00Z","soil_moisture",20.3044813467842,"%"
"S01","2025-01-01T09:40:00Z","soil_moisture",18.4931971038923,"%"
"S01","2025-01-01T09:45:00Z","soil_moisture",23.0581415583176,"%"
"S01","2025-01-01T09:50:00Z","soil_moisture",34.2624612497646,"%"
"S01","2025-01-01T09:55:00Z","soil_moisture",42.2215583014345,"%"
"S01","2025-01-01T10:00:00Z","soil_moisture",30.9190790863127,"%"
"S01","2025-01-01T10:05:00Z","soil_moisture",25.7335876164919,"%"
"S01","2025-01-01T10:10:00Z","soil_moisture",38.1797771902781,"%"
"S01","2025-01-01T10:15:00Z","soil_moisture",15.135929677156,"%"
"S01","2025-01-01T10:20:00Z","soil_moisture",12.7556976237105,"%"
"S01","2025-01-01T10:25:00Z","soil_moisture",13.9005677507195,"%"
"S01","2025-01-01T10:30:00Z","soil_moisture",16.8892373703545,"%"
"S01","2025-01-01T10:35:00Z","soil_moisture",22.3048136984082,"%"
"S01","2025-01-01T10:40:00Z","soil_moisture",25.9460182812922,"%"
"S01","2025-01-01T10:45:00Z","soil_moisture",61.4143763911568,"%"
"S01","2025-01-01T10:50:00Z","soil_moisture",37.0492360033444,"%"
"S01","2025-01-01T10:55:00Z","soil_moisture",45.7418191777924,"%"
"S01","2025-01-01T11:00:00Z","soil_moisture",35.0759242315278,"%"
"S01","2025-01-01T11:05:00Z","soil_moisture",44.6480419350858,"%"
"S01","2025-01-01T11:10:00Z","soil_moisture",53.5986306046625,"%"
"S01","2025-01-01T11:15:00Z","soil_moisture",35.893276477376,"%"
"S01","2025-01-01T11:20:00Z","soil_moisture",34.1940308780276,"%"
"S01","2025-01-01T11:25:00Z","soil_moisture",20.0178429126829,"%"
"S01","2025-01-01T11:30:00Z","soil_moisture",33.2392156323118,"%"
"S01","2025-01-01T11:35:00Z","soil_moisture",27.0034964192714,"%"
"S01","2025-01-01T11:40:00Z","soil_moisture",22.0298665136074,"%"
"S01","2025-01-01T11:45:00Z","soil_moisture",11.7362652725118,"%"
"S01","2025-01-01T11:50:00Z","soil_moisture",7.21199524856192,"%"
"S01","2025-01-01T11:55:00Z","soil_moisture",4.51073630803667,"%"
"S01","2025-01-01T12:00:00Z","soil_moisture",6.90450683434748,"%"
"S01","2025-01-01T12:05:00Z","soil_moisture",7.37853570380509,"%"
"S01","2025-01-01T12:10:00Z","soil_moisture",2.05863508786545,"%"
"S01","2025-01-01T12:15:00Z","soil_moisture",7.13115144348762,"%"
"S01","2025-01-01T12:20:00Z","soil_moisture",16.6691996886153,"%"
"S01","2025-01-01T12:25:00Z","soil_moisture",30.8541263707748,"%"
"S01","2025-01-01T12:30:00Z","soil_moisture",28.2500514275059,"%"
"S01","2025-01-01T12:35:00Z","soil_moisture",40.5105342998045,"%"
"S01","2025-01-01T12:40:00Z","soil_moisture",33.7671945842243,"%"
"S01","2025-01-01T12:45:00Z","soil_moisture",14.9513941013498,"%"
"S01","2025-01-01T12:50:00Z","soil_moisture",19.4990183770727,"%"
"S01","2025-01-01T12:55:00Z","soil_moisture",20.305422840931,"%"
"S01","2025-01-01T13:00:00Z","soil_moisture",41.5735306506789,"%"
"S01","2025-01-01T13:05:00Z","soil_moisture",19.2461149126681,"%"
"S01","2025-01-01T13:10:00Z","soil_moisture",41.5912522345645,"%"
"S01","2025-01-01T13:15:00Z","soil_moisture",30.5119635166088,"%"
"S01","2025-01-01T13:20:00Z","soil_moisture",14.3169408543423,"%"
"S01","2025-01-01T13:25:00Z","soil_moisture",19.9184224374559,"%"
"S01","2025-01-01T13:30:00Z","soil_moisture",22.7437387690285,"%"
"S01","2025-01-01T13:35:00Z","soil_moisture",34.0621987734238,"%"
"S01","2025-01-01T13:40:00Z","soil_moisture",33.2586576301521,"%"
"S01","2025-01-01T13:45:00Z","soil_moisture",36.4604674549827,"%"
"S01","2025-01-01T13:50:00Z","soil_moisture",49.5511339005463,"%"
"S01","2025-01-01T13:55:00Z","soil_moisture",33.9857889242693,"%"
"S01","2025-01-01T14:00:00Z","soil_moisture",47.6129031483396,"%"
"S01","2025-01-01T14:05:00Z","soil_moisture",50.5616431239949,"%"
"S01","2025-01-01T14:10:00Z","soil_moisture",59.7566969504851,"%"
"S01","2025-01-01T14:15:00Z","soil_moisture",33.9782334250713,"%"
"S01","2025-01-01T14:20:00Z","soil_moisture",38.9353531907628,"%"
"S01","2025-01-01T14:25:00Z","soil_moisture",33.7700342080069,"%"
"S01","2025-01-01T14:30:00Z","soil_moisture",44.2743864282348,"%"
"S01","2025-01-01T14:35:00Z","soil_moisture",32.5193906174468,"%"
"S01","2025-01-01T14:40:00Z","soil_moisture",23.1902135479668,"%"
"S01","2025-01-01T14:45:00Z","soil_moisture",31.5133796632635,"%"
"S01","2025-01-01T14:50:00Z","soil_moisture",35.7545200829447,"%"
"S01","2025-01-01T14:55:00Z","soil_moisture",40.1521310531845,"%"
"S01","2025-01-01T15:00:00Z","soil_moisture",44.7269726965234,"%"
"S01","2025-01-01T15:05:00Z","soil_moisture",18.8834784244225,"%"
"S01","2025-01-01T15:10:00Z","soil_moisture",26.9704803764201,"%"
"S01","2025-01-01T15:15:00Z","soil_moisture",48.2743526598356,"%"
"S01","2025-01-01T15:20:00Z","soil_moisture",59.8695201357589,"%"
"S01","2025-01-01T15:25:00Z","soil_moisture",20.1596777729348,"%"
"S01","2025-01-01T15:30:00Z","soil_moisture",5.45717292512905,"%"
"S01","2025-01-01T15:35:00Z","soil_moisture",13.2089419082895,"%"
"S01","2025-01-01T15:40:00Z","soil_moisture",14.5719099373234,"%"
"S01","2025-01-01T15:45:00Z","soil_moisture",6.56803422763051,"%"
"S01","2025-01-01T15:50:00Z","soil_moisture",23.1659728068594,"%"
"S01","2025-01-01T15:55:00Z","soil_moisture",6.7101699228045,"%"
"S01","2025-01-01T16:00:00Z","soil_moisture",25.4012010597966,"%"
"S01","2025-01-01T16:05:00Z","soil_moisture",35.6092521982479,"%"
"S01","2025-01-01T16:10:00Z","soil_moisture",49.6641349932658,"%"
"S01","2025-01-01T16:15:00Z","soil_moisture",56.4792267297668,"%"
"S01","2025-01-01T16:20:00Z","soil_moisture",41.9199422609905,"%"
"S01","2025-01-01T16:25:00Z","soil_moisture",63.1233154285469,"%"
"S01","2025-01-01T16:30:00Z","soil_moisture",72.7011001609005,"%"
"S01","2025-01-01T16:35:00Z","soil_moisture",57.1847282341944,"%"
"S01","2025-01-01T16:40:00Z","soil_moisture",51.8237166816267,"%"
"S01","2025-01-01T16:45:00Z","soil_moisture",55.9800089121836,"%"
"S01","2025-01-01T16:50:00Z","soil_moisture",54.6899851310693,"%"
"S01","2025-01-01T16:55:00Z","soil_moisture",55.1930415176288,"%"
"S01","2025-01-01T17:00:00Z","soil_moisture",54.8098916824159,"%"
"S01","2025-01-01T17:05:00Z","soil_moisture",24.9740425929843,"%"
"S01","2025-01-01T17:10:00Z","soil_moisture",37.9712567871684,"%"
"S01","2025-01-01T17:15:00Z","soil_moisture",48.2440705769648,"%"
"S01","2025-01-01T17:20:00Z","soil_moisture",33.4396829692117,"%"
"S01","2025-01-01T17:25:00Z","soil_moisture",37.6286516021566,"%"
"S01","2025-01-01T17:30:00Z","soil_moisture",62.9689848808251,"%"
"S01","2025-01-01T17:35:00Z","soil_moisture",55.2824808221912,"%"
"S01","2025-01-01T17:40:00Z","soil_moisture",37.3743966998008,"%"
"S01","2025-01-01T17:45:00Z","soil_moisture",56.3763895030527,"%"
"S01","2025-01-01T17:50:00Z","soil_moisture",54.3485822976237,"%"
"S01","2025-01-01T17:55:00Z","soil_moisture",41.5000845650095,"%"
"S01","2025-01-01T18:00:00Z","soil_moisture",22.9455329322569,"%"
"S01","2025-01-01T18:05:00Z","soil_moisture",25.9233793821414,"%"
"S01","2025-01-01T18:10:00Z","soil_moisture",27.0363609235529,"%"
"S01","2025-01-01T18:15:00Z","soil_moisture",35.3024471910278,"%"
"S01","2025-01-01T18:20:00Z","soil_moisture",53.0379055420623,"%"
"S01","2025-01-01T18:25:00Z","soil_moisture",50.0585069793186,"%"
"S01","2025-01-01T18:30:00Z","soil_moisture",31.5587012608437,"%"
"S01","2025-01-01T18:35:00Z","soil_moisture",27.7966548536965,"%"
"S01","2025-01-01T18:40:00Z","soil_moisture",38.5306824975745,"%"
"S01","2025-01-01T18:45:00Z","soil_moisture",68.008565960749,"%"
"S01","2025-01-01T18:50:00Z","soil_moisture",64.6539502132976,"%"
"S01","2025-01-01T18:55:00Z","soil_moisture",41.2505599603941,"%"
"S01","2025-01-01T19:00:00Z","soil_moisture",48.6152707956111,"%"
"S01","2025-01-01T19:05:00Z","soil_moisture",63.0519177837094,"%"
"S01","2025-01-01T19:10:00Z","soil_moisture",62.1539807272856,"%"
"S01","2025-01-01T19:15:00Z","soil_moisture",59.3886222963928,"%"
"S01","2025-01-01T19:20:00Z","soil_moisture",43.2171137344216,"%"
"S01","2025-01-01T19:25:00Z","soil_moisture",39.8303111977808,"%"
"S01","2025-01-01T19:30:00Z","soil_moisture",46.9585588175862,"%"
"S01","2025-01-01T19:35:00Z","soil_moisture",33.5585375788647,"%"
"S01","2025-01-01T19:40:00Z","soil_moisture",31.8520943898129,"%"
"S01","2025-01-01T19:45:00Z","soil_moisture",75.2440688209418,"%"
"S01","2025-01-01T19:50:00Z","soil_moisture",51.1201218567624,"%"
"S01","2025-01-01T19:55:00Z","soil_moisture",47.4196818249797,"%"
"S01","2025-01-01T20:00:00Z","soil_moisture",43.8790211367682,"%"
"S01","2025-01-01T20:05:00Z","soil_moisture",34.6661341412173,"%"
"S01","2025-01-01T20:10:00Z","soil_moisture",29.5671036052611,"%"
"S01","2025-01-01T20:15:00Z","soil_moisture",29.8717017439739,"%"
"S01","2025-01-01T20:20:00Z","soil_moisture",13.5508357205142,"%"
"S01","2025-01-01T20:25:00Z","soil_moisture",31.9282207251135,"%"
"S01","2025-01-01T20:30:00Z","soil_moisture",43.4289389517346,"%"
"S01","2025-01-01T20:35:00Z","soil_moisture",21.8542521559534,"%"
"S01","2025-01-01T20:40:00Z","soil_moisture",24.4292311356884,"%"
"S01","2025-01-01T20:45:00Z","soil_moisture",60.9088830127513,"%"
"S01","2025-01-01T20:50:00Z","soil_moisture",76.4770771856717,"%"
"S01","2025-01-01T20:55:00Z","soil_moisture",51.1489934014637,"%"
"S01","2025-01-01T21:00:00Z","soil_moisture",40.1310244407949,"%"
"S01","2025-01-01T21:05:00Z","soil_moisture",50.6601426695751,"%"
"S01","2025-01-01T21:10:00Z","soil_moisture",62.4995652202066,"%"
"S01","2025-01-01T21:15:00Z","soil_moisture",60.2579019935602,"%"
"S01","2025-01-01T21:20:00Z","soil_moisture",55.6543251348213,"%"
"S01","2025-01-01T21:25:00Z","soil_moisture",43.2479798234126,"%"
"S01","2025-01-01T21:30:00Z","soil_moisture",21.1823120567839,"%"
"S01","2025-01-01T21:35:00Z","soil_moisture",10.2591139135776,"%"
"S01","2025-01-01T21:40:00Z","soil_moisture",17.7457256012117,"%"
"S01","2025-01-01T21:45:00Z","soil_moisture",13.6777173251554,"%"
"S01","2025-01-01T21:50:00Z","soil_moisture",23.1170511315749,"%"
"S01","2025-01-01T21:55:00Z","soil_moisture",34.4194214693641,"%"
"S01","2025-01-01T22:00:00Z","soil_moisture",38.0222757133427,"%"
"S01","2025-01-01T22:05:00Z","soil_moisture",22.616998204541,"%"
"S01","2025-01-01T22:10:00Z","soil_moisture",16.4096714317999,"%"
"S01","2025-01-01T22:15:00Z","soil_moisture",28.1751652117129,"%"
"S01","2025-01-01T22:20:00Z","soil_moisture",38.824472704803,"%"
"S01","2025-01-01T22:25:00Z","soil_moisture",57.7868497169365,"%"
"S01","2025-01-01T22:30:00Z","soil_moisture",7.26104260013108,"%"
"S01","2025-01-01T22:35:00Z","soil_moisture",31.6562509707761,"%"
"S01","2025-01-01T22:40:00Z","soil_moisture",42.5795327741545,"%"
"S01","2025-01-01T22:45:00Z","soil_moisture",21.9269566235158,"%"
"S01","2025-01-01T22:50:00Z","soil_moisture",14.0394425243145,"%"
"S01","2025-01-01T22:55:00Z","soil_moisture",24.8048830701571,"%"
"S01","2025-01-01T23:00:00Z","soil_moisture",33.9712596949109,"%"
"S01","2025-01-01T23:05:00Z","soil_moisture",12.7216439785896,"%"
"S01","2025-01-01T23:10:00Z","soil_moisture",14.7334007914739,"%"
"S01","2025-01-01T23:15:00Z","soil_moisture",32.0705799333823,"%"
"S01","2025-01-01T23:20:00Z","soil_moisture",46.5440365045014,"%"
"S01","2025-01-01T23:25:00Z","soil_moisture",32.0004573757894,"%"
"S01","2025-01-01T23:30:00Z","soil_moisture",41.0601300747574,"%"
"S01","2025-01-01T23:35:00Z","soil_moisture",28.8681990467519,"%"
"S01","2025-01-01T23:40:00Z","soil_moisture",18.5542618377404,"%"
"S01","2025-01-01T23:45:00Z","soil_moisture",9.67690870542792,"%"
"S01","2025-01-01T23:50:00Z","soil_moisture",14.7622335095816,"%"
"S01","2025-01-01T23:55:00Z","soil_moisture",49.51192046214,"%"
"S01","2025-01-02T00:00:00Z","soil_moisture",30.8416868146807,"%"
"S01","2025-01-02T00:05:00Z","soil_moisture",47.2111909510661,"%"
"S01","2025-01-02T00:10:00Z","soil_moisture",40.0374535322228,"%"
"S01","2025-01-02T00:15:00Z","soil_moisture",46.8142189810213,"%"
"S01","2025-01-02T00:20:00Z","soil_moisture",41.2251156931486,"%"
"S01","2025-01-02T00:25:00Z","soil_moisture",17.2830564062224,"%"
"S01","2025-01-02T00:30:00Z","soil_moisture",9.27929166527943,"%"
"S01","2025-01-02T00:35:00Z","soil_moisture",21.9083350673622,"%"
"S01","2025-01-02T00:40:00Z","soil_moisture",21.0925957485274,"%"
"S01","2025-01-02T00:45:00Z","soil_moisture",16.3326029528976,"%"
"S01","2025-01-02T00:50:00Z","soil_moisture",19.7328654246648,"%"
"S01","2025-01-02T00:55:00Z","soil_moisture",20.1097980629205,"%"
"S01","2025-01-02T01:00:00Z","soil_moisture",47.2757023617772,"%"
"S01","2025-01-02T01:05:00Z","soil_moisture",27.0313972627493,"%"
"S01","2025-01-02T01:10:00Z","soil_moisture",7.91271221665329,"%"
"S01","2025-01-02T01:15:00Z","soil_moisture",4.37316139085359,"%"
"S01","2025-01-02T01:20:00Z","soil_moisture",4.86392335957045,"%"
"S01","2025-01-02T01:25:00Z","soil_moisture",2.55347516267697,"%"
"S01","2025-01-02T01:30:00Z","soil_moisture",5.97622443509355,"%"
"S01","2025-01-02T01:35:00Z","soil_moisture",22.1884162353088,"%"
"S01","2025-01-02T01:40:00Z","soil_moisture",53.5560563816786,"%"
"S01","2025-01-02T01:45:00Z","soil_moisture",30.2061567123746,"%"
"S01","2025-01-02T01:50:00Z","soil_moisture",37.6143290737955,"%"
"S01","2025-01-02T01:55:00Z","soil_moisture",41.9843022458878,"%"
"S01","2025-01-02T02:00:00Z","soil_moisture",30.6243515572373,"%"
"S01","2025-01-02T02:05:00Z","soil_moisture",29.6171065769869,"%"
"S01","2025-01-02T02:10:00Z","soil_moisture",48.4290306421763,"%"
"S01","2025-01-02T02:15:00Z","soil_moisture",78.6691532709847,"%"
"S01","2025-01-02T02:20:00Z","soil_moisture",59.1565847813012,"%"
"S01","2025-01-02T02:25:00Z","soil_moisture",67.8564899736631,"%"
"S01","2025-01-02T02:30:00Z","soil_moisture",73.6048608091452,"%"
"S01","2025-01-02T02:35:00Z","soil_moisture",72.5948986311764,"%"
"S01","2025-01-02T02:40:00Z","soil_moisture",70.3470394887208,"%"
"S01","2025-01-02T02:45:00Z","soil_moisture",36.2407351886628,"%"
"S01","2025-01-02T02:50:00Z","soil_moisture",31.0059637468068,"%"
"S01","2025-01-02T02:55:00Z","soil_moisture",41.4609493010231,"%"
"S01","2025-01-02T03:00:00Z","soil_moisture",44.1404221903973,"%"
"S01","2025-01-02T03:05:00Z","soil_moisture",31.4284755936982,"%"
"S01","2025-01-02T03:10:00Z","soil_moisture",29.1094750594863,"%"
"S01","2025-01-02T03:15:00Z","soil_moisture",39.5561238593143,"%"
"S01","2025-01-02T03:20:00Z","soil_moisture",14.8290177527232,"%"
"S01","2025-01-02T03:25:00Z","soil_moisture",11.6233257605958,"%"
"S01","2025-01-02T03:30:00Z","soil_moisture",18.0355243401824,"%"
"S01","2025-01-02T03:35:00Z","soil_moisture",16.8051332009303,"%"
"S01","2025-01-02T03:40:00Z","soil_moisture",46.3814924705198,"%"
"S01","2025-01-02T03:45:00Z","soil_moisture",38.2351778101359,"%"
"S01","2025-01-02T03:50:00Z","soil_moisture",14.5532016134579,"%"
"S01","2025-01-02T03:55:00Z","soil_moisture",38.0087839155966,"%"
"S01","2025-01-02T04:00:00Z","soil_moisture",19.5044840130059,"%"
"S01","2025-01-02T04:05:00Z","soil_moisture",19.3816013179071,"%"
"S01","2025-01-02T04:10:00Z","soil_moisture",8.73475391395215,"%"
"S01","2025-01-02T04:15:00Z","soil_moisture",30.7552599551245,"%"
"S01","2025-01-02T04:20:00Z","soil_moisture",8.67489892176247,"%"
"S01","2025-01-02T04:25:00Z","soil_moisture",8.81713021851751,"%"
"S01","2025-01-02T04:30:00Z","soil_moisture",12.5805823689592,"%"
"S01","2025-01-02T04:35:00Z","soil_moisture",19.3331943798824,"%"
"S01","2025-01-02T04:40:00Z","soil_moisture",28.1986633624948,"%"
"S01","2025-01-02T04:45:00Z","soil_moisture",47.2889947058493,"%"
"S01","2025-01-02T04:50:00Z","soil_moisture",16.0190480304939,"%"
"S01","2025-01-02T04:55:00Z","soil_moisture",34.2527151385987,"%"
"S01","2025-01-02T05:00:00Z","soil_moisture",30.7477959655231,"%"
"S01","2025-01-02T05:05:00Z","soil_moisture",18.5738328890007,"%"
"S01","2025-01-02T05:10:00Z","soil_moisture",18.9080216834833,"%"
"S01","2025-01-02T05:15:00Z","soil_moisture",4.06200926588367,"%"
"S01","2025-01-02T05:20:00Z","soil_moisture",18.5230562927445,"%"
"S01","2025-01-02T05:25:00Z","soil_moisture",20.9618810673554,"%"
"S01","2025-01-02T05:30:00Z","soil_moisture",39.721461717034,"%"
"S01","2025-01-02T05:35:00Z","soil_moisture",46.1054785310721,"%"
"S01","2025-01-02T05:40:00Z","soil_moisture",8.31548424963017,"%"
"S01","2025-01-02T05:45:00Z","soil_moisture",44.0949593788635,"%"
"S01","2025-01-02T05:50:00Z","soil_moisture",36.0813521828992,"%"
"S01","2025-01-02T05:55:00Z","soil_moisture",38.9858563511628,"%"
"S01","2025-01-02T06:00:00Z","soil_moisture",18.5191905204083,"%"
"S01","2025-01-02T06:05:00Z","soil_moisture",15.0153068382943,"%"
"S01","2025-01-02T06:10:00Z","soil_moisture",41.9162907103253,"%"
"S01","2025-01-02T06:15:00Z","soil_moisture",8.92602225377773,"%"
"S01","2025-01-02T06:20:00Z","soil_moisture",35.6264179887585,"%"
"S01","2025-01-02T06:25:00Z","soil_moisture",24.6468888092907,"%"
"S01","2025-01-02T06:30:00Z","soil_moisture",13.5479878972721,"%"
"S01","2025-01-02T06:35:00Z","soil_moisture",8.8699511881662,"%"
"S01","2025-01-02T06:40:00Z","soil_moisture",20.3184869137106,"%"
"S01","2025-01-02T06:45:00Z","soil_moisture",38.2051369728527,"%"
"S01","2025-01-02T06:50:00Z","soil_moisture",27.6156261050456,"%"
"S01","2025-01-02T06:55:00Z","soil_moisture",17.3059912783658,"%"
"S01","2025-01-02T07:00:00Z","soil_moisture",17.0799554100214,"%"
"S01","2025-01-02T07:05:00Z","soil_moisture",6.67882562365987,"%"
"S01","2025-01-02T07:10:00Z","soil_moisture",15.5566428906659,"%"
"S01","2025-01-02T07:15:00Z","soil_moisture",23.9052124183202,"%"
"S01","2025-01-02T07:20:00Z","soil_moisture",17.3028964950372,"%"
"S01","2025-01-02T07:25:00Z","soil_moisture",11.8629857260747,"%"
"S01","2025-01-02T07:30:00Z","soil_moisture",8.53237802670199,"%"
"S01","2025-01-02T07:35:00Z","soil_moisture",12.1545698695887,"%"
"S01","2025-01-02T07:40:00Z","soil_moisture",6.24301745453046,"%"
"S01","2025-01-02T07:45:00Z","soil_moisture",14.2017815493154,"%"
"S01","2025-01-02T07:50:00Z","soil_moisture",49.2993980554837,"%"
"S01","2025-01-02T07:55:00Z","soil_moisture",29.5260310398339,"%"
"S01","2025-01-02T08:00:00Z","soil_moisture",24.1150738835222,"%"
"S01","2025-01-02T08:05:00Z","soil_moisture",3.83457743556204,"%"
"S01","2025-01-02T08:10:00Z","soil_moisture",9.82790730406316,"%"
"S01","2025-01-02T08:15:00Z","soil_moisture",17.3677276946542,"%"
"S01","2025-01-02T08:20:00Z","soil_moisture",9.33857098463881,"%"
"S01","2025-01-02T08:25:00Z","soil_moisture",22.7993429230192,"%"
"S01","2025-01-02T08:30:00Z","soil_moisture",23.4102463965236,"%"
"S01","2025-01-02T08:35:00Z","soil_moisture",55.1590051332385,"%"
"S01","2025-01-02T08:40:00Z","soil_moisture",15.1779262141771,"%"
"S01","2025-01-02T08:45:00Z","soil_moisture",18.8151607388932,"%"
"S01","2025-01-02T08:50:00Z","soil_moisture",13.7614368063314,"%"
"S01","2025-01-02T08:55:00Z","soil_moisture",57.8240879753578,"%"
"S01","2025-01-02T09:00:00Z","soil_moisture",13.1980071575378,"%"
"S01","2025-01-02T09:05:00Z","soil_moisture",16.7948586274522,"%"
"S01","2025-01-02T09:10:00Z","soil_moisture",19.4494030285959,"%"
"S01","2025-01-02T09:15:00Z","soil_moisture",23.6278760773793,"%"
"S01","2025-01-02T09:20:00Z","soil_moisture",27.5937371552552,"%"
"S01","2025-01-02T09:25:00Z","soil_moisture",36.3686893026863,"%"
"S01","2025-01-02T09:30:00Z","soil_moisture",48.6930519814469,"%"
"S01","2025-01-02T09:35:00Z","soil_moisture",25.650734361348,"%"
"S01","2025-01-02T09:40:00Z","soil_moisture",77.9300665017039,"%"
"S01","2025-01-02T09:45:00Z","soil_moisture",76.0093642946501,"%"
"S01","2025-01-02T09:50:00Z","soil_moisture",50.7770270949001,"%"
"S01","2025-01-02T09:55:00Z","soil_moisture",38.0623721072104,"%"
"S01","2025-01-02T10:00:00Z","soil_moisture",36.3964949600878,"%"
"S01","2025-01-02T10:05:00Z","soil_moisture",46.9349241929501,"%"
"S01","2025-01-02T10:10:00Z","soil_moisture",65.3018049478859,"%"
"S01","2025-01-02T10:15:00Z","soil_moisture",52.9185464682834,"%"
"S01","2025-01-02T10:20:00Z","soil_moisture",21.8993410692749,"%"
"S01","2025-01-02T10:25:00Z","soil_moisture",43.4688558591295,"%"
"S01","2025-01-02T10:30:00Z","soil_moisture",11.7114138362314,"%"
"S01","2025-01-02T10:35:00Z","soil_moisture",20.5633165464036,"%"
"S01","2025-01-02T10:40:00Z","soil_moisture",8.96613556678929,"%"
"S01","2025-01-02T10:45:00Z","soil_moisture",5.44878774672946,"%"
"S01","2025-01-02T10:50:00Z","soil_moisture",4.02355486424311,"%"
"S01","2025-01-02T10:55:00Z","soil_moisture",17.9934418719571,"%"
"S01","2025-01-02T11:00:00Z","soil_moisture",15.7122000228433,"%"
"S01","2025-01-02T11:05:00Z","soil_moisture",4.80922183502771,"%"
"S01","2025-01-02T11:10:00Z","soil_moisture",10.2385020673097,"%"
"S01","2025-01-02T11:15:00Z","soil_moisture",14.1477587162401,"%"
"S01","2025-01-02T11:20:00Z","soil_moisture",40.4601979856326,"%"
"S01","2025-01-02T11:25:00Z","soil_moisture",40.9260913100388,"%"
"S01","2025-01-02T11:30:00Z","soil_moisture",33.1608895106302,"%"
"S01","2025-01-02T11:35:00Z","soil_moisture",40.2661282633554,"%"
"S01","2025-01-02T11:40:00Z","soil_moisture",23.2248126954429,"%"
"S01","2025-01-02T11:45:00Z","soil_moisture",41.487383058585,"%"
"S01","2025-01-02T11:50:00Z","soil_moisture",20.0927569743657,"%"
"S01","2025-01-02T11:55:00Z","soil_moisture",37.8945727231617,"%"
"S01","2025-01-02T12:00:00Z","soil_moisture",11.2931972793171,"%"
"S01","2025-01-02T12:05:00Z","soil_moisture",14.5240479409079,"%"
"S01","2025-01-02T12:10:00Z","soil_moisture",3.05423988710213,"%"
"S01","2025-01-02T12:15:00Z","soil_moisture",6.52165823646801,"%"
"S01","2025-01-02T12:20:00Z","soil_moisture",13.9327370157885,"%"
"S01","2025-01-02T12:25:00Z","soil_moisture",26.7644091966764,"%"
"S01","2025-01-02T12:30:00Z","soil_moisture",27.0609098872431,"%"
"S01","2025-01-02T12:35:00Z","soil_moisture",21.9937846759719,"%"
"S01","2025-01-02T12:40:00Z","soil_moisture",12.8829473049493,"%"
"S01","2025-01-02T12:45:00Z","soil_moisture",24.4583600578481,"%"
"S01","2025-01-02T12:50:00Z","soil_moisture",44.5813729673139,"%"
"S01","2025-01-02T12:55:00Z","soil_moisture",47.1711764498486,"%"
"S01","2025-01-02T13:00:00Z","soil_moisture",52.2078176346884,"%"
"S01","2025-01-02T13:05:00Z","soil_moisture",44.8085794615949,"%"
"S01","2025-01-02T13:10:00Z","soil_moisture",24.3187931931949,"%"
"S01","2025-01-02T13:15:00Z","soil_moisture",23.7976038750365,"%"
"S01","2025-01-02T13:20:00Z","soil_moisture",18.2322119131501,"%"
"S01","2025-01-02T13:25:00Z","soil_moisture",25.2701415050256,"%"
"S01","2025-01-02T13:30:00Z","soil_moisture",38.3826379009068,"%"
"S01","2025-01-02T13:35:00Z","soil_moisture",67.647607015256,"%"
"S01","2025-01-02T13:40:00Z","soil_moisture",56.1161260229048,"%"
"S01","2025-01-02T13:45:00Z","soil_moisture",39.456268212149,"%"
"S01","2025-01-02T13:50:00Z","soil_moisture",25.3011232046636,"%"
"S01","2025-01-02T13:55:00Z","soil_moisture",21.7991813527134,"%"
"S01","2025-01-02T14:00:00Z","soil_moisture",54.1013245875967,"%"
"S01","2025-01-02T14:05:00Z","soil_moisture",42.4853654159721,"%"
"S01","2025-01-02T14:10:00Z","soil_moisture",24.4089307612069,"%"
"S01","2025-01-02T14:15:00Z","soil_moisture",52.9892682753647,"%"
"S01","2025-01-02T14:20:00Z","soil_moisture",68.5037531933962,"%"
"S01","2025-01-02T14:25:00Z","soil_moisture",37.2390252561332,"%"
"S01","2025-01-02T14:30:00Z","soil_moisture",16.0769382650185,"%"
"S01","2025-01-02T14:35:00Z","soil_moisture",38.0964926550507,"%"
"S01","2025-01-02T14:40:00Z","soil_moisture",24.5561670510836,"%"
"S01","2025-01-02T14:45:00Z","soil_moisture",11.704838343329,"%"
"S01","2025-01-02T14:50:00Z","soil_moisture",42.7353712975397,"%"
"S01","2025-01-02T14:55:00Z","soil_moisture",21.990243679953,"%"
"S01","2025-01-02T15:00:00Z","soil_moisture",31.8112687679432,"%"
"S01","2025-01-02T15:05:00Z","soil_moisture",21.7242017035315,"%"
"S01","2025-01-02T15:10:00Z","soil_moisture",7.32696466708403,"%"
"S01","2025-01-02T15:15:00Z","soil_moisture",15.1610535357507,"%"
"S01","2025-01-02T15:20:00Z","soil_moisture",48.6306717094067,"%"
"S01","2025-01-02T15:25:00Z","soil_moisture",29.4272721917794,"%"
"S01","2025-01-02T15:30:00Z","soil_moisture",38.8399006140786,"%"
"S01","2025-01-02T15:35:00Z","soil_moisture",37.9044066656139,"%"
"S01","2025-01-02T15:40:00Z","soil_moisture",31.8715794353015,"%"
"S01","2025-01-02T15:45:00Z","soil_moisture",33.451108918735,"%"
"S01","2025-01-02T15:50:00Z","soil_moisture",14.0849299393449,"%"
"S01","2025-01-02T15:55:00Z","soil_moisture",19.6074509929432,"%"
"S01","2025-01-02T16:00:00Z","soil_moisture",20.3653644747381,"%"
"S01","2025-01-02T16:05:00Z","soil_moisture",36.9851729998283,"%"
"S01","2025-01-02T16:10:00Z","soil_moisture",21.0736375236179,"%"
"S01","2025-01-02T16:15:00Z","soil_moisture",17.2492433023362,"%"
"S01","2025-01-02T16:20:00Z","soil_moisture",34.6646095265588,"%"
"S01","2025-01-02T16:25:00Z","soil_moisture",51.5627324142509,"%"
"S01","2025-01-02T16:30:00Z","soil_moisture",46.0826499095268,"%"
"S01","2025-01-02T16:35:00Z","soil_moisture",45.8298216938665,"%"
"S01","2025-01-02T16:40:00Z","soil_moisture",43.3327185543007,"%"
"S01","2025-01-02T16:45:00Z","soil_moisture",21.5842758972067,"%"
"S01","2025-01-02T16:50:00Z","soil_moisture",5.97272749024776,"%"
"S01","2025-01-02T16:55:00Z","soil_moisture",25.7654347171397,"%"
"S01","2025-01-02T17:00:00Z","soil_moisture",40.4270501863282,"%"
"S01","2025-01-02T17:05:00Z","soil_moisture",45.9242529035479,"%"
"S01","2025-01-02T17:10:00Z","soil_moisture",32.0826644294183,"%"
"S01","2025-01-02T17:15:00Z","soil_moisture",30.3567133405986,"%"
"S01","2025-01-02T17:20:00Z","soil_moisture",63.0003268829966,"%"
"S01","2025-01-02T17:25:00Z","soil_moisture",27.3822676920825,"%"
"S01","2025-01-02T17:30:00Z","soil_moisture",27.1131673197466,"%"
"S01","2025-01-02T17:35:00Z","soil_moisture",11.8274904561236,"%"
"S01","2025-01-02T17:40:00Z","soil_moisture",12.0012906788428,"%"
"S01","2025-01-02T17:45:00Z","soil_moisture",17.3786875101904,"%"
"S01","2025-01-02T17:50:00Z","soil_moisture",11.8654793128133,"%"
"S01","2025-01-02T17:55:00Z","soil_moisture",23.0792623927337,"%"
"S01","2025-01-02T18:00:00Z","soil_moisture",18.0837894658807,"%"
"S01","2025-01-02T18:05:00Z","soil_moisture",10.1978884990351,"%"
"S01","2025-01-02T18:10:00Z","soil_moisture",15.2683699937412,"%"
"S01","2025-01-02T18:15:00Z","soil_moisture",29.4577826146767,"%"
"S01","2025-01-02T18:20:00Z","soil_moisture",31.141854214042,"%"
"S01","2025-01-02T18:25:00Z","soil_moisture",29.5990192685842,"%"
"S01","2025-01-02T18:30:00Z","soil_moisture",48.1347425412546,"%"
"S01","2025-01-02T18:35:00Z","soil_moisture",56.1314387196253,"%"
"S01","2025-01-02T18:40:00Z","soil_moisture",65.0647322141798,"%"
"S01","2025-01-02T18:45:00Z","soil_moisture",58.5897932925325,"%"
"S01","2025-01-02T18:50:00Z","soil_moisture",46.4476630533994,"%"
"S01","2025-01-02T18:55:00Z","soil_moisture",34.6195692658036,"%"
"S01","2025-01-02T19:00:00Z","soil_moisture",71.859980200919,"%"
"S01","2025-01-02T19:05:00Z","soil_moisture",61.6277721378166,"%"
"S01","2025-01-02T19:10:00Z","soil_moisture",17.3171847407532,"%"
"S01","2025-01-02T19:15:00Z","soil_moisture",10.858162837358,"%"
"S01","2025-01-02T19:20:00Z","soil_moisture",23.4465376988434,"%"
"S01","2025-01-02T19:25:00Z","soil_moisture",35.8646241157611,"%"
"S01","2025-01-02T19:30:00Z","soil_moisture",30.3627426367501,"%"
"S01","2025-01-02T19:35:00Z","soil_moisture",45.0894812856916,"%"
"S01","2025-01-02T19:40:00Z","soil_moisture",28.0665946935558,"%"
"S01","2025-01-02T19:45:00Z","soil_moisture",25.6411293444417,"%"
"S01","2025-01-02T19:50:00Z","soil_moisture",50.0436041195363,"%"
"S01","2025-01-02T19:55:00Z","soil_moisture",46.0037130146078,"%"
"S01","2025-01-02T20:00:00Z","soil_moisture",37.3476468862821,"%"
"S01","2025-01-02T20:05:00Z","soil_moisture",27.1712433158306,"%"
"S01","2025-01-02T20:10:00Z","soil_moisture",63.6197230198422,"%"
"S01","2025-01-02T20:15:00Z","soil_moisture",29.1499930782085,"%"
"S01","2025-01-02T20:20:00Z","soil_moisture",32.1426951973127,"%"
"S01","2025-01-02T20:25:00Z","soil_moisture",52.0822492525776,"%"
"S01","2025-01-02T20:30:00Z","soil_moisture",65.2378930162003,"%"
"S01","2025-01-02T20:35:00Z","soil_moisture",33.6364914034747,"%"
"S01","2025-01-02T20:40:00Z","soil_moisture",46.4797276667123,"%"
"S01","2025-01-02T20:45:00Z","soil_moisture",20.7798389881375,"%"
"S01","2025-01-02T20:50:00Z","soil_moisture",17.3751797902919,"%"
"S01","2025-01-02T20:55:00Z","soil_moisture",43.9628840246577,"%"
"S01","2025-01-02T21:00:00Z","soil_moisture",18.2893046386126,"%"
"S01","2025-01-02T21:05:00Z","soil_moisture",28.6525197228878,"%"
"S01","2025-01-02T21:10:00Z","soil_moisture",27.109322527322,"%"
"S01","2025-01-02T21:15:00Z","soil_moisture",49.9729350587126,"%"
"S01","2025-01-02T21:20:00Z","soil_moisture",27.4386580003192,"%"
"S01","2025-01-02T21:25:00Z","soil_moisture",11.724316256959,"%"
"S01","2025-01-02T21:30:00Z","soil_moisture",9.59870137894552,"%"
"S01","2025-01-02T21:35:00Z","soil_moisture",8.73981874176845,"%"
"S01","2025-01-02T21:40:00Z","soil_moisture",12.1429261510003,"%"
"S01","2025-01-02T21:45:00Z","soil_moisture",29.8475920235668,"%"
"S01","2025-01-02T21:50:00Z","soil_moisture",32.6338036303244,"%"
"S01","2025-01-02T21:55:00Z","soil_moisture",37.9689059982977,"%"
"S01","2025-01-02T22:00:00Z","soil_moisture",26.5379299693459,"%"
"S01","2025-01-02T22:05:00Z","soil_moisture",40.0743561660015,"%"
"S01","2025-01-02T22:10:00Z","soil_moisture",23.5477380789115,"%"
"S01","2025-01-02T22:15:00Z","soil_moisture",40.8151315336868,"%"
"S01","2025-01-02T22:20:00Z","soil_moisture",18.7093703603662,"%"
"S01","2025-01-02T22:25:00Z","soil_moisture",13.8091772400201,"%"
"S01","2025-01-02T22:30:00Z","soil_moisture",18.7063876303822,"%"
"S01","2025-01-02T22:35:00Z","soil_moisture",23.0337317610625,"%"
"S01","2025-01-02T22:40:00Z","soil_moisture",33.800912626563,"%"
"S01","2025-01-02T22:45:00Z","soil_moisture",53.1182748712672,"%"
"S01","2025-01-02T22:50:00Z","soil_moisture",37.5816092949063,"%"
"S01","2025-01-02T22:55:00Z","soil_moisture",32.7229724039048,"%"
"S01","2025-01-02T23:00:00Z","soil_moisture",75.9492247661874,"%"
"S01","2025-01-02T23:05:00Z","soil_moisture",25.4183142449285,"%"
"S01","2025-01-02T23:10:00Z","soil_moisture",39.2091148299988,"%"
"S01","2025-01-02T23:15:00Z","soil_moisture",17.6122316988723,"%"
"S01","2025-01-02T23:20:00Z","soil_moisture",19.8231445780414,"%"
"S01","2025-01-02T23:25:00Z","soil_moisture",32.2809958773275,"%"
"S01","2025-01-02T23:30:00Z","soil_moisture",59.532586107795,"%"
"S01","2025-01-02T23:35:00Z","soil_moisture",40.7193002128103,"%"
"S01","2025-01-02T23:40:00Z","soil_moisture",33.6107127809618,"%"
"S01","2025-01-02T23:45:00Z","soil_moisture",25.5092495438228,"%"
"S01","2025-01-02T23:50:00Z","soil_moisture",6.48880258686489,"%"
"S01","2025-01-02T23:55:00Z","soil_moisture",6.43304418236823,"%"
"S01","2025-01-03T00:00:00Z","soil_moisture",4.49961776209023,"%"
"S01","2025-01-03T00:05:00Z","soil_moisture",9.69313637994063,"%"
"S01","2025-01-03T00:10:00Z","soil_moisture",7.75269534566253,"%"
"S01","2025-01-03T00:15:00Z","soil_moisture",9.65972849192837,"%"
"S01","2025-01-03T00:20:00Z","soil_moisture",5.22829597418887,"%"
"S01","2025-01-03T00:25:00Z","soil_moisture",24.4033447058311,"%"
"S01","2025-01-03T00:30:00Z","soil_moisture",18.4260370552741,"%"
"S01","2025-01-03T00:35:00Z","soil_moisture",40.7588890631362,"%"
"S01","2025-01-03T00:40:00Z","soil_moisture",37.8016558098298,"%"
"S01","2025-01-03T00:45:00Z","soil_moisture",37.5827711404126,"%"
"S01","2025-01-03T00:50:00Z","soil_moisture",27.5898776852491,"%"
"S01","2025-01-03T00:55:00Z","soil_moisture",4.62772503672486,"%"
"S01","2025-01-03T01:00:00Z","soil_moisture",18.0193427928484,"%"
"S01","2025-01-03T01:05:00Z","soil_moisture",20.6526056498386,"%"
"S01","2025-01-03T01:10:00Z","soil_moisture",64.8224868579166,"%"
"S01","2025-01-03T01:15:00Z","soil_moisture",51.7176830800874,"%"
"S01","2025-01-03T01:20:00Z","soil_moisture",34.150519685912,"%"
"S01","2025-01-03T01:25:00Z","soil_moisture",58.3577461005458,"%"
"S01","2025-01-03T01:30:00Z","soil_moisture",61.0030748341523,"%"
"S01","2025-01-03T01:35:00Z","soil_moisture",41.515229731106,"%"
"S01","2025-01-03T01:40:00Z","soil_moisture",62.6150200523718,"%"
"S01","2025-01-03T01:45:00Z","soil_moisture",28.5800369369303,"%"
"S01","2025-01-03T01:50:00Z","soil_moisture",20.5522070998212,"%"
"S01","2025-01-03T01:55:00Z","soil_moisture",18.5622964137388,"%"
"S01","2025-01-03T02:00:00Z","soil_moisture",43.7550961165399,"%"
"S01","2025-01-03T02:05:00Z","soil_moisture",10.3637590826886,"%"
"S01","2025-01-03T02:10:00Z","soil_moisture",18.2280023385431,"%"
"S01","2025-01-03T02:15:00Z","soil_moisture",17.6170086891293,"%"
"S01","2025-01-03T02:20:00Z","soil_moisture",19.8491581740037,"%"
"S01","2025-01-03T02:25:00Z","soil_moisture",29.415395445782,"%"
"S01","2025-01-03T02:30:00Z","soil_moisture",8.68351521490476,"%"
"S01","2025-01-03T02:35:00Z","soil_moisture",47.8841434076739,"%"
"S01","2025-01-03T02:40:00Z","soil_moisture",23.5396652888093,"%"
"S01","2025-01-03T02:45:00Z","soil_moisture",31.1782285747336,"%"
"S01","2025-01-03T02:50:00Z","soil_moisture",44.2425699284893,"%"
"S01","2025-01-03T02:55:00Z","soil_moisture",36.8187767996515,"%"
"S01","2025-01-03T03:00:00Z","soil_moisture",42.6336211974712,"%"
"S01","2025-01-03T03:05:00Z","soil_moisture",18.8843777528664,"%"
"S01","2025-01-03T03:10:00Z","soil_moisture",53.1117596201875,"%"
"S01","2025-01-03T03:15:00Z","soil_moisture",25.2951179841175,"%"
"S01","2025-01-03T03:20:00Z","soil_moisture",28.1566226569213,"%"
"S01","2025-01-03T03:25:00Z","soil_moisture",32.6982011384849,"%"
"S01","2025-01-03T03:30:00Z","soil_moisture",31.5838257395668,"%"
"S01","2025-01-03T03:35:00Z","soil_moisture",23.1474839008353,"%"
"S01","2025-01-03T03:40:00Z","soil_moisture",14.0863523225478,"%"
"S01","2025-01-03T03:45:00Z","soil_moisture",13.226739375049,"%"
"S01","2025-01-03T03:50:00Z","soil_moisture",36.5488883269346,"%"
"S01","2025-01-03T03:55:00Z","soil_moisture",27.2376666651123,"%"
"S01","2025-01-03T04:00:00Z","soil_moisture",12.1147246555912,"%"
"S01","2025-01-03T04:05:00Z","soil_moisture",19.3107723661679,"%"
"S01","2025-01-03T04:10:00Z","soil_moisture",13.1391379383594,"%"
"S01","2025-01-03T04:15:00Z","soil_moisture",25.0649465474137,"%"
"S01","2025-01-03T04:20:00Z","soil_moisture",4.61623027232981,"%"
"S01","2025-01-03T04:25:00Z","soil_moisture",24.1759551391139,"%"
"S01","2025-01-03T04:30:00Z","soil_moisture",25.062593365896,"%"
"S01","2025-01-03T04:35:00Z","soil_moisture",28.8230590364148,"%"
"S01","2025-01-03T04:40:00Z","soil_moisture",24.3663710613657,"%"
"S01","2025-01-03T04:45:00Z","soil_moisture",47.1860841079324,"%"
"S01","2025-01-03T04:50:00Z","soil_moisture",33.8859468388695,"%"
"S01","2025-01-03T04:55:00Z","soil_moisture",38.7500399671362,"%"
"S01","2025-01-03T05:00:00Z","soil_moisture",15.2495250841062,"%"
"S01","2025-01-03T05:05:00Z","soil_moisture",4.26809272570905,"%"
"S01","2025-01-03T05:10:00Z","soil_moisture",7.61429927624044,"%"
"S01","2025-01-03T05:15:00Z","soil_moisture",37.6631560387673,"%"
"S01","2025-01-03T05:20:00Z","soil_moisture",49.72488338683,"%"
"S01","2025-01-03T05:25:00Z","soil_moisture",28.5656858362796,"%"
"S01","2025-01-03T05:30:00Z","soil_moisture",16.3224534075665,"%"
"S01","2025-01-03T05:35:00Z","soil_moisture",38.8463549912646,"%"
"S01","2025-01-03T05:40:00Z","soil_moisture",32.3680173295155,"%"
"S01","2025-01-03T05:45:00Z","soil_moisture",50.2808321599486,"%"
"S01","2025-01-03T05:50:00Z","soil_moisture",24.6413107191985,"%"
"S01","2025-01-03T05:55:00Z","soil_moisture",48.4040465746887,"%"
"S01","2025-01-03T06:00:00Z","soil_moisture",62.8933729210992,"%"
"S01","2025-01-03T06:05:00Z","soil_moisture",70.2114259876632,"%"
"S01","2025-01-03T06:10:00Z","soil_moisture",26.9528726412486,"%"
"S01","2025-01-03T06:15:00Z","soil_moisture",34.6885666657857,"%"
"S01","2025-01-03T06:20:00Z","soil_moisture",33.013155799673,"%"
"S01","2025-01-03T06:25:00Z","soil_moisture",44.5806551579662,"%"
"S01","2025-01-03T06:30:00Z","soil_moisture",9.65579473015418,"%"
"S01","2025-01-03T06:35:00Z","soil_moisture",23.4246657133966,"%"
"S01","2025-01-03T06:40:00Z","soil_moisture",55.2361765508614,"%"
"S01","2025-01-03T06:45:00Z","soil_moisture",59.5953391972141,"%"
"S01","2025-01-03T06:50:00Z","soil_moisture",18.1662973636055,"%"
"S01","2025-01-03T06:55:00Z","soil_moisture",28.5738521549993,"%"
"S01","2025-01-03T07:00:00Z","soil_moisture",8.12353863100993,"%"
"S01","2025-01-03T07:05:00Z","soil_moisture",32.3275964386179,"%"
"S01","2025-01-03T07:10:00Z","soil_moisture",12.9771886494474,"%"
"S01","2025-01-03T07:15:00Z","soil_moisture",16.5476908745553,"%"
"S01","2025-01-03T07:20:00Z","soil_moisture",31.5429367038383,"%"
"S01","2025-01-03T07:25:00Z","soil_moisture",21.5185891730974,"%"
"S01","2025-01-03T07:30:00Z","soil_moisture",32.2836936532071,"%"
"S01","2025-01-03T07:35:00Z","soil_moisture",28.7237987063206,"%"
"S01","2025-01-03T07:40:00Z","soil_moisture",11.6200904704619,"%"
"S01","2025-01-03T07:45:00Z","soil_moisture",30.0520692929173,"%"
"S01","2025-01-03T07:50:00Z","soil_moisture",15.0795854526446,"%"
"S01","2025-01-03T07:55:00Z","soil_moisture",24.459846522414,"%"
"S01","2025-01-03T08:00:00Z","soil_moisture",25.2346164074671,"%"
"S01","2025-01-03T08:05:00Z","soil_moisture",12.7681837253591,"%"
"S01","2025-01-03T08:10:00Z","soil_moisture",10.9946953532334,"%"
"S01","2025-01-03T08:15:00Z","soil_moisture",3.48449488810141,"%"
"S01","2025-01-03T08:20:00Z","soil_moisture",7.25305346094381,"%"
"S01","2025-01-03T08:25:00Z","soil_moisture",23.4853465083418,"%"
"S01","2025-01-03T08:30:00Z","soil_moisture",3.17372361356689,"%"
"S01","2025-01-03T08:35:00Z","soil_moisture",4.73532270442429,"%"
"S01","2025-01-03T08:40:00Z","soil_moisture",2.89107719091782,"%"
"S01","2025-01-03T08:45:00Z","soil_moisture",0.352474992549127,"%"
"S01","2025-01-03T08:50:00Z","soil_moisture",2.54541114564381,"%"
"S01","2025-01-03T08:55:00Z","soil_moisture",5.34356476089571,"%"
"S01","2025-01-03T09:00:00Z","soil_moisture",23.9457420421944,"%"
"S01","2025-01-03T09:05:00Z","soil_moisture",6.19714780337147,"%"
"S01","2025-01-03T09:10:00Z","soil_moisture",23.3733716663378,"%"
"S01","2025-01-03T09:15:00Z","soil_moisture",7.16150321564342,"%"
"S01","2025-01-03T09:20:00Z","soil_moisture",18.1075294254822,"%"
"S01","2025-01-03T09:25:00Z","soil_moisture",9.62835652916214,"%"
"S01","2025-01-03T09:30:00Z","soil_moisture",10.1024319726348,"%"
"S01","2025-01-03T09:35:00Z","soil_moisture",11.3103021508141,"%"
"S01","2025-01-03T09:40:00Z","soil_moisture",15.7728007011679,"%"
"S01","2025-01-03T09:45:00Z","soil_moisture",2.41803115370268,"%"
"S01","2025-01-03T09:50:00Z","soil_moisture",41.5716679815136,"%"
"S01","2025-01-03T09:55:00Z","soil_moisture",17.6698905034142,"%"
"S01","2025-01-03T10:00:00Z","soil_moisture",7.51126771341775,"%"
"S01","2025-01-03T10:05:00Z","soil_moisture",23.1634194233999,"%"
"S01","2025-01-03T10:10:00Z","soil_moisture",19.0164162487705,"%"
"S01","2025-01-03T10:15:00Z","soil_moisture",10.1685810603205,"%"
"S01","2025-01-03T10:20:00Z","soil_moisture",29.2979154455006,"%"
"S01","2025-01-03T10:25:00Z","soil_moisture",12.5431363945819,"%"
"S01","2025-01-03T10:30:00Z","soil_moisture",1.61760555842478,"%"
"S01","2025-01-03T10:35:00Z","soil_moisture",3.57122875570063,"%"
"S01","2025-01-03T10:40:00Z","soil_moisture",18.9984124483179,"%"
"S01","2025-01-03T10:45:00Z","soil_moisture",15.4975497483073,"%"
"S01","2025-01-03T10:50:00Z","soil_moisture",23.7124415213002,"%"
"S01","2025-01-03T10:55:00Z","soil_moisture",15.0960758104817,"%"
"S01","2025-01-03T11:00:00Z","soil_moisture",10.2253167939002,"%"
"S01","2025-01-03T11:05:00Z","soil_moisture",37.8313185968992,"%"
"S01","2025-01-03T11:10:00Z","soil_moisture",25.9341596562227,"%"
"S01","2025-01-03T11:15:00Z","soil_moisture",35.0595385591531,"%"
"S01","2025-01-03T11:20:00Z","soil_moisture",29.2978680057434,"%"
"S01","2025-01-03T11:25:00Z","soil_moisture",46.9127804686051,"%"
"S01","2025-01-03T11:30:00Z","soil_moisture",37.2363260381771,"%"
"S01","2025-01-03T11:35:00Z","soil_moisture",13.1048631797726,"%"
"S01","2025-01-03T11:40:00Z","soil_moisture",16.9671558130908,"%"
"S01","2025-01-03T11:45:00Z","soil_moisture",8.91108531677506,"%"
"S01","2025-01-03T11:50:00Z","soil_moisture",17.793106739223,"%"
"S01","2025-01-03T11:55:00Z","soil_moisture",22.5533769221188,"%"
"S01","2025-01-03T12:00:00Z","soil_moisture",17.0285372738833,"%"
"S01","2025-01-03T12:05:00Z","soil_moisture",12.5432427081685,"%"
"S01","2025-01-03T12:10:00Z","soil_moisture",30.9130138926113,"%"
"S01","2025-01-03T12:15:00Z","soil_moisture",18.6102031494066,"%"
"S01","2025-01-03T12:20:00Z","soil_moisture",17.4975804590821,"%"
"S01","2025-01-03T12:25:00Z","soil_moisture",12.9121670173496,"%"
"S01","2025-01-03T12:30:00Z","soil_moisture",35.7767231908045,"%"
"S01","2025-01-03T12:35:00Z","soil_moisture",29.4564006531909,"%"
"S01","2025-01-03T12:40:00Z","soil_moisture",15.3208337383905,"%"
"S01","2025-01-03T12:45:00Z","soil_moisture",21.1135812739083,"%"
"S01","2025-01-03T12:50:00Z","soil_moisture",43.6778989805742,"%"
"S01","2025-01-03T12:55:00Z","soil_moisture",52.0113186235967,"%"
"S01","2025-01-03T13:00:00Z","soil_moisture",35.4694134018015,"%"
"S01","2025-01-03T13:05:00Z","soil_moisture",54.2693122820858,"%"
"S01","2025-01-03T13:10:00Z","soil_moisture",67.6679290514404,"%"
"S01","2025-01-03T13:15:00Z","soil_moisture",31.9467491232559,"%"
"S01","2025-01-03T13:20:00Z","soil_moisture",51.9693345116044,"%"
"S01","2025-01-03T13:25:00Z","soil_moisture",26.1000163450804,"%"
"S01","2025-01-03T13:30:00Z","soil_moisture",49.2185011412321,"%"
"S01","2025-01-03T13:35:00Z","soil_moisture",50.8385142098955,"%"
"S01","2025-01-03T13:40:00Z","soil_moisture",39.6947028375631,"%"
"S01","2025-01-03T13:45:00Z","soil_moisture",41.8483626337683,"%"
"S01","2025-01-03T13:50:00Z","soil_moisture",18.8834758283495,"%"
"S01","2025-01-03T13:55:00Z","soil_moisture",15.1240419396516,"%"
"S01","2025-01-03T14:00:00Z","soil_moisture",22.1861310462799,"%"
"S01","2025-01-03T14:05:00Z","soil_moisture",6.36381911293233,"%"
"S01","2025-01-03T14:10:00Z","soil_moisture",30.8179241978249,"%"
"S01","2025-01-03T14:15:00Z","soil_moisture",70.3767904536197,"%"
"S01","2025-01-03T14:20:00Z","soil_moisture",20.189900287007,"%"
"S01","2025-01-03T14:25:00Z","soil_moisture",35.7805142346138,"%"
"S01","2025-01-03T14:30:00Z","soil_moisture",24.3774852672866,"%"
"S01","2025-01-03T14:35:00Z","soil_moisture",24.6155217556154,"%"
"S01","2025-01-03T14:40:00Z","soil_moisture",33.4444859417641,"%"
"S01","2025-01-03T14:45:00Z","soil_moisture",5.58494810304576,"%"
"S01","2025-01-03T14:50:00Z","soil_moisture",11.9527857004671,"%"
"S01","2025-01-03T14:55:00Z","soil_moisture",6.37832268896483,"%"
"S01","2025-01-03T15:00:00Z","soil_moisture",11.7466402732532,"%"
"S01","2025-01-03T15:05:00Z","soil_moisture",35.2866276941955,"%"
"S01","2025-01-03T15:10:00Z","soil_moisture",9.04696905966558,"%"
"S01","2025-01-03T15:15:00Z","soil_moisture",11.005880168983,"%"
"S01","2025-01-03T15:20:00Z","soil_moisture",10.091401765165,"%"
"S01","2025-01-03T15:25:00Z","soil_moisture",8.78801967431546,"%"
"S01","2025-01-03T15:30:00Z","soil_moisture",9.43672779022492,"%"
"S01","2025-01-03T15:35:00Z","soil_moisture",28.3141890427428,"%"
"S01","2025-01-03T15:40:00Z","soil_moisture",22.727212174254,"%"
"S01","2025-01-03T15:45:00Z","soil_moisture",42.917870732493,"%"
"S01","2025-01-03T15:50:00Z","soil_moisture",15.378909847671,"%"
"S01","2025-01-03T15:55:00Z","soil_moisture",40.7944564644892,"%"
"S01","2025-01-03T16:00:00Z","soil_moisture",47.4247517650666,"%"
"S01","2025-01-03T16:05:00Z","soil_moisture",48.4061276468951,"%"
"S01","2025-01-03T16:10:00Z","soil_moisture",30.5723322486998,"%"
"S01","2025-01-03T16:15:00Z","soil_moisture",16.3546217430264,"%"
"S01","2025-01-03T16:20:00Z","soil_moisture",13.6004829621959,"%"
"S01","2025-01-03T16:25:00Z","soil_moisture",31.7880571310456,"%"
"S01","2025-01-03T16:30:00Z","soil_moisture",15.9603981581923,"%"
"S01","2025-01-03T16:35:00Z","soil_moisture",60.0372482651533,"%"
"S01","2025-01-03T16:40:00Z","soil_moisture",24.5768922901696,"%"
"S01","2025-01-03T16:45:00Z","soil_moisture",25.5081672639716,"%"
"S01","2025-01-03T16:50:00Z","soil_moisture",16.4483349237453,"%"
"S01","2025-01-03T16:55:00Z","soil_moisture",13.2534767163388,"%"
"S01","2025-01-03T17:00:00Z","soil_moisture",8.7432117132595,"%"
"S01","2025-01-03T17:05:00Z","soil_moisture",5.14551129651682,"%"
"S01","2025-01-03T17:10:00Z","soil_moisture",11.8927088438494,"%"
"S01","2025-01-03T17:15:00Z","soil_moisture",19.2442684419071,"%"
"S01","2025-01-03T17:20:00Z","soil_moisture",0.870849778560937,"%"
"S01","2025-01-03T17:25:00Z","soil_moisture",31.9801257319874,"%"
"S01","2025-01-03T17:30:00Z","soil_moisture",49.2709134876144,"%"
"S01","2025-01-03T17:35:00Z","soil_moisture",20.4904553490864,"%"
"S01","2025-01-03T17:40:00Z","soil_moisture",10.0625771236728,"%"
"S01","2025-01-03T17:45:00Z","soil_moisture",19.2586548609463,"%"
"S01","2025-01-03T17:50:00Z","soil_moisture",27.2779542715947,"%"
"S01","2025-01-03T17:55:00Z","soil_moisture",23.2982393439721,"%"
"S01","2025-01-03T18:00:00Z","soil_moisture",31.7452060769358,"%"
"S01","2025-01-03T18:05:00Z","soil_moisture",6.1384534243763,"%"
"S01","2025-01-03T18:10:00Z","soil_moisture",24.7262987688556,"%"
"S01","2025-01-03T18:15:00Z","soil_moisture",45.2748539967701,"%"
"S01","2025-01-03T18:20:00Z","soil_moisture",37.7130632958353,"%"
"S01","2025-01-03T18:25:00Z","soil_moisture",41.0301689259986,"%"
"S01","2025-01-03T18:30:00Z","soil_moisture",41.2083339079444,"%"
"S01","2025-01-03T18:35:00Z","soil_moisture",34.2455202807529,"%"
"S01","2025-01-03T18:40:00Z","soil_moisture",35.369154437225,"%"
"S01","2025-01-03T18:45:00Z","soil_moisture",69.6943452198248,"%"
"S01","2025-01-03T18:50:00Z","soil_moisture",60.5804983676471,"%"
"S01","2025-01-03T18:55:00Z","soil_moisture",61.8068405458692,"%"
"S01","2025-01-03T19:00:00Z","soil_moisture",52.9106627591086,"%"
"S01","2025-01-03T19:05:00Z","soil_moisture",23.5668872251486,"%"
"S01","2025-01-03T19:10:00Z","soil_moisture",16.9929568777738,"%"
"S01","2025-01-03T19:15:00Z","soil_moisture",54.3235747314978,"%"
"S01","2025-01-03T19:20:00Z","soil_moisture",57.9138226215434,"%"
"S01","2025-01-03T19:25:00Z","soil_moisture",46.1669860728562,"%"
"S01","2025-01-03T19:30:00Z","soil_moisture",39.4615896792529,"%"
"S01","2025-01-03T19:35:00Z","soil_moisture",21.2209288518919,"%"
"S01","2025-01-03T19:40:00Z","soil_moisture",16.829487314404,"%"
"S01","2025-01-03T19:45:00Z","soil_moisture",36.0651285821394,"%"
"S01","2025-01-03T19:50:00Z","soil_moisture",49.4918265827744,"%"
"S01","2025-01-03T19:55:00Z","soil_moisture",35.8532091018954,"%"
"S01","2025-01-03T20:00:00Z","soil_moisture",33.8851815678017,"%"
"S01","2025-01-03T20:05:00Z","soil_moisture",11.2584311208587,"%"
"S01","2025-01-03T20:10:00Z","soil_moisture",45.6188808035828,"%"
"S01","2025-01-03T20:15:00Z","soil_moisture",62.4668383007209,"%"
"S01","2025-01-03T20:20:00Z","soil_moisture",71.9746774877964,"%"
"S01","2025-01-03T20:25:00Z","soil_moisture",39.1520674148333,"%"
"S01","2025-01-03T20:30:00Z","soil_moisture",14.1910163648912,"%"
"S01","2025-01-03T20:35:00Z","soil_moisture",8.47522458411518,"%"
"S01","2025-01-03T20:40:00Z","soil_moisture",40.6934391246078,"%"
"S01","2025-01-03T20:45:00Z","soil_moisture",31.8654970187918,"%"
"S01","2025-01-03T20:50:00Z","soil_moisture",29.1472912214646,"%"
"S01","2025-01-03T20:55:00Z","soil_moisture",16.9673503046373,"%"
"S01","2025-01-03T21:00:00Z","soil_moisture",13.9033493218582,"%"
"S01","2025-01-03T21:05:00Z","soil_moisture",26.093020158337,"%"
"S01","2025-01-03T21:10:00Z","soil_moisture",37.4921867601619,"%"
"S01","2025-01-03T21:15:00Z","soil_moisture",15.4977594055653,"%"
"S01","2025-01-03T21:20:00Z","soil_moisture",18.5885613258253,"%"
"S01","2025-01-03T21:25:00Z","soil_moisture",15.1417504206032,"%"
"S01","2025-01-03T21:30:00Z","soil_moisture",2.83599443837835,"%"
"S01","2025-01-03T21:35:00Z","soil_moisture",15.6481438918445,"%"
"S01","2025-01-03T21:40:00Z","soil_moisture",12.4067672221447,"%"
"S01","2025-01-03T21:45:00Z","soil_moisture",17.9897631389474,"%"
"S01","2025-01-03T21:50:00Z","soil_moisture",23.1247406973328,"%"
"S01","2025-01-03T21:55:00Z","soil_moisture",35.6312457634197,"%"
"S01","2025-01-03T22:00:00Z","soil_moisture",24.9749574875493,"%"
"S01","2025-01-03T22:05:00Z","soil_moisture",3.04369634788655,"%"
"S01","2025-01-03T22:10:00Z","soil_moisture",16.5895786394418,"%"
"S01","2025-01-03T22:15:00Z","soil_moisture",23.2448165091403,"%"
"S01","2025-01-03T22:20:00Z","soil_moisture",33.8254419696476,"%"
"S01","2025-01-03T22:25:00Z","soil_moisture",19.8326124106359,"%"
"S01","2025-01-03T22:30:00Z","soil_moisture",34.0297347166185,"%"
"S01","2025-01-03T22:35:00Z","soil_moisture",36.4602873947014,"%"
"S01","2025-01-03T22:40:00Z","soil_moisture",19.171547930824,"%"
"S01","2025-01-03T22:45:00Z","soil_moisture",36.9375286662853,"%"
"S01","2025-01-03T22:50:00Z","soil_moisture",34.0330580682611,"%"
"S01","2025-01-03T22:55:00Z","soil_moisture",31.9229150303632,"%"
