"sensor_id","timestamp","variable","value","unit"
"S01","2024-12-31T23:00:00Z","rainfall_intensity",0,"mm/h"
"S01","2024-12-31T23:05:00Z","rainfall_intensity",0,"mm/h"
"S01","2024-12-31T23:10:00Z","rainfall_intensity",0,"mm/h"
"S01","2024-12-31T23:15:00Z","rainfall_intensity",0.288391944994676,"mm/h"
"S01","2024-12-31T23:20:00Z","rainfall_intensity",0.851658265185353,"mm/h"
"S01","2024-12-31T23:25:00Z","rainfall_intensity",0.553196078961132,"mm/h"
"S01","2024-12-31T23:30:00Z","rainfall_intensity",1.51565503517532,"mm/h"
"S01","2024-12-31T23:35:00Z","rainfall_intensity",0.115956716765741,"mm/h"
"S01","2024-12-31T23:40:00Z","rainfall_intensity",2.99377950150562,"mm/h"
"S01","2024-12-31T23:45:00Z","rainfall_intensity",0.857715258812915,"mm/h"
"S01","2024-12-31T23:50:00Z","rainfall_intensity",0.871147026729371,"mm/h"
"S01","2024-12-31T23:55:00Z","rainfall_intensity",0,"mm/h"
"S01","2025-01-01T00:00:00Z","rainfall_intensity",0,"mm/h"
"S01","2025-01-01T00:05:00Z","rainfall_intensity",0.461574975153198,"mm/h"
"S01","2025-01-01T00:10:00Z","rainfall_intensity",0,"mm/h"
"S01","2025-01-01T00:15:00Z","rainfall_intensity",0,"mm/h"
"S01","2025-01-01T00:20:00Z","rainfall_intensity",0.940727616728505,"mm/h"
"S01","2025-01-01T00:25:00Z","rainfall_intensity",0,"mm/h"
"S01","2025-01-01T00:30:00Z","rainfall_intensity",0.363957020953888,"mm/h"
"S01","2025-01-01T00:35:00Z","rainfall_intensity",0,"mm/h"
"S01","2025-01-01T00:40:00Z","rainfall_intensity",0.113050180186054,"mm/h"
"S01","2025-01-01T00:45:00Z","rainfall_intensity",0,"mm/h"
"S01","2025-01-01T00:50:00Z","rainfall_intensity",0,"mm/h"
"S01","2025-01-01T00:55:00Z","rainfall_intensity",0,"mm/h"
"S01","2025-01-01T01:00:00Z","rainfall_intensity",0,"mm/h"
"S01","2025-01-01T01:05:00Z","rainfall_intensity",0,"mm/h"
"S01","2025-01-01T01:10:00Z","rainfall_intensity",0.417612099410945,"mm/h"
"S01","2025-01-01T01:15:00Z","rainfall_intensity",2.89935385073692,"mm/h"
"S01","2025-01-01T01:20:00Z","rainfall_intensity",1.21496932383766,"mm/h"
"S01","2025-01-01T01:25:00Z","rainfall_intensity",0.308843445372213,"mm/h"
"S01","2025-01-01T01:30:00Z","rainfall_intensity",0.390478560428015,"mm/h"
"S01","2025-01-01T01:35:00Z","rainfall_intensity",0,"mm/h"
"S01","2025-01-01T01:40:00Z","rainfall_intensity",0,"mm/h"
"S01","2025-01-01T01:45:00Z","rainfall_intensity",0,"mm/h"
"S01","2025-01-01T01:50:00Z","rainfall_intensity",0,"mm/h"
"S01","2025-01-01T01:55:00Z","rainfall_intensity",0.0691813109248019,"mm/h"
"S01","2025-01-01T02:00:00Z","rainfall_intensity",0.159654357932785,"mm/h"
"S01","2025-01-01T02:05:00Z","rainfall_intensity",0.129155493276326,"mm/h"
"S01","2025-01-01T02:10:00Z","rainfall_intensity",0,"mm/h"
"S01","2025-01-01T02:15:00Z","rainfall_intensity",0,"mm/h"
"S01","2025-01-01T02:20:00Z","rainfall_intensity",1.91775570283768,"mm/h"
"S01","2025-01-01T02:25:00Z","rainfall_intensity",6.59394423875479,"mm/h"
"S01","2025-01-01T02:30:00Z","rainfall_intensity",4.12415960148346,"mm/h"
"S01","2025-01-01T02:35:00Z","rainfall_intensity",1.51667200631914,"mm/h"
"S01","2025-01-01T02:40:00Z","rainfall_intensity",0,"mm/h"
"S01","2025-01-01T02:45:00Z","rainfall_intensity",0,"mm/h"
"S01","2025-01-01T02:50:00Z","rainfall_intensity",0.917031885450354,"mm/h"
"S01","2025-01-01T02:55:00Z","rainfall_intensity",0.89383083066273,"mm/h"
"S01","2025-01-01T03:00:00Z","rainfall_intensity",4.58068302019577,"mm/h"
"S01","2025-01-01T03:05:00Z","rainfall_intensity",3.35023618582819,"mm/h"
"S01","2025-01-01T03:10:00Z","rainfall_intensity",3.22577372806933,"mm/h"
"S01","2025-01-01T03:15:00Z","rainfall_intensity",0.992504350326747,"mm/h"
"S01","2025-01-01T03:20:00Z","rainfall_intensity",1.76388128478332,"mm/h"
"S01","2025-01-01T03:25:00Z","rainfall_intensity",0.944013065239243,"mm/h"
"S01","2025-01-01T03:30:00Z","rainfall_intensity",0.248514329642903,"mm/h"
"S01","2025-01-01T03:35:00Z","rainfall_intensity",0,"mm/h"
"S01","2025-01-01T03:40:00Z","rainfall_intensity",0,"mm/h"
"S01","2025-01-01T03:45:00Z","rainfall_intensity",1.42260087503969,"mm/h"
"S01","2025-01-01T03:50:00Z","rainfall_intensity",0,"mm/h"
"S01","2025-01-01T03:55:00Z","rainfall_intensity",0,"mm/h"
"S01","2025-01-01T04:00:00Z","rainfall_intensity",0,"mm/h"
"S01","2025-01-01T04:05:00Z","rainfall_intensity",0,"mm/h"
"S01","2025-01-01T04:10:00Z","rainfall_intensity",0,"mm/h"
"S01","2025-01-01T04:15:00Z","rainfall_intensity",0,"mm/h"
"S01","2025-01-01T04:20:00Z","rainfall_intensity",0,"mm/h"
"S01","2025-01-01T04:25:00Z","rainfall_intensity",1.90811264728646,"mm/h"
"S01","2025-01-01T04:30:00Z","rainfall_intensity",2.14744363776516,"mm/h"
"S01","2025-01-01T04:35:00Z","rainfall_intensity",1.07607027809613,"mm/h"
"S01","2025-01-01T04:40:00Z","rainfall_intensity",0.162475896944776,"mm/h"
"S01","2025-01-01T04:45:00Z","rainfall_intensity",1.86664511227131,"mm/h"
"S01","2025-01-01T04:50:00Z","rainfall_intensity",0,"mm/h"
"S01","2025-01-01T04:55:00Z","rainfall_intensity",1.50580483030613,"mm/h"
"S01","2025-01-01T05:00:00Z","rainfall_intensity",2.44166119392512,"mm/h"
"S01","2025-01-01T05:05:00Z","rainfall_intensity",1.59357808812957,"mm/h"
"S01","2025-01-01T05:10:00Z","rainfall_intensity",0.517483924545644,"mm/h"
"S01","2025-01-01T05:15:00Z","rainfall_intensity",0,"mm/h"
"S01","2025-01-01T05:20:00Z","rainfall_intensity",0.731927566342426,"mm/h"
"S01","2025-01-01T05:25:00Z","rainfall_intensity",0,"mm/h"
"S01","2025-01-01T05:30:00Z","rainfall_intensity",0.336298892475971,"mm/h"
"S01","2025-01-01T05:35:00Z","rainfall_intensity",1.42162775806434,"mm/h"
"S01","2025-01-01T05:40:00Z","rainfall_intensity",0,"mm/h"
"S01","2025-01-01T05:45:00Z","rainfall_intensity",0,"mm/h"
"S01","2025-01-01T05:50:00Z","rainfall_intensity",0,"mm/h"
"S01","2025-01-01T05:55:00Z","rainfall_intensity",0,"mm/h"
"S01","2025-01-01T06:00:00Z","rainfall_intensity",0,"mm/h"
"S01","2025-01-01T06:05:00Z","rainfall_intensity",0,"mm/h"
"S01","2025-01-01T06:10:00Z","rainfall_intensity",0,"mm/h"
"S01","2025-01-01T06:15:00Z","rainfall_intensity",0,"mm/h"
"S01","2025-01-01T06:20:00Z","rainfall_intensity",0,"mm/h"
"S01","2025-01-01T06:25:00Z","rainfall_intensity",0,"mm/h"
"S01","2025-01-01T06:30:00Z","rainfall_intensity",0,"mm/h"
"S01","2025-01-01T06:35:00Z","rainfall_intensity",0,"mm/h"
"S01","2025-01-01T06:40:00Z","rainfall_intensity",0,"mm/h"
"S01","2025-01-01T06:45:00Z","rainfall_intensity",0,"mm/h"
"S01","2025-01-01T06:50:00Z","rainfall_intensity",0.21199665758948,"mm/h"
"S01","2025-01-01T06:55:00Z","rainfall_intensity",0,"mm/h"
"S01","2025-01-01T07:00:00Z","rainfall_intensity",0,"mm/h"
"S01","2025-01-01T07:05:00Z","rainfall_intensity",0,"mm/h"
"S01","2025-01-01T07:10:00Z","rainfall_intensity",0.113586002957448,"mm/h"
"S01","2025-01-01T07:15:00Z","rainfall_intensity",0,"mm/h"
"S01","2025-01-01T07:20:00Z","rainfall_intensity",0,"mm/h"
"S01","2025-01-01T07:25:00Z","rainfall_intensity",0,"mm/h"
"S01","2025-01-01T07:30:00Z","rainfall_intensity",0,"mm/h"
"S01","2025-01-01T07:35:00Z","rainfall_intensity",0,"mm/h"
"S01","2025-01-01T07:40:00Z","rainfall_intensity",0,"mm/h"
"S01","2025-01-01T07:45:00Z","rainfall_intensity",0,"mm/h"
"S01","2025-01-01T07:50:00Z","rainfall_intensity",0,"mm/h"
"S01","2025-01-01T07:55:00Z","rainfall_intensity",0,"mm/h"
"S01","2025-01-01T08:00:00Z","rainfall_intensity",0,"mm/h"
"S01","2025-01-01T08:05:00Z","rainfall_intensity",0,"mm/h"
"S01","2025-01-01T08:10:00Z","rainfall_intensity",0,"mm/h"
"S01","2025-01-01T08:15:00Z","rainfall_intensity",0,"mm/h"
"S01","2025-01-01T08:20:00Z","rainfall_intensity",0,"mm/h"
"S01","2025-01-01T08:25:00Z","rainfall_intensity",0,"mm/h"
"S01","2025-01-01T08:30:00Z","rainfall_intensity",0,"mm/h"
"S01","2025-01-01T08:35:00Z","rainfall_intensity",0.200319379074612,"mm/h"
"S01","2025-01-01T08:40:00Z","rainfall_intensity",0,"mm/h"
"S01","2025-01-01T08:45:00Z","rainfall_intensity",0,"mm/h"
"S01","2025-01-01T08:50:00Z","rainfall_intensity",0,"mm/h"
"S01","2025-01-01T08:55:00Z","rainfall_intensity",0,"mm/h"
"S01","2025-01-01T09:00:00Z","rainfall_intensity",0.332324114389701,"mm/h"
"S01","2025-01-01T09:05:00Z","rainfall_intensity",0.958278311329945,"mm/h"
"S01","2025-01-01T09:10:00Z","rainfall_intensity",1.34328735720407,"mm/h"
"S01","2025-01-01T09:15:00Z","rainfall_intensity",2.67035717843584,"mm/h"
"S01","2025-01-01T09:20:00Z","rainfall_intensity",3.97649537412612,"mm/h"
"S01","2025-01-01T09:25:00Z","rainfall_intensity",5.10228756569519,"mm/h"
"S01","2025-01-01T09:30:00Z","rainfall_intensity",2.46172637471046,"mm/h"
"S01","2025-01-01T09:35:00Z","rainfall_intensity",2.18203188540761,"mm/h"
"S01","2025-01-01T09:40:00Z","rainfall_intensity",0.523888921285293,"mm/h"
"S01","2025-01-01T09:45:00Z","rainfall_intensity",1.83300650984539,"mm/h"
"S01","2025-01-01T09:50:00Z","rainfall_intensity",3.4372010404826,"mm/h"
"S01","2025-01-01T09:55:00Z","rainfall_intensity",4.13602838813607,"mm/h"
"S01","2025-01-01T10:00:00Z","rainfall_intensity",0.719041014005011,"mm/h"
"S01","2025-01-01T10:05:00Z","rainfall_intensity",0.93384276925119,"mm/h"
"S01","2025-01-01T10:10:00Z","rainfall_intensity",0.584783825614221,"mm/h"
"S01","2025-01-01T10:15:00Z","rainfall_intensity",1.45752771483348,"mm/h"
"S01","2025-01-01T10:20:00Z","rainfall_intensity",5.11987558133464,"mm/h"
"S01","2025-01-01T10:25:00Z","rainfall_intensity",0.00117371521357494,"mm/h"
"S01","2025-01-01T10:30:00Z","rainfall_intensity",0,"mm/h"
"S01","2025-01-01T10:35:00Z","rainfall_intensity",0,"mm/h"
"S01","2025-01-01T10:40:00Z","rainfall_intensity",0,"mm/h"
"S01","2025-01-01T10:45:00Z","rainfall_intensity",0,"mm/h"
"S01","2025-01-01T10:50:00Z","rainfall_intensity",0.266118683517822,"mm/h"
"S01","2025-01-01T10:55:00Z","rainfall_intensity",2.98896947163024,"mm/h"
"S01","2025-01-01T11:00:00Z","rainfall_intensity",1.25602080153739,"mm/h"
"S01","2025-01-01T11:05:00Z","rainfall_intensity",0,"mm/h"
"S01","2025-01-01T11:10:00Z","rainfall_intensity",0,"mm/h"
"S01","2025-01-01T11:15:00Z","rainfall_intensity",0,"mm/h"
"S01","2025-01-01T11:20:00Z","rainfall_intensity",0,"mm/h"
"S01","2025-01-01T11:25:00Z","rainfall_intensity",0,"mm/h"
"S01","2025-01-01T11:30:00Z","rainfall_intensity",0,"mm/h"
"S01","2025-01-01T11:35:00Z","rainfall_intensity",0,"mm/h"
"S01","2025-01-01T11:40:00Z","rainfall_intensity",0,"mm/h"
"S01","2025-01-01T11:45:00Z","rainfall_intensity",0,"mm/h"
"S01","2025-01-01T11:50:00Z","rainfall_intensity",0,"mm/h"
"S01","2025-01-01T11:55:00Z","rainfall_intensity",0,"mm/h"
"S01","2025-01-01T12:00:00Z","rainfall_intensity",0,"mm/h"
"S01","2025-01-01T12:05:00Z","rainfall_intensity",0,"mm/h"
"S01","2025-01-01T12:10:00Z","rainfall_intensity",0,"mm/h"
"S01","2025-01-01T12:15:00Z","rainfall_intensity",0,"mm/h"
"S01","2025-01-01T12:20:00Z","rainfall_intensity",0.67815204744597,"mm/h"
"S01","2025-01-01T12:25:00Z","rainfall_intensity",0,"mm/h"
"S01","2025-01-01T12:30:00Z","rainfall_intensity",0,"mm/h"
"S01","2025-01-01T12:35:00Z","rainfall_intensity",0,"mm/h"
"S01","2025-01-01T12:40:00Z","rainfall_intensity",0,"mm/h"
"S01","2025-01-01T12:45:00Z","rainfall_intensity",0,"mm/h"
"S01","2025-01-01T12:50:00Z","rainfall_intensity",0,"mm/h"
"S01","2025-01-01T12:55:00Z","rainfall_intensity",0,"mm/h"
"S01","2025-01-01T13:00:00Z","rainfall_intensity",0,"mm/h"
"S01","2025-01-01T13:05:00Z","rainfall_intensity",0,"mm/h"
"S01","2025-01-01T13:10:00Z","rainfall_intensity",0,"mm/h"
"S01","2025-01-01T13:15:00Z","rainfall_intensity",0,"mm/h"
"S01","2025-01-01T13:20:00Z","rainfall_intensity",0,"mm/h"
"S01","2025-01-01T13:25:00Z","rainfall_intensity",0,"mm/h"
"S01","2025-01-01T13:30:00Z","rainfall_intensity",0,"mm/h"
"S01","2025-01-01T13:35:00Z","rainfall_intensity",0,"mm/h"
"S01","2025-01-01T13:40:00Z","rainfall_intensity",0,"mm/h"
"S01","2025-01-01T13:45:00Z","rainfall_intensity",0,"mm/h"
"S01","2025-01-01T13:50:00Z","rainfall_intensity",0,"mm/h"
"S01","2025-01-01T13:55:00Z","rainfall_intensity",0,"mm/h"
"S01","2025-01-01T14:00:00Z","rainfall_intensity",0,"mm/h"
"S01","2025-01-01T14:05:00Z","rainfall_intensity",0,"mm/h"
"S01","2025-01-01T14:10:00Z","rainfall_intensity",0,"mm/h"
"S01","2025-01-01T14:15:00Z","rainfall_intensity",0.197782158398665,"mm/h"
"S01","2025-01-01T14:20:00Z","rainfall_intensity",0,"mm/h"
"S01","2025-01-01T14:25:00Z","rainfall_intensity",0,"mm/h"
"S01","2025-01-01T14:30:00Z","rainfall_intensity",0,"mm/h"
"S01","2025-01-01T14:35:00Z","rainfall_intensity",0,"mm/h"
"S01","2025-01-01T14:40:00Z","rainfall_intensity",0,"mm/h"
"S01","2025-01-01T14:45:00Z","rainfall_intensity",0,"mm/h"
"S01","2025-01-01T14:50:00Z","rainfall_intensity",0.815183141467319,"mm/h"
"S01","2025-01-01T14:55:00Z","rainfall_intensity",0,"mm/h"
"S01","2025-01-01T15:00:00Z","rainfall_intensity",0,"mm/h"
"S01","2025-01-01T15:05:00Z","rainfall_intensity",0,"mm/h"
"S01","2025-01-01T15:10:00Z","rainfall_intensity",0,"mm/h"
"S01","2025-01-01T15:15:00Z","rainfall_intensity",0,"mm/h"
"S01","2025-01-01T15:20:00Z","rainfall_intensity",0,"mm/h"
"S01","2025-01-01T15:25:00Z","rainfall_intensity",0,"mm/h"
"S01","2025-01-01T15:30:00Z","rainfall_intensity",0,"mm/h"
"S01","2025-01-01T15:35:00Z","rainfall_intensity",0.0223667757052501,"mm/h"
"S01","2025-01-01T15:40:00Z","rainfall_intensity",0,"mm/h"
"S01","2025-01-01T15:45:00Z","rainfall_intensity",0,"mm/h"
"S01","2025-01-01T15:50:00Z","rainfall_intensity",0,"mm/h"
"S01","2025-01-01T15:55:00Z","rainfall_intensity",0,"mm/h"
"S01","2025-01-01T16:00:00Z","rainfall_intensity",0,"mm/h"
"S01","2025-01-01T16:05:00Z","rainfall_intensity",0.165993582412882,"mm/h"
"S01","2025-01-01T16:10:00Z","rainfall_intensity",0,"mm/h"
"S01","2025-01-01T16:15:00Z","rainfall_intensity",0,"mm/h"
"S01","2025-01-01T16:20:00Z","rainfall_intensity",0,"mm/h"
"S01","2025-01-01T16:25:00Z","rainfall_intensity",0,"mm/h"
"S01","2025-01-01T16:30:00Z","rainfall_intensity",0,"mm/h"
"S01","2025-01-01T16:35:00Z","rainfall_intensity",0,"mm/h"
"S01","2025-01-01T16:40:00Z","rainfall_intensity",0,"mm/h"
"S01","2025-01-01T16:45:00Z","rainfall_intensity",0,"mm/h"
"S01","2025-01-01T16:50:00Z","rainfall_intensity",0,"mm/h"
"S01","2025-01-01T16:55:00Z","rainfall_intensity",0,"mm/h"
"S01","2025-01-01T17:00:00Z","rainfall_intensity",0.615275681760907,"mm/h"
"S01","2025-01-01T17:05:00Z","rainfall_intensity",0.00329910879448842,"mm/h"
"S01","2025-01-01T17:10:00Z","rainfall_intensity",0.725920551065139,"mm/h"
"S01","2025-01-01T17:15:00Z","rainfall_intensity",0.2672714683837,"mm/h"
"S01","2025-01-01T17:20:00Z","rainfall_intensity",0,"mm/h"
"S01","2025-01-01T17:25:00Z","rainfall_intensity",0,"mm/h"
"S01","2025-01-01T17:30:00Z","rainfall_intensity",0,"mm/h"
"S01","2025-01-01T17:35:00Z","rainfall_intensity",0,"mm/h"
"S01","2025-01-01T17:40:00Z","rainfall_intensity",0,"mm/h"
"S01","2025-01-01T17:45:00Z","rainfall_intensity",0,"mm/h"
"S01","2025-01-01T17:50:00Z","rainfall_intensity",0,"mm/h"
"S01","2025-01-01T17:55:00Z","rainfall_intensity",0,"mm/h"
"S01","2025-01-01T18:00:00Z","rainfall_intensity",0,"mm/h"
"S01","2025-01-01T18:05:00Z","rainfall_intensity",0,"mm/h"
"S01","2025-01-01T18:10:00Z","rainfall_intensity",0,"mm/h"
"S01","2025-01-01T18:15:00Z","rainfall_intensity",0,"mm/h"
"S01","2025-01-01T18:20:00Z","rainfall_intensity",0.0742890281254359,"mm/h"
"S01","2025-01-01T18:25:00Z","rainfall_intensity",0,"mm/h"
"S01","2025-01-01T18:30:00Z","rainfall_intensity",0,"mm/h"
"S01","2025-01-01T18:35:00Z","rainfall_intensity",1.95676304627832,"mm/h"
"S01","2025-01-01T18:40:00Z","rainfall_intensity",0,"mm/h"
"S01","2025-01-01T18:45:00Z","rainfall_intensity",0.553901980541493,"mm/h"
"S01","2025-01-01T18:50:00Z","rainfall_intensity",0,"mm/h"
"S01","2025-01-01T18:55:00Z","rainfall_intensity",0,"mm/h"
"S01","2025-01-01T19:00:00Z","rainfall_intensity",0.720557399937955,"mm/h"
"S01","2025-01-01T19:05:00Z","rainfall_intensity",0,"mm/h"
"S01","2025-01-01T19:10:00Z","rainfall_intensity",0,"mm/h"
"S01","2025-01-01T19:15:00Z","rainfall_intensity",0,"mm/h"
"S01","2025-01-01T19:20:00Z","rainfall_intensity",0,"mm/h"
"S01","2025-01-01T19:25:00Z","rainfall_intensity",0.667052768178444,"mm/h"
"S01","2025-01-01T19:30:00Z","rainfall_intensity",0,"mm/h"
"S01","2025-01-01T19:35:00Z","rainfall_intensity",0.127107417829208,"mm/h"
"S01","2025-01-01T19:40:00Z","rainfall_intensity",1.36646476001516,"mm/h"
"S01","2025-01-01T19:45:00Z","rainfall_intensity",0,"mm/h"
"S01","2025-01-01T19:50:00Z","rainfall_intensity",0,"mm/h"
"S01","2025-01-01T19:55:00Z","rainfall_intensity",0.384835752586271,"mm/h"
"S01","2025-01-01T20:00:00Z","rainfall_intensity",0,"mm/h"
"S01","2025-01-01T20:05:00Z","rainfall_intensity",0,"mm/h"
"S01","2025-01-01T20:10:00Z","rainfall_intensity",0.245120199554379,"mm/h"
"S01","2025-01-01T20:15:00Z","rainfall_intensity",0,"mm/h"
"S01","2025-01-01T20:20:00Z","rainfall_intensity",0,"mm/h"
"S01","2025-01-01T20:25:00Z","rainfall_intensity",2.34068480889937,"mm/h"
"S01","2025-01-01T20:30:00Z","rainfall_intensity",0,"mm/h"
"S01","2025-01-01T20:35:00Z","rainfall_intensity",0,"mm/h"
"S01","2025-01-01T20:40:00Z","rainfall_intensity",0,"mm/h"
"S01","2025-01-01T20:45:00Z","rainfall_intensity",0,"mm/h"
"S01","2025-01-01T20:50:00Z","rainfall_intensity",0,"mm/h"
"S01","2025-01-01T20:55:00Z","rainfall_intensity",0,"mm/h"
"S01","2025-01-01T21:00:00Z","rainfall_intensity",0,"mm/h"
"S01","2025-01-01T21:05:00Z","rainfall_intensity",0,"mm/h"
"S01","2025-01-01T21:10:00Z","rainfall_intensity",0.310500523944907,"mm/h"
"S01","2025-01-01T21:15:00Z","rainfall_intensity",0,"mm/h"
"S01","2025-01-01T21:20:00Z","rainfall_intensity",0,"mm/h"
"S01","2025-01-01T21:25:00Z","rainfall_intensity",0,"mm/h"
"S01","2025-01-01T21:30:00Z","rainfall_intensity",0,"mm/h"
"S01","2025-01-01T21:35:00Z","rainfall_intensity",0,"mm/h"
"S01","2025-01-01T21:40:00Z","rainfall_intensity",0,"mm/h"
"S01","2025-01-01T21:45:00Z","rainfall_intensity",0,"mm/h"
"S01","2025-01-01T21:50:00Z","rainfall_intensity",0,"mm/h"
"S01","2025-01-01T21:55:00Z","rainfall_intensity",0,"mm/h"
"S01","2025-01-01T22:00:00Z","rainfall_intensity",0,"mm/h"
"S01","2025-01-01T22:05:00Z","rainfall_intensity",0,"mm/h"
"S01","2025-01-01T22:10:00Z","rainfall_intensity",0,"mm/h"
"S01","2025-01-01T22:15:00Z","rainfall_intensity",0,"mm/h"
"S01","2025-01-01T22:20:00Z","rainfall_intensity",0.198943428419784,"mm/h"
"S01","2025-01-01T22:25:00Z","rainfall_intensity",1.74762902083831,"mm/h"
"S01","2025-01-01T22:30:00Z","rainfall_intensity",0.186596913208491,"mm/h"
"S01","2025-01-01T22:35:00Z","rainfall_intensity",2.78523662998782,"mm/h"
"S01","2025-01-01T22:40:00Z","rainfall_intensity",2.05471213198183,"mm/h"
"S01","2025-01-01T22:45:00Z","rainfall_intensity",2.03803270258974,"mm/h"
"S01","2025-01-01T22:50:00Z","rainfall_intensity",0,"mm/h"
"S01","2025-01-01T22:55:00Z","rainfall_intensity",0.223334627042651,"mm/h"
"S01","2025-01-01T23:00:00Z","rainfall_intensity",0.0449395381310673,"mm/h"
"S01","2025-01-01T23:05:00Z","rainfall_intensity",0.329076193017085,"mm/h"
"S01","2025-01-01T23:10:00Z","rainfall_intensity",0,"mm/h"
"S01","2025-01-01T23:15:00Z","rainfall_intensity",0.270024357883806,"mm/h"
"S01","2025-01-01T23:20:00Z","rainfall_intensity",0,"mm/h"
"S01","2025-01-01T23:25:00Z","rainfall_intensity",0,"mm/h"
"S01","2025-01-01T23:30:00Z","rainfall_intensity",0,"mm/h"
"S01","2025-01-01T23:35:00Z","rainfall_intensity",0,"mm/h"
"S01","2025-01-01T23:40:00Z","rainfall_intensity",0,"mm/h"
"S01","2025-01-01T23:45:00Z","rainfall_intensity",0,"mm/h"
"S01","2025-01-01T23:50:00Z","rainfall_intensity",0,"mm/h"
"S01","2025-01-01T23:55:00Z","rainfall_intensity",0,"mm/h"
"S01","2025-01-02T00:00:00Z","rainfall_intensity",0.594778586131774,"mm/h"
"S01","2025-01-02T00:05:00Z","rainfall_intensity",0.172803307600742,"mm/h"
"S01","2025-01-02T00:10:00Z","rainfall_intensity",0,"mm/h"
"S01","2025-01-02T00:15:00Z","rainfall_intensity",0,"mm/h"
"S01","2025-01-02T00:20:00Z","rainfall_intensity",0.0514698323694979,"mm/h"
"S01","2025-01-02T00:25:00Z","rainfall_intensity",0,"mm/h"
"S01","2025-01-02T00:30:00Z","rainfall_intensity",0,"mm/h"
"S01","2025-01-02T00:35:00Z","rainfall_intensity",0,"mm/h"
"S01","2025-01-02T00:40:00Z","rainfall_intensity",0,"mm/h"
"S01","2025-01-02T00:45:00Z","rainfall_intensity",0,"mm/h"
"S01","2025-01-02T00:50:00Z","rainfall_intensity",0,"mm/h"
"S01","2025-01-02T00:55:00Z","rainfall_intensity",0,"mm/h"
"S01","2025-01-02T01:00:00Z","rainfall_intensity",0,"mm/h"
"S01","2025-01-02T01:05:00Z","rainfall_intensity",0,"mm/h"
"S01","2025-01-02T01:10:00Z","rainfall_intensity",0,"mm/h"
"S01","2025-01-02T01:15:00Z","rainfall_intensity",0,"mm/h"
"S01","2025-01-02T01:20:00Z","rainfall_intensity",0,"mm/h"
"S01","2025-01-02T01:25:00Z","rainfall_intensity",0,"mm/h"
"S01","2025-01-02T01:30:00Z","rainfall_intensity",0,"mm/h"
"S01","2025-01-02T01:35:00Z","rainfall_intensity",0,"mm/h"
"S01","2025-01-02T01:40:00Z","rainfall_intensity",0,"mm/h"
"S01","2025-01-02T01:45:00Z","rainfall_intensity",0,"mm/h"
"S01","2025-01-02T01:50:00Z","rainfall_intensity",0,"mm/h"
"S01","2025-01-02T01:55:00Z","rainfall_intensity",0,"mm/h"
"S01","2025-01-02T02:00:00Z","rainfall_intensity",0,"mm/h"
"S01","2025-01-02T02:05:00Z","rainfall_intensity",0,"mm/h"
"S01","2025-01-02T02:10:00Z","rainfall_intensity",0,"mm/h"
"S01","2025-01-02T02:15:00Z","rainfall_intensity",0.220167669636707,"mm/h"
"S01","2025-01-02T02:20:00Z","rainfall_intensity",0,"mm/h"
"S01","2025-01-02T02:25:00Z","rainfall_intensity",0,"mm/h"
"S01","2025-01-02T02:30:00Z","rainfall_intensity",0,"mm/h"
"S01","2025-01-02T02:35:00Z","rainfall_intensity",0,"mm/h"
"S01","2025-01-02T02:40:00Z","rainfall_intensity",0,"mm/h"
"S01","2025-01-02T02:45:00Z","rainfall_intensity",0,"mm/h"
"S01","2025-01-02T02:50:00Z","rainfall_intensity",0,"mm/h"
"S01","2025-01-02T02:55:00Z","rainfall_intensity",0,"mm/h"
"S01","2025-01-02T03:00:00Z","rainfall_intensity",0,"mm/h"
"S01","2025-01-02T03:05:00Z","rainfall_intensity",0,"mm/h"
"S01","2025-01-02T03:10:00Z","rainfall_intensity",0.893447241984317,"mm/h"
"S01","2025-01-02T03:15:00Z","rainfall_intensity",0,"mm/h"
"S01","2025-01-02T03:20:00Z","rainfall_intensity",0,"mm/h"
"S01","2025-01-02T03:25:00Z","rainfall_intensity",0,"mm/h"
"S01","2025-01-02T03:30:00Z","rainfall_intensity",0,"mm/h"
"S01","2025-01-02T03:35:00Z","rainfall_intensity",0,"mm/h"
"S01","2025-01-02T03:40:00Z","rainfall_intensity",0,"mm/h"
"S01","2025-01-02T03:45:00Z","rainfall_intensity",0.254256330580805,"mm/h"
"S01","2025-01-02T03:50:00Z","rainfall_intensity",0.883804166273744,"mm/h"
"S01","2025-01-02T03:55:00Z","rainfall_intensity",3.38509181298224,"mm/h"
"S01","2025-01-02T04:00:00Z","rainfall_intensity",1.1815800421184,"mm/h"
"S01","2025-01-02T04:05:00Z","rainfall_intensity",0,"mm/h"
"S01","2025-01-02T04:10:00Z","rainfall_intensity",0.508250582940669,"mm/h"
"S01","2025-01-02T04:15:00Z","rainfall_intensity",0.28229290907075,"mm/h"
"S01","2025-01-02T04:20:00Z","rainfall_intensity",0.348446017198517,"mm/h"
"S01","2025-01-02T04:25:00Z","rainfall_intensity",1.95030359175439,"mm/h"
"S01","2025-01-02T04:30:00Z","rainfall_intensity",1.64742180608258,"mm/h"
"S01","2025-01-02T04:35:00Z","rainfall_intensity",0.244517943818467,"mm/h"
"S01","2025-01-02T04:40:00Z","rainfall_intensity",0.374244441864183,"mm/h"
"S01","2025-01-02T04:45:00Z","rainfall_intensity",0,"mm/h"
"S01","2025-01-02T04:50:00Z","rainfall_intensity",0.0607475800390897,"mm/h"
"S01","2025-01-02T04:55:00Z","rainfall_intensity",0,"mm/h"
"S01","2025-01-02T05:00:00Z","rainfall_intensity",0,"mm/h"
"S01","2025-01-02T05:05:00Z","rainfall_intensity",0.0758883909177355,"mm/h"
"S01","2025-01-02T05:10:00Z","rainfall_intensity",0,"mm/h"
"S01","2025-01-02T05:15:00Z","rainfall_intensity",0.383334681160754,"mm/h"
"S01","2025-01-02T05:20:00Z","rainfall_intensity",0,"mm/h"
"S01","2025-01-02T05:25:00Z","rainfall_intensity",0,"mm/h"
"S01","2025-01-02T05:30:00Z","rainfall_intensity",1.04410102653977,"mm/h"
"S01","2025-01-02T05:35:00Z","rainfall_intensity",0.0825013771730883,"mm/h"
"S01","2025-01-02T05:40:00Z","rainfall_intensity",0,"mm/h"
"S01","2025-01-02T05:45:00Z","rainfall_intensity",0,"mm/h"
"S01","2025-01-02T05:50:00Z","rainfall_intensity",0,"mm/h"
"S01","2025-01-02T05:55:00Z","rainfall_intensity",0,"mm/h"
"S01","2025-01-02T06:00:00Z","rainfall_intensity",0.511687133392776,"mm/h"
"S01","2025-01-02T06:05:00Z","rainfall_intensity",0,"mm/h"
"S01","2025-01-02T06:10:00Z","rainfall_intensity",0,"mm/h"
"S01","2025-01-02T06:15:00Z","rainfall_intensity",0,"mm/h"
"S01","2025-01-02T06:20:00Z","rainfall_intensity",0,"mm/h"
"S01","2025-01-02T06:25:00Z","rainfall_intensity",0,"mm/h"
"S01","2025-01-02T06:30:00Z","rainfall_intensity",0,"mm/h"
"S01","2025-01-02T06:35:00Z","rainfall_intensity",0.879138330054435,"mm/h"
"S01","2025-01-02T06:40:00Z","rainfall_intensity",0.0515466839777035,"mm/h"
"S01","2025-01-02T06:45:00Z","rainfall_intensity",0,"mm/h"
"S01","2025-01-02T06:50:00Z","rainfall_intensity",0,"mm/h"
"S01","2025-01-02T06:55:00Z","rainfall_intensity",0,"mm/h"
"S01","2025-01-02T07:00:00Z","rainfall_intensity",0,"mm/h"
"S01","2025-01-02T07:05:00Z","rainfall_intensity",0,"mm/h"
"S01","2025-01-02T07:10:00Z","rainfall_intensity",0,"mm/h"
"S01","2025-01-02T07:15:00Z","rainfall_intensity",0,"mm/h"
"S01","2025-01-02T07:20:00Z","rainfall_intensity",1.92463230473078,"mm/h"
"S01","2025-01-02T07:25:00Z","rainfall_intensity",1.54934640947337,"mm/h"
"S01","2025-01-02T07:30:00Z","rainfall_intensity",0.0570930395104666,"mm/h"
"S01","2025-01-02T07:35:00Z","rainfall_intensity",1.31723516144164,"mm/h"
"S01","2025-01-02T07:40:00Z","rainfall_intensity",0.258808790315671,"mm/h"
"S01","2025-01-02T07:45:00Z","rainfall_intensity",0.12082657073133,"mm/h"
"S01","2025-01-02T07:50:00Z","rainfall_intensity",0.000732322106796147,"mm/h"
"S01","2025-01-02T07:55:00Z","rainfall_intensity",0,"mm/h"
"S01","2025-01-02T08:00:00Z","rainfall_intensity",0,"mm/h"
"S01","2025-01-02T08:05:00Z","rainfall_intensity",0,"mm/h"
"S01","2025-01-02T08:10:00Z","rainfall_intensity",0.0253652310965303,"mm/h"
"S01","2025-01-02T08:15:00Z","rainfall_intensity",0.122013001090174,"mm/h"
"S01","2025-01-02T08:20:00Z","rainfall_intensity",0,"mm/h"
"S01","2025-01-02T08:25:00Z","rainfall_intensity",0,"mm/h"
"S01","2025-01-02T08:30:00Z","rainfall_intensity",0,"mm/h"
"S01","2025-01-02T08:35:00Z","rainfall_intensity",0,"mm/h"
"S01","2025-01-02T08:40:00Z","rainfall_intensity",0,"mm/h"
"S01","2025-01-02T08:45:00Z","rainfall_intensity",0,"mm/h"
"S01","2025-01-02T08:50:00Z","rainfall_intensity",0,"mm/h"
"S01","2025-01-02T08:55:00Z","rainfall_intensity",0,"mm/h"
"S01","2025-01-02T09:00:00Z","rainfall_intensity",0,"mm/h"
"S01","2025-01-02T09:05:00Z","rainfall_intensity",0,"mm/h"
"S01","2025-01-02T09:10:00Z","rainfall_intensity",0,"mm/h"
"S01","2025-01-02T09:15:00Z","rainfall_intensity",0,"mm/h"
"S01","2025-01-02T09:20:00Z","rainfall_intensity",0,"mm/h"
"S01","2025-01-02T09:25:00Z","rainfall_intensity",0.0244592690997468,"mm/h"
"S01","2025-01-02T09:30:00Z","rainfall_intensity",0,"mm/h"
"S01","2025-01-02T09:35:00Z","rainfall_intensity",2.07128067599298,"mm/h"
"S01","2025-01-02T09:40:00Z","rainfall_intensity",0,"mm/h"
"S01","2025-01-02T09:45:00Z","rainfall_intensity",0,"mm/h"
"S01","2025-01-02T09:50:00Z","rainfall_intensity",0,"mm/h"
"S01","2025-01-02T09:55:00Z","rainfall_intensity",0,"mm/h"
"S01","2025-01-02T10:00:00Z","rainfall_intensity",0,"mm/h"
"S01","2025-01-02T10:05:00Z","rainfall_intensity",0,"mm/h"
"S01","2025-01-02T10:10:00Z","rainfall_intensity",0,"mm/h"
"S01","2025-01-02T10:15:00Z","rainfall_intensity",0,"mm/h"
"S01","2025-01-02T10:20:00Z","rainfall_intensity",0,"mm/h"
"S01","2025-01-02T10:25:00Z","rainfall_intensity",0,"mm/h"
"S01","2025-01-02T10:30:00Z","rainfall_intensity",0,"mm/h"
"S01","2025-01-02T10:35:00Z","rainfall_intensity",0,"mm/h"
"S01","2025-01-02T10:40:00Z","rainfall_intensity",0,"mm/h"
"S01","2025-01-02T10:45:00Z","rainfall_intensity",0,"mm/h"
"S01","2025-01-02T10:50:00Z","rainfall_intensity",0,"mm/h"
"S01","2025-01-02T10:55:00Z","rainfall_intensity",0.991827882403624,"mm/h"
"S01","2025-01-02T11:00:00Z","rainfall_intensity",1.79440849475076,"mm/h"
"S01","2025-01-02T11:05:00Z","rainfall_intensity",4.88245081796467,"mm/h"
"S01","2025-01-02T11:10:00Z","rainfall_intensity",2.60188407088412,"mm/h"
"S01","2025-01-02T11:15:00Z","rainfall_intensity",3.71963906899845,"mm/h"
"S01","2025-01-02T11:20:00Z","rainfall_intensity",0.469693997596937,"mm/h"
"S01","2025-01-02T11:25:00Z","rainfall_intensity",0.41991363860501,"mm/h"
"S01","2025-01-02T11:30:00Z","rainfall_intensity",0.300934284326056,"mm/h"
"S01","2025-01-02T11:35:00Z","rainfall_intensity",0,"mm/h"
"S01","2025-01-02T11:40:00Z","rainfall_intensity",0.451962206273916,"mm/h"
"S01","2025-01-02T11:45:00Z","rainfall_intensity",1.33612352282862,"mm/h"
"S01","2025-01-02T11:50:00Z","rainfall_intensity",0,"mm/h"
"S01","2025-01-02T11:55:00Z","rainfall_intensity",0.0539966052880864,"mm/h"
"S01","2025-01-02T12:00:00Z","rainfall_intensity",3.4511984897418,"mm/h"
"S01","2025-01-02T12:05:00Z","rainfall_intensity",0,"mm/h"
"S01","2025-01-02T12:10:00Z","rainfall_intensity",0,"mm/h"
"S01","2025-01-02T12:15:00Z","rainfall_intensity",0,"mm/h"
"S01","2025-01-02T12:20:00Z","rainfall_intensity",0,"mm/h"
"S01","2025-01-02T12:25:00Z","rainfall_intensity",0,"mm/h"
"S01","2025-01-02T12:30:00Z","rainfall_intensity",0.490394095955038,"mm/h"
"S01","2025-01-02T12:35:00Z","rainfall_intensity",0,"mm/h"
"S01","2025-01-02T12:40:00Z","rainfall_intensity",0,"mm/h"
"S01","2025-01-02T12:45:00Z","rainfall_intensity",0,"mm/h"
"S01","2025-01-02T12:50:00Z","rainfall_intensity",0.334332008949135,"mm/h"
"S01","2025-01-02T12:55:00Z","rainfall_intensity",0.304453729819844,"mm/h"
"S01","2025-01-02T13:00:00Z","rainfall_intensity",0,"mm/h"
"S01","2025-01-02T13:05:00Z","rainfall_intensity",0,"mm/h"
"S01","2025-01-02T13:10:00Z","rainfall_intensity",0,"mm/h"
"S01","2025-01-02T13:15:00Z","rainfall_intensity",0,"mm/h"
"S01","2025-01-02T13:20:00Z","rainfall_intensity",0,"mm/h"
"S01","2025-01-02T13:25:00Z","rainfall_intensity",0,"mm/h"
"S01","2025-01-02T13:30:00Z","rainfall_intensity",1.39813605022502,"mm/h"
"S01","2025-01-02T13:35:00Z","rainfall_intensity",1.57940614165387,"mm/h"
"S01","2025-01-02T13:40:00Z","rainfall_intensity",4.35848319873779,"mm/h"
"S01","2025-01-02T13:45:00Z","rainfall_intensity",0.784446550420527,"mm/h"
"S01","2025-01-02T13:50:00Z","rainfall_intensity",1.28385293099211,"mm/h"
"S01","2025-01-02T13:55:00Z","rainfall_intensity",0,"mm/h"
"S01","2025-01-02T14:00:00Z","rainfall_intensity",0,"mm/h"
"S01","2025-01-02T14:05:00Z","rainfall_intensity",1.42438913121172,"mm/h"
"S01","2025-01-02T14:10:00Z","rainfall_intensity",0.910607368270721,"mm/h"
"S01","2025-01-02T14:15:00Z","rainfall_intensity",0,"mm/h"
"S01","2025-01-02T14:20:00Z","rainfall_intensity",0,"mm/h"
"S01","2025-01-02T14:25:00Z","rainfall_intensity",0,"mm/h"
"S01","2025-01-02T14:30:00Z","rainfall_intensity",0,"mm/h"
"S01","2025-01-02T14:35:00Z","rainfall_intensity",0,"mm/h"
"S01","2025-01-02T14:40:00Z","rainfall_intensity",0,"mm/h"
"S01","2025-01-02T14:45:00Z","rainfall_intensity",0,"mm/h"
"S01","2025-01-02T14:50:00Z","rainfall_intensity",0,"mm/h"
"S01","2025-01-02T14:55:00Z","rainfall_intensity",0,"mm/h"
"S01","2025-01-02T15:00:00Z","rainfall_intensity",0,"mm/h"
"S01","2025-01-02T15:05:00Z","rainfall_intensity",0,"mm/h"
"S01","2025-01-02T15:10:00Z","rainfall_intensity",0,"mm/h"
"S01","2025-01-02T15:15:00Z","rainfall_intensity",0,"mm/h"
"S01","2025-01-02T15:20:00Z","rainfall_intensity",0,"mm/h"
"S01","2025-01-02T15:25:00Z","rainfall_intensity",0,"mm/h"
"S01","2025-01-02T15:30:00Z","rainfall_intensity",0,"mm/h"
"S01","2025-01-02T15:35:00Z","rainfall_intensity",0,"mm/h"
"S01","2025-01-02T15:40:00Z","rainfall_intensity",0,"mm/h"
"S01","2025-01-02T15:45:00Z","rainfall_intensity",0,"mm/h"
"S01","2025-01-02T15:50:00Z","rainfall_intensity",0,"mm/h"
"S01","2025-01-02T15:55:00Z","rainfall_intensity",0,"mm/h"
"S01","2025-01-02T16:00:00Z","rainfall_intensity",0,"mm/h"
"S01","2025-01-02T16:05:00Z","rainfall_intensity",0.382067649916993,"mm/h"
"S01","2025-01-02T16:10:00Z","rainfall_intensity",0.0400037592012304,"mm/h"
"S01","2025-01-02T16:15:00Z","rainfall_intensity",0,"mm/h"
"S01","2025-01-02T16:20:00Z","rainfall_intensity",0,"mm/h"
"S01","2025-01-02T16:25:00Z","rainfall_intensity",0,"mm/h"
"S01","2025-01-02T16:30:00Z","rainfall_intensity",0.04078017170714,"mm/h"
"S01","2025-01-02T16:35:00Z","rainfall_intensity",0,"mm/h"
"S01","2025-01-02T16:40:00Z","rainfall_intensity",0.0437809131999131,"mm/h"
"S01","2025-01-02T16:45:00Z","rainfall_intensity",0.101643974373662,"mm/h"
"S01","2025-01-02T16:50:00Z","rainfall_intensity",0.321363496749108,"mm/h"
"S01","2025-01-02T16:55:00Z","rainfall_intensity",0.0470511875280338,"mm/h"
"S01","2025-01-02T17:00:00Z","rainfall_intensity",0,"mm/h"
"S01","2025-01-02T17:05:00Z","rainfall_intensity",1.66840217747257,"mm/h"
"S01","2025-01-02T17:10:00Z","rainfall_intensity",0.833322295882113,"mm/h"
"S01","2025-01-02T17:15:00Z","rainfall_intensity",0.859075019409158,"mm/h"
"S01","2025-01-02T17:20:00Z","rainfall_intensity",1.34842203950444,"mm/h"
"S01","2025-01-02T17:25:00Z","rainfall_intensity",0.993791956958249,"mm/h"
"S01","2025-01-02T17:30:00Z","rainfall_intensity",0.375977669237301,"mm/h"
"S01","2025-01-02T17:35:00Z","rainfall_intensity",1.21364455206999,"mm/h"
"S01","2025-01-02T17:40:00Z","rainfall_intensity",0,"mm/h"
"S01","2025-01-02T17:45:00Z","rainfall_intensity",3.01414261036533,"mm/h"
"S01","2025-01-02T17:50:00Z","rainfall_intensity",0.287640085693826,"mm/h"
"S01","2025-01-02T17:55:00Z","rainfall_intensity",0.0877204963659319,"mm/h"
"S01","2025-01-02T18:00:00Z","rainfall_intensity",0,"mm/h"
"S01","2025-01-02T18:05:00Z","rainfall_intensity",0,"mm/h"
"S01","2025-01-02T18:10:00Z","rainfall_intensity",0,"mm/h"
"S01","2025-01-02T18:15:00Z","rainfall_intensity",0,"mm/h"
"S01","2025-01-02T18:20:00Z","rainfall_intensity",0,"mm/h"
"S01","2025-01-02T18:25:00Z","rainfall_intensity",0,"mm/h"
"S01","2025-01-02T18:30:00Z","rainfall_intensity",0,"mm/h"
"S01","2025-01-02T18:35:00Z","rainfall_intensity",0.0869768196844325,"mm/h"
"S01","2025-01-02T18:40:00Z","rainfall_intensity",0,"mm/h"
"S01","2025-01-02T18:45:00Z","rainfall_intensity",0,"mm/h"
"S01","2025-01-02T18:50:00Z","rainfall_intensity",0,"mm/h"
"S01","2025-01-02T18:55:00Z","rainfall_intensity",0,"mm/h"
"S01","2025-01-02T19:00:00Z","rainfall_intensity",0,"mm/h"
"S01","2025-01-02T19:05:00Z","rainfall_intensity",0.692357754315586,"mm/h"
"S01","2025-01-02T19:10:00Z","rainfall_intensity",1.13294852428229,"mm/h"
"S01","2025-01-02T19:15:00Z","rainfall_intensity",0,"mm/h"
"S01","2025-01-02T19:20:00Z","rainfall_intensity",0.270695986846636,"mm/h"
"S01","2025-01-02T19:25:00Z","rainfall_intensity",2.25559207094652,"mm/h"
"S01","2025-01-02T19:30:00Z","rainfall_intensity",0,"mm/h"
"S01","2025-01-02T19:35:00Z","rainfall_intensity",0,"mm/h"
"S01","2025-01-02T19:40:00Z","rainfall_intensity",0,"mm/h"
"S01","2025-01-02T19:45:00Z","rainfall_intensity",0,"mm/h"
"S01","2025-01-02T19:50:00Z","rainfall_intensity",0,"mm/h"
"S01","2025-01-02T19:55:00Z","rainfall_intensity",0,"mm/h"
"S01","2025-01-02T20:00:00Z","rainfall_intensity",0,"mm/h"
"S01","2025-01-02T20:05:00Z","rainfall_intensity",0,"mm/h"
"S01","2025-01-02T20:10:00Z","rainfall_intensity",0,"mm/h"
"S01","2025-01-02T20:15:00Z","rainfall_intensity",0,"mm/h"
"S01","2025-01-02T20:20:00Z","rainfall_intensity",0,"mm/h"
"S01","2025-01-02T20:25:00Z","rainfall_intensity",0,"mm/h"
"S01","2025-01-02T20:30:00Z","rainfall_intensity",0,"mm/h"
"S01","2025-01-02T20:35:00Z","rainfall_intensity",0,"mm/h"
"S01","2025-01-02T20:40:00Z","rainfall_intensity",0,"mm/h"
"S01","2025-01-02T20:45:00Z","rainfall_intensity",0,"mm/h"
"S01","2025-01-02T20:50:00Z","rainfall_intensity",0,"mm/h"
"S01","2025-01-02T20:55:00Z","rainfall_intensity",0,"mm/h"
"S01","2025-01-02T21:00:00Z","rainfall_intensity",0.0464473617596138,"mm/h"
"S01","2025-01-02T21:05:00Z","rainfall_intensity",0,"mm/h"
"S01","2025-01-02T21:10:00Z","rainfall_intensity",0,"mm/h"
"S01","2025-01-02T21:15:00Z","rainfall_intensity",0,"mm/h"
"S01","2025-01-02T21:20:00Z","rainfall_intensity",0,"mm/h"
"S01","2025-01-02T21:25:00Z","rainfall_intensity",0.248409617526789,"mm/h"
"S01","2025-01-02T21:30:00Z","rainfall_intensity",0,"mm/h"
"S01","2025-01-02T21:35:00Z","rainfall_intensity",0.0385437781311339,"mm/h"
"S01","2025-01-02T21:40:00Z","rainfall_intensity",0,"mm/h"
"S01","2025-01-02T21:45:00Z","rainfall_intensity",0,"mm/h"
"S01","2025-01-02T21:50:00Z","rainfall_intensity",0,"mm/h"
"S01","2025-01-02T21:55:00Z","rainfall_intensity",0.864051554172746,"mm/h"
"S01","2025-01-02T22:00:00Z","rainfall_intensity",1.63931943912671,"mm/h"
"S01","2025-01-02T22:05:00Z","rainfall_intensity",0,"mm/h"
"S01","2025-01-02T22:10:00Z","rainfall_intensity",0.295477286757057,"mm/h"
"S01","2025-01-02T22:15:00Z","rainfall_intensity",0.564799292270204,"mm/h"
"S01","2025-01-02T22:20:00Z","rainfall_intensity",1.80954275818538,"mm/h"
"S01","2025-01-02T22:25:00Z","rainfall_intensity",2.84751600465287,"mm/h"
"S01","2025-01-02T22:30:00Z","rainfall_intensity",0.00487918213130749,"mm/h"
"S01","2025-01-02T22:35:00Z","rainfall_intensity",0,"mm/h"
"S01","2025-01-02T22:40:00Z","rainfall_intensity",0.59653748509491,"mm/h"
"S01","2025-01-02T22:45:00Z","rainfall_intensity",0,"mm/h"
"S01","2025-01-02T22:50:00Z","rainfall_intensity",0,"mm/h"
"S01","2025-01-02T22:55:00Z","rainfall_intensity",0,"mm/h"
"S01","2025-01-02T23:00:00Z","rainfall_intensity",0,"mm/h"
"S01","2025-01-02T23:05:00Z","rainfall_intensity",0.135015503342399,"mm/h"
"S01","2025-01-02T23:10:00Z","rainfall_intensity",0,"mm/h"
"S01","2025-01-02T23:15:00Z","rainfall_intensity",0.0226795501441869,"mm/h"
"S01","2025-01-02T23:20:00Z","rainfall_intensity",0,"mm/h"
"S01","2025-01-02T23:25:00Z","rainfall_intensity",0.000426780838980807,"mm/h"
"S01","2025-01-02T23:30:00Z","rainfall_intensity",0.468731167574498,"mm/h"
"S01","2025-01-02T23:35:00Z","rainfall_intensity",0,"mm/h"
"S01","2025-01-02T23:40:00Z","rainfall_intensity",0,"mm/h"
"S01","2025-01-02T23:45:00Z","rainfall_intensity",0,"mm/h"
"S01","2025-01-02T23:50:00Z","rainfall_intensity",0,"mm/h"
"S01","2025-01-02T23:55:00Z","rainfall_intensity",0,"mm/h"
"S01","2025-01-03T00:00:00Z","rainfall_intensity",0,"mm/h"
"S01","2025-01-03T00:05:00Z","rainfall_intensity",0,"mm/h"
"S01","2025-01-03T00:10:00Z","rainfall_intensity",0.160735898569921,"mm/h"
"S01","2025-01-03T00:15:00Z","rainfall_intensity",0.699096519067722,"mm/h"
"S01","2025-01-03T00:20:00Z","rainfall_intensity",0,"mm/h"
"S01","2025-01-03T00:25:00Z","rainfall_intensity",0.0845780001038797,"mm/h"
"S01","2025-01-03T00:30:00Z","rainfall_intensity",3.53054657272481,"mm/h"
"S01","2025-01-03T00:35:00Z","rainfall_intensity",0,"mm/h"
"S01","2025-01-03T00:40:00Z","rainfall_intensity",0,"mm/h"
"S01","2025-01-03T00:45:00Z","rainfall_intensity",0,"mm/h"
"S01","2025-01-03T00:50:00Z","rainfall_intensity",4.16718049861708,"mm/h"
"S01","2025-01-03T00:55:00Z","rainfall_intensity",0.7846833336637,"mm/h"
"S01","2025-01-03T01:00:00Z","rainfall_intensity",3.06843589879484,"mm/h"
"S01","2025-01-03T01:05:00Z","rainfall_intensity",0,"mm/h"
"S01","2025-01-03T01:10:00Z","rainfall_intensity",0.206696122895241,"mm/h"
"S01","2025-01-03T01:15:00Z","rainfall_intensity",1.34025742128128,"mm/h"
"S01","2025-01-03T01:20:00Z","rainfall_intensity",0.670291685454952,"mm/h"
"S01","2025-01-03T01:25:00Z","rainfall_intensity",0.526290023440357,"mm/h"
"S01","2025-01-03T01:30:00Z","rainfall_intensity",0.332738068421178,"mm/h"
"S01","2025-01-03T01:35:00Z","rainfall_intensity",0.204332128714213,"mm/h"
"S01","2025-01-03T01:40:00Z","rainfall_intensity",1.15126818291922,"mm/h"
"S01","2025-01-03T01:45:00Z","rainfall_intensity",0,"mm/h"
"S01","2025-01-03T01:50:00Z","rainfall_intensity",0,"mm/h"
"S01","2025-01-03T01:55:00Z","rainfall_intensity",0.0136621989468047,"mm/h"
"S01","2025-01-03T02:00:00Z","rainfall_intensity",0,"mm/h"
"S01","2025-01-03T02:05:00Z","rainfall_intensity",0,"mm/h"
"S01","2025-01-03T02:10:00Z","rainfall_intensity",0,"mm/h"
"S01","2025-01-03T02:15:00Z","rainfall_intensity",0,"mm/h"
"S01","2025-01-03T02:20:00Z","rainfall_intensity",0,"mm/h"
"S01","2025-01-03T02:25:00Z","rainfall_intensity",0,"mm/h"
"S01","2025-01-03T02:30:00Z","rainfall_intensity",0,"mm/h"
"S01","2025-01-03T02:35:00Z","rainfall_intensity",0,"mm/h"
"S01","2025-01-03T02:40:00Z","rainfall_intensity",0.450754738574722,"mm/h"
"S01","2025-01-03T02:45:00Z","rainfall_intensity",0,"mm/h"
"S01","2025-01-03T02:50:00Z","rainfall_intensity",0,"mm/h"
"S01","2025-01-03T02:55:00Z","rainfall_intensity",0.408912884624327,"mm/h"
"S01","2025-01-03T03:00:00Z","rainfall_intensity",0.67621880844978,"mm/h"
"S01","2025-01-03T03:05:00Z","rainfall_intensity",0,"mm/h"
"S01","2025-01-03T03:10:00Z","rainfall_intensity",0,"mm/h"
"S01","2025-01-03T03:15:00Z","rainfall_intensity",0,"mm/h"
"S01","2025-01-03T03:20:00Z","rainfall_intensity",1.05463690738793,"mm/h"
"S01","2025-01-03T03:25:00Z","rainfall_intensity",0,"mm/h"
"S01","2025-01-03T03:30:00Z","rainfall_intensity",0.429822517071419,"mm/h"
"S01","2025-01-03T03:35:00Z","rainfall_intensity",0.162313753072338,"mm/h"
"S01","2025-01-03T03:40:00Z","rainfall_intensity",0,"mm/h"
"S01","2025-01-03T03:45:00Z","rainfall_intensity",0,"mm/h"
"S01","2025-01-03T03:50:00Z","rainfall_intensity",0,"mm/h"
"S01","2025-01-03T03:55:00Z","rainfall_intensity",0,"mm/h"
"S01","2025-01-03T04:00:00Z","rainfall_intensity",0,"mm/h"
"S01","2025-01-03T04:05:00Z","rainfall_intensity",0,"mm/h"
"S01","2025-01-03T04:10:00Z","rainfall_intensity",0,"mm/h"
"S01","2025-01-03T04:15:00Z","rainfall_intensity",0,"mm/h"
"S01","2025-01-03T04:20:00Z","rainfall_intensity",0,"mm/h"
"S01","2025-01-03T04:25:00Z","rainfall_intensity",0,"mm/h"
"S01","2025-01-03T04:30:00Z","rainfall_intensity",0,"mm/h"
"S01","2025-01-03T04:35:00Z","rainfall_intensity",0,"mm/h"
"S01","2025-01-03T04:40:00Z","rainfall_intensity",0,"mm/h"
"S01","2025-01-03T04:45:00Z","rainfall_intensity",0,"mm/h"
"S01","2025-01-03T04:50:00Z","rainfall_intensity",0,"mm/h"
"S01","2025-01-03T04:55:00Z","rainfall_intensity",0,"mm/h"
"S01","2025-01-03T05:00:00Z","rainfall_intensity",0,"mm/h"
"S01","2025-01-03T05:05:00Z","rainfall_intensity",0,"mm/h"
"S01","2025-01-03T05:10:00Z","rainfall_intensity",0,"mm/h"
"S01","2025-01-03T05:15:00Z","rainfall_intensity",0,"mm/h"
"S01","2025-01-03T05:20:00Z","rainfall_intensity",2.16202687948762,"mm/h"
"S01","2025-01-03T05:25:00Z","rainfall_intensity",0.018735032601103,"mm/h"
"S01","2025-01-03T05:30:00Z","rainfall_intensity",0,"mm/h"
"S01","2025-01-03T05:35:00Z","rainfall_intensity",0.0930778571648758,"mm/h"
"S01","2025-01-03T05:40:00Z","rainfall_intensity",0.168765046393293,"mm/h"
"S01","2025-01-03T05:45:00Z","rainfall_intensity",1.33291709088071,"mm/h"
"S01","2025-01-03T05:50:00Z","rainfall_intensity",1.10721871463549,"mm/h"
"S01","2025-01-03T05:55:00Z","rainfall_intensity",0,"mm/h"
"S01","2025-01-03T06:00:00Z","rainfall_intensity",0,"mm/h"
"S01","2025-01-03T06:05:00Z","rainfall_intensity",0,"mm/h"
"S01","2025-01-03T06:10:00Z","rainfall_intensity",0,"mm/h"
"S01","2025-01-03T06:15:00Z","rainfall_intensity",0.240135014307129,"mm/h"
"S01","2025-01-03T06:20:00Z","rainfall_intensity",1.20044211189831,"mm/h"
"S01","2025-01-03T06:25:00Z","rainfall_intensity",0,"mm/h"
"S01","2025-01-03T06:30:00Z","rainfall_intensity",0.764423682882095,"mm/h"
"S01","2025-01-03T06:35:00Z","rainfall_intensity",0,"mm/h"
"S01","2025-01-03T06:40:00Z","rainfall_intensity",0,"mm/h"
"S01","2025-01-03T06:45:00Z","rainfall_intensity",0,"mm/h"
"S01","2025-01-03T06:50:00Z","rainfall_intensity",0.00979307733409041,"mm/h"
"S01","2025-01-03T06:55:00Z","rainfall_intensity",0.675850361300914,"mm/h"
"S01","2025-01-03T07:00:00Z","rainfall_intensity",0.015129158916308,"mm/h"
"S01","2025-01-03T07:05:00Z","rainfall_intensity",0,"mm/h"
"S01","2025-01-03T07:10:00Z","rainfall_intensity",0,"mm/h"
"S01","2025-01-03T07:15:00Z","rainfall_intensity",0,"mm/h"
"S01","2025-01-03T07:20:00Z","rainfall_intensity",0,"mm/h"
"S01","2025-01-03T07:25:00Z","rainfall_intensity",0,"mm/h"
"S01","2025-01-03T07:30:00Z","rainfall_intensity",0,"mm/h"
"S01","2025-01-03T07:35:00Z","rainfall_intensity",0,"mm/h"
"S01","2025-01-03T07:40:00Z","rainfall_intensity",0,"mm/h"
"S01","2025-01-03T07:45:00Z","rainfall_intensity",0,"mm/h"
"S01","2025-01-03T07:50:00Z","rainfall_intensity",0,"mm/h"
"S01","2025-01-03T07:55:00Z","rainfall_intensity",0,"mm/h"
"S01","2025-01-03T08:00:00Z","rainfall_intensity",0,"mm/h"
"S01","2025-01-03T08:05:00Z","rainfall_intensity",0,"mm/h"
"S01","2025-01-03T08:10:00Z","rainfall_intensity",0,"mm/h"
"S01","2025-01-03T08:15:00Z","rainfall_intensity",0,"mm/h"
"S01","2025-01-03T08:20:00Z","rainfall_intensity",0,"mm/h"
"S01","2025-01-03T08:25:00Z","rainfall_intensity",0,"mm/h"
"S01","2025-01-03T08:30:00Z","rainfall_intensity",0.604854327100141,"mm/h"
"S01","2025-01-03T08:35:00Z","rainfall_intensity",0.00750601120748014,"mm/h"
"S01","2025-01-03T08:40:00Z","rainfall_intensity",0.303129426200412,"mm/h"
"S01","2025-01-03T08:45:00Z","rainfall_intensity",0.675334183303952,"mm/h"
"S01","2025-01-03T08:50:00Z","rainfall_intensity",1.43947188308899,"mm/h"
"S01","2025-01-03T08:55:00Z","rainfall_intensity",0.738102725699001,"mm/h"
"S01","2025-01-03T09:00:00Z","rainfall_intensity",0.275376682199191,"mm/h"
"S01","2025-01-03T09:05:00Z","rainfall_intensity",0,"mm/h"
"S01","2025-01-03T09:10:00Z","rainfall_intensity",0.617497751698284,"mm/h"
"S01","2025-01-03T09:15:00Z","rainfall_intensity",0,"mm/h"
"S01","2025-01-03T09:20:00Z","rainfall_intensity",1.56840561179097,"mm/h"
"S01","2025-01-03T09:25:00Z","rainfall_intensity",3.17234406171725,"mm/h"
"S01","2025-01-03T09:30:00Z","rainfall_intensity",0.650440979624675,"mm/h"
"S01","2025-01-03T09:35:00Z","rainfall_intensity",0.551668478304417,"mm/h"
"S01","2025-01-03T09:40:00Z","rainfall_intensity",2.22039058734564,"mm/h"
"S01","2025-01-03T09:45:00Z","rainfall_intensity",0.785675781904939,"mm/h"
"S01","2025-01-03T09:50:00Z","rainfall_intensity",0.0480795315510776,"mm/h"
"S01","2025-01-03T09:55:00Z","rainfall_intensity",0,"mm/h"
"S01","2025-01-03T10:00:00Z","rainfall_intensity",0,"mm/h"
"S01","2025-01-03T10:05:00Z","rainfall_intensity",0,"mm/h"
"S01","2025-01-03T10:10:00Z","rainfall_intensity",0,"mm/h"
"S01","2025-01-03T10:15:00Z","rainfall_intensity",0,"mm/h"
"S01","2025-01-03T10:20:00Z","rainfall_intensity",0,"mm/h"
"S01","2025-01-03T10:25:00Z","rainfall_intensity",0.176908277685622,"mm/h"
"S01","2025-01-03T10:30:00Z","rainfall_intensity",0,"mm/h"
"S01","2025-01-03T10:35:00Z","rainfall_intensity",0,"mm/h"
"S01","2025-01-03T10:40:00Z","rainfall_intensity",0,"mm/h"
"S01","2025-01-03T10:45:00Z","rainfall_intensity",0,"mm/h"
"S01","2025-01-03T10:50:00Z","rainfall_intensity",0,"mm/h"
"S01","2025-01-03T10:55:00Z","rainfall_intensity",0,"mm/h"
"S01","2025-01-03T11:00:00Z","rainfall_intensity",0,"mm/h"
"S01","2025-01-03T11:05:00Z","rainfall_intensity",0,"mm/h"
"S01","2025-01-03T11:10:00Z","rainfall_intensity",0,"mm/h"
"S01","2025-01-03T11:15:00Z","rainfall_intensity",0,"mm/h"
"S01","2025-01-03T11:20:00Z","rainfall_intensity",0,"mm/h"
"S01","2025-01-03T11:25:00Z","rainfall_intensity",0,"mm/h"
"S01","2025-01-03T11:30:00Z","rainfall_intensity",0,"mm/h"
"S01","2025-01-03T11:35:00Z","rainfall_intensity",0.117753155642417,"mm/h"
"S01","2025-01-03T11:40:00Z","rainfall_intensity",0,"mm/h"
"S01","2025-01-03T11:45:00Z","rainfall_intensity",0,"mm/h"
"S01","2025-01-03T11:50:00Z","rainfall_intensity",0,"mm/h"
"S01","2025-01-03T11:55:00Z","rainfall_intensity",0,"mm/h"
"S01","2025-01-03T12:00:00Z","rainfall_intensity",0,"mm/h"
"S01","2025-01-03T12:05:00Z","rainfall_intensity",0,"mm/h"
"S01","2025-01-03T12:10:00Z","rainfall_intensity",0,"mm/h"
"S01","2025-01-03T12:15:00Z","rainfall_intensity",0,"mm/h"
"S01","2025-01-03T12:20:00Z","rainfall_intensity",0,"mm/h"
"S01","2025-01-03T12:25:00Z","rainfall_intensity",0,"mm/h"
"S01","2025-01-03T12:30:00Z","rainfall_intensity",1.94685738255114,"mm/h"
"S01","2025-01-03T12:35:00Z","rainfall_intensity",1.87660670911821,"mm/h"
"S01","2025-01-03T12:40:00Z","rainfall_intensity",0.282180930896788,"mm/h"
"S01","2025-01-03T12:45:00Z","rainfall_intensity",3.03761368068943,"mm/h"
"S01","2025-01-03T12:50:00Z","rainfall_intensity",0.451167416039158,"mm/h"
"S01","2025-01-03T12:55:00Z","rainfall_intensity",2.04966575101045,"mm/h"
"S01","2025-01-03T13:00:00Z","rainfall_intensity",5.38968036634275,"mm/h"
"S01","2025-01-03T13:05:00Z","rainfall_intensity",1.97783702562774,"mm/h"
"S01","2025-01-03T13:10:00Z","rainfall_intensity",1.65643214724973,"mm/h"
"S01","2025-01-03T13:15:00Z","rainfall_intensity",2.67008115991554,"mm/h"
"S01","2025-01-03T13:20:00Z","rainfall_intensity",4.54376978129704,"mm/h"
"S01","2025-01-03T13:25:00Z","rainfall_intensity",0.967208537458952,"mm/h"
"S01","2025-01-03T13:30:00Z","rainfall_intensity",0,"mm/h"
"S01","2025-01-03T13:35:00Z","rainfall_intensity",0,"mm/h"
"S01","2025-01-03T13:40:00Z","rainfall_intensity",0,"mm/h"
"S01","2025-01-03T13:45:00Z","rainfall_intensity",0,"mm/h"
"S01","2025-01-03T13:50:00Z","rainfall_intensity",0,"mm/h"
"S01","2025-01-03T13:55:00Z","rainfall_intensity",0,"mm/h"
"S01","2025-01-03T14:00:00Z","rainfall_intensity",0,"mm/h"
"S01","2025-01-03T14:05:00Z","rainfall_intensity",0,"mm/h"
"S01","2025-01-03T14:10:00Z","rainfall_intensity",0,"mm/h"
"S01","2025-01-03T14:15:00Z","rainfall_intensity",0,"mm/h"
"S01","2025-01-03T14:20:00Z","rainfall_intensity",0,"mm/h"
"S01","2025-01-03T14:25:00Z","rainfall_intensity",0,"mm/h"
"S01","2025-01-03T14:30:00Z","rainfall_intensity",0,"mm/h"
"S01","2025-01-03T14:35:00Z","rainfall_intensity",0,"mm/h"
"S01","2025-01-03T14:40:00Z","rainfall_intensity",0,"mm/h"
"S01","2025-01-03T14:45:00Z","rainfall_intensity",0,"mm/h"
"S01","2025-01-03T14:50:00Z","rainfall_intensity",0,"mm/h"
"S01","2025-01-03T14:55:00Z","rainfall_intensity",0,"mm/h"
"S01","2025-01-03T15:00:00Z","rainfall_intensity",0.177274099795561,"mm/h"
"S01","2025-01-03T15:05:00Z","rainfall_intensity",2.29333307887044,"mm/h"
"S01","2025-01-03T15:10:00Z","rainfall_intensity",0.520573443710751,"mm/h"
"S01","2025-01-03T15:15:00Z","rainfall_intensity",0.0372651154421824,"mm/h"
"S01","2025-01-03T15:20:00Z","rainfall_intensity",0,"mm/h"
"S01","2025-01-03T15:25:00Z","rainfall_intensity",1.95574749701072,"mm/h"
"S01","2025-01-03T15:30:00Z","rainfall_intensity",2.9437687856217,"mm/h"
"S01","2025-01-03T15:35:00Z","rainfall_intensity",0.408924256493683,"mm/h"
"S01","2025-01-03T15:40:00Z","rainfall_intensity",0,"mm/h"
"S01","2025-01-03T15:45:00Z","rainfall_intensity",0,"mm/h"
"S01","2025-01-03T15:50:00Z","rainfall_intensity",0,"mm/h"
"S01","2025-01-03T15:55:00Z","rainfall_intensity",0,"mm/h"
"S01","2025-01-03T16:00:00Z","rainfall_intensity",0,"mm/h"
"S01","2025-01-03T16:05:00Z","rainfall_intensity",0,"mm/h"
"S01","2025-01-03T16:10:00Z","rainfall_intensity",0,"mm/h"
"S01","2025-01-03T16:15:00Z","rainfall_intensity",0,"mm/h"
"S01","2025-01-03T16:20:00Z","rainfall_intensity",0,"mm/h"
"S01","2025-01-03T16:25:00Z","rainfall_intensity",0,"mm/h"
"S01","2025-01-03T16:30:00Z","rainfall_intensity",0,"mm/h"
"S01","2025-01-03T16:35:00Z","rainfall_intensity",0,"mm/h"
"S01","2025-01-03T16:40:00Z","rainfall_intensity",0,"mm/h"
"S01","2025-01-03T16:45:00Z","rainfall_intensity",0,"mm/h"
"S01","2025-01-03T16:50:00Z","rainfall_intensity",0,"mm/h"
"S01","2025-01-03T16:55:00Z","rainfall_intensity",0,"mm/h"
"S01","2025-01-03T17:00:00Z","rainfall_intensity",0,"mm/h"
"S01","2025-01-03T17:05:00Z","rainfall_intensity",0,"mm/h"
"S01","2025-01-03T17:10:00Z","rainfall_intensity",0,"mm/h"
"S01","2025-01-03T17:15:00Z","rainfall_intensity",0,"mm/h"
"S01","2025-01-03T17:20:00Z","rainfall_intensity",0,"mm/h"
"S01","2025-01-03T17:25:00Z","rainfall_intensity",0,"mm/h"
"S01","2025-01-03T17:30:00Z","rainfall_intensity",0,"mm/h"
"S01","2025-01-03T17:35:00Z","rainfall_intensity",0,"mm/h"
"S01","2025-01-03T17:40:00Z","rainfall_intensity",0,"mm/h"
"S01","2025-01-03T17:45:00Z","rainfall_intensity",0,"mm/h"
"S01","2025-01-03T17:50:00Z","rainfall_intensity",0,"mm/h"
"S01","2025-01-03T17:55:00Z","rainfall_intensity",0,"mm/h"
"S01","2025-01-03T18:00:00Z","rainfall_intensity",0,"mm/h"
"S01","2025-01-03T18:05:00Z","rainfall_intensity",0,"mm/h"
"S01","2025-01-03T18:10:00Z","rainfall_intensity",0,"mm/h"
"S01","2025-01-03T18:15:00Z","rainfall_intensity",0,"mm/h"
"S01","2025-01-03T18:20:00Z","rainfall_intensity",0,"mm/h"
"S01","2025-01-03T18:25:00Z","rainfall_intensity",0,"mm/h"
"S01","2025-01-03T18:30:00Z","rainfall_intensity",0,"mm/h"
"S01","2025-01-03T18:35:00Z","rainfall_intensity",0,"mm/h"
"S01","2025-01-03T18:40:00Z","rainfall_intensity",0,"mm/h"
"S01","2025-01-03T18:45:00Z","rainfall_intensity",0,"mm/h"
"S01","2025-01-03T18:50:00Z","rainfall_intensity",0,"mm/h"
"S01","2025-01-03T18:55:00Z","rainfall_intensity",0.0360004727727932,"mm/h"
"S01","2025-01-03T19:00:00Z","rainfall_intensity",0.575899120073473,"mm/h"
"S01","2025-01-03T19:05:00Z","rainfall_intensity",0,"mm/h"
"S01","2025-01-03T19:10:00Z","rainfall_intensity",0.239642235265267,"mm/h"
"S01","2025-01-03T19:15:00Z","rainfall_intensity",2.28652606922199,"mm/h"
"S01","2025-01-03T19:20:00Z","rainfall_intensity",0.650587908146071,"mm/h"
"S01","2025-01-03T19:25:00Z","rainfall_intensity",0.53231643072356,"mm/h"
"S01","2025-01-03T19:30:00Z","rainfall_intensity",0,"mm/h"
"S01","2025-01-03T19:35:00Z","rainfall_intensity",0.927542359382588,"mm/h"
"S01","2025-01-03T19:40:00Z","rainfall_intensity",0.0454988261548406,"mm/h"
"S01","2025-01-03T19:45:00Z","rainfall_intensity",2.84950010144249,"mm/h"
"S01","2025-01-03T19:50:00Z","rainfall_intensity",0.294596173954681,"mm/h"
"S01","2025-01-03T19:55:00Z","rainfall_intensity",0,"mm/h"
"S01","2025-01-03T20:00:00Z","rainfall_intensity",0.0542422139457953,"mm/h"
"S01","2025-01-03T20:05:00Z","rainfall_intensity",1.11963535593786,"mm/h"
"S01","2025-01-03T20:10:00Z","rainfall_intensity",0.343771616285546,"mm/h"
"S01","2025-01-03T20:15:00Z","rainfall_intensity",1.37713224429269,"mm/h"
"S01","2025-01-03T20:20:00Z","rainfall_intensity",5.3387785667249,"mm/h"
"S01","2025-01-03T20:25:00Z","rainfall_intensity",3.68888773331886,"mm/h"
"S01","2025-01-03T20:30:00Z","rainfall_intensity",5.85292733198746,"mm/h"
"S01","2025-01-03T20:35:00Z","rainfall_intensity",1.55382354103696,"mm/h"
"S01","2025-01-03T20:40:00Z","rainfall_intensity",0.630212060090403,"mm/h"
"S01","2025-01-03T20:45:00Z","rainfall_intensity",0,"mm/h"
"S01","2025-01-03T20:50:00Z","rainfall_intensity",0.202168680269325,"mm/h"
"S01","2025-01-03T20:55:00Z","rainfall_intensity",0,"mm/h"
"S01","2025-01-03T21:00:00Z","rainfall_intensity",0.0984873521294887,"mm/h"
"S01","2025-01-03T21:05:00Z","rainfall_intensity",0.971136489183655,"mm/h"
"S01","2025-01-03T21:10:00Z","rainfall_intensity",0.615023750649987,"mm/h"
"S01","2025-01-03T21:15:00Z","rainfall_intensity",0,"mm/h"
"S01","2025-01-03T21:20:00Z","rainfall_intensity",0,"mm/h"
"S01","2025-01-03T21:25:00Z","rainfall_intensity",2.38168014506747,"mm/h"
"S01","2025-01-03T21:30:00Z","rainfall_intensity",2.37663157198524,"mm/h"
"S01","2025-01-03T21:35:00Z","rainfall_intensity",0,"mm/h"
"S01","2025-01-03T21:40:00Z","rainfall_intensity",0,"mm/h"
"S01","2025-01-03T21:45:00Z","rainfall_intensity",0,"mm/h"
"S01","2025-01-03T21:50:00Z","rainfall_intensity",0,"mm/h"
"S01","2025-01-03T21:55:00Z","rainfall_intensity",0.208322176899297,"mm/h"
"S01","2025-01-03T22:00:00Z","rainfall_intensity",0,"mm/h"
"S01","2025-01-03T22:05:00Z","rainfall_intensity",0.00750112413235225,"mm/h"
"S01","2025-01-03T22:10:00Z","rainfall_intensity",0.110105261951977,"mm/h"
"S01","2025-01-03T22:15:00Z","rainfall_intensity",0,"mm/h"
"S01","2025-01-03T22:20:00Z","rainfall_intensity",0,"mm/h"
"S01","2025-01-03T22:25:00Z","rainfall_intensity",0,"mm/h"
"S01","2025-01-03T22:30:00Z","rainfall_intensity",0,"mm/h"
"S01","2025-01-03T22:35:00Z","rainfall_intensity",0,"mm/h"
"S01","2025-01-03T22:40:00Z","rainfall_intensity",0,"mm/h"
"S01","2025-01-03T22:45:00Z","rainfall_intensity",0,"mm/h"
"S01","2025-01-03T22:50:00Z","rainfall_intensity",0.0240595173020487,"mm/h"
"S01","2025-01-03T22:55:00Z","rainfall_intensity",0,"mm/h"
"S01","2024-12-31T23:00:00Z","water_level",0.00252955318450191,"m"
"S01","2024-12-31T23:05:00Z","water_level",0,"m"
"S01","2024-12-31T23:10:00Z","water_level",0.111700015187383,"m"
"S01","2024-12-31T23:15:00Z","water_level",0.0107576464347761,"m"
"S01","2024-12-31T23:20:00Z","water_level",0.0522497190218305,"m"
"S01","2024-12-31T23:25:00Z","water_level",0.112019963736751,"m"
"S01","2024-12-31T23:30:00Z","water_level",0.0597760143418761,"m"
"S01","2024-12-31T23:35:00Z","water_level",0.00858899529043027,"m"
"S01","2024-12-31T23:40:00Z","water_level",0.0527679802090705,"m"
"S01","2024-12-31T23:45:00Z","water_level",0.105206913861018,"m"
"S01","2024-12-31T23:50:00Z","water_level",0.52858094502976,"m"
"S01","2024-12-31T23:55:00Z","water_level",0.0811548948846186,"m"
"S01","2025-01-01T00:00:00Z","water_level",0.213979721424325,"m"
"S01","2025-01-01T00:05:00Z","water_level",0.45933006772829,"m"
"S01","2025-01-01T00:10:00Z","water_level",0.82736900919298,"m"
"S01","2025-01-01T00:15:00Z","water_level",0.633727910295862,"m"
"S01","2025-01-01T00:20:00Z","water_level",0.459683660187763,"m"
"S01","2025-01-01T00:25:00Z","water_level",0.478969772230491,"m"
"S01","2025-01-01T00:30:00Z","water_level",0.395140028413716,"m"
"S01","2025-01-01T00:35:00Z","water_level",0.631433622411794,"m"
"S01","2025-01-01T00:40:00Z","water_level",0.0693098030645617,"m"
"S01","2025-01-01T00:45:00Z","water_level",0.410403460994045,"m"
"S01","2025-01-01T00:50:00Z","water_level",0.133703838626547,"m"
"S01","2025-01-01T00:55:00Z","water_level",0.255585146823324,"m"
"S01","2025-01-01T01:00:00Z","water_level",0.104365361730049,"m"
"S01","2025-01-01T01:05:00Z","water_level",0.0308838334235685,"m"
"S01","2025-01-01T01:10:00Z","water_level",0.484892130300671,"m"
"S01","2025-01-01T01:15:00Z","water_level",0.379982849012951,"m"
"S01","2025-01-01T01:20:00Z","water_level",0.173435883364813,"m"
"S01","2025-01-01T01:25:00Z","water_level",0.0680392306448729,"m"
"S01","2025-01-01T01:30:00Z","water_level",0.661713588692167,"m"
"S01","2025-01-01T01:35:00Z","water_level",0.148519020495369,"m"
"S01","2025-01-01T01:40:00Z","water_level",0.122813257520504,"m"
"S01","2025-01-01T01:45:00Z","water_level",0.0522081410474414,"m"
"S01","2025-01-01T01:50:00Z","water_level",0.140705592720692,"m"
"S01","2025-01-01T01:55:00Z","water_level",0.498276339296376,"m"
"S01","2025-01-01T02:00:00Z","water_level",0.536022357164825,"m"
"S01","2025-01-01T02:05:00Z","water_level",0.952858796027516,"m"
"S01","2025-01-01T02:10:00Z","water_level",0.674297542548825,"m"
"S01","2025-01-01T02:15:00Z","water_level",0.284093330915623,"m"
"S01","2025-01-01T02:20:00Z","water_level",0.762850787701214,"m"
"S01","2025-01-01T02:25:00Z","water_level",0.353231926192213,"m"
"S01","2025-01-01T02:30:00Z","water_level",0.693786189565835,"m"
"S01","2025-01-01T02:35:00Z","water_level",0.722107339454266,"m"
"S01","2025-01-01T02:40:00Z","water_level",0.289034347586789,"m"
"S01","2025-01-01T02:45:00Z","water_level",0.297013327438206,"m"
"S01","2025-01-01T02:50:00Z","water_level",0.505421560423111,"m"
"S01","2025-01-01T02:55:00Z","water_level",0.58489379678511,"m"
"S01","2025-01-01T03:00:00Z","water_level",0.981772960439145,"m"
"S01","2025-01-01T03:05:00Z","water_level",0.453546496208135,"m"
"S01","2025-01-01T03:10:00Z","water_level",1.31350431661232,"m"
"S01","2025-01-01T03:15:00Z","water_level",0.441272746074432,"m"
"S01","2025-01-01T03:20:00Z","water_level",0.346728837795523,"m"
"S01","2025-01-01T03:25:00Z","water_level",0.0384076168576796,"m"
"S01","2025-01-01T03:30:00Z","water_level",0.228129273774321,"m"
"S01","2025-01-01T03:35:00Z","water_level",0.541607510136542,"m"
"S01","2025-01-01T03:40:00Z","water_level",0.0942253064203836,"m"
"S01","2025-01-01T03:45:00Z","water_level",0.529797832361776,"m"
"S01","2025-01-01T03:50:00Z","water_level",0.289425017279216,"m"
"S01","2025-01-01T03:55:00Z","water_level",0.935884123651975,"m"
"S01","2025-01-01T04:00:00Z","water_level",0.584725727637632,"m"
"S01","2025-01-01T04:05:00Z","water_level",1.02417867368332,"m"
"S01","2025-01-01T04:10:00Z","water_level",0.862185276578551,"m"
"S01","2025-01-01T04:15:00Z","water_level",0.492353337669665,"m"
"S01","2025-01-01T04:20:00Z","water_level",1.49887465358731,"m"
"S01","2025-01-01T04:25:00Z","water_level",0.961857368205252,"m"
"S01","2025-01-01T04:30:00Z","water_level",0.41596759401766,"m"
"S01","2025-01-01T04:35:00Z","water_level",3.15261366453103,"m"
"S01","2025-01-01T04:40:00Z","water_level",4,"m"
"S01","2025-01-01T04:45:00Z","water_level",0.756888744304046,"m"
"S01","2025-01-01T04:50:00Z","water_level",0.526707826513379,"m"
"S01","2025-01-01T04:55:00Z","water_level",0.183745479312129,"m"
"S01","2025-01-01T05:00:00Z","water_level",0.399042686062196,"m"
"S01","2025-01-01T05:05:00Z","water_level",0.693842456445499,"m"
"S01","2025-01-01T05:10:00Z","water_level",0.53415433107898,"m"
"S01","2025-01-01T05:15:00Z","water_level",0.126313473235048,"m"
"S01","2025-01-01T05:20:00Z","water_level",0.263756754920513,"m"
"S01","2025-01-01T05:25:00Z","water_level",0.256137364255103,"m"
"S01","2025-01-01T05:30:00Z","water_level",0.733284493674961,"m"
"S01","2025-01-01T05:35:00Z","water_level",0.73218099928401,"m"
"S01","2025-01-01T05:40:00Z","water_level",0.571273389910492,"m"
"S01","2025-01-01T05:45:00Z","water_level",0.439179515361977,"m"
"S01","2025-01-01T05:50:00Z","water_level",0.673609490349729,"m"
"S01","2025-01-01T05:55:00Z","water_level",0.220484365726035,"m"
"S01","2025-01-01T06:00:00Z","water_level",0.00132802103769842,"m"
"S01","2025-01-01T06:05:00Z","water_level",0.0684252817242661,"m"
"S01","2025-01-01T06:10:00Z","water_level",0.529355502530966,"m"
"S01","2025-01-01T06:15:00Z","water_level",0.240017105687104,"m"
"S01","2025-01-01T06:20:00Z","water_level",0.40310460386569,"m"
"S01","2025-01-01T06:25:00Z","water_level",1.13250393868644,"m"
"S01","2025-01-01T06:30:00Z","water_level",0.872942432824524,"m"
"S01","2025-01-01T06:35:00Z","water_level",1.4108133973942,"m"
"S01","2025-01-01T06:40:00Z","water_level",1.19128178107299,"m"
"S01","2025-01-01T06:45:00Z","water_level",0.3992918607482,"m"
"S01","2025-01-01T06:50:00Z","water_level",0.826032628880007,"m"
"S01","2025-01-01T06:55:00Z","water_level",0.211298160477112,"m"
"S01","2025-01-01T07:00:00Z","water_level",0.318192825376681,"m"
"S01","2025-01-01T07:05:00Z","water_level",0.318315686777314,"m"
"S01","2025-01-01T07:10:00Z","water_level",0.256000330154736,"m"
"S01","2025-01-01T07:15:00Z","water_level",0.54569670878824,"m"
"S01","2025-01-01T07:20:00Z","water_level",0.128977676372577,"m"
"S01","2025-01-01T07:25:00Z","water_level",0.0482299962696881,"m"
"S01","2025-01-01T07:30:00Z","water_level",0.450306603944623,"m"
"S01","2025-01-01T07:35:00Z","water_level",0.959499961925197,"m"
"S01","2025-01-01T07:40:00Z","water_level",0.160971914902047,"m"
"S01","2025-01-01T07:45:00Z","water_level",0.104619127086821,"m"
"S01","2025-01-01T07:50:00Z","water_level",0.0214749997583585,"m"
"S01","2025-01-01T07:55:00Z","water_level",0.402621448535414,"m"
"S01","2025-01-01T08:00:00Z","water_level",1.21545877855705,"m"
"S01","2025-01-01T08:05:00Z","water_level",0.423354418341546,"m"
"S01","2025-01-01T08:10:00Z","water_level",0.20967104962129,"m"
"S01","2025-01-01T08:15:00Z","water_level",0.163746725804383,"m"
"S01","2025-01-01T08:20:00Z","water_level",0.148211485091096,"m"
"S01","2025-01-01T08:25:00Z","water_level",0.0803073030242517,"m"
"S01","2025-01-01T08:30:00Z","water_level",0.342460242259906,"m"
"S01","2025-01-01T08:35:00Z","water_level",0.220574627603779,"m"
"S01","2025-01-01T08:40:00Z","water_level",0.957946794643404,"m"
"S01","2025-01-01T08:45:00Z","water_level",1.11439643541769,"m"
"S01","2025-01-01T08:50:00Z","water_level",1.66159280245076,"m"
"S01","2025-01-01T08:55:00Z","water_level",0.795320910874445,"m"
"S01","2025-01-01T09:00:00Z","water_level",1.1761309521192,"m"
"S01","2025-01-01T09:05:00Z","water_level",0.59632481099121,"m"
"S01","2025-01-01T09:10:00Z","water_level",1.74056582190216,"m"
"S01","2025-01-01T09:15:00Z","water_level",0.506553132312677,"m"
"S01","2025-01-01T09:20:00Z","water_level",0.280294713164133,"m"
"S01","2025-01-01T09:25:00Z","water_level",1.10342001120505,"m"
"S01","2025-01-01T09:30:00Z","water_level",0.615844908745284,"m"
"S01","2025-01-01T09:35:00Z","water_level",0.639246169440074,"m"
"S01","2025-01-01T09:40:00Z","water_level",0.0554362026076794,"m"
"S01","2025-01-01T09:45:00Z","water_level",0.761091559311685,"m"
"S01","2025-01-01T09:50:00Z","water_level",0.171789570699452,"m"
"S01","2025-01-01T09:55:00Z","water_level",0.309883288710063,"m"
"S01","2025-01-01T10:00:00Z","water_level",0.0876092208694687,"m"
"S01","2025-01-01T10:05:00Z","water_level",0.15168741860323,"m"
"S01","2025-01-01T10:10:00Z","water_level",1.21383450438687,"m"
"S01","2025-01-01T10:15:00Z","water_level",0.796054202408052,"m"
"S01","2025-01-01T10:20:00Z","water_level",1.75891776055825,"m"
"S01","2025-01-01T10:25:00Z","water_level",2.38556342351964,"m"
"S01","2025-01-01T10:30:00Z","water_level",1.15463619029077,"m"
"S01","2025-01-01T10:35:00Z","water_level",0.117092881675811,"m"
"S01","2025-01-01T10:40:00Z","water_level",0.36595570408252,"m"
"S01","2025-01-01T10:45:00Z","water_level",0.0203943497530317,"m"
"S01","2025-01-01T10:50:00Z","water_level",0.414571872656361,"m"
"S01","2025-01-01T10:55:00Z","water_level",0.176320033866265,"m"
"S01","2025-01-01T11:00:00Z","water_level",0.186944561058649,"m"
"S01","2025-01-01T11:05:00Z","water_level",0.126937127550926,"m"
"S01","2025-01-01T11:10:00Z","water_level",0.111315317807077,"m"
"S01","2025-01-01T11:15:00Z","water_level",0.00408921250415987,"m"
"S01","2025-01-01T11:20:00Z","water_level",0.00919769160283792,"m"
"S01","2025-01-01T11:25:00Z","water_level",0.00558515986981989,"m"
"S01","2025-01-01T11:30:00Z","water_level",0.00900403876126529,"m"
"S01","2025-01-01T11:35:00Z","water_level",0.114851253107458,"m"
"S01","2025-01-01T11:40:00Z","water_level",0.0964103538399383,"m"
"S01","2025-01-01T11:45:00Z","water_level",0.0958399624045279,"m"
"S01","2025-01-01T11:50:00Z","water_level",0.00467394713001886,"m"
"S01","2025-01-01T11:55:00Z","water_level",0.128490666327732,"m"
"S01","2025-01-01T12:00:00Z","water_level",0.549152219967147,"m"
"S01","2025-01-01T12:05:00Z","water_level",1.81962953302774,"m"
"S01","2025-01-01T12:10:00Z","water_level",1.67068261255059,"m"
"S01","2025-01-01T12:15:00Z","water_level",0.368764548121262,"m"
"S01","2025-01-01T12:20:00Z","water_level",0.277163764033414,"m"
"S01","2025-01-01T12:25:00Z","water_level",0.120826539418867,"m"
"S01","2025-01-01T12:30:00Z","water_level",0.407784747376349,"m"
"S01","2025-01-01T12:35:00Z","water_level",1.01964020405836,"m"
"S01","2025-01-01T12:40:00Z","water_level",0.493951249429373,"m"
"S01","2025-01-01T12:45:00Z","water_level",0.53807663038749,"m"
"S01","2025-01-01T12:50:00Z","water_level",0.866533417828311,"m"
"S01","2025-01-01T12:55:00Z","water_level",1.12097139245951,"m"
"S01","2025-01-01T13:00:00Z","water_level",0.929962262581881,"m"
"S01","2025-01-01T13:05:00Z","water_level",0.118890225895682,"m"
"S01","2025-01-01T13:10:00Z","water_level",0.250830342110827,"m"
"S01","2025-01-01T13:15:00Z","water_level",0.208292224416584,"m"
"S01","2025-01-01T13:20:00Z","water_level",0.125048506498994,"m"
"S01","2025-01-01T13:25:00Z","water_level",0.280584565612581,"m"
"S01","2025-01-01T13:30:00Z","water_level",0.0891111878946166,"m"
"S01","2025-01-01T13:35:00Z","water_level",0.310366684141343,"m"
"S01","2025-01-01T13:40:00Z","water_level",0.0746563054314685,"m"
"S01","2025-01-01T13:45:00Z","water_level",0.173452029372102,"m"
"S01","2025-01-01T13:50:00Z","water_level",0.423785191423771,"m"
"S01","2025-01-01T13:55:00Z","water_level",0.281991687412894,"m"
"S01","2025-01-01T14:00:00Z","water_level",0.778228678854587,"m"
"S01","2025-01-01T14:05:00Z","water_level",0.721482838127243,"m"
"S01","2025-01-01T14:10:00Z","water_level",1.42526646040718,"m"
"S01","2025-01-01T14:15:00Z","water_level",1.27229745224776,"m"
"S01","2025-01-01T14:20:00Z","water_level",1.26258085037519,"m"
"S01","2025-01-01T14:25:00Z","water_level",0.547721765739049,"m"
"S01","2025-01-01T14:30:00Z","water_level",1.09220400082107,"m"
"S01","2025-01-01T14:35:00Z","water_level",3.77860986404919,"m"
"S01","2025-01-01T14:40:00Z","water_level",2.69245149230114,"m"
"S01","2025-01-01T14:45:00Z","water_level",1.11136264406082,"m"
"S01","2025-01-01T14:50:00Z","water_level",2.90577269659537,"m"
"S01","2025-01-01T14:55:00Z","water_level",2.65336484844515,"m"
"S01","2025-01-01T15:00:00Z","water_level",3.52936291132009,"m"
"S01","2025-01-01T15:05:00Z","water_level",2.32000664215314,"m"
"S01","2025-01-01T15:10:00Z","water_level",0.764616428809355,"m"
"S01","2025-01-01T15:15:00Z","water_level",1.52222612562084,"m"
"S01","2025-01-01T15:20:00Z","water_level",1.76253123162968,"m"
"S01","2025-01-01T15:25:00Z","water_level",2.27052464234088,"m"
"S01","2025-01-01T15:30:00Z","water_level",1.76388049541181,"m"
"S01","2025-01-01T15:35:00Z","water_level",0.163043260662798,"m"
"S01","2025-01-01T15:40:00Z","water_level",0.761669663059332,"m"
"S01","2025-01-01T15:45:00Z","water_level",0.247018536783573,"m"
"S01","2025-01-01T15:50:00Z","water_level",0.346025968304293,"m"
"S01","2025-01-01T15:55:00Z","water_level",1.32803681920306,"m"
"S01","2025-01-01T16:00:00Z","water_level",0.742003929902119,"m"
"S01","2025-01-01T16:05:00Z","water_level",1.26753929043264,"m"
"S01","2025-01-01T16:10:00Z","water_level",1.90383402073254,"m"
"S01","2025-01-01T16:15:00Z","water_level",0.74846217051419,"m"
"S01","2025-01-01T16:20:00Z","water_level",0.202573173474589,"m"
"S01","2025-01-01T16:25:00Z","water_level",0.253846305134505,"m"
"S01","2025-01-01T16:30:00Z","water_level",0.634580379838363,"m"
"S01","2025-01-01T16:35:00Z","water_level",0.512309461060309,"m"
"S01","2025-01-01T16:40:00Z","water_level",0.260952663653632,"m"
"S01","2025-01-01T16:45:00Z","water_level",0.299470673986019,"m"
"S01","2025-01-01T16:50:00Z","water_level",1.05392019209587,"m"
"S01","2025-01-01T16:55:00Z","water_level",0.144845535115826,"m"
"S01","2025-01-01T17:00:00Z","water_level",0.0858867022491532,"m"
"S01","2025-01-01T17:05:00Z","water_level",0.0411453761099946,"m"
"S01","2025-01-01T17:10:00Z","water_level",0.996351750328026,"m"
"S01","2025-01-01T17:15:00Z","water_level",0.655214007234366,"m"
"S01","2025-01-01T17:20:00Z","water_level",0.217119214981047,"m"
"S01","2025-01-01T17:25:00Z","water_level",1.51770909734452,"m"
"S01","2025-01-01T17:30:00Z","water_level",1.09922332007854,"m"
"S01","2025-01-01T17:35:00Z","water_level",0.264091875528675,"m"
"S01","2025-01-01T17:40:00Z","water_level",0.18547129874345,"m"
"S01","2025-01-01T17:45:00Z","water_level",0.609795340616254,"m"
"S01","2025-01-01T17:50:00Z","water_level",0.723365723852811,"m"
"S01","2025-01-01T17:55:00Z","water_level",0.928280075857673,"m"
"S01","2025-01-01T18:00:00Z","water_level",1.14066034231862,"m"
"S01","2025-01-01T18:05:00Z","water_level",2.72967427546879,"m"
"S01","2025-01-01T18:10:00Z","water_level",1.00712327712074,"m"
"S01","2025-01-01T18:15:00Z","water_level",0.41294524532114,"m"
"S01","2025-01-01T18:20:00Z","water_level",0.710521235088119,"m"
"S01","2025-01-01T18:25:00Z","water_level",0.40911962159655,"m"
"S01","2025-01-01T18:30:00Z","water_level",0.221480927452364,"m"
"S01","2025-01-01T18:35:00Z","water_level",0.525350322050011,"m"
"S01","2025-01-01T18:40:00Z","water_level",0.845204976334675,"m"
"S01","2025-01-01T18:45:00Z","water_level",1.01862982413258,"m"
"S01","2025-01-01T18:50:00Z","water_level",0.821408346624721,"m"
"S01","2025-01-01T18:55:00Z","water_level",1.47880155196058,"m"
"S01","2025-01-01T19:00:00Z","water_level",0.946172166591966,"m"
"S01","2025-01-01T19:05:00Z","water_level",0.840097544991327,"m"
"S01","2025-01-01T19:10:00Z","water_level",1.05831536147454,"m"
"S01","2025-01-01T19:15:00Z","water_level",0.405497216825237,"m"
"S01","2025-01-01T19:20:00Z","water_level",0.272882401742177,"m"
"S01","2025-01-01T19:25:00Z","water_level",0.0628257260560518,"m"
"S01","2025-01-01T19:30:00Z","water_level",1.37106994585062,"m"
"S01","2025-01-01T19:35:00Z","water_level",0.234267612193151,"m"
"S01","2025-01-01T19:40:00Z","water_level",0.231261071234329,"m"
"S01","2025-01-01T19:45:00Z","water_level",0.79602676083059,"m"
"S01","2025-01-01T19:50:00Z","water_level",1.47840294333814,"m"
"S01","2025-01-01T19:55:00Z","water_level",0.448710248336984,"m"
"S01","2025-01-01T20:00:00Z","water_level",1.1998622024463,"m"
"S01","2025-01-01T20:05:00Z","water_level",1.10240172238312,"m"
"S01","2025-01-01T20:10:00Z","water_level",2.59944036354864,"m"
"S01","2025-01-01T20:15:00Z","water_level",1.20317744608093,"m"
"S01","2025-01-01T20:20:00Z","water_level",2.15188348444296,"m"
"S01","2025-01-01T20:25:00Z","water_level",1.02639289546179,"m"
"S01","2025-01-01T20:30:00Z","water_level",1.72187715645612,"m"
"S01","2025-01-01T20:35:00Z","water_level",1.122517164434,"m"
"S01","2025-01-01T20:40:00Z","water_level",2.054466232544,"m"
"S01","2025-01-01T20:45:00Z","water_level",1.42924460006995,"m"
"S01","2025-01-01T20:50:00Z","water_level",1.6718449693244,"m"
"S01","2025-01-01T20:55:00Z","water_level",1.49516966356324,"m"
"S01","2025-01-01T21:00:00Z","water_level",0.877330089218879,"m"
"S01","2025-01-01T21:05:00Z","water_level",0.0271038717103152,"m"
"S01","2025-01-01T21:10:00Z","water_level",0.169436586081572,"m"
"S01","2025-01-01T21:15:00Z","water_level",0.687640209488018,"m"
"S01","2025-01-01T21:20:00Z","water_level",0.121919717090821,"m"
"S01","2025-01-01T21:25:00Z","water_level",0.0950576976612385,"m"
"S01","2025-01-01T21:30:00Z","water_level",0.358343243632928,"m"
"S01","2025-01-01T21:35:00Z","water_level",0.865432008836876,"m"
"S01","2025-01-01T21:40:00Z","water_level",0.173334361483926,"m"
"S01","2025-01-01T21:45:00Z","water_level",0.486385430634769,"m"
"S01","2025-01-01T21:50:00Z","water_level",1.41479927445423,"m"
"S01","2025-01-01T21:55:00Z","water_level",0.639515055843929,"m"
"S01","2025-01-01T22:00:00Z","water_level",0.720149623670831,"m"
"S01","2025-01-01T22:05:00Z","water_level",0.141436101193283,"m"
"S01","2025-01-01T22:10:00Z","water_level",0.808319922095697,"m"
"S01","2025-01-01T22:15:00Z","water_level",0.590998115885215,"m"
"S01","2025-01-01T22:20:00Z","water_level",0.14328325396319,"m"
"S01","2025-01-01T22:25:00Z","water_level",0.210855204032961,"m"
"S01","2025-01-01T22:30:00Z","water_level",0.0630277201273203,"m"
"S01","2025-01-01T22:35:00Z","water_level",0.738608732573808,"m"
"S01","2025-01-01T22:40:00Z","water_level",0.723706769408339,"m"
"S01","2025-01-01T22:45:00Z","water_level",0.365661581541902,"m"
"S01","2025-01-01T22:50:00Z","water_level",0.206258617478102,"m"
"S01","2025-01-01T22:55:00Z","water_level",0.650514955411649,"m"
"S01","2025-01-01T23:00:00Z","water_level",1.66520352120807,"m"
"S01","2025-01-01T23:05:00Z","water_level",0.6269936239659,"m"
"S01","2025-01-01T23:10:00Z","water_level",0.781350975829737,"m"
"S01","2025-01-01T23:15:00Z","water_level",0.586944013864424,"m"
"S01","2025-01-01T23:20:00Z","water_level",0.386889512580265,"m"
"S01","2025-01-01T23:25:00Z","water_level",0.394199144237875,"m"
"S01","2025-01-01T23:30:00Z","water_level",0.335369100837251,"m"
"S01","2025-01-01T23:35:00Z","water_level",0.47053921946983,"m"
"S01","2025-01-01T23:40:00Z","water_level",0.885241158743081,"m"
"S01","2025-01-01T23:45:00Z","water_level",0.870893760513256,"m"
"S01","2025-01-01T23:50:00Z","water_level",1.76287699356819,"m"
"S01","2025-01-01T23:55:00Z","water_level",1.51287714287558,"m"
"S01","2025-01-02T00:00:00Z","water_level",1.32089979578925,"m"
"S01","2025-01-02T00:05:00Z","water_level",1.06929492102665,"m"
"S01","2025-01-02T00:10:00Z","water_level",0.462629693099836,"m"
"S01","2025-01-02T00:15:00Z","water_level",0.907036114551615,"m"
"S01","2025-01-02T00:20:00Z","water_level",0.78084745364784,"m"
"S01","2025-01-02T00:25:00Z","water_level",0.459771610094493,"m"
"S01","2025-01-02T00:30:00Z","water_level",1.22987203831494,"m"
"S01","2025-01-02T00:35:00Z","water_level",2.5104821993271,"m"
"S01","2025-01-02T00:40:00Z","water_level",0.616467612345496,"m"
"S01","2025-01-02T00:45:00Z","water_level",0.939478303133516,"m"
"S01","2025-01-02T00:50:00Z","water_level",1.58573889870586,"m"
"S01","2025-01-02T00:55:00Z","water_level",0.587782975692705,"m"
"S01","2025-01-02T01:00:00Z","water_level",0.319201591822923,"m"
"S01","2025-01-02T01:05:00Z","water_level",0.75930107712974,"m"
"S01","2025-01-02T01:10:00Z","water_level",0.0147753854311563,"m"
"S01","2025-01-02T01:15:00Z","water_level",0.342448993655294,"m"
"S01","2025-01-02T01:20:00Z","water_level",0.329529433883988,"m"
"S01","2025-01-02T01:25:00Z","water_level",0.798453475880112,"m"
"S01","2025-01-02T01:30:00Z","water_level",0.925430322125704,"m"
"S01","2025-01-02T01:35:00Z","water_level",0.122025869328783,"m"
"S01","2025-01-02T01:40:00Z","water_level",0.0685823526734267,"m"
"S01","2025-01-02T01:45:00Z","water_level",1.45753351994232,"m"
"S01","2025-01-02T01:50:00Z","water_level",0.675370244986889,"m"
"S01","2025-01-02T01:55:00Z","water_level",2.31561429901525,"m"
"S01","2025-01-02T02:00:00Z","water_level",0.786437781538928,"m"
"S01","2025-01-02T02:05:00Z","water_level",0.373087056006571,"m"
"S01","2025-01-02T02:10:00Z","water_level",0.197295262464423,"m"
"S01","2025-01-02T02:15:00Z","water_level",0.0120515368385683,"m"
"S01","2025-01-02T02:20:00Z","water_level",0.179038549314942,"m"
"S01","2025-01-02T02:25:00Z","water_level",0.28852645104723,"m"
"S01","2025-01-02T02:30:00Z","water_level",0.48155416253193,"m"
"S01","2025-01-02T02:35:00Z","water_level",0.822553311730637,"m"
"S01","2025-01-02T02:40:00Z","water_level",1.96720344351108,"m"
"S01","2025-01-02T02:45:00Z","water_level",0.925041761610545,"m"
"S01","2025-01-02T02:50:00Z","water_level",1.01358290394031,"m"
"S01","2025-01-02T02:55:00Z","water_level",0.13308262917935,"m"
"S01","2025-01-02T03:00:00Z","water_level",0.49170513219835,"m"
"S01","2025-01-02T03:05:00Z","water_level",0.306335917739852,"m"
"S01","2025-01-02T03:10:00Z","water_level",1.067661254464,"m"
"S01","2025-01-02T03:15:00Z","water_level",0.958804927918356,"m"
"S01","2025-01-02T03:20:00Z","water_level",1.01835645870878,"m"
"S01","2025-01-02T03:25:00Z","water_level",1.90283079066616,"m"
"S01","2025-01-02T03:30:00Z","water_level",1.06846500719916,"m"
"S01","2025-01-02T03:35:00Z","water_level",1.04813656275138,"m"
"S01","2025-01-02T03:40:00Z","water_level",2.30716256292402,"m"
"S01","2025-01-02T03:45:00Z","water_level",0.778981089013786,"m"
"S01","2025-01-02T03:50:00Z","water_level",0.997894314459107,"m"
"S01","2025-01-02T03:55:00Z","water_level",0.881924263838891,"m"
"S01","2025-01-02T04:00:00Z","water_level",0.0576145629230798,"m"
"S01","2025-01-02T04:05:00Z","water_level",0.0403787200715275,"m"
"S01","2025-01-02T04:10:00Z","water_level",0.122350947315264,"m"
"S01","2025-01-02T04:15:00Z","water_level",0.18468051809495,"m"
"S01","2025-01-02T04:20:00Z","water_level",0.11659727051283,"m"
"S01","2025-01-02T04:25:00Z","water_level",0.563539454522229,"m"
"S01","2025-01-02T04:30:00Z","water_level",1.01487179081549,"m"
"S01","2025-01-02T04:35:00Z","water_level",0.499359684286752,"m"
"S01","2025-01-02T04:40:00Z","water_level",0.279998900986262,"m"
"S01","2025-01-02T04:45:00Z","water_level",0.660789696019797,"m"
"S01","2025-01-02T04:50:00Z","water_level",0.910910973728821,"m"
"S01","2025-01-02T04:55:00Z","water_level",0.170909759753759,"m"
"S01","2025-01-02T05:00:00Z","water_level",0.0779716803566779,"m"
"S01","2025-01-02T05:05:00Z","water_level",1.06954955031525,"m"
"S01","2025-01-02T05:10:00Z","water_level",0.674124653859766,"m"
"S01","2025-01-02T05:15:00Z","water_level",1.95134258273108,"m"
"S01","2025-01-02T05:20:00Z","water_level",1.12265291626438,"m"
"S01","2025-01-02T05:25:00Z","water_level",0.761207973970208,"m"
"S01","2025-01-02T05:30:00Z","water_level",0.750352755826721,"m"
"S01","2025-01-02T05:35:00Z","water_level",0.421736820464128,"m"
"S01","2025-01-02T05:40:00Z","water_level",0.583762901967075,"m"
"S01","2025-01-02T05:45:00Z","water_level",1.26938925387985,"m"
"S01","2025-01-02T05:50:00Z","water_level",0.733164196473558,"m"
"S01","2025-01-02T05:55:00Z","water_level",0.486909767404486,"m"
"S01","2025-01-02T06:00:00Z","water_level",0.175697094803538,"m"
"S01","2025-01-02T06:05:00Z","water_level",0.229101228293008,"m"
"S01","2025-01-02T06:10:00Z","water_level",0.321840512898097,"m"
"S01","2025-01-02T06:15:00Z","water_level",0.0720235536208603,"m"
"S01","2025-01-02T06:20:00Z","water_level",0.289332491827216,"m"
"S01","2025-01-02T06:25:00Z","water_level",0.366075975009273,"m"
"S01","2025-01-02T06:30:00Z","water_level",0.478361371082693,"m"
"S01","2025-01-02T06:35:00Z","water_level",1.99986608149951,"m"
"S01","2025-01-02T06:40:00Z","water_level",1.35091295004524,"m"
"S01","2025-01-02T06:45:00Z","water_level",0.454314733080208,"m"
"S01","2025-01-02T06:50:00Z","water_level",0.0415110123324731,"m"
"S01","2025-01-02T06:55:00Z","water_level",0.0947830506915007,"m"
"S01","2025-01-02T07:00:00Z","water_level",0.0349082216170219,"m"
"S01","2025-01-02T07:05:00Z","water_level",0.422002444700474,"m"
"S01","2025-01-02T07:10:00Z","water_level",0.482016772807391,"m"
"S01","2025-01-02T07:15:00Z","water_level",0.285361183365788,"m"
"S01","2025-01-02T07:20:00Z","water_level",0.139103117100795,"m"
"S01","2025-01-02T07:25:00Z","water_level",0.64874233831816,"m"
"S01","2025-01-02T07:30:00Z","water_level",0.641162511234236,"m"
"S01","2025-01-02T07:35:00Z","water_level",0.928547171415546,"m"
"S01","2025-01-02T07:40:00Z","water_level",0.876220331924855,"m"
"S01","2025-01-02T07:45:00Z","water_level",0.124639836615793,"m"
"S01","2025-01-02T07:50:00Z","water_level",0.500533573797772,"m"
"S01","2025-01-02T07:55:00Z","water_level",0.926228260197212,"m"
"S01","2025-01-02T08:00:00Z","water_level",0.816541273890696,"m"
"S01","2025-01-02T08:05:00Z","water_level",2.40898320869542,"m"
"S01","2025-01-02T08:10:00Z","water_level",2.70794699345797,"m"
"S01","2025-01-02T08:15:00Z","water_level",2.1785709339767,"m"
"S01","2025-01-02T08:20:00Z","water_level",1.30148419832201,"m"
"S01","2025-01-02T08:25:00Z","water_level",0.56981236348438,"m"
"S01","2025-01-02T08:30:00Z","water_level",1.10089124718539,"m"
"S01","2025-01-02T08:35:00Z","water_level",1.3724408484299,"m"
"S01","2025-01-02T08:40:00Z","water_level",1.29608952052566,"m"
"S01","2025-01-02T08:45:00Z","water_level",0.734672994921356,"m"
"S01","2025-01-02T08:50:00Z","water_level",0.937316633504501,"m"
"S01","2025-01-02T08:55:00Z","water_level",0.116650274851911,"m"
"S01","2025-01-02T09:00:00Z","water_level",0.059123002244269,"m"
"S01","2025-01-02T09:05:00Z","water_level",0.315802297541457,"m"
"S01","2025-01-02T09:10:00Z","water_level",0.328901749134825,"m"
"S01","2025-01-02T09:15:00Z","water_level",0.154327886903598,"m"
"S01","2025-01-02T09:20:00Z","water_level",0.436208486988272,"m"
"S01","2025-01-02T09:25:00Z","water_level",0.223662853850624,"m"
"S01","2025-01-02T09:30:00Z","water_level",0.381464580891015,"m"
"S01","2025-01-02T09:35:00Z","water_level",0.285311303800717,"m"
"S01","2025-01-02T09:40:00Z","water_level",0.140580833251164,"m"
"S01","2025-01-02T09:45:00Z","water_level",0.305020045414024,"m"
"S01","2025-01-02T09:50:00Z","water_level",0.297467686172582,"m"
"S01","2025-01-02T09:55:00Z","water_level",0.281077007932298,"m"
"S01","2025-01-02T10:00:00Z","water_level",0.704232145778044,"m"
"S01","2025-01-02T10:05:00Z","water_level",2.15959825682508,"m"
"S01","2025-01-02T10:10:00Z","water_level",1.49306935566155,"m"
"S01","2025-01-02T10:15:00Z","water_level",0.941846769902178,"m"
"S01","2025-01-02T10:20:00Z","water_level",1.38451976372948,"m"
"S01","2025-01-02T10:25:00Z","water_level",0.562736218376306,"m"
"S01","2025-01-02T10:30:00Z","water_level",0.646706124012443,"m"
"S01","2025-01-02T10:35:00Z","water_level",0.18376438957597,"m"
"S01","2025-01-02T10:40:00Z","water_level",0.277930616470316,"m"
"S01","2025-01-02T10:45:00Z","water_level",0.513671469855504,"m"
"S01","2025-01-02T10:50:00Z","water_level",0.832215430020457,"m"
"S01","2025-01-02T10:55:00Z","water_level",0.368309161544686,"m"
"S01","2025-01-02T11:00:00Z","water_level",0.176279709318845,"m"
"S01","2025-01-02T11:05:00Z","water_level",0.801912864876706,"m"
"S01","2025-01-02T11:10:00Z","water_level",1.30720842302745,"m"
"S01","2025-01-02T11:15:00Z","water_level",1.71538656092912,"m"
"S01","2025-01-02T11:20:00Z","water_level",2.00456800811204,"m"
"S01","2025-01-02T11:25:00Z","water_level",1.16301777189964,"m"
"S01","2025-01-02T11:30:00Z","water_level",0.921777173330722,"m"
"S01","2025-01-02T11:35:00Z","water_level",0.351499365627967,"m"
"S01","2025-01-02T11:40:00Z","water_level",0.0108394215573816,"m"
"S01","2025-01-02T11:45:00Z","water_level",0.0610373804765611,"m"
"S01","2025-01-02T11:50:00Z","water_level",0.0870700113028439,"m"
"S01","2025-01-02T11:55:00Z","water_level",0.0154601705253452,"m"
"S01","2025-01-02T12:00:00Z","water_level",0.1071767667966,"m"
"S01","2025-01-02T12:05:00Z","water_level",0.0630261781659611,"m"
"S01","2025-01-02T12:10:00Z","water_level",0.579022012913507,"m"
"S01","2025-01-02T12:15:00Z","water_level",0.0710012235940763,"m"
"S01","2025-01-02T12:20:00Z","water_level",1.23237026776704,"m"
"S01","2025-01-02T12:25:00Z","water_level",0.667834109155235,"m"
"S01","2025-01-02T12:30:00Z","water_level",0.318894798169441,"m"
"S01","2025-01-02T12:35:00Z","water_level",0.0929902505769824,"m"
"S01","2025-01-02T12:40:00Z","water_level",0.227721872952946,"m"
"S01","2025-01-02T12:45:00Z","water_level",0.127052487203783,"m"
"S01","2025-01-02T12:50:00Z","water_level",0.412918520181779,"m"
"S01","2025-01-02T12:55:00Z","water_level",0.25318338229755,"m"
"S01","2025-01-02T13:00:00Z","water_level",0.255199279811551,"m"
"S01","2025-01-02T13:05:00Z","water_level",0.133255164494231,"m"
"S01","2025-01-02T13:10:00Z","water_level",0.121527792124745,"m"
"S01","2025-01-02T13:15:00Z","water_level",0.0695046058804674,"m"
"S01","2025-01-02T13:20:00Z","water_level",0.336210674648782,"m"
"S01","2025-01-02T13:25:00Z","water_level",0.525619333465957,"m"
"S01","2025-01-02T13:30:00Z","water_level",0.526674430422173,"m"
"S01","2025-01-02T13:35:00Z","water_level",0.961483281504204,"m"
"S01","2025-01-02T13:40:00Z","water_level",0.276965281560797,"m"
"S01","2025-01-02T13:45:00Z","water_level",0.710234298814939,"m"
"S01","2025-01-02T13:50:00Z","water_level",0.804154024192133,"m"
"S01","2025-01-02T13:55:00Z","water_level",0.124074510900001,"m"
"S01","2025-01-02T14:00:00Z","water_level",0.0696310997350697,"m"
"S01","2025-01-02T14:05:00Z","water_level",0.163078287825262,"m"
"S01","2025-01-02T14:10:00Z","water_level",0.610239674923946,"m"
"S01","2025-01-02T14:15:00Z","water_level",0.198414138216597,"m"
"S01","2025-01-02T14:20:00Z","water_level",0.46815336091574,"m"
"S01","2025-01-02T14:25:00Z","water_level",0.403354984931884,"m"
"S01","2025-01-02T14:30:00Z","water_level",0.303717935003657,"m"
"S01","2025-01-02T14:35:00Z","water_level",0.369477944550561,"m"
"S01","2025-01-02T14:40:00Z","water_level",0.0124651174767756,"m"
"S01","2025-01-02T14:45:00Z","water_level",0.665054835877965,"m"
"S01","2025-01-02T14:50:00Z","water_level",0.00229600273958689,"m"
"S01","2025-01-02T14:55:00Z","water_level",0.054733838088307,"m"
"S01","2025-01-02T15:00:00Z","water_level",0.0706397827843768,"m"
"S01","2025-01-02T15:05:00Z","water_level",0.368916466734009,"m"
"S01","2025-01-02T15:10:00Z","water_level",0.403844520707832,"m"
"S01","2025-01-02T15:15:00Z","water_level",0.144271767773201,"m"
"S01","2025-01-02T15:20:00Z","water_level",0.333137422383243,"m"
"S01","2025-01-02T15:25:00Z","water_level",0.303655680520314,"m"
"S01","2025-01-02T15:30:00Z","water_level",0.805740462228032,"m"
"S01","2025-01-02T15:35:00Z","water_level",0.507155121780632,"m"
"S01","2025-01-02T15:40:00Z","water_level",1.45829211274812,"m"
"S01","2025-01-02T15:45:00Z","water_level",0.544837147296268,"m"
"S01","2025-01-02T15:50:00Z","water_level",0.162854777416986,"m"
"S01","2025-01-02T15:55:00Z","water_level",1.05247963331224,"m"
"S01","2025-01-02T16:00:00Z","water_level",0.84983389621069,"m"
"S01","2025-01-02T16:05:00Z","water_level",0.227554954117147,"m"
"S01","2025-01-02T16:10:00Z","water_level",1.18502837606977,"m"
"S01","2025-01-02T16:15:00Z","water_level",0.47449713526815,"m"
"S01","2025-01-02T16:20:00Z","water_level",0.620388766534634,"m"
"S01","2025-01-02T16:25:00Z","water_level",0.644746160960736,"m"
"S01","2025-01-02T16:30:00Z","water_level",0.385810450375385,"m"
"S01","2025-01-02T16:35:00Z","water_level",0.195633379018338,"m"
"S01","2025-01-02T16:40:00Z","water_level",0.183853788353174,"m"
"S01","2025-01-02T16:45:00Z","water_level",0.427908906243528,"m"
"S01","2025-01-02T16:50:00Z","water_level",1.33116574465063,"m"
"S01","2025-01-02T16:55:00Z","water_level",2.73105888252816,"m"
"S01","2025-01-02T17:00:00Z","water_level",1.44391489510748,"m"
"S01","2025-01-02T17:05:00Z","water_level",0.339289901577166,"m"
"S01","2025-01-02T17:10:00Z","water_level",1.08130715612696,"m"
"S01","2025-01-02T17:15:00Z","water_level",0.619162097111629,"m"
"S01","2025-01-02T17:20:00Z","water_level",1.06858830916407,"m"
"S01","2025-01-02T17:25:00Z","water_level",1.63771986597111,"m"
"S01","2025-01-02T17:30:00Z","water_level",1.01661345460231,"m"
"S01","2025-01-02T17:35:00Z","water_level",1.04041507002349,"m"
"S01","2025-01-02T17:40:00Z","water_level",0.0496151637744361,"m"
"S01","2025-01-02T17:45:00Z","water_level",0.606115896629746,"m"
"S01","2025-01-02T17:50:00Z","water_level",0.68231568130469,"m"
"S01","2025-01-02T17:55:00Z","water_level",1.65030329449715,"m"
"S01","2025-01-02T18:00:00Z","water_level",0.550172883636519,"m"
"S01","2025-01-02T18:05:00Z","water_level",0.080026742599541,"m"
"S01","2025-01-02T18:10:00Z","water_level",0.215182201011723,"m"
"S01","2025-01-02T18:15:00Z","water_level",0.0394863514923101,"m"
"S01","2025-01-02T18:20:00Z","water_level",0.128213750544583,"m"
"S01","2025-01-02T18:25:00Z","water_level",0.175465069943789,"m"
"S01","2025-01-02T18:30:00Z","water_level",0.122714960420115,"m"
"S01","2025-01-02T18:35:00Z","water_level",0.108323106757716,"m"
"S01","2025-01-02T18:40:00Z","water_level",0.754058484372286,"m"
"S01","2025-01-02T18:45:00Z","water_level",0.188396513597296,"m"
"S01","2025-01-02T18:50:00Z","water_level",0.0409526831100625,"m"
"S01","2025-01-02T18:55:00Z","water_level",1.02959879245278,"m"
"S01","2025-01-02T19:00:00Z","water_level",0.344468221395122,"m"
"S01","2025-01-02T19:05:00Z","water_level",0.295131150795777,"m"
"S01","2025-01-02T19:10:00Z","water_level",0.0545522449119257,"m"
"S01","2025-01-02T19:15:00Z","water_level",0.516715852740105,"m"
"S01","2025-01-02T19:20:00Z","water_level",0.0705870709648862,"m"
"S01","2025-01-02T19:25:00Z","water_level",0.200433136991797,"m"
"S01","2025-01-02T19:30:00Z","water_level",0.175895002170088,"m"
"S01","2025-01-02T19:35:00Z","water_level",0.0967945717901103,"m"
"S01","2025-01-02T19:40:00Z","water_level",0.117236009513816,"m"
"S01","2025-01-02T19:45:00Z","water_level",0.0352777339690876,"m"
"S01","2025-01-02T19:50:00Z","water_level",0.0834761889001976,"m"
"S01","2025-01-02T19:55:00Z","water_level",0.237187255137359,"m"
"S01","2025-01-02T20:00:00Z","water_level",0.437659706993137,"m"
"S01","2025-01-02T20:05:00Z","water_level",0.313092878072312,"m"
"S01","2025-01-02T20:10:00Z","water_level",0.506171989014238,"m"
"S01","2025-01-02T20:15:00Z","water_level",1.40363456494431,"m"
"S01","2025-01-02T20:20:00Z","water_level",0.184580653071017,"m"
"S01","2025-01-02T20:25:00Z","water_level",0.576482480829801,"m"
"S01","2025-01-02T20:30:00Z","water_level",0.116212826057709,"m"
"S01","2025-01-02T20:35:00Z","water_level",0.0498924444579434,"m"
"S01","2025-01-02T20:40:00Z","water_level",0.462389212882299,"m"
"S01","2025-01-02T20:45:00Z","water_level",0.794816025834902,"m"
"S01","2025-01-02T20:50:00Z","water_level",0.180732877597352,"m"
"S01","2025-01-02T20:55:00Z","water_level",0.0146745181090302,"m"
"S01","2025-01-02T21:00:00Z","water_level",0.117000240869538,"m"
"S01","2025-01-02T21:05:00Z","water_level",0.337480307022778,"m"
"S01","2025-01-02T21:10:00Z","water_level",0.290553282712782,"m"
"S01","2025-01-02T21:15:00Z","water_level",0.817064162657086,"m"
"S01","2025-01-02T21:20:00Z","water_level",0.352949449045307,"m"
"S01","2025-01-02T21:25:00Z","water_level",1.62190916581128,"m"
"S01","2025-01-02T21:30:00Z","water_level",1.12249251223667,"m"
"S01","2025-01-02T21:35:00Z","water_level",0.603380598608359,"m"
"S01","2025-01-02T21:40:00Z","water_level",0.283247316485718,"m"
"S01","2025-01-02T21:45:00Z","water_level",0.920496975762444,"m"
"S01","2025-01-02T21:50:00Z","water_level",0.413059324011855,"m"
"S01","2025-01-02T21:55:00Z","water_level",0.135439345334952,"m"
"S01","2025-01-02T22:00:00Z","water_level",0.47294899139955,"m"
"S01","2025-01-02T22:05:00Z","water_level",0.588081512010925,"m"
"S01","2025-01-02T22:10:00Z","water_level",0.877552212651291,"m"
"S01","2025-01-02T22:15:00Z","water_level",0.109034431464432,"m"
"S01","2025-01-02T22:20:00Z","water_level",0.154950111048408,"m"
"S01","2025-01-02T22:25:00Z","water_level",0.336337736145295,"m"
"S01","2025-01-02T22:30:00Z","water_level",0.0778697290372176,"m"
"S01","2025-01-02T22:35:00Z","water_level",0.179934023694355,"m"
"S01","2025-01-02T22:40:00Z","water_level",0.565901439100391,"m"
"S01","2025-01-02T22:45:00Z","water_level",0.320991686192836,"m"
"S01","2025-01-02T22:50:00Z","water_level",0.689424856454245,"m"
"S01","2025-01-02T22:55:00Z","water_level",0.476684480002077,"m"
"S01","2025-01-02T23:00:00Z","water_level",0.667244029830561,"m"
"S01","2025-01-02T23:05:00Z","water_level",0.579590422188148,"m"
"S01","2025-01-02T23:10:00Z","water_level",0.101662433016189,"m"
"S01","2025-01-02T23:15:00Z","water_level",0.737444892484912,"m"
"S01","2025-01-02T23:20:00Z","water_level",0.13655741726519,"m"
"S01","2025-01-02T23:25:00Z","water_level",1.09749755533578,"m"
"S01","2025-01-02T23:30:00Z","water_level",0.365460352714176,"m"
"S01","2025-01-02T23:35:00Z","water_level",0.752805735960912,"m"
"S01","2025-01-02T23:40:00Z","water_level",1.21371247030626,"m"
"S01","2025-01-02T23:45:00Z","water_level",0.398798289599733,"m"
"S01","2025-01-02T23:50:00Z","water_level",0.164549138553652,"m"
"S01","2025-01-02T23:55:00Z","water_level",0.0450966720397511,"m"
"S01","2025-01-03T00:00:00Z","water_level",0.729916110276232,"m"
"S01","2025-01-03T00:05:00Z","water_level",0.430337124754398,"m"
"S01","2025-01-03T00:10:00Z","water_level",0.311117296302111,"m"
"S01","2025-01-03T00:15:00Z","water_level",1.12002491333638,"m"
"S01","2025-01-03T00:20:00Z","water_level",0.899093111074529,"m"
"S01","2025-01-03T00:25:00Z","water_level",0.872832542260187,"m"
"S01","2025-01-03T00:30:00Z","water_level",1.07143357962117,"m"
"S01","2025-01-03T00:35:00Z","water_level",0.51960737131094,"m"
"S01","2025-01-03T00:40:00Z","water_level",0.909645711660596,"m"
"S01","2025-01-03T00:45:00Z","water_level",2.09141268387188,"m"
"S01","2025-01-03T00:50:00Z","water_level",1.48623467290767,"m"
"S01","2025-01-03T00:55:00Z","water_level",1.47601363794018,"m"
"S01","2025-01-03T01:00:00Z","water_level",0.860080582849802,"m"
"S01","2025-01-03T01:05:00Z","water_level",0.18540753030567,"m"
"S01","2025-01-03T01:10:00Z","water_level",0.607422867334666,"m"
"S01","2025-01-03T01:15:00Z","water_level",0.0413877001535396,"m"
"S01","2025-01-03T01:20:00Z","water_level",0.102866386667737,"m"
"S01","2025-01-03T01:25:00Z","water_level",0.28696819838692,"m"
"S01","2025-01-03T01:30:00Z","water_level",0.417893433518909,"m"
"S01","2025-01-03T01:35:00Z","water_level",0.0664276464833216,"m"
"S01","2025-01-03T01:40:00Z","water_level",0.515815818128316,"m"
"S01","2025-01-03T01:45:00Z","water_level",1.45494151195704,"m"
"S01","2025-01-03T01:50:00Z","water_level",0.569597510192446,"m"
"S01","2025-01-03T01:55:00Z","water_level",0.386722368837678,"m"
"S01","2025-01-03T02:00:00Z","water_level",1.01282298935782,"m"
"S01","2025-01-03T02:05:00Z","water_level",0.254782902710003,"m"
"S01","2025-01-03T02:10:00Z","water_level",1.0048488273079,"m"
"S01","2025-01-03T02:15:00Z","water_level",0.266027118880824,"m"
"S01","2025-01-03T02:20:00Z","water_level",0.315669541698724,"m"
"S01","2025-01-03T02:25:00Z","water_level",0.446628999455043,"m"
"S01","2025-01-03T02:30:00Z","water_level",0.651543333421558,"m"
"S01","2025-01-03T02:35:00Z","water_level",0.668159096128854,"m"
"S01","2025-01-03T02:40:00Z","water_level",0.157665593847544,"m"
"S01","2025-01-03T02:45:00Z","water_level",0.42585143349937,"m"
"S01","2025-01-03T02:50:00Z","water_level",0.395862160291088,"m"
"S01","2025-01-03T02:55:00Z","water_level",1.82666981896742,"m"
"S01","2025-01-03T03:00:00Z","water_level",1.06769256267579,"m"
"S01","2025-01-03T03:05:00Z","water_level",0.586210741208277,"m"
"S01","2025-01-03T03:10:00Z","water_level",0.0682219864393139,"m"
"S01","2025-01-03T03:15:00Z","water_level",0.0447404490784504,"m"
"S01","2025-01-03T03:20:00Z","water_level",0.160752442791588,"m"
"S01","2025-01-03T03:25:00Z","water_level",1.23641907466407,"m"
"S01","2025-01-03T03:30:00Z","water_level",0.187202573376587,"m"
"S01","2025-01-03T03:35:00Z","water_level",0.866026176158064,"m"
"S01","2025-01-03T03:40:00Z","water_level",0.496961505170502,"m"
"S01","2025-01-03T03:45:00Z","water_level",0.288105177278808,"m"
"S01","2025-01-03T03:50:00Z","water_level",0.152793229958248,"m"
"S01","2025-01-03T03:55:00Z","water_level",0.374008542249732,"m"
"S01","2025-01-03T04:00:00Z","water_level",0.293832223771773,"m"
"S01","2025-01-03T04:05:00Z","water_level",0.447831132587109,"m"
"S01","2025-01-03T04:10:00Z","water_level",0.401952516884116,"m"
"S01","2025-01-03T04:15:00Z","water_level",0.444083264696748,"m"
"S01","2025-01-03T04:20:00Z","water_level",0.337123078775771,"m"
"S01","2025-01-03T04:25:00Z","water_level",0.616252902739168,"m"
"S01","2025-01-03T04:30:00Z","water_level",1.10393009147453,"m"
"S01","2025-01-03T04:35:00Z","water_level",1.31547748553996,"m"
"S01","2025-01-03T04:40:00Z","water_level",3.84340333294902,"m"
"S01","2025-01-03T04:45:00Z","water_level",0.808122462866423,"m"
"S01","2025-01-03T04:50:00Z","water_level",1.31920235164614,"m"
"S01","2025-01-03T04:55:00Z","water_level",0.546348815700966,"m"
"S01","2025-01-03T05:00:00Z","water_level",0.687304354970285,"m"
"S01","2025-01-03T05:05:00Z","water_level",0.299365452248142,"m"
"S01","2025-01-03T05:10:00Z","water_level",0.520759323356658,"m"
"S01","2025-01-03T05:15:00Z","water_level",0.489468791501881,"m"
"S01","2025-01-03T05:20:00Z","water_level",0.718142227935303,"m"
"S01","2025-01-03T05:25:00Z","water_level",0.595703428830939,"m"
"S01","2025-01-03T05:30:00Z","water_level",0.846633474828702,"m"
"S01","2025-01-03T05:35:00Z","water_level",0.162972584000709,"m"
"S01","2025-01-03T05:40:00Z","water_level",0.0811787275308784,"m"
"S01","2025-01-03T05:45:00Z","water_level",0.0902773711983828,"m"
"S01","2025-01-03T05:50:00Z","water_level",1.08056057036833,"m"
"S01","2025-01-03T05:55:00Z","water_level",0.316063432659036,"m"
"S01","2025-01-03T06:00:00Z","water_level",0.175738945271077,"m"
"S01","2025-01-03T06:05:00Z","water_level",0.462752063708672,"m"
"S01","2025-01-03T06:10:00Z","water_level",1.13342150211582,"m"
"S01","2025-01-03T06:15:00Z","water_level",0.78221605767173,"m"
"S01","2025-01-03T06:20:00Z","water_level",0.428056844467053,"m"
"S01","2025-01-03T06:25:00Z","water_level",0.186623066918259,"m"
"S01","2025-01-03T06:30:00Z","water_level",0.0859301813468507,"m"
"S01","2025-01-03T06:35:00Z","water_level",0.164597605566629,"m"
"S01","2025-01-03T06:40:00Z","water_level",0.0246980357272261,"m"
"S01","2025-01-03T06:45:00Z","water_level",0.446853461074668,"m"
"S01","2025-01-03T06:50:00Z","water_level",1.03826107396082,"m"
"S01","2025-01-03T06:55:00Z","water_level",0.0783543723298234,"m"
"S01","2025-01-03T07:00:00Z","water_level",0.419954374490496,"m"
"S01","2025-01-03T07:05:00Z","water_level",0.916739077393286,"m"
"S01","2025-01-03T07:10:00Z","water_level",0.696172674616124,"m"
"S01","2025-01-03T07:15:00Z","water_level",1.71142570070364,"m"
"S01","2025-01-03T07:20:00Z","water_level",0.617265152849735,"m"
"S01","2025-01-03T07:25:00Z","water_level",0.146448112365603,"m"
"S01","2025-01-03T07:30:00Z","water_level",0.117370358316153,"m"
"S01","2025-01-03T07:35:00Z","water_level",0.243849084659631,"m"
"S01","2025-01-03T07:40:00Z","water_level",0.0145484368686803,"m"
"S01","2025-01-03T07:45:00Z","water_level",0.202071188472852,"m"
"S01","2025-01-03T07:50:00Z","water_level",0.249389513884651,"m"
"S01","2025-01-03T07:55:00Z","water_level",0.49896144455387,"m"
"S01","2025-01-03T08:00:00Z","water_level",0.361283740375249,"m"
"S01","2025-01-03T08:05:00Z","water_level",0.491367964396274,"m"
"S01","2025-01-03T08:10:00Z","water_level",0.514788361196333,"m"
"S01","2025-01-03T08:15:00Z","water_level",0.515457098045605,"m"
"S01","2025-01-03T08:20:00Z","water_level",0.386699264710817,"m"
"S01","2025-01-03T08:25:00Z","water_level",0.27674508709767,"m"
"S01","2025-01-03T08:30:00Z","water_level",0.0792919105968081,"m"
"S01","2025-01-03T08:35:00Z","water_level",0.137729940191363,"m"
"S01","2025-01-03T08:40:00Z","water_level",0.0705990131280072,"m"
"S01","2025-01-03T08:45:00Z","water_level",0.0446262675490226,"m"
"S01","2025-01-03T08:50:00Z","water_level",0.11227249670419,"m"
"S01","2025-01-03T08:55:00Z","water_level",0.17889162413575,"m"
"S01","2025-01-03T09:00:00Z","water_level",0.0565457437600779,"m"
"S01","2025-01-03T09:05:00Z","water_level",0.117248393845703,"m"
"S01","2025-01-03T09:10:00Z","water_level",0.734994652286014,"m"
"S01","2025-01-03T09:15:00Z","water_level",0.279293923634652,"m"
"S01","2025-01-03T09:20:00Z","water_level",0.313860481426879,"m"
"S01","2025-01-03T09:25:00Z","water_level",0.283181277902702,"m"
"S01","2025-01-03T09:30:00Z","water_level",0.285759513413666,"m"
"S01","2025-01-03T09:35:00Z","water_level",1.06327050366838,"m"
"S01","2025-01-03T09:40:00Z","water_level",1.02474007108087,"m"
"S01","2025-01-03T09:45:00Z","water_level",0.136181962485966,"m"
"S01","2025-01-03T09:50:00Z","water_level",0.0381900166126593,"m"
"S01","2025-01-03T09:55:00Z","water_level",0.0477464306422333,"m"
"S01","2025-01-03T10:00:00Z","water_level",0.146863643831526,"m"
"S01","2025-01-03T10:05:00Z","water_level",0.143652240893956,"m"
"S01","2025-01-03T10:10:00Z","water_level",0.600236839176464,"m"
"S01","2025-01-03T10:15:00Z","water_level",0.474468128434691,"m"
"S01","2025-01-03T10:20:00Z","water_level",0.286954223922764,"m"
"S01","2025-01-03T10:25:00Z","water_level",0.162302749900441,"m"
"S01","2025-01-03T10:30:00Z","water_level",0.26292697453385,"m"
"S01","2025-01-03T10:35:00Z","water_level",0.124291252662771,"m"
"S01","2025-01-03T10:40:00Z","water_level",0.26615412476647,"m"
"S01","2025-01-03T10:45:00Z","water_level",1.47657973420582,"m"
"S01","2025-01-03T10:50:00Z","water_level",0.439870572612493,"m"
"S01","2025-01-03T10:55:00Z","water_level",0.53304408103541,"m"
"S01","2025-01-03T11:00:00Z","water_level",0.0499941303251996,"m"
"S01","2025-01-03T11:05:00Z","water_level",0.134672042072843,"m"
"S01","2025-01-03T11:10:00Z","water_level",0.173559377919859,"m"
"S01","2025-01-03T11:15:00Z","water_level",0.748018705687459,"m"
"S01","2025-01-03T11:20:00Z","water_level",0.438498786413552,"m"
"S01","2025-01-03T11:25:00Z","water_level",0.289077245179183,"m"
"S01","2025-01-03T11:30:00Z","water_level",0.0675859885484819,"m"
"S01","2025-01-03T11:35:00Z","water_level",0.123917275233641,"m"
"S01","2025-01-03T11:40:00Z","water_level",0.350546990094311,"m"
"S01","2025-01-03T11:45:00Z","water_level",1.39020591829853,"m"
"S01","2025-01-03T11:50:00Z","water_level",0.1052790441346,"m"
"S01","2025-01-03T11:55:00Z","water_level",0.173566496727761,"m"
"S01","2025-01-03T12:00:00Z","water_level",0.0283271643275799,"m"
"S01","2025-01-03T12:05:00Z","water_level",0.0210189187679883,"m"
"S01","2025-01-03T12:10:00Z","water_level",0.233917026647244,"m"
"S01","2025-01-03T12:15:00Z","water_level",0.139973387257492,"m"
"S01","2025-01-03T12:20:00Z","water_level",0.522085078819771,"m"
"S01","2025-01-03T12:25:00Z","water_level",0.746818778151843,"m"
"S01","2025-01-03T12:30:00Z","water_level",0.238636162406837,"m"
"S01","2025-01-03T12:35:00Z","water_level",0.0904143879218099,"m"
"S01","2025-01-03T12:40:00Z","water_level",0.23124159745889,"m"
"S01","2025-01-03T12:45:00Z","water_level",0.123721575647616,"m"
"S01","2025-01-03T12:50:00Z","water_level",0.24420654847198,"m"
"S01","2025-01-03T12:55:00Z","water_level",0.0876875318132931,"m"
"S01","2025-01-03T13:00:00Z","water_level",0.230649421711848,"m"
"S01","2025-01-03T13:05:00Z","water_level",1.37815108251183,"m"
"S01","2025-01-03T13:10:00Z","water_level",2.91204345631452,"m"
"S01","2025-01-03T13:15:00Z","water_level",0.757170226281293,"m"
"S01","2025-01-03T13:20:00Z","water_level",1.44334114455303,"m"
"S01","2025-01-03T13:25:00Z","water_level",1.7754980293029,"m"
"S01","2025-01-03T13:30:00Z","water_level",0.25589080954075,"m"
"S01","2025-01-03T13:35:00Z","water_level",1.03431778674761,"m"
"S01","2025-01-03T13:40:00Z","water_level",0.248562244446311,"m"
"S01","2025-01-03T13:45:00Z","water_level",0.527657529000688,"m"
"S01","2025-01-03T13:50:00Z","water_level",0.812612883098751,"m"
"S01","2025-01-03T13:55:00Z","water_level",1.03202797693503,"m"
"S01","2025-01-03T14:00:00Z","water_level",1.03085013102511,"m"
"S01","2025-01-03T14:05:00Z","water_level",1.81729733444866,"m"
"S01","2025-01-03T14:10:00Z","water_level",0.715716312271158,"m"
"S01","2025-01-03T14:15:00Z","water_level",2.36177324077394,"m"
"S01","2025-01-03T14:20:00Z","water_level",2.2163282699213,"m"
"S01","2025-01-03T14:25:00Z","water_level",0.959846744517315,"m"
"S01","2025-01-03T14:30:00Z","water_level",0.275599854934976,"m"
"S01","2025-01-03T14:35:00Z","water_level",0.74156801544227,"m"
"S01","2025-01-03T14:40:00Z","water_level",1.13916279157462,"m"
"S01","2025-01-03T14:45:00Z","water_level",0.562052004583018,"m"
"S01","2025-01-03T14:50:00Z","water_level",0.586362069946996,"m"
"S01","2025-01-03T14:55:00Z","water_level",0.618880909143385,"m"
"S01","2025-01-03T15:00:00Z","water_level",0.912671039807726,"m"
"S01","2025-01-03T15:05:00Z","water_level",0.706429724709063,"m"
"S01","2025-01-03T15:10:00Z","water_level",0.384267603336045,"m"
"S01","2025-01-03T15:15:00Z","water_level",0.185754769275906,"m"
"S01","2025-01-03T15:20:00Z","water_level",0.659976256689898,"m"
"S01","2025-01-03T15:25:00Z","water_level",0.691577281503118,"m"
"S01","2025-01-03T15:30:00Z","water_level",0.662511301034882,"m"
"S01","2025-01-03T15:35:00Z","water_level",0.320453761714492,"m"
"S01","2025-01-03T15:40:00Z","water_level",0.235956483693525,"m"
"S01","2025-01-03T15:45:00Z","water_level",0.738147748863503,"m"
"S01","2025-01-03T15:50:00Z","water_level",0.342343993157926,"m"
"S01","2025-01-03T15:55:00Z","water_level",0.111844684455857,"m"
"S01","2025-01-03T16:00:00Z","water_level",0.583724326342616,"m"
"S01","2025-01-03T16:05:00Z","water_level",0.22105581652784,"m"
"S01","2025-01-03T16:10:00Z","water_level",0.37695916036329,"m"
"S01","2025-01-03T16:15:00Z","water_level",0.12555636716497,"m"
"S01","2025-01-03T16:20:00Z","water_level",0.18655555066464,"m"
"S01","2025-01-03T16:25:00Z","water_level",0.244133773629147,"m"
"S01","2025-01-03T16:30:00Z","water_level",0.439137241363805,"m"
"S01","2025-01-03T16:35:00Z","water_level",0.802147173977069,"m"
"S01","2025-01-03T16:40:00Z","water_level",0.356901809568887,"m"
"S01","2025-01-03T16:45:00Z","water_level",0.342747137773536,"m"
"S01","2025-01-03T16:50:00Z","water_level",0.219514861092794,"m"
"S01","2025-01-03T16:55:00Z","water_level",0.108023477179857,"m"
"S01","2025-01-03T17:00:00Z","water_level",0.435291321695379,"m"
"S01","2025-01-03T17:05:00Z","water_level",0.0568935269867149,"m"
"S01","2025-01-03T17:10:00Z","water_level",0.0130131551733956,"m"
"S01","2025-01-03T17:15:00Z","water_level",0.0154119677511151,"m"
"S01","2025-01-03T17:20:00Z","water_level",0.0284967221215878,"m"
"S01","2025-01-03T17:25:00Z","water_level",0.162045789301113,"m"
"S01","2025-01-03T17:30:00Z","water_level",0.26284763816838,"m"
"S01","2025-01-03T17:35:00Z","water_level",0.214619255850234,"m"
"S01","2025-01-03T17:40:00Z","water_level",0.019452760473407,"m"
"S01","2025-01-03T17:45:00Z","water_level",0.0241317973358829,"m"
"S01","2025-01-03T17:50:00Z","water_level",0.191806183640947,"m"
"S01","2025-01-03T17:55:00Z","water_level",0.112387305142616,"m"
"S01","2025-01-03T18:00:00Z","water_level",0.0255193557932299,"m"
"S01","2025-01-03T18:05:00Z","water_level",0.0230584504077463,"m"
"S01","2025-01-03T18:10:00Z","water_level",0.204424179508222,"m"
"S01","2025-01-03T18:15:00Z","water_level",0.341139276200631,"m"
"S01","2025-01-03T18:20:00Z","water_level",0.895036686853604,"m"
"S01","2025-01-03T18:25:00Z","water_level",0.740707744881135,"m"
"S01","2025-01-03T18:30:00Z","water_level",0.212208172768093,"m"
"S01","2025-01-03T18:35:00Z","water_level",0.0752590651165011,"m"
"S01","2025-01-03T18:40:00Z","water_level",0.0575598763920409,"m"
"S01","2025-01-03T18:45:00Z","water_level",0.00358339458594453,"m"
"S01","2025-01-03T18:50:00Z","water_level",0.0193615896914495,"m"
"S01","2025-01-03T18:55:00Z","water_level",0.157979052585307,"m"
"S01","2025-01-03T19:00:00Z","water_level",0.0209590844107959,"m"
"S01","2025-01-03T19:05:00Z","water_level",0.693702475272724,"m"
"S01","2025-01-03T19:10:00Z","water_level",0.577455928577584,"m"
"S01","2025-01-03T19:15:00Z","water_level",0.141299815858109,"m"
"S01","2025-01-03T19:20:00Z","water_level",0.0955300510229663,"m"
"S01","2025-01-03T19:25:00Z","water_level",0.3458177019934,"m"
"S01","2025-01-03T19:30:00Z","water_level",0.0221080896030988,"m"
"S01","2025-01-03T19:35:00Z","water_level",0.271641509957545,"m"
"S01","2025-01-03T19:40:00Z","water_level",0.282007914025473,"m"
"S01","2025-01-03T19:45:00Z","water_level",0.1780767501467,"m"
"S01","2025-01-03T19:50:00Z","water_level",0.386842490530784,"m"
"S01","2025-01-03T19:55:00Z","water_level",0.33428522809172,"m"
"S01","2025-01-03T20:00:00Z","water_level",0.770551706767336,"m"
"S01","2025-01-03T20:05:00Z","water_level",0.679184117707389,"m"
"S01","2025-01-03T20:10:00Z","water_level",0.951158904592424,"m"
"S01","2025-01-03T20:15:00Z","water_level",2.48511759077049,"m"
"S01","2025-01-03T20:20:00Z","water_level",0.820538972775801,"m"
"S01","2025-01-03T20:25:00Z","water_level",0.259984500430904,"m"
"S01","2025-01-03T20:30:00Z","water_level",0.454866546180954,"m"
"S01","2025-01-03T20:35:00Z","water_level",0.363807693634102,"m"
"S01","2025-01-03T20:40:00Z","water_level",1.10601551271323,"m"
"S01","2025-01-03T20:45:00Z","water_level",2.75259935276407,"m"
"S01","2025-01-03T20:50:00Z","water_level",1.21748417532311,"m"
"S01","2025-01-03T20:55:00Z","water_level",0.291035865412669,"m"
"S01","2025-01-03T21:00:00Z","water_level",0.0335011095913758,"m"
"S01","2025-01-03T21:05:00Z","water_level",0.210554003741333,"m"
"S01","2025-01-03T21:10:00Z","water_level",0.52457619559683,"m"
"S01","2025-01-03T21:15:00Z","water_level",0.516746800764123,"m"
"S01","2025-01-03T21:20:00Z","water_level",0.440814957781235,"m"
"S01","2025-01-03T21:25:00Z","water_level",0.0584777017074807,"m"
"S01","2025-01-03T21:30:00Z","water_level",0.11720869475868,"m"
"S01","2025-01-03T21:35:00Z","water_level",0.002549149113375,"m"
"S01","2025-01-03T21:40:00Z","water_level",0.0823514044681729,"m"
"S01","2025-01-03T21:45:00Z","water_level",0.0359628691721712,"m"
"S01","2025-01-03T21:50:00Z","water_level",0.0425415730967749,"m"
"S01","2025-01-03T21:55:00Z","water_level",0.0304729684874067,"m"
"S01","2025-01-03T22:00:00Z","water_level",0.676596831668099,"m"
"S01","2025-01-03T22:05:00Z","water_level",0.0660220914540778,"m"
"S01","2025-01-03T22:10:00Z","water_level",0.085924472643876,"m"
"S01","2025-01-03T22:15:00Z","water_level",0.140309299430271,"m"
"S01","2025-01-03T22:20:00Z","water_level",0.330243650692599,"m"
"S01","2025-01-03T22:25:00Z","water_level",0.0310245713176835,"m"
"S01","2025-01-03T22:30:00Z","water_level",0.237699741443375,"m"
"S01","2025-01-03T22:35:00Z","water_level",0.490613549652189,"m"
"S01","2025-01-03T22:40:00Z","water_level",1.01541556321018,"m"
"S01","2025-01-03T22:45:00Z","water_level",0.530109713522293,"m"
"S01","2025-01-03T22:50:00Z","water_level",0.370669477670969,"m"
"S01","2025-01-03T22:55:00Z","water_level",0.303472929341792,"m"
"S01","2024-12-31T23:00:00Z","soil_moisture",30.2101643651657,"%"
"S01","2024-12-31T23:05:00Z","soil_moisture",33.1086559335688,"%"
"S01","2024-12-31T23:10:00Z","soil_moisture",43.9364236823652,"%"
"S01","2024-12-31T23:15:00Z","soil_moisture",69.2711968006239,"%"
"S01","2024-12-31T23:20:00Z","soil_moisture",54.7757954534494,"%"
"S01","2024-12-31T23:25:00Z","soil_moisture",17.6851073730937,"%"
"S01","2024-12-31T23:30:00Z","soil_moisture",19.494737092227,"%"
"S01","2024-12-31T23:35:00Z","soil_moisture",27.6543860972952,"%"
"S01","2024-12-31T23:40:00Z","soil_moisture",12.7903163201568,"%"
"S01","2024-12-31T23:45:00Z","soil_moisture",11.0356698516837,"%"
"S01","2024-12-31T23:50:00Z","soil_moisture",6.53003994005634,"%"
"S01","2024-12-31T23:55:00Z","soil_moisture",24.4970025323137,"%"
"S01","2025-01-01T00:00:00Z","soil_moisture",24.9841024800894,"%"
"S01","2025-01-01T00:05:00Z","soil_moisture",51.6347343999947,"%"
"S01","2025-01-01T00:10:00Z","soil_moisture",49.8894416121627,"%"
"S01","2025-01-01T00:15:00Z","soil_moisture",32.5437803592289,"%"
"S01","2025-01-01T00:20:00Z","soil_moisture",31.4312220406147,"%"
"S01","2025-01-01T00:25:00Z","soil_moisture",4.00012568198151,"%"
"S01","2025-01-01T00:30:00Z","soil_moisture",32.3434199778407,"%"
"S01","2025-01-01T00:35:00Z","soil_moisture",46.0603938958318,"%"
"S01","2025-01-01T00:40:00Z","soil_moisture",36.8301559235368,"%"
"S01","2025-01-01T00:45:00Z","soil_moisture",37.9575978968981,"%"
"S01","2025-01-01T00:50:00Z","soil_moisture",18.6473942700037,"%"
"S01","2025-01-01T00:55:00Z","soil_moisture",34.8610371239215,"%"
"S01","2025-01-01T01:00:00Z","soil_moisture",30.9849668986191,"%"
"S01","2025-01-01T01:05:00Z","soil_moisture",16.0456613552096,"%"
"S01","2025-01-01T01:10:00Z","soil_moisture",26.5799020996187,"%"
"S01","2025-01-01T01:15:00Z","soil_moisture",7.90765732028199,"%"
"S01","2025-01-01T01:20:00Z","soil_moisture",25.2998150032334,"%"
"S01","2025-01-01T01:25:00Z","soil_moisture",25.2613852376639,"%"
"S01","2025-01-01T01:30:00Z","soil_moisture",37.5215615048707,"%"
"S01","2025-01-01T01:35:00Z","soil_moisture",33.706128895401,"%"
"S01","2025-01-01T01:40:00Z","soil_moisture",45.8960528082637,"%"
"S01","2025-01-01T01:45:00Z","soil_moisture",23.6472077442517,"%"
"S01","2025-01-01T01:50:00Z","soil_moisture",34.6900370322489,"%"
"S01","2025-01-01T01:55:00Z","soil_moisture",28.7346606516146,"%"
"S01","2025-01-01T02:00:00Z","soil_moisture",28.3439790947193,"%"
"S01","2025-01-01T02:05:00Z","soil_moisture",34.0357360740055,"%"
"S01","2025-01-01T02:10:00Z","soil_moisture",36.719598157103,"%"
"S01","2025-01-01T02:15:00Z","soil_moisture",8.71656206774896,"%"
"S01","2025-01-01T02:20:00Z","soil_moisture",42.9041020829313,"%"
"S01","2025-01-01T02:25:00Z","soil_moisture",29.049004988928,"%"
"S01","2025-01-01T02:30:00Z","soil_moisture",59.9093436668189,"%"
"S01","2025-01-01T02:35:00Z","soil_moisture",36.8437557879683,"%"
"S01","2025-01-01T02:40:00Z","soil_moisture",22.9545477441912,"%"
"S01","2025-01-01T02:45:00Z","soil_moisture",7.79575798212267,"%"
"S01","2025-01-01T02:50:00Z","soil_moisture",47.0347626957817,"%"
"S01","2025-01-01T02:55:00Z","soil_moisture",32.5001514128352,"%"
"S01","2025-01-01T03:00:00Z","soil_moisture",33.011979089719,"%"
"S01","2025-01-01T03:05:00Z","soil_moisture",54.4744063908507,"%"
"S01","2025-01-01T03:10:00Z","soil_moisture",62.1123127689179,"%"
"S01","2025-01-01T03:15:00Z","soil_moisture",38.6209058737898,"%"
"S01","2025-01-01T03:20:00Z","soil_moisture",22.2696188946322,"%"
"S01","2025-01-01T03:25:00Z","soil_moisture",21.1524038266767,"%"
"S01","2025-01-01T03:30:00Z","soil_moisture",43.7799578836971,"%"
"S01","2025-01-01T03:35:00Z","soil_moisture",40.0153641913171,"%"
"S01","2025-01-01T03:40:00Z","soil_moisture",29.7037311592928,"%"
"S01","2025-01-01T03:45:00Z","soil_moisture",50.6623993740423,"%"
"S01","2025-01-01T03:50:00Z","soil_moisture",23.8674599616651,"%"
"S01","2025-01-01T03:55:00Z","soil_moisture",31.0387026991845,"%"
"S01","2025-01-01T04:00:00Z","soil_moisture",10.3600701470776,"%"
"S01","2025-01-01T04:05:00Z","soil_moisture",14.108175846465,"%"
"S01","2025-01-01T04:10:00Z","soil_moisture",9.56557643197441,"%"
"S01","2025-01-01T04:15:00Z","soil_moisture",30.186359535291,"%"
"S01","2025-01-01T04:20:00Z","soil_moisture",36.8606409682758,"%"
"S01","2025-01-01T04:25:00Z","soil_moisture",10.0567431618695,"%"
"S01","2025-01-01T04:30:00Z","soil_moisture",35.0717574449615,"%"
"S01","2025-01-01T04:35:00Z","soil_moisture",10.9462776479765,"%"
"S01","2025-01-01T04:40:00Z","soil_moisture",22.9776976057374,"%"
"S01","2025-01-01T04:45:00Z","soil_moisture",15.3492868781193,"%"
"S01","2025-01-01T04:50:00Z","soil_moisture",8.95840038097267,"%"
"S01","2025-01-01T04:55:00Z","soil_moisture",32.7657457129571,"%"
"S01","2025-01-01T05:00:00Z","soil_moisture",31.5751340500996,"%"
"S01","2025-01-01T05:05:00Z","soil_moisture",46.5024662556913,"%"
"S01","2025-01-01T05:10:00Z","soil_moisture",51.8410414265238,"%"
"S01","2025-01-01T05:15:00Z","soil_moisture",37.3532876871485,"%"
"S01","2025-01-01T05:20:00Z","soil_moisture",25.0805445138137,"%"
"S01","2025-01-01T05:25:00Z","soil_moisture",39.8739769922575,"%"
"S01","2025-01-01T05:30:00Z","soil_moisture",20.4110062018192,"%"
"S01","2025-01-01T05:35:00Z","soil_moisture",51.935188067512,"%"
"S01","2025-01-01T05:40:00Z","soil_moisture",29.5055611619429,"%"
"S01","2025-01-01T05:45:00Z","soil_moisture",71.4006386405343,"%"
"S01","2025-01-01T05:50:00Z","soil_moisture",44.0476593473163,"%"
"S01","2025-01-01T05:55:00Z","soil_moisture",45.5043480023211,"%"
"S01","2025-01-01T06:00:00Z","soil_moisture",21.1376437389188,"%"
"S01","2025-01-01T06:05:00Z","soil_moisture",30.3479152151523,"%"
"S01","2025-01-01T06:10:00Z","soil_moisture",38.9611511220288,"%"
"S01","2025-01-01T06:15:00Z","soil_moisture",6.51321856731935,"%"
"S01","2025-01-01T06:20:00Z","soil_moisture",5.31209117410811,"%"
"S01","2025-01-01T06:25:00Z","soil_moisture",4.42255241483453,"%"
"S01","2025-01-01T06:30:00Z","soil_moisture",17.6194934716741,"%"
"S01","2025-01-01T06:35:00Z","soil_moisture",49.0747118576076,"%"
"S01","2025-01-01T06:40:00Z","soil_moisture",54.1099490691309,"%"
"S01","2025-01-01T06:45:00Z","soil_moisture",16.081589447629,"%"
"S01","2025-01-01T06:50:00Z","soil_moisture",54.4660452274286,"%"
"S01","2025-01-01T06:55:00Z","soil_moisture",35.9799184777809,"%"
"S01","2025-01-01T07:00:00Z","soil_moisture",26.7907980050538,"%"
"S01","2025-01-01T07:05:00Z","soil_moisture",32.6905261141729,"%"
"S01","2025-01-01T07:10:00Z","soil_moisture",29.7184987872992,"%"
"S01","2025-01-01T07:15:00Z","soil_moisture",49.5839709020858,"%"
"S01","2025-01-01T07:20:00Z","soil_moisture",42.6537246836819,"%"
"S01","2025-01-01T07:25:00Z","soil_moisture",34.3273039466364,"%"
"S01","2025-01-01T07:30:00Z","soil_moisture",20.7513288608544,"%"
"S01","2025-01-01T07:35:00Z","soil_moisture",14.0834408130463,"%"
"S01","2025-01-01T07:40:00Z","soil_moisture",14.6207373575507,"%"
"S01","2025-01-01T07:45:00Z","soil_moisture",32.6785119815336,"%"
"S01","2025-01-01T07:50:00Z","soil_moisture",24.3438021654705,"%"
"S01","2025-01-01T07:55:00Z","soil_moisture",42.874107852281,"%"
"S01","2025-01-01T08:00:00Z","soil_moisture",55.1777045461369,"%"
"S01","2025-01-01T08:05:00Z","soil_moisture",62.5144315575006,"%"
"S01","2025-01-01T08:10:00Z","soil_moisture",48.0433302011997,"%"
"S01","2025-01-01T08:15:00Z","soil_moisture",44.5156207276179,"%"
"S01","2025-01-01T08:20:00Z","soil_moisture",23.4868474499045,"%"
"S01","2025-01-01T08:25:00Z","soil_moisture",23.0810739442702,"%"
"S01","2025-01-01T08:30:00Z","soil_moisture",52.8154005748755,"%"
"S01","2025-01-01T08:35:00Z","soil_moisture",48.298490883955,"%"
"S01","2025-01-01T08:40:00Z","soil_moisture",11.9357859852203,"%"
"S01","2025-01-01T08:45:00Z","soil_moisture",19.1042891222962,"%"
"S01","2025-01-01T08:50:00Z","soil_moisture",31.3493997148365,"%"
"S01","2025-01-01T08:55:00Z","soil_moisture",29.6481475453354,"%"
"S01","2025-01-01T09:00:00Z","soil_moisture",38.0010327829727,"%"
"S01","2025-01-01T09:05:00Z","soil_moisture",7.61392612067892,"%"
"S01","2025-01-01T09:10:00Z","soil_moisture",25.0232564030345,"%"
"S01","2025-01-01T09:15:00Z","soil_moisture",4.00441771478191,"%"
"S01","2025-01-01T09:20:00Z","soil_moisture",16.7149198212567,"%"
"S01","2025-01-01T09:25:00Z","soil_moisture",8.29843480499398,"%"
"S01","2025-01-01T09:30:00Z","soil_moisture",37.1004748384389,"%"
"S01","2025-01-01T09:35:00Z","soil_moisture",61.955466888083,"%"
"S01","2025-01-01T09:40:00Z","soil_moisture",48.9209152593469,"%"
"S01","2025-01-01T09:45:00Z","soil_moisture",26.5391875928788,"%"
"S01","2025-01-01T09:50:00Z","soil_moisture",12.7349169007613,"%"
"S01","2025-01-01T09:55:00Z","soil_moisture",8.8990784839574,"%"
"S01","2025-01-01T10:00:00Z","soil_moisture",38.1168992651366,"%"
"S01","2025-01-01T10:05:00Z","soil_moisture",13.6426894258601,"%"
"S01","2025-01-01T10:10:00Z","soil_moisture",6.05903277384033,"%"
"S01","2025-01-01T10:15:00Z","soil_moisture",16.5341969675562,"%"
"S01","2025-01-01T10:20:00Z","soil_moisture",19.6707874937432,"%"
"S01","2025-01-01T10:25:00Z","soil_moisture",40.6961961941946,"%"
"S01","2025-01-01T10:30:00Z","soil_moisture",28.2684669056442,"%"
"S01","2025-01-01T10:35:00Z","soil_moisture",12.6049489238124,"%"
"S01","2025-01-01T10:40:00Z","soil_moisture",16.283990005022,"%"
"S01","2025-01-01T10:45:00Z","soil_moisture",12.5943263126937,"%"
"S01","2025-01-01T10:50:00Z","soil_moisture",7.5859539005141,"%"
"S01","2025-01-01T10:55:00Z","soil_moisture",8.69122750255375,"%"
"S01","2025-01-01T11:00:00Z","soil_moisture",31.2930078195407,"%"
"S01","2025-01-01T11:05:00Z","soil_moisture",39.5913403231189,"%"
"S01","2025-01-01T11:10:00Z","soil_moisture",33.0012892876543,"%"
"S01","2025-01-01T11:15:00Z","soil_moisture",11.8174810794929,"%"
"S01","2025-01-01T11:20:00Z","soil_moisture",18.8811087549351,"%"
"S01","2025-01-01T11:25:00Z","soil_moisture",16.9865740030291,"%"
"S01","2025-01-01T11:30:00Z","soil_moisture",22.6037440347964,"%"
"S01","2025-01-01T11:35:00Z","soil_moisture",39.7954463167866,"%"
"S01","2025-01-01T11:40:00Z","soil_moisture",18.4408680551954,"%"
"S01","2025-01-01T11:45:00Z","soil_moisture",21.1675712154843,"%"
"S01","2025-01-01T11:50:00Z","soil_moisture",16.8324970516182,"%"
"S01","2025-01-01T11:55:00Z","soil_moisture",13.5554439194669,"%"
"S01","2025-01-01T12:00:00Z","soil_moisture",12.2280973006346,"%"
"S01","2025-01-01T12:05:00Z","soil_moisture",6.38448961563949,"%"
"S01","2025-01-01T12:10:00Z","soil_moisture",7.41129851816286,"%"
"S01","2025-01-01T12:15:00Z","soil_moisture",1.87928160678519,"%"
"S01","2025-01-01T12:20:00Z","soil_moisture",14.9961011382306,"%"
"S01","2025-01-01T12:25:00Z","soil_moisture",6.82908402165535,"%"
"S01","2025-01-01T12:30:00Z","soil_moisture",3.33710957366423,"%"
"S01","2025-01-01T12:35:00Z","soil_moisture",13.5675444983748,"%"
"S01","2025-01-01T12:40:00Z","soil_moisture",17.1200131337257,"%"
"S01","2025-01-01T12:45:00Z","soil_moisture",6.82969953941853,"%"
"S01","2025-01-01T12:50:00Z","soil_moisture",0.707954020072152,"%"
"S01","2025-01-01T12:55:00Z","soil_moisture",6.40678729390179,"%"
"S01","2025-01-01T13:00:00Z","soil_moisture",4.16765649278277,"%"
"S01","2025-01-01T13:05:00Z","soil_moisture",10.8114554880122,"%"
"S01","2025-01-01T13:10:00Z","soil_moisture",18.5175368868827,"%"
"S01","2025-01-01T13:15:00Z","soil_moisture",21.1192116583301,"%"
"S01","2025-01-01T13:20:00Z","soil_moisture",11.2724298434162,"%"
"S01","2025-01-01T13:25:00Z","soil_moisture",32.9461464197435,"%"
"S01","2025-01-01T13:30:00Z","soil_moisture",46.4974571861731,"%"
"S01","2025-01-01T13:35:00Z","soil_moisture",48.0845098159245,"%"
"S01","2025-01-01T13:40:00Z","soil_moisture",54.1540429380326,"%"
"S01","2025-01-01T13:45:00Z","soil_moisture",76.1908829934874,"%"
"S01","2025-01-01T13:50:00Z","soil_moisture",42.8310353470202,"%"
"S01","2025-01-01T13:55:00Z","soil_moisture",59.0957171673979,"%"
"S01","2025-01-01T14:00:00Z","soil_moisture",43.3840303518551,"%"
"S01","2025-01-01T14:05:00Z","soil_moisture",81.1686660345467,"%"
"S01","2025-01-01T14:10:00Z","soil_moisture",64.3014193972807,"%"
"S01","2025-01-01T14:15:00Z","soil_moisture",68.5290582088875,"%"
"S01","2025-01-01T14:20:00Z","soil_moisture",59.0431072742689,"%"
"S01","2025-01-01T14:25:00Z","soil_moisture",41.6711414362895,"%"
"S01","2025-01-01T14:30:00Z","soil_moisture",47.8934673071929,"%"
"S01","2025-01-01T14:35:00Z","soil_moisture",53.6706713543162,"%"
"S01","2025-01-01T14:40:00Z","soil_moisture",56.7861909729003,"%"
"S01","2025-01-01T14:45:00Z","soil_moisture",29.8952195797436,"%"
"S01","2025-01-01T14:50:00Z","soil_moisture",24.5774524829651,"%"
"S01","2025-01-01T14:55:00Z","soil_moisture",10.5628384508165,"%"
"S01","2025-01-01T15:00:00Z","soil_moisture",26.8110582943364,"%"
"S01","2025-01-01T15:05:00Z","soil_moisture",20.1240169172524,"%"
"S01","2025-01-01T15:10:00Z","soil_moisture",14.4687623076075,"%"
"S01","2025-01-01T15:15:00Z","soil_moisture",39.4870781676425,"%"
"S01","2025-01-01T15:20:00Z","soil_moisture",33.3191170705295,"%"
"S01","2025-01-01T15:25:00Z","soil_moisture",15.8688177198181,"%"
"S01","2025-01-01T15:30:00Z","soil_moisture",15.5221569492502,"%"
"S01","2025-01-01T15:35:00Z","soil_moisture",5.53273650549631,"%"
"S01","2025-01-01T15:40:00Z","soil_moisture",13.856138426363,"%"
"S01","2025-01-01T15:45:00Z","soil_moisture",31.6094773313395,"%"
"S01","2025-01-01T15:50:00Z","soil_moisture",19.0131738916801,"%"
"S01","2025-01-01T15:55:00Z","soil_moisture",18.2504327278746,"%"
"S01","2025-01-01T16:00:00Z","soil_moisture",39.6232848690467,"%"
"S01","2025-01-01T16:05:00Z","soil_moisture",60.1777573682112,"%"
"S01","2025-01-01T16:10:00Z","soil_moisture",57.7094670482375,"%"
"S01","2025-01-01T16:15:00Z","soil_moisture",21.2560847733532,"%"
"S01","2025-01-01T16:20:00Z","soil_moisture",24.0164955539805,"%"
"S01","2025-01-01T16:25:00Z","soil_moisture",30.6487259576,"%"
"S01","2025-01-01T16:30:00Z","soil_moisture",25.5485904222353,"%"
"S01","2025-01-01T16:35:00Z","soil_moisture",22.6426266097834,"%"
"S01","2025-01-01T16:40:00Z","soil_moisture",11.6830595319939,"%"
"S01","2025-01-01T16:45:00Z","soil_moisture",27.1083982010905,"%"
"S01","2025-01-01T16:50:00Z","soil_moisture",14.0172680275182,"%"
"S01","2025-01-01T16:55:00Z","soil_moisture",26.0330972495407,"%"
"S01","2025-01-01T17:00:00Z","soil_moisture",24.5465960124542,"%"
"S01","2025-01-01T17:05:00Z","soil_moisture",23.5726412743711,"%"
"S01","2025-01-01T17:10:00Z","soil_moisture",51.1009745287447,"%"
"S01","2025-01-01T17:15:00Z","soil_moisture",22.1600367768487,"%"
"S01","2025-01-01T17:20:00Z","soil_moisture",24.3678183754171,"%"
"S01","2025-01-01T17:25:00Z","soil_moisture",52.9573351601031,"%"
"S01","2025-01-01T17:30:00Z","soil_moisture",28.0097982941747,"%"
"S01","2025-01-01T17:35:00Z","soil_moisture",11.8283981522785,"%"
"S01","2025-01-01T17:40:00Z","soil_moisture",26.2304048031376,"%"
"S01","2025-01-01T17:45:00Z","soil_moisture",24.7281037030107,"%"
"S01","2025-01-01T17:50:00Z","soil_moisture",34.4902354284376,"%"
"S01","2025-01-01T17:55:00Z","soil_moisture",36.6349106519138,"%"
"S01","2025-01-01T18:00:00Z","soil_moisture",24.4656117773232,"%"
"S01","2025-01-01T18:05:00Z","soil_moisture",33.1899809247931,"%"
"S01","2025-01-01T18:10:00Z","soil_moisture",40.7765304355622,"%"
"S01","2025-01-01T18:15:00Z","soil_moisture",19.2546536264031,"%"
"S01","2025-01-01T18:20:00Z","soil_moisture",50.0226402350923,"%"
"S01","2025-01-01T18:25:00Z","soil_moisture",48.9950411588886,"%"
"S01","2025-01-01T18:30:00Z","soil_moisture",46.1740663464991,"%"
"S01","2025-01-01T18:35:00Z","soil_moisture",23.7849236502651,"%"
"S01","2025-01-01T18:40:00Z","soil_moisture",42.9687189559256,"%"
"S01","2025-01-01T18:45:00Z","soil_moisture",26.8364184566449,"%"
"S01","2025-01-01T18:50:00Z","soil_moisture",14.9897926862786,"%"
"S01","2025-01-01T18:55:00Z","soil_moisture",34.5721251309675,"%"
"S01","2025-01-01T19:00:00Z","soil_moisture",46.4451256838904,"%"
"S01","2025-01-01T19:05:00Z","soil_moisture",65.6044607604226,"%"
"S01","2025-01-01T19:10:00Z","soil_moisture",60.1223743904155,"%"
"S01","2025-01-01T19:15:00Z","soil_moisture",30.7831087808456,"%"
"S01","2025-01-01T19:20:00Z","soil_moisture",37.5763640155524,"%"
"S01","2025-01-01T19:25:00Z","soil_moisture",28.5979684334624,"%"
"S01","2025-01-01T19:30:00Z","soil_moisture",23.0282529345392,"%"
"S01","2025-01-01T19:35:00Z","soil_moisture",32.6573485036311,"%"
"S01","2025-01-01T19:40:00Z","soil_moisture",16.5550316988449,"%"
"S01","2025-01-01T19:45:00Z","soil_moisture",34.7024749066077,"%"
"S01","2025-01-01T19:50:00Z","soil_moisture",48.935822318617,"%"
"S01","2025-01-01T19:55:00Z","soil_moisture",54.1127070935378,"%"
"S01","2025-01-01T20:00:00Z","soil_moisture",61.8137508714366,"%"
"S01","2025-01-01T20:05:00Z","soil_moisture",60.7403540124819,"%"
"S01","2025-01-01T20:10:00Z","soil_moisture",39.7091674284332,"%"
"S01","2025-01-01T20:15:00Z","soil_moisture",22.8597645543952,"%"
"S01","2025-01-01T20:20:00Z","soil_moisture",40.0877957877282,"%"
"S01","2025-01-01T20:25:00Z","soil_moisture",60.2424626125783,"%"
"S01","2025-01-01T20:30:00Z","soil_moisture",49.4271483354381,"%"
"S01","2025-01-01T20:35:00Z","soil_moisture",24.4175730495474,"%"
"S01","2025-01-01T20:40:00Z","soil_moisture",8.50080337323131,"%"
"S01","2025-01-01T20:45:00Z","soil_moisture",21.5313736558543,"%"
"S01","2025-01-01T20:50:00Z","soil_moisture",19.1418737706919,"%"
"S01","2025-01-01T20:55:00Z","soil_moisture",27.2791384717444,"%"
"S01","2025-01-01T21:00:00Z","soil_moisture",21.4148825797385,"%"
"S01","2025-01-01T21:05:00Z","soil_moisture",21.9780857573102,"%"
"S01","2025-01-01T21:10:00Z","soil_moisture",56.3317195686975,"%"
"S01","2025-01-01T21:15:00Z","soil_moisture",28.4549778736621,"%"
"S01","2025-01-01T21:20:00Z","soil_moisture",27.2570000351907,"%"
"S01","2025-01-01T21:25:00Z","soil_moisture",20.8417344006213,"%"
"S01","2025-01-01T21:30:00Z","soil_moisture",15.1859555513384,"%"
"S01","2025-01-01T21:35:00Z","soil_moisture",16.4345650837708,"%"
"S01","2025-01-01T21:40:00Z","soil_moisture",7.76319995644789,"%"
"S01","2025-01-01T21:45:00Z","soil_moisture",7.66382296743633,"%"
"S01","2025-01-01T21:50:00Z","soil_moisture",6.09442576765002,"%"
"S01","2025-01-01T21:55:00Z","soil_moisture",24.7520734398876,"%"
"S01","2025-01-01T22:00:00Z","soil_moisture",41.2538169101841,"%"
"S01","2025-01-01T22:05:00Z","soil_moisture",60.285295355357,"%"
"S01","2025-01-01T22:10:00Z","soil_moisture",46.9515934751464,"%"
"S01","2025-01-01T22:15:00Z","soil_moisture",36.3785834051524,"%"
"S01","2025-01-01T22:20:00Z","soil_moisture",12.9001236342589,"%"
"S01","2025-01-01T22:25:00Z","soil_moisture",18.9306512330274,"%"
"S01","2025-01-01T22:30:00Z","soil_moisture",16.4951175126848,"%"
"S01","2025-01-01T22:35:00Z","soil_moisture",15.907838535603,"%"
"S01","2025-01-01T22:40:00Z","soil_moisture",14.0664407232428,"%"
"S01","2025-01-01T22:45:00Z","soil_moisture",31.6294257872928,"%"
"S01","2025-01-01T22:50:00Z","soil_moisture",23.2917461341639,"%"
"S01","2025-01-01T22:55:00Z","soil_moisture",21.5358274305822,"%"
"S01","2025-01-01T23:00:00Z","soil_moisture",25.1192623316314,"%"
"S01","2025-01-01T23:05:00Z","soil_moisture",38.0674308722145,"%"
"S01","2025-01-01T23:10:00Z","soil_moisture",57.2202338361793,"%"
"S01","2025-01-01T23:15:00Z","soil_moisture",7.19362968918008,"%"
"S01","2025-01-01T23:20:00Z","soil_moisture",23.3520062351149,"%"
"S01","2025-01-01T23:25:00Z","soil_moisture",20.2800603050827,"%"
"S01","2025-01-01T23:30:00Z","soil_moisture",8.27379781353329,"%"
"S01","2025-01-01T23:35:00Z","soil_moisture",10.6933494680786,"%"
"S01","2025-01-01T23:40:00Z","soil_moisture",20.6286930524231,"%"
"S01","2025-01-01T23:45:00Z","soil_moisture",22.1611895065088,"%"
"S01","2025-01-01T23:50:00Z","soil_moisture",22.3749711417714,"%"
"S01","2025-01-01T23:55:00Z","soil_moisture",18.5783691742126,"%"
"S01","2025-01-02T00:00:00Z","soil_moisture",15.5671182456772,"%"
"S01","2025-01-02T00:05:00Z","soil_moisture",12.6983640232115,"%"
"S01","2025-01-02T00:10:00Z","soil_moisture",15.9912725916726,"%"
"S01","2025-01-02T00:15:00Z","soil_moisture",35.3161815822425,"%"
"S01","2025-01-02T00:20:00Z","soil_moisture",7.55236131478691,"%"
"S01","2025-01-02T00:25:00Z","soil_moisture",4.33126213488522,"%"
"S01","2025-01-02T00:30:00Z","soil_moisture",13.5071359587185,"%"
"S01","2025-01-02T00:35:00Z","soil_moisture",10.3700444321472,"%"
"S01","2025-01-02T00:40:00Z","soil_moisture",14.6894382430225,"%"
"S01","2025-01-02T00:45:00Z","soil_moisture",11.1116853720265,"%"
"S01","2025-01-02T00:50:00Z","soil_moisture",7.82190737181073,"%"
"S01","2025-01-02T00:55:00Z","soil_moisture",15.308458943464,"%"
"S01","2025-01-02T01:00:00Z","soil_moisture",8.80003523046872,"%"
"S01","2025-01-02T01:05:00Z","soil_moisture",11.8216621936084,"%"
"S01","2025-01-02T01:10:00Z","soil_moisture",23.5747138284597,"%"
"S01","2025-01-02T01:15:00Z","soil_moisture",3.79615556736696,"%"
"S01","2025-01-02T01:20:00Z","soil_moisture",11.9739836002689,"%"
"S01","2025-01-02T01:25:00Z","soil_moisture",6.42835015350464,"%"
"S01","2025-01-02T01:30:00Z","soil_moisture",20.3411782114942,"%"
"S01","2025-01-02T01:35:00Z","soil_moisture",15.8938449508858,"%"
"S01","2025-01-02T01:40:00Z","soil_moisture",33.2620910311594,"%"
"S01","2025-01-02T01:45:00Z","soil_moisture",56.245508065306,"%"
"S01","2025-01-02T01:50:00Z","soil_moisture",12.6243665134269,"%"
"S01","2025-01-02T01:55:00Z","soil_moisture",13.0617531625023,"%"
"S01","2025-01-02T02:00:00Z","soil_moisture",8.22103955313187,"%"
"S01","2025-01-02T02:05:00Z","soil_moisture",16.1190273755586,"%"
"S01","2025-01-02T02:10:00Z","soil_moisture",17.2322283609647,"%"
"S01","2025-01-02T02:15:00Z","soil_moisture",31.9516848728309,"%"
"S01","2025-01-02T02:20:00Z","soil_moisture",23.3889870798544,"%"
"S01","2025-01-02T02:25:00Z","soil_moisture",46.4350956822298,"%"
"S01","2025-01-02T02:30:00Z","soil_moisture",16.8817397114105,"%"
"S01","2025-01-02T02:35:00Z","soil_moisture",43.7472374810378,"%"
"S01","2025-01-02T02:40:00Z","soil_moisture",14.623377797601,"%"
"S01","2025-01-02T02:45:00Z","soil_moisture",12.5857638975083,"%"
"S01","2025-01-02T02:50:00Z","soil_moisture",34.9379138303867,"%"
"S01","2025-01-02T02:55:00Z","soil_moisture",7.20334619618713,"%"
"S01","2025-01-02T03:00:00Z","soil_moisture",7.74994598391161,"%"
"S01","2025-01-02T03:05:00Z","soil_moisture",21.8225547620162,"%"
"S01","2025-01-02T03:10:00Z","soil_moisture",10.8933753153669,"%"
"S01","2025-01-02T03:15:00Z","soil_moisture",1.39078731264928,"%"
"S01","2025-01-02T03:20:00Z","soil_moisture",2.20479828354394,"%"
"S01","2025-01-02T03:25:00Z","soil_moisture",2.76221247576953,"%"
"S01","2025-01-02T03:30:00Z","soil_moisture",4.20984108125503,"%"
"S01","2025-01-02T03:35:00Z","soil_moisture",1.41433205942574,"%"
"S01","2025-01-02T03:40:00Z","soil_moisture",16.6560877964987,"%"
"S01","2025-01-02T03:45:00Z","soil_moisture",14.2604819163132,"%"
"S01","2025-01-02T03:50:00Z","soil_moisture",15.578017889,"%"
"S01","2025-01-02T03:55:00Z","soil_moisture",28.4390254070685,"%"
"S01","2025-01-02T04:00:00Z","soil_moisture",17.0133728763198,"%"
"S01","2025-01-02T04:05:00Z","soil_moisture",41.9063675876208,"%"
"S01","2025-01-02T04:10:00Z","soil_moisture",18.1248079268975,"%"
"S01","2025-01-02T04:15:00Z","soil_moisture",35.3525808321966,"%"
"S01","2025-01-02T04:20:00Z","soil_moisture",38.0539410093082,"%"
"S01","2025-01-02T04:25:00Z","soil_moisture",42.7374399069645,"%"
"S01","2025-01-02T04:30:00Z","soil_moisture",30.8743322335075,"%"
"S01","2025-01-02T04:35:00Z","soil_moisture",40.4813782537341,"%"
"S01","2025-01-02T04:40:00Z","soil_moisture",45.4801940791432,"%"
"S01","2025-01-02T04:45:00Z","soil_moisture",23.0026019960823,"%"
"S01","2025-01-02T04:50:00Z","soil_moisture",42.7880758192987,"%"
"S01","2025-01-02T04:55:00Z","soil_moisture",42.6548588186191,"%"
"S01","2025-01-02T05:00:00Z","soil_moisture",43.2068821968908,"%"
"S01","2025-01-02T05:05:00Z","soil_moisture",55.4320632156513,"%"
"S01","2025-01-02T05:10:00Z","soil_moisture",44.8302773460936,"%"
"S01","2025-01-02T05:15:00Z","soil_moisture",23.385003435729,"%"
"S01","2025-01-02T05:20:00Z","soil_moisture",16.1831163562808,"%"
"S01","2025-01-02T05:25:00Z","soil_moisture",26.9123147344108,"%"
"S01","2025-01-02T05:30:00Z","soil_moisture",17.2567079184433,"%"
"S01","2025-01-02T05:35:00Z","soil_moisture",31.6705190297028,"%"
"S01","2025-01-02T05:40:00Z","soil_moisture",11.5066387920463,"%"
"S01","2025-01-02T05:45:00Z","soil_moisture",0.451481695072032,"%"
"S01","2025-01-02T05:50:00Z","soil_moisture",1.60498083624457,"%"
"S01","2025-01-02T05:55:00Z","soil_moisture",15.8327982694938,"%"
"S01","2025-01-02T06:00:00Z","soil_moisture",12.4217989470302,"%"
"S01","2025-01-02T06:05:00Z","soil_moisture",62.7041486450092,"%"
"S01","2025-01-02T06:10:00Z","soil_moisture",64.2636141297369,"%"
"S01","2025-01-02T06:15:00Z","soil_moisture",26.8564774641881,"%"
"S01","2025-01-02T06:20:00Z","soil_moisture",44.5841398729513,"%"
"S01","2025-01-02T06:25:00Z","soil_moisture",48.483174286736,"%"
"S01","2025-01-02T06:30:00Z","soil_moisture",78.3872021140401,"%"
"S01","2025-01-02T06:35:00Z","soil_moisture",83.0755175710293,"%"
"S01","2025-01-02T06:40:00Z","soil_moisture",59.234024754005,"%"
"S01","2025-01-02T06:45:00Z","soil_moisture",50.0598065805119,"%"
"S01","2025-01-02T06:50:00Z","soil_moisture",39.2760728626791,"%"
"S01","2025-01-02T06:55:00Z","soil_moisture",18.9751859334113,"%"
"S01","2025-01-02T07:00:00Z","soil_moisture",14.2036210243411,"%"
"S01","2025-01-02T07:05:00Z","soil_moisture",46.9578148925338,"%"
"S01","2025-01-02T07:10:00Z","soil_moisture",34.8483831340643,"%"
"S01","2025-01-02T07:15:00Z","soil_moisture",29.7977320450797,"%"
"S01","2025-01-02T07:20:00Z","soil_moisture",46.5453712646463,"%"
"S01","2025-01-02T07:25:00Z","soil_moisture",33.9362620290536,"%"
"S01","2025-01-02T07:30:00Z","soil_moisture",63.3733501065168,"%"
"S01","2025-01-02T07:35:00Z","soil_moisture",58.4681586809191,"%"
"S01","2025-01-02T07:40:00Z","soil_moisture",25.9578233218636,"%"
"S01","2025-01-02T07:45:00Z","soil_moisture",13.0409399770502,"%"
"S01","2025-01-02T07:50:00Z","soil_moisture",3.31471786395395,"%"
"S01","2025-01-02T07:55:00Z","soil_moisture",10.4480471384054,"%"
"S01","2025-01-02T08:00:00Z","soil_moisture",19.1841792584522,"%"
"S01","2025-01-02T08:05:00Z","soil_moisture",11.7273891380059,"%"
"S01","2025-01-02T08:10:00Z","soil_moisture",20.6212708267301,"%"
"S01","2025-01-02T08:15:00Z","soil_moisture",54.7321995989958,"%"
"S01","2025-01-02T08:20:00Z","soil_moisture",43.2184012414968,"%"
"S01","2025-01-02T08:25:00Z","soil_moisture",54.2584179361223,"%"
"S01","2025-01-02T08:30:00Z","soil_moisture",12.2918538473357,"%"
"S01","2025-01-02T08:35:00Z","soil_moisture",8.72036202008048,"%"
"S01","2025-01-02T08:40:00Z","soil_moisture",18.309940144749,"%"
"S01","2025-01-02T08:45:00Z","soil_moisture",17.4413641216897,"%"
"S01","2025-01-02T08:50:00Z","soil_moisture",48.6902261135229,"%"
"S01","2025-01-02T08:55:00Z","soil_moisture",48.3833031590729,"%"
"S01","2025-01-02T09:00:00Z","soil_moisture",63.4106191824486,"%"
"S01","2025-01-02T09:05:00Z","soil_moisture",45.4106662232751,"%"
"S01","2025-01-02T09:10:00Z","soil_moisture",31.406404824501,"%"
"S01","2025-01-02T09:15:00Z","soil_moisture",46.5650493914083,"%"
"S01","2025-01-02T09:20:00Z","soil_moisture",15.792489316336,"%"
"S01","2025-01-02T09:25:00Z","soil_moisture",20.6027455108857,"%"
"S01","2025-01-02T09:30:00Z","soil_moisture",19.9528004220292,"%"
"S01","2025-01-02T09:35:00Z","soil_moisture",44.9107178652085,"%"
"S01","2025-01-02T09:40:00Z","soil_moisture",26.2539493707012,"%"
"S01","2025-01-02T09:45:00Z","soil_moisture",23.6178035603145,"%"
"S01","2025-01-02T09:50:00Z","soil_moisture",58.4171025151723,"%"
"S01","2025-01-02T09:55:00Z","soil_moisture",26.4650491811008,"%"
"S01","2025-01-02T10:00:00Z","soil_moisture",20.8149510486388,"%"
"S01","2025-01-02T10:05:00Z","soil_moisture",12.7233163133515,"%"
"S01","2025-01-02T10:10:00Z","soil_moisture",20.44246108587,"%"
"S01","2025-01-02T10:15:00Z","soil_moisture",24.2864890812031,"%"
"S01","2025-01-02T10:20:00Z","soil_moisture",26.6775058303799,"%"
"S01","2025-01-02T10:25:00Z","soil_moisture",11.8629534414971,"%"
"S01","2025-01-02T10:30:00Z","soil_moisture",28.8868083329412,"%"
"S01","2025-01-02T10:35:00Z","soil_moisture",14.6029820514414,"%"
"S01","2025-01-02T10:40:00Z","soil_moisture",29.1966449625842,"%"
"S01","2025-01-02T10:45:00Z","soil_moisture",35.8553310009639,"%"
"S01","2025-01-02T10:50:00Z","soil_moisture",46.4365549885632,"%"
"S01","2025-01-02T10:55:00Z","soil_moisture",31.8880393591497,"%"
"S01","2025-01-02T11:00:00Z","soil_moisture",21.8198571824071,"%"
"S01","2025-01-02T11:05:00Z","soil_moisture",31.9883862996329,"%"
"S01","2025-01-02T11:10:00Z","soil_moisture",36.7902391221457,"%"
"S01","2025-01-02T11:15:00Z","soil_moisture",30.7164190425976,"%"
"S01","2025-01-02T11:20:00Z","soil_moisture",12.0918439763487,"%"
"S01","2025-01-02T11:25:00Z","soil_moisture",25.3876453720165,"%"
"S01","2025-01-02T11:30:00Z","soil_moisture",29.7724012349714,"%"
"S01","2025-01-02T11:35:00Z","soil_moisture",60.6374848496486,"%"
"S01","2025-01-02T11:40:00Z","soil_moisture",30.8995075720843,"%"
"S01","2025-01-02T11:45:00Z","soil_moisture",49.081489124556,"%"
"S01","2025-01-02T11:50:00Z","soil_moisture",28.908543663084,"%"
"S01","2025-01-02T11:55:00Z","soil_moisture",19.2769440940585,"%"
"S01","2025-01-02T12:00:00Z","soil_moisture",14.8692152899202,"%"
"S01","2025-01-02T12:05:00Z","soil_moisture",25.975241072946,"%"
"S01","2025-01-02T12:10:00Z","soil_moisture",23.9110564891979,"%"
"S01","2025-01-02T12:15:00Z","soil_moisture",24.9865244088955,"%"
"S01","2025-01-02T12:20:00Z","soil_moisture",3.38958405014765,"%"
"S01","2025-01-02T12:25:00Z","soil_moisture",7.7499962527514,"%"
"S01","2025-01-02T12:30:00Z","soil_moisture",14.7574342371717,"%"
"S01","2025-01-02T12:35:00Z","soil_moisture",12.279713187581,"%"
"S01","2025-01-02T12:40:00Z","soil_moisture",24.5672228578391,"%"
"S01","2025-01-02T12:45:00Z","soil_moisture",45.8167145132559,"%"
"S01","2025-01-02T12:50:00Z","soil_moisture",22.9720925950384,"%"
"S01","2025-01-02T12:55:00Z","soil_moisture",29.4476402879664,"%"
"S01","2025-01-02T13:00:00Z","soil_moisture",13.8083468630061,"%"
"S01","2025-01-02T13:05:00Z","soil_moisture",15.1228337469783,"%"
"S01","2025-01-02T13:10:00Z","soil_moisture",53.7823631128257,"%"
"S01","2025-01-02T13:15:00Z","soil_moisture",27.6256661770292,"%"
"S01","2025-01-02T13:20:00Z","soil_moisture",2.5328953547044,"%"
"S01","2025-01-02T13:25:00Z","soil_moisture",10.4956470805866,"%"
"S01","2025-01-02T13:30:00Z","soil_moisture",42.7966408446115,"%"
"S01","2025-01-02T13:35:00Z","soil_moisture",51.9500486601782,"%"
"S01","2025-01-02T13:40:00Z","soil_moisture",49.7734157768036,"%"
"S01","2025-01-02T13:45:00Z","soil_moisture",33.8056959808608,"%"
"S01","2025-01-02T13:50:00Z","soil_moisture",20.3724965378488,"%"
"S01","2025-01-02T13:55:00Z","soil_moisture",11.8944093105046,"%"
"S01","2025-01-02T14:00:00Z","soil_moisture",7.31520151851571,"%"
"S01","2025-01-02T14:05:00Z","soil_moisture",32.0599599986824,"%"
"S01","2025-01-02T14:10:00Z","soil_moisture",18.5521334078812,"%"
"S01","2025-01-02T14:15:00Z","soil_moisture",23.5033988904491,"%"
"S01","2025-01-02T14:20:00Z","soil_moisture",4.20279823989595,"%"
"S01","2025-01-02T14:25:00Z","soil_moisture",19.1331021828974,"%"
"S01","2025-01-02T14:30:00Z","soil_moisture",11.1837184059036,"%"
"S01","2025-01-02T14:35:00Z","soil_moisture",8.10061736146456,"%"
"S01","2025-01-02T14:40:00Z","soil_moisture",15.0550903662201,"%"
"S01","2025-01-02T14:45:00Z","soil_moisture",27.4351657273588,"%"
"S01","2025-01-02T14:50:00Z","soil_moisture",4.0341904074852,"%"
"S01","2025-01-02T14:55:00Z","soil_moisture",18.8913231221787,"%"
"S01","2025-01-02T15:00:00Z","soil_moisture",14.8261930817915,"%"
"S01","2025-01-02T15:05:00Z","soil_moisture",15.4211010325972,"%"
"S01","2025-01-02T15:10:00Z","soil_moisture",13.8973950197369,"%"
"S01","2025-01-02T15:15:00Z","soil_moisture",21.2857138315313,"%"
"S01","2025-01-02T15:20:00Z","soil_moisture",22.3551579865559,"%"
"S01","2025-01-02T15:25:00Z","soil_moisture",31.9380352592211,"%"
"S01","2025-01-02T15:30:00Z","soil_moisture",30.7394957128228,"%"
"S01","2025-01-02T15:35:00Z","soil_moisture",21.3874368210403,"%"
"S01","2025-01-02T15:40:00Z","soil_moisture",20.7213136908617,"%"
"S01","2025-01-02T15:45:00Z","soil_moisture",40.7756097294608,"%"
"S01","2025-01-02T15:50:00Z","soil_moisture",27.6781410258815,"%"
"S01","2025-01-02T15:55:00Z","soil_moisture",31.9520704790997,"%"
"S01","2025-01-02T16:00:00Z","soil_moisture",37.7055925093326,"%"
"S01","2025-01-02T16:05:00Z","soil_moisture",22.583822130562,"%"
"S01","2025-01-02T16:10:00Z","soil_moisture",28.4652490949982,"%"
"S01","2025-01-02T16:15:00Z","soil_moisture",55.2400444962598,"%"
"S01","2025-01-02T16:20:00Z","soil_moisture",23.0237138597356,"%"
"S01","2025-01-02T16:25:00Z","soil_moisture",31.6951192408712,"%"
"S01","2025-01-02T16:30:00Z","soil_moisture",17.8607384246167,"%"
"S01","2025-01-02T16:35:00Z","soil_moisture",29.1802642883791,"%"
"S01","2025-01-02T16:40:00Z","soil_moisture",20.5361611961353,"%"
"S01","2025-01-02T16:45:00Z","soil_moisture",51.066448763382,"%"
"S01","2025-01-02T16:50:00Z","soil_moisture",26.7380414388572,"%"
"S01","2025-01-02T16:55:00Z","soil_moisture",26.3845425864691,"%"
"S01","2025-01-02T17:00:00Z","soil_moisture",21.3591591453033,"%"
"S01","2025-01-02T17:05:00Z","soil_moisture",20.3418986533621,"%"
"S01","2025-01-02T17:10:00Z","soil_moisture",16.910532408959,"%"
"S01","2025-01-02T17:15:00Z","soil_moisture",35.0972412143292,"%"
"S01","2025-01-02T17:20:00Z","soil_moisture",26.1948027647437,"%"
"S01","2025-01-02T17:25:00Z","soil_moisture",14.326100291208,"%"
"S01","2025-01-02T17:30:00Z","soil_moisture",46.9362796221866,"%"
"S01","2025-01-02T17:35:00Z","soil_moisture",50.1698171915063,"%"
"S01","2025-01-02T17:40:00Z","soil_moisture",62.8537574311385,"%"
"S01","2025-01-02T17:45:00Z","soil_moisture",46.8711891031974,"%"
"S01","2025-01-02T17:50:00Z","soil_moisture",57.424334022153,"%"
"S01","2025-01-02T17:55:00Z","soil_moisture",27.6064257254649,"%"
"S01","2025-01-02T18:00:00Z","soil_moisture",44.010440895966,"%"
"S01","2025-01-02T18:05:00Z","soil_moisture",16.0480834232157,"%"
"S01","2025-01-02T18:10:00Z","soil_moisture",20.0507818909108,"%"
"S01","2025-01-02T18:15:00Z","soil_moisture",37.6227159347061,"%"
"S01","2025-01-02T18:20:00Z","soil_moisture",15.3077052403904,"%"
"S01","2025-01-02T18:25:00Z","soil_moisture",8.21277959650818,"%"
"S01","2025-01-02T18:30:00Z","soil_moisture",23.4673772644381,"%"
"S01","2025-01-02T18:35:00Z","soil_moisture",13.2315075140463,"%"
"S01","2025-01-02T18:40:00Z","soil_moisture",19.9689502759645,"%"
"S01","2025-01-02T18:45:00Z","soil_moisture",46.3565259621023,"%"
"S01","2025-01-02T18:50:00Z","soil_moisture",42.8709644973433,"%"
"S01","2025-01-02T18:55:00Z","soil_moisture",41.2638337483933,"%"
"S01","2025-01-02T19:00:00Z","soil_moisture",50.1733597449492,"%"
"S01","2025-01-02T19:05:00Z","soil_moisture",38.2299668961483,"%"
"S01","2025-01-02T19:10:00Z","soil_moisture",19.149233561297,"%"
"S01","2025-01-02T19:15:00Z","soil_moisture",37.0930121368726,"%"
"S01","2025-01-02T19:20:00Z","soil_moisture",14.6356691347654,"%"
"S01","2025-01-02T19:25:00Z","soil_moisture",6.18368202758339,"%"
"S01","2025-01-02T19:30:00Z","soil_moisture",8.14148097956226,"%"
"S01","2025-01-02T19:35:00Z","soil_moisture",19.319841584378,"%"
"S01","2025-01-02T19:40:00Z","soil_moisture",33.9700058884311,"%"
"S01","2025-01-02T19:45:00Z","soil_moisture",36.5845501933918,"%"
"S01","2025-01-02T19:50:00Z","soil_moisture",5.35075959132525,"%"
"S01","2025-01-02T19:55:00Z","soil_moisture",8.12443510210023,"%"
"S01","2025-01-02T20:00:00Z","soil_moisture",60.8377988312539,"%"
"S01","2025-01-02T20:05:00Z","soil_moisture",43.0851623708048,"%"
"S01","2025-01-02T20:10:00Z","soil_moisture",43.0115502903425,"%"
"S01","2025-01-02T20:15:00Z","soil_moisture",50.2903839024251,"%"
"S01","2025-01-02T20:20:00Z","soil_moisture",27.5797596499682,"%"
"S01","2025-01-02T20:25:00Z","soil_moisture",47.9079556557214,"%"
"S01","2025-01-02T20:30:00Z","soil_moisture",49.011232384016,"%"
"S01","2025-01-02T20:35:00Z","soil_moisture",61.447094980787,"%"
"S01","2025-01-02T20:40:00Z","soil_moisture",39.6277958147491,"%"
"S01","2025-01-02T20:45:00Z","soil_moisture",42.1871050642119,"%"
"S01","2025-01-02T20:50:00Z","soil_moisture",28.5650193941009,"%"
"S01","2025-01-02T20:55:00Z","soil_moisture",43.781964483173,"%"
"S01","2025-01-02T21:00:00Z","soil_moisture",33.3900774220929,"%"
"S01","2025-01-02T21:05:00Z","soil_moisture",16.9944315469109,"%"
"S01","2025-01-02T21:10:00Z","soil_moisture",54.9180401318042,"%"
"S01","2025-01-02T21:15:00Z","soil_moisture",70.7713526753803,"%"
"S01","2025-01-02T21:20:00Z","soil_moisture",75.2826549181876,"%"
"S01","2025-01-02T21:25:00Z","soil_moisture",39.8927402670701,"%"
"S01","2025-01-02T21:30:00Z","soil_moisture",30.7388184546052,"%"
"S01","2025-01-02T21:35:00Z","soil_moisture",52.3747252320201,"%"
"S01","2025-01-02T21:40:00Z","soil_moisture",69.3546726957172,"%"
"S01","2025-01-02T21:45:00Z","soil_moisture",70.3858320690875,"%"
"S01","2025-01-02T21:50:00Z","soil_moisture",59.9505645652667,"%"
"S01","2025-01-02T21:55:00Z","soil_moisture",28.2896248355559,"%"
"S01","2025-01-02T22:00:00Z","soil_moisture",21.6924897655052,"%"
"S01","2025-01-02T22:05:00Z","soil_moisture",28.3868792907651,"%"
"S01","2025-01-02T22:10:00Z","soil_moisture",21.9788084375257,"%"
"S01","2025-01-02T22:15:00Z","soil_moisture",37.6349409024868,"%"
"S01","2025-01-02T22:20:00Z","soil_moisture",36.3517715390516,"%"
"S01","2025-01-02T22:25:00Z","soil_moisture",13.6426390325738,"%"
"S01","2025-01-02T22:30:00Z","soil_moisture",13.6136061607859,"%"
"S01","2025-01-02T22:35:00Z","soil_moisture",15.0030613558925,"%"
"S01","2025-01-02T22:40:00Z","soil_moisture",9.87740448132619,"%"
"S01","2025-01-02T22:45:00Z","soil_moisture",34.4567924847547,"%"
"S01","2025-01-02T22:50:00Z","soil_moisture",13.0597969710013,"%"
"S01","2025-01-02T22:55:00Z","soil_moisture",21.3756420767467,"%"
"S01","2025-01-02T23:00:00Z","soil_moisture",28.3850238772849,"%"
"S01","2025-01-02T23:05:00Z","soil_moisture",9.78101381821113,"%"
"S01","2025-01-02T23:10:00Z","soil_moisture",21.7312734051754,"%"
"S01","2025-01-02T23:15:00Z","soil_moisture",43.4083844851035,"%"
"S01","2025-01-02T23:20:00Z","soil_moisture",49.7404288304165,"%"
"S01","2025-01-02T23:25:00Z","soil_moisture",23.5038698480407,"%"
"S01","2025-01-02T23:30:00Z","soil_moisture",58.7980808093319,"%"
"S01","2025-01-02T23:35:00Z","soil_moisture",35.1549350142432,"%"
"S01","2025-01-02T23:40:00Z","soil_moisture",14.7872769790693,"%"
"S01","2025-01-02T23:45:00Z","soil_moisture",28.4188159985507,"%"
"S01","2025-01-02T23:50:00Z","soil_moisture",12.1446130030111,"%"
"S01","2025-01-02T23:55:00Z","soil_moisture",27.6128641487341,"%"
"S01","2025-01-03T00:00:00Z","soil_moisture",20.778888244159,"%"
"S01","2025-01-03T00:05:00Z","soil_moisture",6.00253774047708,"%"
"S01","2025-01-03T00:10:00Z","soil_moisture",16.1215655498306,"%"
"S01","2025-01-03T00:15:00Z","soil_moisture",18.9286152387539,"%"
"S01","2025-01-03T00:20:00Z","soil_moisture",15.7618560443784,"%"
"S01","2025-01-03T00:25:00Z","soil_moisture",7.62665044671074,"%"
"S01","2025-01-03T00:30:00Z","soil_moisture",11.7344147577778,"%"
"S01","2025-01-03T00:35:00Z","soil_moisture",31.6559384805667,"%"
"S01","2025-01-03T00:40:00Z","soil_moisture",24.1509803830027,"%"
"S01","2025-01-03T00:45:00Z","soil_moisture",28.7823766896625,"%"
"S01","2025-01-03T00:50:00Z","soil_moisture",14.7165722622847,"%"
"S01","2025-01-03T00:55:00Z","soil_moisture",44.5986377887254,"%"
"S01","2025-01-03T01:00:00Z","soil_moisture",4.89555910666394,"%"
"S01","2025-01-03T01:05:00Z","soil_moisture",6.0672784617655,"%"
"S01","2025-01-03T01:10:00Z","soil_moisture",24.3333492033767,"%"
"S01","2025-01-03T01:15:00Z","soil_moisture",2.07685944579438,"%"
"S01","2025-01-03T01:20:00Z","soil_moisture",2.17029414213449,"%"
"S01","2025-01-03T01:25:00Z","soil_moisture",3.31091728873486,"%"
"S01","2025-01-03T01:30:00Z","soil_moisture",7.88685256560953,"%"
"S01","2025-01-03T01:35:00Z","soil_moisture",16.80268206805,"%"
"S01","2025-01-03T01:40:00Z","soil_moisture",18.63611833256,"%"
"S01","2025-01-03T01:45:00Z","soil_moisture",8.89501525518012,"%"
"S01","2025-01-03T01:50:00Z","soil_moisture",9.69357318500401,"%"
"S01","2025-01-03T01:55:00Z","soil_moisture",10.0820597943068,"%"
"S01","2025-01-03T02:00:00Z","soil_moisture",1.40655008727853,"%"
"S01","2025-01-03T02:05:00Z","soil_moisture",6.81104199557927,"%"
"S01","2025-01-03T02:10:00Z","soil_moisture",11.4119087764707,"%"
"S01","2025-01-03T02:15:00Z","soil_moisture",20.1385933860699,"%"
"S01","2025-01-03T02:20:00Z","soil_moisture",38.0153819620643,"%"
"S01","2025-01-03T02:25:00Z","soil_moisture",67.7152868879442,"%"
"S01","2025-01-03T02:30:00Z","soil_moisture",53.1785587025021,"%"
"S01","2025-01-03T02:35:00Z","soil_moisture",62.1359509566828,"%"
"S01","2025-01-03T02:40:00Z","soil_moisture",29.499557382851,"%"
"S01","2025-01-03T02:45:00Z","soil_moisture",33.2418994197576,"%"
"S01","2025-01-03T02:50:00Z","soil_moisture",38.6613054830823,"%"
"S01","2025-01-03T02:55:00Z","soil_moisture",40.9895143929654,"%"
"S01","2025-01-03T03:00:00Z","soil_moisture",52.7536187559582,"%"
"S01","2025-01-03T03:05:00Z","soil_moisture",29.2265479406794,"%"
"S01","2025-01-03T03:10:00Z","soil_moisture",39.4032112089418,"%"
"S01","2025-01-03T03:15:00Z","soil_moisture",32.9181093279857,"%"
"S01","2025-01-03T03:20:00Z","soil_moisture",33.5005614829609,"%"
"S01","2025-01-03T03:25:00Z","soil_moisture",34.930953265276,"%"
"S01","2025-01-03T03:30:00Z","soil_moisture",22.882854355194,"%"
"S01","2025-01-03T03:35:00Z","soil_moisture",36.6008137607833,"%"
"S01","2025-01-03T03:40:00Z","soil_moisture",49.653298333539,"%"
"S01","2025-01-03T03:45:00Z","soil_moisture",33.9155256439805,"%"
"S01","2025-01-03T03:50:00Z","soil_moisture",12.556578130938,"%"
"S01","2025-01-03T03:55:00Z","soil_moisture",9.41627304180378,"%"
"S01","2025-01-03T04:00:00Z","soil_moisture",39.6019826269479,"%"
"S01","2025-01-03T04:05:00Z","soil_moisture",24.8887389189622,"%"
"S01","2025-01-03T04:10:00Z","soil_moisture",50.2349349399801,"%"
"S01","2025-01-03T04:15:00Z","soil_moisture",32.9565722520987,"%"
"S01","2025-01-03T04:20:00Z","soil_moisture",34.9128411950609,"%"
"S01","2025-01-03T04:25:00Z","soil_moisture",27.0903345114693,"%"
"S01","2025-01-03T04:30:00Z","soil_moisture",35.9214566738092,"%"
"S01","2025-01-03T04:35:00Z","soil_moisture",29.4725308069286,"%"
"S01","2025-01-03T04:40:00Z","soil_moisture",23.9915051337375,"%"
"S01","2025-01-03T04:45:00Z","soil_moisture",40.0393969529333,"%"
"S01","2025-01-03T04:50:00Z","soil_moisture",29.4827844904405,"%"
"S01","2025-01-03T04:55:00Z","soil_moisture",30.1553267490866,"%"
"S01","2025-01-03T05:00:00Z","soil_moisture",59.5319497726453,"%"
"S01","2025-01-03T05:05:00Z","soil_moisture",35.2736545463167,"%"
"S01","2025-01-03T05:10:00Z","soil_moisture",50.7267492177813,"%"
"S01","2025-01-03T05:15:00Z","soil_moisture",15.2865557431643,"%"
"S01","2025-01-03T05:20:00Z","soil_moisture",33.7525947156262,"%"
"S01","2025-01-03T05:25:00Z","soil_moisture",24.9124656341663,"%"
"S01","2025-01-03T05:30:00Z","soil_moisture",52.8133745806639,"%"
"S01","2025-01-03T05:35:00Z","soil_moisture",34.5547727180656,"%"
"S01","2025-01-03T05:40:00Z","soil_moisture",46.8902157936538,"%"
"S01","2025-01-03T05:45:00Z","soil_moisture",28.6027272105581,"%"
"S01","2025-01-03T05:50:00Z","soil_moisture",36.6707737743474,"%"
"S01","2025-01-03T05:55:00Z","soil_moisture",40.6717717360201,"%"
"S01","2025-01-03T06:00:00Z","soil_moisture",43.9489347346608,"%"
"S01","2025-01-03T06:05:00Z","soil_moisture",30.9134157029484,"%"
"S01","2025-01-03T06:10:00Z","soil_moisture",26.8024780055777,"%"
"S01","2025-01-03T06:15:00Z","soil_moisture",10.9549007845708,"%"
"S01","2025-01-03T06:20:00Z","soil_moisture",5.51526499706578,"%"
"S01","2025-01-03T06:25:00Z","soil_moisture",10.004110184092,"%"
"S01","2025-01-03T06:30:00Z","soil_moisture",46.8966871666097,"%"
"S01","2025-01-03T06:35:00Z","soil_moisture",37.9949460424129,"%"
"S01","2025-01-03T06:40:00Z","soil_moisture",15.4095768476153,"%"
"S01","2025-01-03T06:45:00Z","soil_moisture",16.1084981979878,"%"
"S01","2025-01-03T06:50:00Z","soil_moisture",16.8880329404735,"%"
"S01","2025-01-03T06:55:00Z","soil_moisture",20.7445774411311,"%"
"S01","2025-01-03T07:00:00Z","soil_moisture",37.980594650882,"%"
"S01","2025-01-03T07:05:00Z","soil_moisture",57.739571554462,"%"
"S01","2025-01-03T07:10:00Z","soil_moisture",54.8763298576919,"%"
"S01","2025-01-03T07:15:00Z","soil_moisture",28.8828994312745,"%"
"S01","2025-01-03T07:20:00Z","soil_moisture",15.1815927702288,"%"
"S01","2025-01-03T07:25:00Z","soil_moisture",29.2708161594494,"%"
"S01","2025-01-03T07:30:00Z","soil_moisture",20.9838382071528,"%"
"S01","2025-01-03T07:35:00Z","soil_moisture",24.8540832041901,"%"
"S01","2025-01-03T07:40:00Z","soil_moisture",13.8605965849382,"%"
"S01","2025-01-03T07:45:00Z","soil_moisture",35.2299191368531,"%"
"S01","2025-01-03T07:50:00Z","soil_moisture",7.04259696771789,"%"
"S01","2025-01-03T07:55:00Z","soil_moisture",19.752007741452,"%"
"S01","2025-01-03T08:00:00Z","soil_moisture",29.051356832062,"%"
"S01","2025-01-03T08:05:00Z","soil_moisture",38.3491322999733,"%"
"S01","2025-01-03T08:10:00Z","soil_moisture",47.8631930276814,"%"
"S01","2025-01-03T08:15:00Z","soil_moisture",46.7930233563156,"%"
"S01","2025-01-03T08:20:00Z","soil_moisture",38.4543911781565,"%"
"S01","2025-01-03T08:25:00Z","soil_moisture",11.2441910369757,"%"
"S01","2025-01-03T08:30:00Z","soil_moisture",11.2729633998967,"%"
"S01","2025-01-03T08:35:00Z","soil_moisture",22.2927243948433,"%"
"S01","2025-01-03T08:40:00Z","soil_moisture",33.1942687547283,"%"
"S01","2025-01-03T08:45:00Z","soil_moisture",27.3878961896419,"%"
"S01","2025-01-03T08:50:00Z","soil_moisture",34.6640768506562,"%"
"S01","2025-01-03T08:55:00Z","soil_moisture",41.9794690988157,"%"
"S01","2025-01-03T09:00:00Z","soil_moisture",57.1100722975293,"%"
"S01","2025-01-03T09:05:00Z","soil_moisture",66.3446670699791,"%"
"S01","2025-01-03T09:10:00Z","soil_moisture",48.5724414180464,"%"
"S01","2025-01-03T09:15:00Z","soil_moisture",15.4473288193281,"%"
"S01","2025-01-03T09:20:00Z","soil_moisture",39.0313408236258,"%"
"S01","2025-01-03T09:25:00Z","soil_moisture",26.1545116342562,"%"
"S01","2025-01-03T09:30:00Z","soil_moisture",49.1667390694461,"%"
"S01","2025-01-03T09:35:00Z","soil_moisture",76.5555178454631,"%"
"S01","2025-01-03T09:40:00Z","soil_moisture",53.9348428413602,"%"
"S01","2025-01-03T09:45:00Z","soil_moisture",27.6787023718952,"%"
"S01","2025-01-03T09:50:00Z","soil_moisture",29.8564576593154,"%"
"S01","2025-01-03T09:55:00Z","soil_moisture",29.0630970042029,"%"
"S01","2025-01-03T10:00:00Z","soil_moisture",32.0076400920893,"%"
"S01","2025-01-03T10:05:00Z","soil_moisture",29.0199175353486,"%"
"S01","2025-01-03T10:10:00Z","soil_moisture",15.3492435938332,"%"
"S01","2025-01-03T10:15:00Z","soil_moisture",38.5563175025838,"%"
"S01","2025-01-03T10:20:00Z","soil_moisture",22.2074330733717,"%"
"S01","2025-01-03T10:25:00Z","soil_moisture",7.6385017900878,"%"
"S01","2025-01-03T10:30:00Z","soil_moisture",9.888303580432,"%"
"S01","2025-01-03T10:35:00Z","soil_moisture",9.24932410318265,"%"
"S01","2025-01-03T10:40:00Z","soil_moisture",24.2661418771937,"%"
"S01","2025-01-03T10:45:00Z","soil_moisture",29.9921127409635,"%"
"S01","2025-01-03T10:50:00Z","soil_moisture",36.0647487007344,"%"
"S01","2025-01-03T10:55:00Z","soil_moisture",50.7344274036927,"%"
"S01","2025-01-03T11:00:00Z","soil_moisture",60.1696561547209,"%"
"S01","2025-01-03T11:05:00Z","soil_moisture",39.7559262634727,"%"
"S01","2025-01-03T11:10:00Z","soil_moisture",52.1888353069416,"%"
"S01","2025-01-03T11:15:00Z","soil_moisture",14.9085446192796,"%"
"S01","2025-01-03T11:20:00Z","soil_moisture",28.4761345919106,"%"
"S01","2025-01-03T11:25:00Z","soil_moisture",27.4346561899844,"%"
"S01","2025-01-03T11:30:00Z","soil_moisture",23.5760892221355,"%"
"S01","2025-01-03T11:35:00Z","soil_moisture",20.1634362137744,"%"
"S01","2025-01-03T11:40:00Z","soil_moisture",27.9731180664195,"%"
"S01","2025-01-03T11:45:00Z","soil_moisture",43.0338342548204,"%"
"S01","2025-01-03T11:50:00Z","soil_moisture",28.955065486936,"%"
"S01","2025-01-03T11:55:00Z","soil_moisture",44.5361999266154,"%"
"S01","2025-01-03T12:00:00Z","soil_moisture",50.0489439555142,"%"
"S01","2025-01-03T12:05:00Z","soil_moisture",18.3750926379066,"%"
"S01","2025-01-03T12:10:00Z","soil_moisture",25.6275418301892,"%"
"S01","2025-01-03T12:15:00Z","soil_moisture",24.4956837783207,"%"
"S01","2025-01-03T12:20:00Z","soil_moisture",45.0051667105803,"%"
"S01","2025-01-03T12:25:00Z","soil_moisture",67.3075709559194,"%"
"S01","2025-01-03T12:30:00Z","soil_moisture",47.7061922051406,"%"
"S01","2025-01-03T12:35:00Z","soil_moisture",71.6677277131941,"%"
"S01","2025-01-03T12:40:00Z","soil_moisture",62.9665256255587,"%"
"S01","2025-01-03T12:45:00Z","soil_moisture",77.1168608013889,"%"
"S01","2025-01-03T12:50:00Z","soil_moisture",62.4295176454974,"%"
"S01","2025-01-03T12:55:00Z","soil_moisture",60.9799605652173,"%"
"S01","2025-01-03T13:00:00Z","soil_moisture",44.5498133607901,"%"
"S01","2025-01-03T13:05:00Z","soil_moisture",38.6969855886233,"%"
"S01","2025-01-03T13:10:00Z","soil_moisture",30.5425893679549,"%"
"S01","2025-01-03T13:15:00Z","soil_moisture",32.960434932097,"%"
"S01","2025-01-03T13:20:00Z","soil_moisture",58.7114505193619,"%"
"S01","2025-01-03T13:25:00Z","soil_moisture",43.8804865587633,"%"
"S01","2025-01-03T13:30:00Z","soil_moisture",53.0212184422417,"%"
"S01","2025-01-03T13:35:00Z","soil_moisture",28.6405382260603,"%"
"S01","2025-01-03T13:40:00Z","soil_moisture",56.9481980796458,"%"
"S01","2025-01-03T13:45:00Z","soil_moisture",26.4459167415194,"%"
"S01","2025-01-03T13:50:00Z","soil_moisture",20.7737952287433,"%"
"S01","2025-01-03T13:55:00Z","soil_moisture",34.9937168723799,"%"
"S01","2025-01-03T14:00:00Z","soil_moisture",22.1212986573106,"%"
"S01","2025-01-03T14:05:00Z","soil_moisture",30.5687274954768,"%"
"S01","2025-01-03T14:10:00Z","soil_moisture",14.9837007290267,"%"
"S01","2025-01-03T14:15:00Z","soil_moisture",53.315265562741,"%"
"S01","2025-01-03T14:20:00Z","soil_moisture",50.6794885721123,"%"
"S01","2025-01-03T14:25:00Z","soil_moisture",38.5011879528799,"%"
"S01","2025-01-03T14:30:00Z","soil_moisture",43.5436112403985,"%"
"S01","2025-01-03T14:35:00Z","soil_moisture",19.9673048001698,"%"
"S01","2025-01-03T14:40:00Z","soil_moisture",50.5597604740806,"%"
"S01","2025-01-03T14:45:00Z","soil_moisture",47.5968608636664,"%"
"S01","2025-01-03T14:50:00Z","soil_moisture",12.8886985288653,"%"
"S01","2025-01-03T14:55:00Z","soil_moisture",9.79991881928273,"%"
"S01","2025-01-03T15:00:00Z","soil_moisture",46.6938201984301,"%"
"S01","2025-01-03T15:05:00Z","soil_moisture",12.2768868848113,"%"
"S01","2025-01-03T15:10:00Z","soil_moisture",17.0264554097035,"%"
"S01","2025-01-03T15:15:00Z","soil_moisture",7.15896748894574,"%"
"S01","2025-01-03T15:20:00Z","soil_moisture",5.12578935114369,"%"
"S01","2025-01-03T15:25:00Z","soil_moisture",11.7890074147427,"%"
"S01","2025-01-03T15:30:00Z","soil_moisture",6.64255111155999,"%"
"S01","2025-01-03T15:35:00Z","soil_moisture",27.0063253487355,"%"
"S01","2025-01-03T15:40:00Z","soil_moisture",4.24080842702387,"%"
"S01","2025-01-03T15:45:00Z","soil_moisture",29.5396007302929,"%"
"S01","2025-01-03T15:50:00Z","soil_moisture",28.8617547045446,"%"
"S01","2025-01-03T15:55:00Z","soil_moisture",12.5573610410056,"%"
"S01","2025-01-03T16:00:00Z","soil_moisture",51.5061189631131,"%"
"S01","2025-01-03T16:05:00Z","soil_moisture",31.8503037292989,"%"
"S01","2025-01-03T16:10:00Z","soil_moisture",12.5207850525495,"%"
"S01","2025-01-03T16:15:00Z","soil_moisture",4.61354290128581,"%"
"S01","2025-01-03T16:20:00Z","soil_moisture",14.5878950609601,"%"
"S01","2025-01-03T16:25:00Z","soil_moisture",14.5587514354484,"%"
"S01","2025-01-03T16:30:00Z","soil_moisture",10.4354630377103,"%"
"S01","2025-01-03T16:35:00Z","soil_moisture",23.2171278813836,"%"
"S01","2025-01-03T16:40:00Z","soil_moisture",10.7000685483164,"%"
"S01","2025-01-03T16:45:00Z","soil_moisture",25.2541839233249,"%"
"S01","2025-01-03T16:50:00Z","soil_moisture",12.0083739724367,"%"
"S01","2025-01-03T16:55:00Z","soil_moisture",31.9881701248165,"%"
"S01","2025-01-03T17:00:00Z","soil_moisture",42.4730036189347,"%"
"S01","2025-01-03T17:05:00Z","soil_moisture",15.0173477171768,"%"
"S01","2025-01-03T17:10:00Z","soil_moisture",30.8431050185484,"%"
"S01","2025-01-03T17:15:00Z","soil_moisture",16.4711237648169,"%"
"S01","2025-01-03T17:20:00Z","soil_moisture",21.9779002948531,"%"
"S01","2025-01-03T17:25:00Z","soil_moisture",19.4294654925017,"%"
"S01","2025-01-03T17:30:00Z","soil_moisture",17.0265383865547,"%"
"S01","2025-01-03T17:35:00Z","soil_moisture",13.8239032432157,"%"
"S01","2025-01-03T17:40:00Z","soil_moisture",3.87697569613229,"%"
"S01","2025-01-03T17:45:00Z","soil_moisture",0.27861210513787,"%"
"S01","2025-01-03T17:50:00Z","soil_moisture",4.95033387204044,"%"
"S01","2025-01-03T17:55:00Z","soil_moisture",4.65572024778847,"%"
"S01","2025-01-03T18:00:00Z","soil_moisture",18.6325242090915,"%"
"S01","2025-01-03T18:05:00Z","soil_moisture",9.65036188416907,"%"
"S01","2025-01-03T18:10:00Z","soil_moisture",19.7540529671479,"%"
"S01","2025-01-03T18:15:00Z","soil_moisture",10.2874767326325,"%"
"S01","2025-01-03T18:20:00Z","soil_moisture",6.75468620932673,"%"
"S01","2025-01-03T18:25:00Z","soil_moisture",14.0388206886771,"%"
"S01","2025-01-03T18:30:00Z","soil_moisture",3.96468381905945,"%"
"S01","2025-01-03T18:35:00Z","soil_moisture",12.0743584457691,"%"
"S01","2025-01-03T18:40:00Z","soil_moisture",12.8482641934763,"%"
"S01","2025-01-03T18:45:00Z","soil_moisture",16.142439098751,"%"
"S01","2025-01-03T18:50:00Z","soil_moisture",12.5331602476965,"%"
"S01","2025-01-03T18:55:00Z","soil_moisture",6.67990801757374,"%"
"S01","2025-01-03T19:00:00Z","soil_moisture",7.96833803172423,"%"
"S01","2025-01-03T19:05:00Z","soil_moisture",20.9800097742302,"%"
"S01","2025-01-03T19:10:00Z","soil_moisture",20.3860723552242,"%"
"S01","2025-01-03T19:15:00Z","soil_moisture",8.66863744126529,"%"
"S01","2025-01-03T19:20:00Z","soil_moisture",36.8594672302325,"%"
"S01","2025-01-03T19:25:00Z","soil_moisture",46.6366599587368,"%"
"S01","2025-01-03T19:30:00Z","soil_moisture",20.5347125055451,"%"
"S01","2025-01-03T19:35:00Z","soil_moisture",18.5657924885243,"%"
"S01","2025-01-03T19:40:00Z","soil_moisture",21.2606904795143,"%"
"S01","2025-01-03T19:45:00Z","soil_moisture",41.6953917028494,"%"
"S01","2025-01-03T19:50:00Z","soil_moisture",28.1764591801514,"%"
"S01","2025-01-03T19:55:00Z","soil_moisture",15.97232867033,"%"
"S01","2025-01-03T20:00:00Z","soil_moisture",48.4740421286188,"%"
"S01","2025-01-03T20:05:00Z","soil_moisture",47.5179322240012,"%"
"S01","2025-01-03T20:10:00Z","soil_moisture",56.8416806100422,"%"
"S01","2025-01-03T20:15:00Z","soil_moisture",32.1848505647459,"%"
"S01","2025-01-03T20:20:00Z","soil_moisture",62.6213349893433,"%"
"S01","2025-01-03T20:25:00Z","soil_moisture",32.3848110066591,"%"
"S01","2025-01-03T20:30:00Z","soil_moisture",31.7592083835392,"%"
"S01","2025-01-03T20:35:00Z","soil_moisture",47.6166304352073,"%"
"S01","2025-01-03T20:40:00Z","soil_moisture",29.5748539625606,"%"
"S01","2025-01-03T20:45:00Z","soil_moisture",39.9415933304989,"%"
"S01","2025-01-03T20:50:00Z","soil_moisture",23.714191032701,"%"
"S01","2025-01-03T20:55:00Z","soil_moisture",27.5089709428061,"%"
"S01","2025-01-03T21:00:00Z","soil_moisture",26.1823338780263,"%"
"S01","2025-01-03T21:05:00Z","soil_moisture",19.2201580591979,"%"
"S01","2025-01-03T21:10:00Z","soil_moisture",14.8991352674907,"%"
"S01","2025-01-03T21:15:00Z","soil_moisture",31.9928203678945,"%"
"S01","2025-01-03T21:20:00Z","soil_moisture",22.967367631516,"%"
"S01","2025-01-03T21:25:00Z","soil_moisture",31.9649613577676,"%"
"S01","2025-01-03T21:30:00Z","soil_moisture",26.9131568416105,"%"
"S01","2025-01-03T21:35:00Z","soil_moisture",22.8435204160855,"%"
"S01","2025-01-03T21:40:00Z","soil_moisture",40.3391720433543,"%"
"S01","2025-01-03T21:45:00Z","soil_moisture",50.7917374512172,"%"
"S01","2025-01-03T21:50:00Z","soil_moisture",27.8738270699918,"%"
"S01","2025-01-03T21:55:00Z","soil_moisture",12.8747607491053,"%"
"S01","2025-01-03T22:00:00Z","soil_moisture",29.4671727858475,"%"
"S01","2025-01-03T22:05:00Z","soil_moisture",30.2291113088596,"%"
"S01","2025-01-03T22:10:00Z","soil_moisture",45.4675928657276,"%"
"S01","2025-01-03T22:15:00Z","soil_moisture",46.0769810939281,"%"
"S01","2025-01-03T22:20:00Z","soil_moisture",56.8576450893111,"%"
"S01","2025-01-03T22:25:00Z","soil_moisture",57.4265902657815,"%"
"S01","2025-01-03T22:30:00Z","soil_moisture",65.6934355363527,"%"
"S01","2025-01-03T22:35:00Z","soil_moisture",53.479759178211,"%"
"S01","2025-01-03T22:40:00Z","soil_moisture",68.1715197296804,"%"
"S01","2025-01-03T22:45:00Z","soil_moisture",52.5993038869709,"%"
"S01","2025-01-03T22:50:00Z","soil_moisture",75.6731842748566,"%"
"S01","2025-01-03T22:55:00Z","soil_moisture",48.2063037293183,"%"
